filename,source_x,source_y,PSNR_Mag,PSNR_Real,PSNR_Imag,NMSE_dB
room_acoustic_data_room_0001.mat,-0.5,0.0,32.63736727337782,34.49974904135167,34.210041340193285,-10.537188338305075
room_acoustic_data_room_0002.mat,-0.5,0.011764705882352941,33.16573992085567,35.13845032747827,34.440415149715584,-11.278139040812318
room_acoustic_data_room_0003.mat,-0.5,0.023529411764705882,33.71801653423614,35.72274172925742,34.67179547097318,-12.09704593023484
room_acoustic_data_room_0004.mat,-0.5,0.03529411764705882,34.21570094660656,36.09780312077055,34.86214567507412,-12.925831579500093
room_acoustic_data_room_0005.mat,-0.5,0.047058823529411764,34.591498360897475,36.12971643239762,35.021362730680664,-13.707546350857724
room_acoustic_data_room_0006.mat,-0.5,0.058823529411764705,34.693157848478286,35.70326730749659,35.0794128796998,-14.299190864290798
room_acoustic_data_room_0007.mat,-0.5,0.07058823529411765,34.43492145689349,34.945999240206476,35.044618508299706,-14.622156750566567
room_acoustic_data_room_0008.mat,-0.5,0.08235294117647059,33.747712036176985,34.041214583118716,34.79201170712932,-14.61180934370622
room_acoustic_data_room_0009.mat,-0.5,0.09411764705882353,32.93050568176892,33.16319486290502,34.38121478920715,-14.40625153254878
room_acoustic_data_room_0010.mat,-0.5,0.10588235294117647,32.825371826623964,32.7984690309666,34.53761674023143,-14.486054203922363
room_acoustic_data_room_0011.mat,-0.5,0.11764705882352941,32.55041860324806,32.4619053805618,34.449539186598855,-14.490361114683033
room_acoustic_data_room_0012.mat,-0.5,0.12941176470588237,32.23087972779815,32.20893891681317,34.252641923977954,-14.550703325791698
room_acoustic_data_room_0013.mat,-0.5,0.1411764705882353,31.711017601184057,31.797501887652718,33.869109151675374,-14.51281661707541
room_acoustic_data_room_0014.mat,-0.5,0.15294117647058825,31.44374912425919,31.57853178610707,33.76868944110919,-14.556088168315295
room_acoustic_data_room_0015.mat,-0.5,0.16470588235294117,32.0859206141518,32.00706854823248,34.59974983558459,-14.996085997371505
room_acoustic_data_room_0016.mat,-0.5,0.17647058823529413,32.50939875259134,32.34123865728198,35.206241361667125,-15.320541918677934
room_acoustic_data_room_0017.mat,-0.5,0.18823529411764706,32.742816468000875,32.6244623856236,35.555699602847476,-15.556563793350037
room_acoustic_data_room_0018.mat,-0.5,0.2,32.84759270934606,32.96699841119796,35.63078848440078,-15.76322156688792
room_acoustic_data_room_0019.mat,-0.5,0.21176470588235294,32.85579210205786,33.241794229445915,35.49449009663143,-15.970729475723413
room_acoustic_data_room_0020.mat,-0.5,0.2235294117647059,32.672057636616984,33.37928649585968,35.112258428034856,-16.08213214706342
room_acoustic_data_room_0021.mat,-0.5,0.23529411764705882,32.185292658426526,33.255058309470094,34.44604457754232,-15.98363420748537
room_acoustic_data_room_0022.mat,-0.5,0.24705882352941178,32.5365074634859,33.63982690340636,34.71749805662753,-16.261373280139942
room_acoustic_data_room_0023.mat,-0.5,0.25882352941176473,33.034487132253,34.0185400425975,35.20994448329441,-16.543957206409058
room_acoustic_data_room_0024.mat,-0.5,0.27058823529411763,33.20117504919823,34.07987450778202,35.43146125176266,-16.587447732590636
room_acoustic_data_room_0025.mat,-0.5,0.2823529411764706,33.08705543192667,33.90900862915106,35.37885541571788,-16.442828073895555
room_acoustic_data_room_0026.mat,-0.5,0.29411764705882354,32.89573650138961,33.71524301772507,35.14319152005362,-16.313317281726356
room_acoustic_data_room_0027.mat,-0.5,0.3058823529411765,32.734984343213306,33.57900730964475,34.85957564529885,-16.306164234407557
room_acoustic_data_room_0028.mat,-0.5,0.3176470588235294,32.55414880076506,33.42632327404014,34.53881138987241,-16.369954186877184
room_acoustic_data_room_0029.mat,-0.5,0.32941176470588235,32.186205059544974,33.1476594043528,34.083080652397925,-16.335738087898935
room_acoustic_data_room_0030.mat,-0.5,0.3411764705882353,32.07405279789175,33.06692563299566,33.88745055831188,-16.385465986531894
room_acoustic_data_room_0031.mat,-0.5,0.35294117647058826,32.6665026713328,33.55922847918838,34.400240930711945,-16.732104365365373
room_acoustic_data_room_0032.mat,-0.5,0.36470588235294116,33.033311742603516,33.837834454848476,34.75040786442779,-16.940297410315257
room_acoustic_data_room_0033.mat,-0.5,0.3764705882352941,33.26223417028588,34.03355413204152,34.95773221868088,-17.099995608933497
room_acoustic_data_room_0034.mat,-0.5,0.38823529411764707,33.33768296864179,34.21043951512179,35.01077520398587,-17.196411299132603
room_acoustic_data_room_0035.mat,-0.5,0.4,33.35675161863097,34.44597366486146,34.94823789660942,-17.326850751181187
room_acoustic_data_room_0036.mat,-0.5,0.4117647058823529,33.22259192061817,34.592101750892354,34.763934071437255,-17.394251299551822
room_acoustic_data_room_0037.mat,-0.5,0.4235294117647059,32.82918257889271,34.46592086619184,34.372307068976966,-17.29136557453608
room_acoustic_data_room_0038.mat,-0.5,0.43529411764705883,32.10667211471203,33.91176989590135,33.76430998119831,-16.945167798470987
room_acoustic_data_room_0039.mat,-0.5,0.4470588235294118,32.27446444218165,34.01275316248135,34.07500967777946,-16.84694064067816
room_acoustic_data_room_0040.mat,-0.5,0.4588235294117647,32.218860047111434,33.816633857747654,34.226104220184006,-16.5884930093183
room_acoustic_data_room_0041.mat,-0.5,0.47058823529411764,32.086850593727895,33.542391425521174,34.27718325848663,-16.342998668991708
room_acoustic_data_room_0042.mat,-0.5,0.4823529411764706,31.980486310802302,33.319826318178855,34.29009964240802,-16.21416278153881
room_acoustic_data_room_0043.mat,-0.5,0.49411764705882355,31.881127834717148,33.085594003359105,34.264485756865554,-16.1840156595862
room_acoustic_data_room_0044.mat,-0.5,0.5058823529411764,31.7743507701054,32.82336403201916,34.164019568049795,-16.238174201902364
room_acoustic_data_room_0045.mat,-0.5,0.5176470588235295,31.606481864886625,32.54264878616795,33.943729811033855,-16.32205157918467
room_acoustic_data_room_0046.mat,-0.5,0.5294117647058824,31.24108092764402,32.14304454677532,33.504824638098405,-16.296560623146238
room_acoustic_data_room_0047.mat,-0.5,0.5411764705882353,31.415121427758784,32.27804462550715,33.703247194127385,-16.352018722245734
room_acoustic_data_room_0048.mat,-0.5,0.5529411764705883,31.730917581365993,32.55978700727388,34.09772128157357,-16.420791630374442
room_acoustic_data_room_0049.mat,-0.5,0.5647058823529412,31.965019960058456,32.81108042296896,34.38099491698366,-16.498478987299073
room_acoustic_data_room_0050.mat,-0.5,0.5764705882352941,32.180990043528496,33.01228390846073,34.64240982889922,-16.65071717095507
room_acoustic_data_room_0051.mat,-0.5,0.5882352941176471,32.366103462285295,33.24017451683511,34.8383990232298,-16.865662419827878
room_acoustic_data_room_0052.mat,-0.5,0.6,32.48499609065954,33.48646813446581,34.88076547258848,-17.108135820049398
room_acoustic_data_room_0053.mat,-0.5,0.611764705882353,32.44462880795211,33.57845164749553,34.75412421087627,-17.284442893511155
room_acoustic_data_room_0054.mat,-0.5,0.6235294117647059,32.06110250072835,33.38145118263341,34.29559983883931,-17.208498914460954
room_acoustic_data_room_0055.mat,-0.5,0.6352941176470588,31.983825614059157,33.36766310900214,34.24024663784853,-17.131743508831438
room_acoustic_data_room_0056.mat,-0.5,0.6470588235294118,32.20186920714375,33.47982066130313,34.59894004539028,-17.066217247354885
room_acoustic_data_room_0057.mat,-0.5,0.6588235294117647,32.17181021917402,33.368852667220615,34.716970257762874,-16.844385543335765
room_acoustic_data_room_0058.mat,-0.5,0.6705882352941176,32.09272003951006,33.20227942816277,34.74124693849263,-16.66772480238364
room_acoustic_data_room_0059.mat,-0.5,0.6823529411764706,31.956632253854636,32.97681325909572,34.67145565635162,-16.52924127812878
room_acoustic_data_room_0060.mat,-0.5,0.6941176470588235,31.803414762018313,32.75527622301783,34.50953726968343,-16.468969174764215
room_acoustic_data_room_0061.mat,-0.5,0.7058823529411765,31.653278148791948,32.586033442043586,34.2507542910999,-16.50651891954973
room_acoustic_data_room_0062.mat,-0.5,0.7176470588235294,31.387426964237022,32.33560409878132,33.90348197914767,-16.521157113372247
room_acoustic_data_room_0063.mat,-0.5,0.7294117647058823,31.298490110931596,32.21890587927796,33.803516920143295,-16.556139231974324
room_acoustic_data_room_0064.mat,-0.5,0.7411764705882353,31.87817117168761,32.69728187729066,34.39521588473856,-16.827400023230684
room_acoustic_data_room_0065.mat,-0.5,0.7529411764705882,32.189767127504005,33.011091937134964,34.76211877877161,-16.922393970127768
room_acoustic_data_room_0066.mat,-0.5,0.7647058823529411,32.46470724585584,33.256135633952624,35.080596753007754,-17.07527417260781
room_acoustic_data_room_0067.mat,-0.5,0.7764705882352941,32.6752688441858,33.501817920743406,35.28060047801142,-17.25942374949079
room_acoustic_data_room_0068.mat,-0.5,0.788235294117647,32.8247029612034,33.76885785814469,35.33839542273274,-17.47828678040849
room_acoustic_data_room_0069.mat,-0.5,0.8,32.82189387195386,33.966787757858846,35.19906946389307,-17.64022693831182
room_acoustic_data_room_0070.mat,-0.5,0.8117647058823529,32.53660705998473,33.878394386158604,34.831314734109434,-17.6133310537995
room_acoustic_data_room_0071.mat,-0.5,0.8235294117647058,32.00283978272624,33.47568572183146,34.33405361090522,-17.35237762210212
room_acoustic_data_room_0072.mat,-0.5,0.8352941176470589,32.34537876251949,33.77988921419641,34.70464471534238,-17.36905871462504
room_acoustic_data_room_0073.mat,-0.5,0.8470588235294118,32.391045306563754,33.74576963133044,34.844769264232525,-17.179521445622616
room_acoustic_data_room_0074.mat,-0.5,0.8588235294117647,32.26647984783946,33.529487113280325,34.81745957447548,-16.913603423044837
room_acoustic_data_room_0075.mat,-0.5,0.8705882352941177,32.141200316694025,33.310540839496205,34.74009345136491,-16.742223470272354
room_acoustic_data_room_0076.mat,-0.5,0.8823529411764706,32.02557004683346,33.104851330630844,34.622826955016016,-16.676094093613493
room_acoustic_data_room_0077.mat,-0.5,0.8941176470588236,31.896902844696726,32.903588843078666,34.442188610908275,-16.692169000255863
room_acoustic_data_room_0078.mat,-0.5,0.9058823529411765,31.65835042144203,32.59747557236112,34.14563433121856,-16.692230518607772
room_acoustic_data_room_0079.mat,-0.5,0.9176470588235294,31.191295571255925,32.124080667377235,33.64928001773245,-16.55454804740982
room_acoustic_data_room_0080.mat,-0.5,0.9294117647058824,31.47311549945991,32.37734394355648,33.86306224489921,-16.60363266263189
room_acoustic_data_room_0081.mat,-0.5,0.9411764705882353,31.724052034149416,32.63916355098591,34.098022338568995,-16.601224551805586
room_acoustic_data_room_0082.mat,-0.5,0.9529411764705882,31.860731106969208,32.86733452149513,34.24432240486525,-16.57730270823332
room_acoustic_data_room_0083.mat,-0.5,0.9647058823529412,32.01387816076113,33.12465966235267,34.38107788672662,-16.664429840916284
room_acoustic_data_room_0084.mat,-0.5,0.9764705882352941,32.15420205377594,33.36669801835281,34.45804160711762,-16.8339319906458
room_acoustic_data_room_0085.mat,-0.5,0.9882352941176471,32.197195487399924,33.582836663220256,34.402152878871654,-17.00116411786696
room_acoustic_data_room_0086.mat,-0.5,1.0,32.10006679133475,33.71226064854815,34.169710764102184,-17.122295609645693
room_acoustic_data_room_0087.mat,-0.5,1.011764705882353,31.643124622860373,33.46930992967826,33.67316665783618,-16.97503613353669
room_acoustic_data_room_0088.mat,-0.5,1.0235294117647058,31.68375123452998,33.58450766659572,33.6977104728947,-16.94972501454649
room_acoustic_data_room_0089.mat,-0.5,1.035294117647059,31.981608415917293,33.79764182862054,34.05180503429273,-16.973396464902724
room_acoustic_data_room_0090.mat,-0.5,1.0470588235294118,32.032513773488276,33.75553093208753,34.17519207694623,-16.841859936910744
room_acoustic_data_room_0091.mat,-0.5,1.0588235294117647,31.925979561781233,33.542953981347196,34.17805198594651,-16.64696071028077
room_acoustic_data_room_0092.mat,-0.5,1.0705882352941176,31.785171944104178,33.304783523800154,34.0864594857533,-16.51279249057088
room_acoustic_data_room_0093.mat,-0.5,1.0823529411764705,31.552828041988864,33.01966583173381,33.86262635064546,-16.382179373081186
room_acoustic_data_room_0094.mat,-0.5,1.0941176470588236,31.18528417520264,32.684439946035205,33.45960829097241,-16.210711622781226
room_acoustic_data_room_0095.mat,-0.5,1.1058823529411765,30.558898185954547,32.17704719305868,32.831928659379656,-15.872608147016347
room_acoustic_data_room_0096.mat,-0.5,1.1176470588235294,30.3686332940277,32.032116578134996,32.644769047159116,-15.771334064829212
room_acoustic_data_room_0097.mat,-0.5,1.1294117647058823,31.064750840531193,32.59383116637783,33.31006938186919,-16.170075884778488
room_acoustic_data_room_0098.mat,-0.5,1.1411764705882352,31.504076848470852,32.95845024003774,33.7708389440712,-16.403018861745355
room_acoustic_data_room_0099.mat,-0.5,1.1529411764705881,31.80307647222466,33.197378516484044,34.07629582342849,-16.589451062953852
room_acoustic_data_room_0100.mat,-0.5,1.1647058823529413,31.974991953391275,33.40471421071415,34.22294397001127,-16.74384329870354
room_acoustic_data_room_0101.mat,-0.5,1.1764705882352942,31.98920533165767,33.603603678273494,34.16361070393191,-16.83585339642661
room_acoustic_data_room_0102.mat,-0.5,1.188235294117647,31.753768807609497,33.6627576796814,33.811870959950674,-16.773011274818675
room_acoustic_data_room_0103.mat,-0.5,1.2,31.22729994276009,33.39055344953425,33.222584911800254,-16.512167012053485
room_acoustic_data_room_0104.mat,-0.5,1.2117647058823529,30.64463966253756,32.93309891110434,32.67324931705386,-16.16301892618448
room_acoustic_data_room_0105.mat,-0.5,1.223529411764706,30.98674494595203,33.16097990416284,33.09786609583941,-16.184338840183777
room_acoustic_data_room_0106.mat,-0.5,1.2352941176470589,31.141798174774262,33.11061915569062,33.38797493631704,-16.108946996487916
room_acoustic_data_room_0107.mat,-0.5,1.2470588235294118,31.21253184459455,32.99442418491257,33.57049426377784,-16.04287449602326
room_acoustic_data_room_0108.mat,-0.5,1.2588235294117647,31.196796847636705,32.822095048301286,33.64286266958675,-15.985491726699488
room_acoustic_data_room_0109.mat,-0.5,1.2705882352941176,31.097236511601402,32.60997976223637,33.5900764022267,-15.939878934896235
room_acoustic_data_room_0110.mat,-0.5,1.2823529411764707,30.8871895632906,32.33694318386164,33.365387832827615,-15.879021408822396
room_acoustic_data_room_0111.mat,-0.5,1.2941176470588236,30.531760005781884,31.977584628106726,32.971035221270014,-15.766552656436094
room_acoustic_data_room_0112.mat,-0.5,1.3058823529411765,29.992701432801532,31.46230556637652,32.43194031200187,-15.560918241312953
room_acoustic_data_room_0113.mat,-0.5,1.3176470588235294,30.604447531385752,31.91853074724188,33.04016016325102,-15.872053814206279
room_acoustic_data_room_0114.mat,-0.5,1.3294117647058823,31.12828332737493,32.324156368120086,33.58442538668035,-16.14277647833285
room_acoustic_data_room_0115.mat,-0.5,1.3411764705882352,31.517586167721483,32.66013868074291,33.98706965035191,-16.372365705158604
room_acoustic_data_room_0116.mat,-0.5,1.3529411764705883,31.75243212760804,32.90453021912691,34.21290489924492,-16.54273109121551
room_acoustic_data_room_0117.mat,-0.5,1.3647058823529412,31.901632248758936,33.161453428214905,34.29387289471977,-16.723288903618524
room_acoustic_data_room_0118.mat,-0.5,1.3764705882352941,31.877384627690553,33.37375754571695,34.1578840780473,-16.826034766366405
room_acoustic_data_room_0119.mat,-0.5,1.388235294117647,31.696015447177118,33.42020021686286,33.88040278600685,-16.866084031832067
room_acoustic_data_room_0120.mat,-0.5,1.4,31.198908107720857,33.1429592688955,33.35056152977951,-16.68191317715203
room_acoustic_data_room_0121.mat,-0.5,1.411764705882353,31.507261306923922,33.42752676724345,33.674022485737666,-16.836209674168582
room_acoustic_data_room_0122.mat,-0.5,1.423529411764706,31.91024041403483,33.64121338616215,34.157612638437634,-16.96489550346714
room_acoustic_data_room_0123.mat,-0.5,1.4352941176470588,32.073689473246205,33.62960730538389,34.409786733707385,-16.947158948457673
room_acoustic_data_room_0124.mat,-0.5,1.4470588235294117,32.075154351045185,33.47045724317334,34.501852908486455,-16.862749628622275
room_acoustic_data_room_0125.mat,-0.5,1.4588235294117646,31.935753779150716,33.23937726521007,34.392341469808535,-16.733586516337617
room_acoustic_data_room_0126.mat,-0.5,1.4705882352941178,31.67129757898051,32.99338780432288,34.056881884233256,-16.575413316229405
room_acoustic_data_room_0127.mat,-0.5,1.4823529411764707,31.316743140145057,32.72510580681562,33.60598003267184,-16.42218714528226
room_acoustic_data_room_0128.mat,-0.5,1.4941176470588236,30.828442413637404,32.34378585575443,33.05277105678738,-16.227697274822518
room_acoustic_data_room_0129.mat,-0.5,1.5058823529411764,30.91843219059316,32.4254293662527,33.06945665422924,-16.317687117715053
room_acoustic_data_room_0130.mat,-0.5,1.5176470588235293,31.511430502729247,32.894320147514,33.635522481825426,-16.61687465112419
room_acoustic_data_room_0131.mat,-0.5,1.5294117647058822,31.914452747390204,33.190781633766036,34.089730969360446,-16.818568704828763
room_acoustic_data_room_0132.mat,-0.5,1.5411764705882354,32.17563580397316,33.37678545644507,34.41754173977917,-16.973468837980377
room_acoustic_data_room_0133.mat,-0.5,1.5529411764705883,32.38135244926677,33.608269987128516,34.62663430934539,-17.16894810018128
room_acoustic_data_room_0134.mat,-0.5,1.5647058823529412,32.46161293951856,33.8379673030429,34.63696066217591,-17.335082864630284
room_acoustic_data_room_0135.mat,-0.5,1.576470588235294,32.286898347740646,33.93624528326756,34.33875208244679,-17.341553963683587
room_acoustic_data_room_0136.mat,-0.5,1.588235294117647,31.849504795129842,33.74347643823961,33.84032102157195,-17.178453765359258
room_acoustic_data_room_0137.mat,-0.5,1.6,31.454592911141596,33.44609103230174,33.50121783274926,-16.93759870583905
room_acoustic_data_room_0138.mat,-0.5,1.611764705882353,31.8534491430486,33.6520841484722,34.023576014583696,-17.023518518428993
room_acoustic_data_room_0139.mat,-0.5,1.6235294117647059,32.05841159849479,33.61808887358238,34.39423117532573,-17.007062592294147
room_acoustic_data_room_0140.mat,-0.5,1.6352941176470588,32.13750617875239,33.49100829730765,34.61232763610931,-16.95916375232089
room_acoustic_data_room_0141.mat,-0.5,1.6470588235294117,32.13839456599046,33.34170898534479,34.6724618888353,-16.928694511386993
room_acoustic_data_room_0142.mat,-0.5,1.6588235294117648,32.05145595416666,33.17116274258205,34.577444806635626,-16.906236536099087
room_acoustic_data_room_0143.mat,-0.5,1.6705882352941177,31.875131373035952,32.94183458289426,34.34232071310655,-16.889625630626636
room_acoustic_data_room_0144.mat,-0.5,1.6823529411764706,31.542033700286794,32.587244091868534,33.92886414314213,-16.809641150829048
room_acoustic_data_room_0145.mat,-0.5,1.6941176470588235,31.003523569407015,32.097164771876145,33.35724398684725,-16.571741638691663
room_acoustic_data_room_0146.mat,-0.5,1.7058823529411764,31.68279198160269,32.58217133340341,34.048834970902774,-16.917585933004485
room_acoustic_data_room_0147.mat,-0.5,1.7176470588235293,32.165183890528525,32.93697284012676,34.573018498356014,-17.157017074476247
room_acoustic_data_room_0148.mat,-0.5,1.7294117647058824,32.49576258310722,33.24176706539368,34.93407873301018,-17.338406380456217
room_acoustic_data_room_0149.mat,-0.5,1.7411764705882353,32.701934214142256,33.48871963743222,35.121254792247,-17.4906305012059
room_acoustic_data_room_0150.mat,-0.5,1.7529411764705882,32.76394342317301,33.683348866759445,35.12012078061508,-17.594287514938102
room_acoustic_data_room_0151.mat,-0.5,1.7647058823529411,32.7949039097152,33.92275003630888,35.020628426986626,-17.76205420213469
room_acoustic_data_room_0152.mat,-0.5,1.776470588235294,32.55461360816462,33.91727685531406,34.68525824584097,-17.75220900079397
room_acoustic_data_room_0153.mat,-0.5,1.7882352941176471,31.908440429683736,33.545497912667535,34.01418478106691,-17.42682121597566
room_acoustic_data_room_0154.mat,-0.5,1.8,32.2542604025496,33.868855885190484,34.38243616044742,-17.53912901050122
room_acoustic_data_room_0155.mat,-0.5,1.811764705882353,32.5763111667169,34.01273001653495,34.85945624643767,-17.59555516654143
room_acoustic_data_room_0156.mat,-0.5,1.8235294117647058,32.59823355731801,33.89863439133783,35.008691497551986,-17.44488314466222
room_acoustic_data_room_0157.mat,-0.5,1.8352941176470587,32.53615152803804,33.66161758571303,35.03995922568597,-17.305004382185654
room_acoustic_data_room_0158.mat,-0.5,1.8470588235294119,32.509834284001506,33.47702091619315,35.041827210470686,-17.29621036615572
room_acoustic_data_room_0159.mat,-0.5,1.8588235294117648,32.4022688589874,33.27531511905923,34.87844972978763,-17.301212342192073
room_acoustic_data_room_0160.mat,-0.5,1.8705882352941177,32.13106523241375,33.00382692553096,34.504515603406354,-17.236391720255483
room_acoustic_data_room_0161.mat,-0.5,1.8823529411764706,31.67093148676785,32.610242897108954,33.976163566640565,-17.073633669206018
room_acoustic_data_room_0162.mat,-0.5,1.8941176470588235,31.852418254688793,32.76938696893803,34.12402424197988,-17.16612956404837
room_acoustic_data_room_0163.mat,-0.5,1.9058823529411764,32.40772918884444,33.18492854784178,34.70242193487891,-17.43315791777458
room_acoustic_data_room_0164.mat,-0.5,1.9176470588235295,32.72265199428291,33.45004497220028,35.12068486968711,-17.55200453387359
room_acoustic_data_room_0165.mat,-0.5,1.9294117647058824,32.93430750184386,33.65997797112156,35.35905656930778,-17.661929178296813
room_acoustic_data_room_0166.mat,-0.5,1.9411764705882353,33.14843709236625,33.91089273538066,35.49923911621128,-17.86941928671058
room_acoustic_data_room_0167.mat,-0.5,1.9529411764705882,33.242530621889514,34.15504230081715,35.479794579850726,-18.051877741099187
room_acoustic_data_room_0168.mat,-0.5,1.964705882352941,33.05078559862761,34.24972306980586,35.171691896721384,-18.042574506965074
room_acoustic_data_room_0169.mat,-0.5,1.9764705882352942,32.48796013978929,33.96277106202584,34.56856054189044,-17.753934675985562
room_acoustic_data_room_0170.mat,-0.5,1.988235294117647,32.17087188321652,33.731616433616416,34.29267938408407,-17.50278399112046
room_acoustic_data_room_0171.mat,-0.5,2.0,32.487587173816564,33.89153315727388,34.76887865279964,-17.509816455015812
room_acoustic_data_room_0172.mat,-0.5,2.011764705882353,32.54278344342339,33.77441514530318,35.03972060930026,-17.34675239672782
room_acoustic_data_room_0173.mat,-0.5,2.023529411764706,32.45729153665996,33.5450296761686,35.1307565195435,-17.137021650894326
room_acoustic_data_room_0174.mat,-0.5,2.0352941176470587,32.3564810788063,33.35726470244468,35.07580746898814,-17.007032785554138
room_acoustic_data_room_0175.mat,-0.5,2.0470588235294116,32.251411994951596,33.16440040364572,34.937387140572135,-16.967983466789555
room_acoustic_data_room_0176.mat,-0.5,2.0588235294117645,32.015447219903976,32.872977282366364,34.6444118741788,-16.89261944708235
room_acoustic_data_room_0177.mat,-0.5,2.070588235294118,31.652742828618642,32.48354859937444,34.259037646324,-16.783259535793793
room_acoustic_data_room_0178.mat,-0.5,2.0823529411764707,31.28443691357485,32.0951616147857,33.91973135521047,-16.647688693224424
room_acoustic_data_room_0179.mat,-0.5,2.0941176470588236,31.99633482705645,32.617003904700645,34.657585400578675,-17.030214049628885
room_acoustic_data_room_0180.mat,-0.5,2.1058823529411765,32.52742756284874,33.01873928923222,35.225418941142934,-17.32269266471241
room_acoustic_data_room_0181.mat,-0.5,2.1176470588235294,32.88635367748506,33.35843877349446,35.60527755528866,-17.53687649079868
room_acoustic_data_room_0182.mat,-0.5,2.1294117647058823,33.12103265487413,33.643225308724396,35.807514502879044,-17.722054394670316
room_acoustic_data_room_0183.mat,-0.5,2.1411764705882352,33.22449420886465,33.89083212929862,35.816160295328196,-17.871616189729284
room_acoustic_data_room_0184.mat,-0.5,2.152941176470588,33.13277129711285,34.058535875478874,35.580904169383075,-17.92124566189178
room_acoustic_data_room_0185.mat,-0.5,2.164705882352941,32.74137921225044,33.98994542050105,35.11435602355567,-17.765057212261265
room_acoustic_data_room_0186.mat,-0.5,2.176470588235294,31.980104116449347,33.503284131287536,34.377227164317205,-17.329639829842623
room_acoustic_data_room_0187.mat,-0.5,2.1882352941176473,32.52629504338025,33.990041223533325,34.90510707196245,-17.60301668276833
room_acoustic_data_room_0188.mat,-0.5,2.2,32.89512989067477,34.143533163833936,35.42301381870622,-17.71346045188046
room_acoustic_data_room_0189.mat,-0.5,2.211764705882353,33.03700995295985,34.07736909302688,35.70613907335844,-17.69059112336131
room_acoustic_data_room_0190.mat,-0.5,2.223529411764706,33.0272868876684,33.86478570797402,35.810661335747696,-17.611439007190796
room_acoustic_data_room_0191.mat,-0.5,2.235294117647059,32.868945702873965,33.59473595191726,35.655702356066335,-17.479509713944218
room_acoustic_data_room_0192.mat,-0.5,2.2470588235294118,32.58250273783629,33.29685729058453,35.31663818433307,-17.31512654495069
room_acoustic_data_room_0193.mat,-0.5,2.2588235294117647,32.218620321731485,32.96402017477258,34.8778723799083,-17.167846037147815
room_acoustic_data_room_0194.mat,-0.5,2.2705882352941176,31.607638631317144,32.46181736310418,34.2352529466138,-16.8652845591955
room_acoustic_data_room_0195.mat,-0.5,2.2823529411764705,31.970409560201176,32.72944648526666,34.538370805282355,-17.104136431613863
room_acoustic_data_room_0196.mat,-0.5,2.2941176470588234,32.59123025320459,33.18454104379234,35.16314406630891,-17.444467899361452
room_acoustic_data_room_0197.mat,-0.5,2.3058823529411763,33.01115748798706,33.50303908786367,35.63244603737867,-17.676709339338792
room_acoustic_data_room_0198.mat,-0.5,2.3176470588235296,33.29080754520912,33.72630208805957,35.90651594120496,-17.863415554931102
room_acoustic_data_room_0199.mat,-0.5,2.3294117647058825,33.47075261497416,33.9494500168579,35.99055016724293,-18.045760131845153
room_acoustic_data_room_0200.mat,-0.5,2.3411764705882354,33.475824307416005,34.11235335657831,35.840952498139,-18.14841084584923
room_acoustic_data_room_0201.mat,-0.5,2.3529411764705883,33.22979920231313,34.12074452616432,35.43672149005898,-18.094176138208855
room_acoustic_data_room_0202.mat,-0.5,2.364705882352941,32.54662054495143,33.75895461340526,34.715656969162644,-17.694601820370195
room_acoustic_data_room_0203.mat,-0.5,2.376470588235294,32.35592221258943,33.72204053943451,34.512171341814934,-17.503325921366688
room_acoustic_data_room_0204.mat,-0.5,2.388235294117647,32.67954013164954,33.94768303813125,34.86581665107401,-17.51939512810443
room_acoustic_data_room_0205.mat,-0.5,2.4,32.70508740579681,33.85173439737215,35.03524664679525,-17.328333940972776
room_acoustic_data_room_0206.mat,-0.5,2.411764705882353,32.636103882625605,33.66732545283092,35.0996402878399,-17.135882484930974
room_acoustic_data_room_0207.mat,-0.5,2.4235294117647057,32.51778085644541,33.460153263924695,35.02825258926681,-16.987900176441286
room_acoustic_data_room_0208.mat,-0.5,2.4352941176470586,32.34271704537382,33.22309230123016,34.804782956679034,-16.876804828924563
room_acoustic_data_room_0209.mat,-0.5,2.447058823529412,32.08727535739806,32.9516437754142,34.46315111662281,-16.77806603429846
room_acoustic_data_room_0210.mat,-0.5,2.458823529411765,31.684055224314605,32.56676910253913,34.007947926937,-16.622171120942095
room_acoustic_data_room_0211.mat,-0.5,2.4705882352941178,31.46888812711065,32.371792484918245,33.75409773870234,-16.52232325181821
room_acoustic_data_room_0212.mat,-0.5,2.4823529411764707,32.07368611057597,32.85383654039877,34.307937259763214,-16.78727216065658
room_acoustic_data_room_0213.mat,-0.5,2.4941176470588236,32.48546412502327,33.19038125672976,34.717674880251806,-16.947410693748235
room_acoustic_data_room_0214.mat,-0.5,2.5058823529411764,32.75254008349718,33.48690792722444,34.970912815406116,-17.05364868430314
room_acoustic_data_room_0215.mat,-0.5,2.5176470588235293,32.9635493086125,33.78937964787866,35.11562649079677,-17.195488216157166
room_acoustic_data_room_0216.mat,-0.5,2.5294117647058822,33.03638557925109,34.04493540362183,35.09385381352342,-17.29075937445826
room_acoustic_data_room_0217.mat,-0.5,2.541176470588235,32.98349665903143,34.266290116768886,34.89060699208907,-17.351251126055544
room_acoustic_data_room_0218.mat,-0.5,2.552941176470588,32.79257652532952,34.356576376778285,34.580038450411486,-17.36304587384218
room_acoustic_data_room_0219.mat,-0.5,2.5647058823529414,32.33757966969706,34.16554057937312,34.051857527875526,-17.17789097485902
room_acoustic_data_room_0220.mat,-0.5,2.5764705882352943,32.86399842274149,34.69952807652527,34.51282324689576,-17.327801534146264
room_acoustic_data_room_0221.mat,-0.5,2.588235294117647,33.05108480948241,34.766708141000244,34.77707079759429,-17.224082329664334
room_acoustic_data_room_0222.mat,-0.5,2.6,33.026166561316046,34.57861337266677,34.910148016816485,-16.997319697867365
room_acoustic_data_room_0223.mat,-0.5,2.611764705882353,32.93125083137484,34.272433785818606,34.922550805143395,-16.79080835688305
room_acoustic_data_room_0224.mat,-0.5,2.623529411764706,32.77960485827215,33.977495110159495,34.82672908803238,-16.618061669940825
room_acoustic_data_room_0225.mat,-0.5,2.635294117647059,32.568710788261804,33.70595225856172,34.60971387432942,-16.476353117257673
room_acoustic_data_room_0226.mat,-0.5,2.6470588235294117,32.27288361655583,33.399663411340285,34.31241137037448,-16.339181892554485
room_acoustic_data_room_0227.mat,-0.5,2.6588235294117646,31.799079444372396,32.93585774901402,33.90328729875724,-16.11127936767806
room_acoustic_data_room_0228.mat,-0.5,2.6705882352941175,32.031208762921196,33.02747705766561,34.21173461875665,-16.17982536879926
room_acoustic_data_room_0229.mat,-0.5,2.6823529411764704,32.61990362881206,33.39405622410172,34.87529233981561,-16.43489158158478
room_acoustic_data_room_0230.mat,-0.5,2.6941176470588237,33.07966342183816,33.65035521012154,35.45442060237854,-16.65018196219911
room_acoustic_data_room_0231.mat,-0.5,2.7058823529411766,33.37160028266596,33.76901817472964,35.88004138795503,-16.788717165592768
room_acoustic_data_room_0232.mat,-0.5,2.7176470588235295,33.61133453359108,33.91970738860383,36.139591706050666,-16.966888391711336
room_acoustic_data_room_0233.mat,-0.5,2.7294117647058824,33.72260806412728,34.084763334220256,36.183945369840465,-17.10898604198563
room_acoustic_data_room_0234.mat,-0.5,2.7411764705882353,33.515584959996296,34.07627835180739,35.88288665323936,-17.025618685431002
room_acoustic_data_room_0235.mat,-0.5,2.7529411764705882,32.836900279382924,33.600329184825505,35.23662877489427,-16.56299475786062
room_acoustic_data_room_0236.mat,-0.5,2.764705882352941,32.313728158178726,33.11185347335103,34.82780820733567,-16.1100722324715
room_acoustic_data_room_0237.mat,-0.5,2.776470588235294,32.503906336944276,32.96989148974846,35.19393289701596,-15.912050939728408
room_acoustic_data_room_0238.mat,-0.5,2.788235294117647,32.414647195508806,32.44424904482847,35.30939112794358,-15.527925852888895
room_acoustic_data_room_0239.mat,-0.5,2.8,32.251322306328504,31.976414820244237,35.19078297403989,-15.165807196313688
room_acoustic_data_room_0240.mat,-0.5,2.8117647058823527,32.06557430540777,31.584559661334684,34.94703459947146,-14.878913063825292
room_acoustic_data_room_0241.mat,-0.5,2.823529411764706,31.90520700180539,31.25007414854477,34.60440634293683,-14.7167790706082
room_acoustic_data_room_0242.mat,-0.5,2.835294117647059,31.662833870978822,30.92147479968888,34.078497157259505,-14.574134502676143
room_acoustic_data_room_0243.mat,-0.5,2.847058823529412,31.204478295437603,30.513319552550165,33.318062596633915,-14.318204904682883
room_acoustic_data_room_0244.mat,-0.5,2.8588235294117648,31.692204854264734,30.747968064716883,33.50853057864084,-14.486392428652241
room_acoustic_data_room_0245.mat,-0.5,2.8705882352941177,32.404721958380605,31.181853493711383,33.95022629291549,-14.719608000180902
room_acoustic_data_room_0246.mat,-0.5,2.8823529411764706,32.770397594353746,31.54893857790949,34.16107507586355,-14.70747244933321
room_acoustic_data_room_0247.mat,-0.5,2.8941176470588235,32.92195695451583,31.870009194216262,34.119634343624455,-14.581008374421437
room_acoustic_data_room_0248.mat,-0.5,2.9058823529411764,32.94939512231592,32.203693756015085,33.91240499764129,-14.423946050889857
room_acoustic_data_room_0249.mat,-0.5,2.9176470588235293,33.68171773939394,33.10228181193038,34.2519526564582,-14.56140021270382
room_acoustic_data_room_0250.mat,-0.5,2.929411764705882,34.2762349476462,34.27333804442068,34.56423917049638,-14.477439473063086
room_acoustic_data_room_0251.mat,-0.5,2.9411764705882355,34.531553028437,35.3230670054826,34.708255408596436,-14.149297676835781
room_acoustic_data_room_0252.mat,-0.5,2.9529411764705884,34.46127946678515,36.059118313401925,34.72143870312567,-13.586616308048411
room_acoustic_data_room_0253.mat,-0.5,2.9647058823529413,34.158182229128904,36.30226333816331,34.634867767882255,-12.875346551309029
room_acoustic_data_room_0254.mat,-0.5,2.976470588235294,33.7057777122299,36.08647830539421,34.47351222691938,-12.089931715668218
room_acoustic_data_room_0255.mat,-0.5,2.988235294117647,33.22666070937005,35.604561075326245,34.304645435094464,-11.342675996361798
room_acoustic_data_room_0256.mat,-0.5,3.0,32.737683559186905,35.002510974298026,34.12039653834376,-10.639989122342932
room_acoustic_data_room_0257.mat,3.5,0.0,32.56660683083769,33.90945299812834,33.91394639606192,-10.465899911102339
room_acoustic_data_room_0258.mat,3.5,0.011764705882352941,32.98103723834264,34.36327722785058,34.03433809847655,-11.092621685610133
room_acoustic_data_room_0259.mat,3.5,0.023529411764705882,33.392378822351006,34.73468436523738,34.156754223205034,-11.770158554307319
room_acoustic_data_room_0260.mat,3.5,0.03529411764705882,33.71600523754608,34.91582675109048,34.23178409882551,-12.42423688409744
room_acoustic_data_room_0261.mat,3.5,0.047058823529411764,33.91437937289717,34.81035274262122,34.264898003349465,-13.027578975410579
room_acoustic_data_room_0262.mat,3.5,0.058823529411764705,33.91843879212756,34.35338382130682,34.22551745838275,-13.520269529074804
room_acoustic_data_room_0263.mat,3.5,0.07058823529411765,33.65721306489621,33.57922635382042,34.05115557802516,-13.838370585616174
room_acoustic_data_room_0264.mat,3.5,0.08235294117647059,33.18157954548779,32.5819853520067,33.776541153178805,-14.03708539273765
room_acoustic_data_room_0265.mat,3.5,0.09411764705882353,32.6373353877507,31.73125129859453,33.54035564480377,-14.109394751827477
room_acoustic_data_room_0266.mat,3.5,0.10588235294117647,32.707099794282456,31.370397642590476,33.77780706264933,-14.361877953320764
room_acoustic_data_room_0267.mat,3.5,0.11764705882352941,32.63210220330724,31.0696362885257,33.84991186978899,-14.563369916592546
room_acoustic_data_room_0268.mat,3.5,0.12941176470588237,32.40120854384805,30.91825222344368,33.82903728690183,-14.709229088821019
room_acoustic_data_room_0269.mat,3.5,0.1411764705882353,31.794086064935616,30.664220035781216,33.50150043401192,-14.580986033747227
room_acoustic_data_room_0270.mat,3.5,0.15294117647058825,31.31523676635272,30.535921702948894,33.35461948117211,-14.439066754747314
room_acoustic_data_room_0271.mat,3.5,0.16470588235294117,31.86639509394883,31.015373395871435,34.13695718713899,-14.78651406754323
room_acoustic_data_room_0272.mat,3.5,0.17647058823529413,32.29762564737135,31.4885969785923,34.83318867645854,-15.117528495853751
room_acoustic_data_room_0273.mat,3.5,0.18823529411764706,32.68559527906642,31.95614745018176,35.37857836991219,-15.50763810227554
room_acoustic_data_room_0274.mat,3.5,0.2,32.91898542758635,32.430594101490186,35.65497570726377,-15.84342762495702
room_acoustic_data_room_0275.mat,3.5,0.21176470588235294,33.10348513085628,32.98291371384522,35.63977866944557,-16.228813557016174
room_acoustic_data_room_0276.mat,3.5,0.2235294117647059,32.95009605479048,33.37850184262517,35.2364690208204,-16.373072049739303
room_acoustic_data_room_0277.mat,3.5,0.23529411764705882,32.39291197716949,33.44312416805102,34.45915101228618,-16.20725509457774
room_acoustic_data_room_0278.mat,3.5,0.24705882352941178,32.77442335191286,34.03583668212203,34.69138113131456,-16.495788387758715
room_acoustic_data_room_0279.mat,3.5,0.25882352941176473,33.259778196308176,34.55590864106594,35.07293736760921,-16.76664804410396
room_acoustic_data_room_0280.mat,3.5,0.27058823529411763,33.442115855531924,34.63380267117922,35.31035826181042,-16.827225904906907
room_acoustic_data_room_0281.mat,3.5,0.2823529411764706,33.34628171032956,34.45201913131839,35.329183082949534,-16.702496977732483
room_acoustic_data_room_0282.mat,3.5,0.29411764705882354,33.12707144348323,34.2688907293884,35.16157156016995,-16.54657561789809
room_acoustic_data_room_0283.mat,3.5,0.3058823529411765,32.75650808190314,33.989118194331034,34.78339897404457,-16.330784362887655
room_acoustic_data_room_0284.mat,3.5,0.3176470588235294,32.35778710713694,33.707153510777495,34.36752244477523,-16.177474300751825
room_acoustic_data_room_0285.mat,3.5,0.32941176470588235,31.853296825294155,33.31732265163715,33.89161433645857,-16.00711332937719
room_acoustic_data_room_0286.mat,3.5,0.3411764705882353,31.6915457804962,33.15516641952441,33.72118154716602,-15.998936150114941
room_acoustic_data_room_0287.mat,3.5,0.35294117647058826,32.318754485353104,33.64172933342495,34.286116774882586,-16.381789032626873
room_acoustic_data_room_0288.mat,3.5,0.36470588235294116,32.77997005528843,33.99177369908197,34.74901212174942,-16.685472589953132
room_acoustic_data_room_0289.mat,3.5,0.3764705882352941,33.0288096117834,34.21988114900447,35.01172670905666,-16.86588172426172
room_acoustic_data_room_0290.mat,3.5,0.38823529411764707,33.15956793388207,34.43758240697279,35.12853278614725,-17.01819210985994
room_acoustic_data_room_0291.mat,3.5,0.4,33.15233431162112,34.62330281698729,35.064292558594055,-17.12276509877892
room_acoustic_data_room_0292.mat,3.5,0.4117647058823529,32.95672180106333,34.67992303503884,34.77492914953837,-17.12902494525358
room_acoustic_data_room_0293.mat,3.5,0.4235294117647059,32.40016429438262,34.45307319934617,34.15827072950664,-16.86317186148672
room_acoustic_data_room_0294.mat,3.5,0.43529411764705883,31.522382643514696,33.750499725929075,33.33826769679299,-16.361722707097265
room_acoustic_data_room_0295.mat,3.5,0.4470588235294118,31.972107215117333,34.026114892236045,33.85560917726943,-16.542755220251394
room_acoustic_data_room_0296.mat,3.5,0.4588235294117647,32.197741104714275,33.97456138471641,34.19864247952029,-16.56568971161863
room_acoustic_data_room_0297.mat,3.5,0.47058823529411764,32.221088304234996,33.72665309990002,34.353396085908194,-16.475611524670292
room_acoustic_data_room_0298.mat,3.5,0.4823529411764706,32.13640712285099,33.42765880243712,34.34950751410057,-16.368424746117988
room_acoustic_data_room_0299.mat,3.5,0.49411764705882355,31.988479250613125,33.14426408142248,34.2060416146555,-16.28959646676112
room_acoustic_data_room_0300.mat,3.5,0.5058823529411764,31.69872950704811,32.83025748612436,33.91483179090612,-16.16063189398296
room_acoustic_data_room_0301.mat,3.5,0.5176470588235295,31.229644679177344,32.39725460638689,33.43058625105825,-15.94315801694506
room_acoustic_data_room_0302.mat,3.5,0.5294117647058824,30.594352404939325,31.8174304706869,32.781689588917864,-15.647709602986344
room_acoustic_data_room_0303.mat,3.5,0.5411764705882353,30.93993436390504,32.036728253839264,33.12521267648093,-15.87822574325928
room_acoustic_data_room_0304.mat,3.5,0.5529411764705883,31.576501094906572,32.46894811807057,33.79137402521914,-16.267392749756453
room_acoustic_data_room_0305.mat,3.5,0.5647058823529412,32.06421512812567,32.812136153912235,34.33433685770214,-16.59835869957538
room_acoustic_data_room_0306.mat,3.5,0.5764705882352941,32.38424913315459,33.062635586519356,34.74131851647686,-16.854399636936492
room_acoustic_data_room_0307.mat,3.5,0.5882352941176471,32.517871532477486,33.278997042888385,34.90229164146549,-17.017669602219854
room_acoustic_data_room_0308.mat,3.5,0.6,32.51772123189478,33.47652045082795,34.83582601850862,-17.140982679252655
room_acoustic_data_room_0309.mat,3.5,0.611764705882353,32.27196562411588,33.56323984834817,34.50077440658557,-17.111834386069727
room_acoustic_data_room_0310.mat,3.5,0.6235294117647059,31.69869366374384,33.33933494764639,33.873081486598316,-16.84611119244253
room_acoustic_data_room_0311.mat,3.5,0.6352941176470588,31.694639506199643,33.420850423687575,33.85965496681738,-16.842616282484123
room_acoustic_data_room_0312.mat,3.5,0.6470588235294118,32.249924088145534,33.802993772398054,34.47201820071831,-17.11429914001667
room_acoustic_data_room_0313.mat,3.5,0.6588235294117647,32.5532232966051,33.85925001911189,34.8872797587888,-17.22581020831673
room_acoustic_data_room_0314.mat,3.5,0.6705882352941176,32.64492143911244,33.678853401002655,35.12180776221056,-17.219931055188557
room_acoustic_data_room_0315.mat,3.5,0.6823529411764706,32.61377726078051,33.487899500187716,35.147251124968086,-17.18638856322371
room_acoustic_data_room_0316.mat,3.5,0.6941176470588235,32.392416725463285,33.270875917751624,34.922651168682734,-17.057972608815383
room_acoustic_data_room_0317.mat,3.5,0.7058823529411765,31.92663160670889,32.92580747824863,34.43451951447142,-16.77987367291304
room_acoustic_data_room_0318.mat,3.5,0.7176470588235294,31.228565711549102,32.382774952188306,33.74131500183771,-16.362297139130487
room_acoustic_data_room_0319.mat,3.5,0.7294117647058823,30.887320900546598,32.096648763301644,33.44597850029857,-16.14497056999864
room_acoustic_data_room_0320.mat,3.5,0.7411764705882353,31.601037213676662,32.64607286646083,34.17505608423935,-16.5502667738884
room_acoustic_data_room_0321.mat,3.5,0.7529411764705882,32.12898046106595,33.058814390931545,34.751678394879114,-16.86160807876859
room_acoustic_data_room_0322.mat,3.5,0.7647058823529411,32.470137377216744,33.40134242936361,35.09417393347756,-17.080705078753397
room_acoustic_data_room_0323.mat,3.5,0.7764705882352941,32.68220150635695,33.73654267646054,35.2059843659982,-17.266357143964946
room_acoustic_data_room_0324.mat,3.5,0.788235294117647,32.713390228361824,33.94125928897537,35.10917893849259,-17.366974711846897
room_acoustic_data_room_0325.mat,3.5,0.8,32.47392968116259,33.95173453050461,34.78879434135606,-17.292263327933313
room_acoustic_data_room_0326.mat,3.5,0.8117647058823529,31.862325342048898,33.57347150944938,34.180807997070154,-16.939049821755717
room_acoustic_data_room_0327.mat,3.5,0.8235294117647058,31.102781515824347,32.98572742241676,33.46273777570469,-16.452319692484128
room_acoustic_data_room_0328.mat,3.5,0.8352941176470589,31.80130470115789,33.44460378603391,34.22475604919942,-16.82498491630173
room_acoustic_data_room_0329.mat,3.5,0.8470588235294118,32.1741076286455,33.53003286945236,34.670027923230485,-16.962583951706858
room_acoustic_data_room_0330.mat,3.5,0.8588235294117647,32.29880318545874,33.368297818191635,34.8849357647246,-16.94592686240118
room_acoustic_data_room_0331.mat,3.5,0.8705882352941177,32.260295942792524,33.11377001276534,34.89908798655306,-16.861319113722956
room_acoustic_data_room_0332.mat,3.5,0.8823529411764706,32.06822852048886,32.82122946456149,34.699279205901775,-16.718752498825932
room_acoustic_data_room_0333.mat,3.5,0.8941176470588236,31.734750577069857,32.54110341706629,34.29308425123488,-16.530016577427947
room_acoustic_data_room_0334.mat,3.5,0.9058823529411765,31.215154978690048,32.18340419647505,33.70870766479755,-16.249034833288853
room_acoustic_data_room_0335.mat,3.5,0.9176470588235294,30.46787423407377,31.624075784653137,32.936362926221804,-15.831126380051497
room_acoustic_data_room_0336.mat,3.5,0.9294117647058824,31.044957407239863,32.05374052284331,33.48430520471533,-16.17547418987504
room_acoustic_data_room_0337.mat,3.5,0.9411764705882353,31.60687702859326,32.49339202885793,34.0579033289955,-16.48404910451395
room_acoustic_data_room_0338.mat,3.5,0.9529411764705882,32.00208290455871,32.85187995471395,34.47077212152329,-16.718654003230988
room_acoustic_data_room_0339.mat,3.5,0.9647058823529412,32.27904826201629,33.13845013859431,34.780594551007184,-16.92959937903719
room_acoustic_data_room_0340.mat,3.5,0.9764705882352941,32.40096205438532,33.40089581471241,34.85108242103586,-17.080691367722732
room_acoustic_data_room_0341.mat,3.5,0.9882352941176471,32.31006792792496,33.58391804138413,34.63413574613084,-17.11403587445051
room_acoustic_data_room_0342.mat,3.5,1.0,31.936228538316822,33.581582861520836,34.14605881169777,-16.958456612224918
room_acoustic_data_room_0343.mat,3.5,1.011764705882353,31.246918845962703,33.27632614000176,33.42451007777732,-16.578829551769772
room_acoustic_data_room_0344.mat,3.5,1.0235294117647058,31.291389813477902,33.397597773309805,33.46575314958021,-16.557362758634877
room_acoustic_data_room_0345.mat,3.5,1.035294117647059,31.733678419672387,33.694833804038126,33.917775108272004,-16.725465593337663
room_acoustic_data_room_0346.mat,3.5,1.0470588235294118,31.93456916726258,33.700713255412126,34.16466546350045,-16.743914414312567
room_acoustic_data_room_0347.mat,3.5,1.0588235294117647,31.970148185963883,33.494865944075165,34.29208955727102,-16.691128375959863
room_acoustic_data_room_0348.mat,3.5,1.0705882352941176,31.815145503712262,33.174762082565195,34.19765599006534,-16.54276504798436
room_acoustic_data_room_0349.mat,3.5,1.0823529411764705,31.562593957497704,32.869675497309885,33.92951404664616,-16.39194424086566
room_acoustic_data_room_0350.mat,3.5,1.0941176470588236,31.171806642779103,32.553036128305585,33.50239589568939,-16.197232995269616
room_acoustic_data_room_0351.mat,3.5,1.1058823529411765,30.611973794954427,32.126526335959454,32.91379265341442,-15.925682611927432
room_acoustic_data_room_0352.mat,3.5,1.1176470588235294,30.45212032278387,32.02907117257828,32.75872110443174,-15.854819912892603
room_acoustic_data_room_0353.mat,3.5,1.1294117647058823,31.01331344514022,32.474281678820965,33.37779921973403,-16.118637275410023
room_acoustic_data_room_0354.mat,3.5,1.1411764705882352,31.366642859668158,32.772550230859544,33.76796175425069,-16.265583623903172
room_acoustic_data_room_0355.mat,3.5,1.1529411764705881,31.63405847131485,33.03836032341428,34.037411564785806,-16.42043177562477
room_acoustic_data_room_0356.mat,3.5,1.1647058823529413,31.812699392115086,33.32486131799402,34.13965487308489,-16.58154941078023
room_acoustic_data_room_0357.mat,3.5,1.1764705882352942,31.88177326114363,33.51823554865074,34.09801843489419,-16.728419955936495
room_acoustic_data_room_0358.mat,3.5,1.188235294117647,31.75561725403545,33.626070095556585,33.81847397951046,-16.77485830498428
room_acoustic_data_room_0359.mat,3.5,1.2,31.284559167204353,33.410133859429834,33.26570874143132,-16.569424771438342
room_acoustic_data_room_0360.mat,3.5,1.2117647058823529,30.738189173446084,32.99502397630182,32.763890287221784,-16.256566930220796
room_acoustic_data_room_0361.mat,3.5,1.223529411764706,31.31875492508263,33.344672652125894,33.45823782854407,-16.51634727842053
room_acoustic_data_room_0362.mat,3.5,1.2352941176470589,31.598807329958703,33.32617468489429,33.9005925870062,-16.56595457465837
room_acoustic_data_room_0363.mat,3.5,1.2470588235294118,31.708491366254684,33.163681190773204,34.1441254802495,-16.538832401888406
room_acoustic_data_room_0364.mat,3.5,1.2588235294117647,31.647723705104063,32.889833179532005,34.185140574787155,-16.436416926308315
room_acoustic_data_room_0365.mat,3.5,1.2705882352941176,31.44302862625046,32.60597406904635,34.01267063564029,-16.28566934602403
room_acoustic_data_room_0366.mat,3.5,1.2823529411764707,31.067719177382045,32.28560585325199,33.610422896269895,-16.059549270321455
room_acoustic_data_room_0367.mat,3.5,1.2941176470588236,30.53232832022299,31.90592278737928,33.017922717454404,-15.767119166420935
room_acoustic_data_room_0368.mat,3.5,1.3058823529411765,29.766185576924208,31.29624462669304,32.22487927044771,-15.334400527019929
room_acoustic_data_room_0369.mat,3.5,1.3176470588235294,30.425578378227232,31.781189127129842,32.90873980748038,-15.693182774982768
room_acoustic_data_room_0370.mat,3.5,1.3294117647058823,31.00130795749046,32.19424363832907,33.54569797231376,-16.015799181908783
room_acoustic_data_room_0371.mat,3.5,1.3411764705882352,31.453476077175544,32.549732299544964,34.02374813422024,-16.308253644963692
room_acoustic_data_room_0372.mat,3.5,1.3529411764705883,31.79919002567906,32.8617829307693,34.366930308450364,-16.589486973074212
room_acoustic_data_room_0373.mat,3.5,1.3647058823529412,31.99797184155816,33.17419742813923,34.503563674911405,-16.819626429681172
room_acoustic_data_room_0374.mat,3.5,1.3764705882352941,32.03902343155238,33.43330320389206,34.41447712752487,-16.987671449129348
room_acoustic_data_room_0375.mat,3.5,1.388235294117647,31.76007709814067,33.506956458070775,33.96731999030343,-16.9301435042174
room_acoustic_data_room_0376.mat,3.5,1.4,31.01645057201563,33.1398956260224,33.1406136692464,-16.499453403203045
room_acoustic_data_room_0377.mat,3.5,1.411764705882353,31.384770918152324,33.47084662049353,33.4975680252084,-16.713717007344936
room_acoustic_data_room_0378.mat,3.5,1.423529411764706,31.991345088554347,33.84399908527658,34.13280286241073,-17.045997851408504
room_acoustic_data_room_0379.mat,3.5,1.4352941176470588,32.24784572867864,33.83245741047403,34.482286289553265,-17.121312826233495
room_acoustic_data_room_0380.mat,3.5,1.4470588235294117,32.27382074774826,33.605045166448285,34.605879581533905,-17.06141359295035
room_acoustic_data_room_0381.mat,3.5,1.4588235294117646,32.132880838278254,33.35709172836493,34.51892245051055,-16.93071108393876
room_acoustic_data_room_0382.mat,3.5,1.4705882352941178,31.797727239486356,33.05792865499087,34.19239636040779,-16.701840421596884
room_acoustic_data_room_0383.mat,3.5,1.4823529411764707,31.2970266511581,32.651836597468495,33.68516469526834,-16.402468033878222
room_acoustic_data_room_0384.mat,3.5,1.4941176470588236,30.61945992837876,32.098388972469415,33.012774330690874,-16.018712097400936
room_acoustic_data_room_0385.mat,3.5,1.5058823529411764,30.651341930906813,32.085887959409824,33.045394371972556,-16.050594102747816
room_acoustic_data_room_0386.mat,3.5,1.5176470588235293,31.374993753500426,32.597836519516704,33.76494701476231,-16.48043508701637
room_acoustic_data_room_0387.mat,3.5,1.5294117647058822,31.89453509220593,32.989650374761666,34.277188929942454,-16.798648172967575
room_acoustic_data_room_0388.mat,3.5,1.5411764705882354,32.256022456872856,33.3628225409647,34.56980081649426,-17.053852548904832
room_acoustic_data_room_0389.mat,3.5,1.5529411764705883,32.46922678030778,33.644381369700206,34.692009578595865,-17.25681941937283
room_acoustic_data_room_0390.mat,3.5,1.5647058823529412,32.46686497199167,33.816622429608046,34.58933800821032,-17.34033181060346
room_acoustic_data_room_0391.mat,3.5,1.576470588235294,32.1862575669862,33.82344806395866,34.224967350054854,-17.240910017861275
room_acoustic_data_room_0392.mat,3.5,1.588235294117647,31.529737179444798,33.48968095042444,33.53735476778061,-16.858682903632193
room_acoustic_data_room_0393.mat,3.5,1.6,31.087764187549418,33.164017669857486,33.129693978802905,-16.5707666514587
room_acoustic_data_room_0394.mat,3.5,1.611764705882353,31.77535943714483,33.56478477020422,33.86698234726335,-16.945425413306296
room_acoustic_data_room_0395.mat,3.5,1.6235294117647059,32.21229859263281,33.62749513742294,34.40236414257613,-17.160946117733175
room_acoustic_data_room_0396.mat,3.5,1.6352941176470588,32.4139896160898,33.49133947588642,34.70546624105688,-17.23564364907419
room_acoustic_data_room_0397.mat,3.5,1.6470588235294117,32.39527630600073,33.2442004515528,34.74640591292798,-17.18557263526578
room_acoustic_data_room_0398.mat,3.5,1.6588235294117648,32.22794919601779,32.99872266937844,34.549557661892855,-17.082726082283568
room_acoustic_data_room_0399.mat,3.5,1.6705882352941177,31.910637182273533,32.75814461421004,34.12308909213915,-16.925127661622
room_acoustic_data_room_0400.mat,3.5,1.6823529411764706,31.3857514034054,32.38392365613126,33.51420755750781,-16.653354991950387
room_acoustic_data_room_0401.mat,3.5,1.6941176470588235,30.715775364023212,31.89981744015183,32.843188561776856,-16.283989483957793
room_acoustic_data_room_0402.mat,3.5,1.7058823529411764,31.54194157770319,32.49854046273032,33.64842156990731,-16.77673151436861
room_acoustic_data_room_0403.mat,3.5,1.7176470588235293,32.16604916951714,32.95373254737306,34.28499707163558,-17.157878274825457
room_acoustic_data_room_0404.mat,3.5,1.7294117647058824,32.61138703168701,33.32420991370861,34.76126403351906,-17.45402668669562
room_acoustic_data_room_0405.mat,3.5,1.7411764705882353,32.92255370837938,33.681581128317745,35.10807601296832,-17.711245788247222
room_acoustic_data_room_0406.mat,3.5,1.7529411764705882,33.04255330048352,34.00818730521078,35.20304335689486,-17.872893118625797
room_acoustic_data_room_0407.mat,3.5,1.7647058823529411,32.9277846425158,34.20492491253273,35.00720548946011,-17.89493059435015
room_acoustic_data_room_0408.mat,3.5,1.776470588235294,32.46527819587856,34.1577359053654,34.488040739348754,-17.662869182630082
room_acoustic_data_room_0409.mat,3.5,1.7882352941176471,31.540730890759395,33.6433659007606,33.579951181257954,-17.059107209967063
room_acoustic_data_room_0410.mat,3.5,1.8,32.08993170232019,34.096805200443335,34.110271685139374,-17.374795806234662
room_acoustic_data_room_0411.mat,3.5,1.811764705882353,32.730469626646,34.446543969518665,34.77121723911826,-17.749709088851706
room_acoustic_data_room_0412.mat,3.5,1.8235294117647058,33.027819512772574,34.40181989522117,35.1771122152928,-17.874464533441735
room_acoustic_data_room_0413.mat,3.5,1.8352941176470587,33.08290357540621,34.14384351183734,35.342499100674594,-17.851751836931207
room_acoustic_data_room_0414.mat,3.5,1.8470588235294119,32.95901082362085,33.84635439923145,35.29979615893356,-17.74538228977186
room_acoustic_data_room_0415.mat,3.5,1.8588235294117648,32.65472359497809,33.51995575368393,34.99096235376383,-17.553662442371913
room_acoustic_data_room_0416.mat,3.5,1.8705882352941177,32.16904809627558,33.142737147727445,34.45479000188424,-17.2743699344321
room_acoustic_data_room_0417.mat,3.5,1.8823529411764706,31.42485388151231,32.558130273859106,33.72744067143209,-16.827551409071017
room_acoustic_data_room_0418.mat,3.5,1.8941176470588235,31.686374986092453,32.71433795468606,34.00350836907141,-17.00008167119253
room_acoustic_data_room_0419.mat,3.5,1.9058823529411764,32.42673474985249,33.210844768289746,34.775253975576376,-17.45215888488528
room_acoustic_data_room_0420.mat,3.5,1.9176470588235295,32.95427384255692,33.54651720030988,35.33124278734833,-17.783621828404176
room_acoustic_data_room_0421.mat,3.5,1.9294117647058824,33.285640030663785,33.84242321334519,35.658480866575395,-18.013257201838524
room_acoustic_data_room_0422.mat,3.5,1.9411764705882353,33.48329160297301,34.140035322025085,35.76482270697494,-18.2042693480572
room_acoustic_data_room_0423.mat,3.5,1.9529411764705882,33.445447234040586,34.302203343818086,35.62432032936128,-18.254789968274682
room_acoustic_data_room_0424.mat,3.5,1.964705882352941,33.13124611813795,34.27545372960257,35.1966972253384,-18.123030716119864
room_acoustic_data_room_0425.mat,3.5,1.9764705882352942,32.36480570573741,33.80732237950096,34.436906756140104,-17.630776019049094
room_acoustic_data_room_0426.mat,3.5,1.988235294117647,32.07534685849369,33.56039388648223,34.19734939929415,-17.4072548730026
room_acoustic_data_room_0427.mat,3.5,2.0,32.72245924247202,33.84437746519634,34.99514528522721,-17.74468455681455
room_acoustic_data_room_0428.mat,3.5,2.011764705882353,33.042144452955725,33.79788600605531,35.50888692459035,-17.84610957943944
room_acoustic_data_room_0429.mat,3.5,2.023529411764706,33.068956407292006,33.57302356779417,35.68184700114338,-17.748682846549684
room_acoustic_data_room_0430.mat,3.5,2.0352941176470587,32.935640410142724,33.30582711577302,35.560898975903854,-17.586188604377888
room_acoustic_data_room_0431.mat,3.5,2.0470588235294116,32.6280028680734,32.99235459435683,35.18899805634645,-17.3445710004561
room_acoustic_data_room_0432.mat,3.5,2.0588235294117645,32.10668151167766,32.62930262816374,34.58143901326851,-16.983850584071824
room_acoustic_data_room_0433.mat,3.5,2.070588235294118,31.379080135163836,32.15135253128639,33.80774473889502,-16.509593885129917
room_acoustic_data_room_0434.mat,3.5,2.0823529411764707,30.730734632970012,31.71141825679993,33.17264397528653,-16.093983687984338
room_acoustic_data_room_0435.mat,3.5,2.0941176470588236,31.46532380454164,32.26427391815556,33.858256931559715,-16.499200530528245
room_acoustic_data_room_0436.mat,3.5,2.1058823529411765,31.999915378603866,32.673836117581494,34.408276243349704,-16.79517822271688
room_acoustic_data_room_0437.mat,3.5,2.1176470588235294,32.418549793570826,33.04535632258093,34.83592093304095,-17.069070596561126
room_acoustic_data_room_0438.mat,3.5,2.1294117647058823,32.68565734905871,33.34157016173269,35.09835289875443,-17.286677332685297
room_acoustic_data_room_0439.mat,3.5,2.1411764705882352,32.74193931978476,33.58491534724131,35.1128964071478,-17.38905980413348
room_acoustic_data_room_0440.mat,3.5,2.152941176470588,32.56746279023707,33.742335807298936,34.82705823562125,-17.35593592271694
room_acoustic_data_room_0441.mat,3.5,2.164705882352941,32.02330437582678,33.61004986608228,34.19734921039157,-17.046981410719237
room_acoustic_data_room_0442.mat,3.5,2.176470588235294,31.07621842996445,33.058566886021325,33.24481089887824,-16.425753444601416
room_acoustic_data_room_0443.mat,3.5,2.1882352941176473,31.76568369376789,33.632595384781034,33.868850434352716,-16.842404907618008
room_acoustic_data_room_0444.mat,3.5,2.2,32.33360690760696,33.96466057378278,34.41911249040159,-17.15193729250546
room_acoustic_data_room_0445.mat,3.5,2.211764705882353,32.60508377572789,33.97617525685417,34.72419432427336,-17.25866497429582
room_acoustic_data_room_0446.mat,3.5,2.223529411764706,32.584272703619355,33.72993030211036,34.78690783628653,-17.168424951725427
room_acoustic_data_room_0447.mat,3.5,2.235294117647059,32.35409249688834,33.39206457182374,34.599088049028396,-16.964656509052496
room_acoustic_data_room_0448.mat,3.5,2.2470588235294118,31.946500413897894,33.040730140368524,34.22530577823869,-16.679123622851282
room_acoustic_data_room_0449.mat,3.5,2.2588235294117647,31.338900076487587,32.57111164965233,33.641290226981816,-16.288123674753447
room_acoustic_data_room_0450.mat,3.5,2.2705882352941176,30.449622191445172,31.873958067946315,32.835614935955675,-15.707262797415284
room_acoustic_data_room_0451.mat,3.5,2.2823529411764705,30.755816104854045,32.0783562760912,33.13119291743004,-15.88954279562862
room_acoustic_data_room_0452.mat,3.5,2.2941176470588234,31.44038840466648,32.58480616520626,33.801333273053764,-16.293621945444595
room_acoustic_data_room_0453.mat,3.5,2.3058823529411763,31.91050423669821,32.92951694649359,34.285421237452525,-16.576043902140412
room_acoustic_data_room_0454.mat,3.5,2.3176470588235296,32.181132571782896,33.207442305869755,34.542362480587954,-16.753713557796218
room_acoustic_data_room_0455.mat,3.5,2.3294117647058825,32.29008092518529,33.3894466412133,34.595669614812664,-16.86503626849008
room_acoustic_data_room_0456.mat,3.5,2.3411764705882354,32.20083269831436,33.5041561073063,34.43601861027295,-16.873327051794952
room_acoustic_data_room_0457.mat,3.5,2.3529411764705883,31.817210678228545,33.40573530196538,34.02052753512869,-16.681435138947023
room_acoustic_data_room_0458.mat,3.5,2.364705882352941,31.005504940121696,32.87661034945592,33.26934572489159,-16.153247195584267
room_acoustic_data_room_0459.mat,3.5,2.376470588235294,30.910242719390165,32.784886729965535,33.21520808256983,-16.057824697945048
room_acoustic_data_room_0460.mat,3.5,2.388235294117647,31.536589907956525,33.18835557117798,33.85175368779509,-16.376584124489046
room_acoustic_data_room_0461.mat,3.5,2.4,31.849321516782332,33.238665002171466,34.21683320763738,-16.47263233184589
room_acoustic_data_room_0462.mat,3.5,2.411764705882353,31.92333371175217,33.089665477669385,34.34426606542099,-16.423059540932748
room_acoustic_data_room_0463.mat,3.5,2.4235294117647057,31.82831035956437,32.84212115561055,34.269147702479486,-16.298214878074536
room_acoustic_data_room_0464.mat,3.5,2.4352941176470586,31.582151729457554,32.58016449415363,33.987776057170564,-16.115821732348184
room_acoustic_data_room_0465.mat,3.5,2.447058823529412,31.18749998555735,32.30211715422945,33.51028556825648,-15.877644296273631
room_acoustic_data_room_0466.mat,3.5,2.458823529411765,30.569013131434136,31.857113744747963,32.8435119839498,-15.506258289039023
room_acoustic_data_room_0467.mat,3.5,2.4705882352941178,30.243615054983792,31.59926947445799,32.50546508021578,-15.298801820429853
room_acoustic_data_room_0468.mat,3.5,2.4823529411764707,30.972859747307954,32.165666743587465,33.20180595927182,-15.688078686642129
room_acoustic_data_room_0469.mat,3.5,2.4941176470588236,31.542585374541176,32.615088894227895,33.7483443857965,-16.0060256844842
room_acoustic_data_room_0470.mat,3.5,2.5058823529411764,31.990027315971208,32.95501943576276,34.19742929582953,-16.292505264705955
room_acoustic_data_room_0471.mat,3.5,2.5176470588235293,32.275790171300464,33.274450732918915,34.44968349986938,-16.509014248260033
room_acoustic_data_room_0472.mat,3.5,2.5294117647058822,32.39559574826354,33.575624740503,34.46810022636873,-16.65121878453232
room_acoustic_data_room_0473.mat,3.5,2.541176470588235,32.2747753003461,33.81512582992475,34.21049949658616,-16.643779891291995
room_acoustic_data_room_0474.mat,3.5,2.552941176470588,31.854523738422614,33.83067055293683,33.69718741412429,-16.426254298239265
room_acoustic_data_room_0475.mat,3.5,2.5647058823529414,31.183096942833405,33.504239418030615,33.011672809040704,-16.02270085748845
room_acoustic_data_room_0476.mat,3.5,2.5764705882352943,32.00298438156807,34.2180023710452,33.770680622973174,-16.46624088199548
room_acoustic_data_room_0477.mat,3.5,2.588235294117647,32.54369692619682,34.535302952344196,34.31259802599059,-16.71635478701483
room_acoustic_data_room_0478.mat,3.5,2.6,32.793766701844135,34.512463088364996,34.62474822825828,-16.764797615864758
room_acoustic_data_room_0479.mat,3.5,2.611764705882353,32.833404318743156,34.269973976912084,34.748846143147986,-16.69305420514407
room_acoustic_data_room_0480.mat,3.5,2.623529411764706,32.740885787446715,34.00397785835289,34.68504641966799,-16.579657118148297
room_acoustic_data_room_0481.mat,3.5,2.635294117647059,32.47859567856735,33.709485820901016,34.41336592501496,-16.38681219383496
room_acoustic_data_room_0482.mat,3.5,2.6470588235294117,32.07732209889447,33.362388517518845,33.99976579633078,-16.144534407364944
room_acoustic_data_room_0483.mat,3.5,2.6588235294117646,31.499997346873002,32.875504291558784,33.45107094520575,-15.813579832862363
room_acoustic_data_room_0484.mat,3.5,2.6705882352941175,31.78365163563399,33.02671175783191,33.69665422068936,-15.931393127794493
room_acoustic_data_room_0485.mat,3.5,2.6823529411764704,32.43461377041953,33.40296825977159,34.33352452799958,-16.248892320637907
room_acoustic_data_room_0486.mat,3.5,2.6941176470588237,32.9851724134019,33.69062529278119,34.92399372221393,-16.55535759819719
room_acoustic_data_room_0487.mat,3.5,2.7058823529411766,33.48809157114339,34.012175639244916,35.41803017063024,-16.905522260581538
room_acoustic_data_room_0488.mat,3.5,2.7176470588235295,33.87293217620649,34.298100589349296,35.789512632091395,-17.229762402363697
room_acoustic_data_room_0489.mat,3.5,2.7294117647058824,33.994331998677005,34.405586412009605,35.96835359078697,-17.383263125175908
room_acoustic_data_room_0490.mat,3.5,2.7411764705882353,33.80771231667999,34.28602942642577,35.86288243226623,-17.321796578250243
room_acoustic_data_room_0491.mat,3.5,2.7529411764705882,33.15068558268138,33.76649918515684,35.377588485847696,-16.88231310759705
room_acoustic_data_room_0492.mat,3.5,2.764705882352941,32.627401167671565,33.19717648701423,35.06107914178737,-16.4110975284459
room_acoustic_data_room_0493.mat,3.5,2.776470588235294,33.029375175257336,33.088714220235616,35.63076268076508,-16.425809026044952
room_acoustic_data_room_0494.mat,3.5,2.788235294117647,33.11056449911789,32.677121693034806,35.83553522191822,-16.21309581243128
room_acoustic_data_room_0495.mat,3.5,2.8,33.0534429039819,32.21840403044104,35.792663873251065,-15.957740651893138
room_acoustic_data_room_0496.mat,3.5,2.8117647058823527,32.930751255063626,31.768771543962274,35.583160020433816,-15.733702803328955
room_acoustic_data_room_0497.mat,3.5,2.823529411764706,32.69601475681164,31.41835741258445,35.14318818979486,-15.496093348778974
room_acoustic_data_room_0498.mat,3.5,2.835294117647059,32.32483268605768,31.06560366463455,34.55204453992333,-15.22280947842933
room_acoustic_data_room_0499.mat,3.5,2.847058823529412,31.727897900103805,30.64530025805808,33.71391697422042,-14.82629799572109
room_acoustic_data_room_0500.mat,3.5,2.8588235294117648,32.14177310655855,30.889489210849824,33.857031213989856,-14.958195847930504
room_acoustic_data_room_0501.mat,3.5,2.8705882352941177,32.960068205283115,31.422137596045907,34.53406461722381,-15.292796913287836
room_acoustic_data_room_0502.mat,3.5,2.8823529411764706,33.53951806315691,31.88456295052653,35.012401338528775,-15.489735899437303
room_acoustic_data_room_0503.mat,3.5,2.8941176470588235,33.902816007417826,32.31955057582788,35.24141604592376,-15.570954117556537
room_acoustic_data_room_0504.mat,3.5,2.9058823529411764,34.03308631202107,32.83864442744781,35.19596734404746,-15.513789896819251
room_acoustic_data_room_0505.mat,3.5,2.9176470588235293,35.05236027040122,33.94649571705318,35.83975958453718,-15.925292476327746
room_acoustic_data_room_0506.mat,3.5,2.929411764705882,36.02163514920025,35.0886834200599,36.417294654507494,-16.214639190672578
room_acoustic_data_room_0507.mat,3.5,2.9411764705882355,36.42834062062819,36.00843123239006,36.6915495669878,-16.037977035498045
room_acoustic_data_room_0508.mat,3.5,2.9529411764705884,36.38806113411011,36.519465174180084,36.727379000885826,-15.50627516054732
room_acoustic_data_room_0509.mat,3.5,2.9647058823529413,36.0296472857277,36.54089464702202,36.611252830160986,-14.741039177846439
room_acoustic_data_room_0510.mat,3.5,2.976470588235294,35.53677433463879,36.203745336620734,36.43947065549526,-13.916520532324018
room_acoustic_data_room_0511.mat,3.5,2.988235294117647,34.99506932070537,35.67082119839811,36.24405750128611,-13.107869574129865
room_acoustic_data_room_0512.mat,3.5,3.0,34.446262809897036,35.0668470162003,36.0330670652634,-12.346307314600747
room_acoustic_data_room_0513.mat,0.0,-0.5,32.55410345336306,34.19746800384135,34.09078516810543,-10.44814413170676
room_acoustic_data_room_0514.mat,0.011764705882352941,-0.5,33.05265269657166,34.71239716963964,34.28709951711481,-11.157854243186584
room_acoustic_data_room_0515.mat,0.023529411764705882,-0.5,33.5589537171224,35.126109816114635,34.46914228754203,-11.929192438137047
room_acoustic_data_room_0516.mat,0.03529411764705882,-0.5,33.98340703860211,35.302320603721505,34.58485183943704,-12.683045764134988
room_acoustic_data_room_0517.mat,0.047058823529411764,-0.5,34.26790177525123,35.15477911420048,34.637384597888065,-13.371752925958784
room_acoustic_data_room_0518.mat,0.058823529411764705,-0.5,34.25995039153035,34.6154456254257,34.54588116311775,-13.852201931165297
room_acoustic_data_room_0519.mat,0.07058823529411765,-0.5,34.006890484676376,33.73567800639282,34.35815986177854,-14.178986700704872
room_acoustic_data_room_0520.mat,0.08235294117647059,-0.5,33.293401896536125,32.63851724093415,33.845829196498826,-14.141271889493956
room_acoustic_data_room_0521.mat,0.09411764705882353,-0.5,32.49751108614638,31.817895724917946,33.38655074631539,-13.973800069664426
room_acoustic_data_room_0522.mat,0.10588235294117647,-0.5,32.44258017181136,31.467040908884858,33.52148291270758,-14.102246896924095
room_acoustic_data_room_0523.mat,0.11764705882352941,-0.5,32.24596866683925,31.212979793821766,33.53216157511494,-14.18321186634474
room_acoustic_data_room_0524.mat,0.12941176470588237,-0.5,31.92283963003261,31.03908198815883,33.45460791887862,-14.238240965143351
room_acoustic_data_room_0525.mat,0.1411764705882353,-0.5,31.42251303421989,30.82210916292499,33.2098461788176,-14.21834403527363
room_acoustic_data_room_0526.mat,0.15294117647058825,-0.5,31.081568399658966,30.74451329542523,33.09174746797008,-14.20288142923469
room_acoustic_data_room_0527.mat,0.16470588235294117,-0.5,31.503873406315574,31.10610587274385,33.695818428625884,-14.422615127850198
room_acoustic_data_room_0528.mat,0.17647058823529413,-0.5,31.72686187087401,31.364660379768168,34.100719836847006,-14.546491883094568
room_acoustic_data_room_0529.mat,0.18823529411764706,-0.5,31.817263607760236,31.616587240944742,34.314565464943676,-14.63993426530388
room_acoustic_data_room_0530.mat,0.2,-0.5,31.910274973355136,31.97874033932271,34.43890637950114,-14.83591572476673
room_acoustic_data_room_0531.mat,0.21176470588235294,-0.5,31.886002197744567,32.32653558139604,34.45894153786441,-15.012687605806754
room_acoustic_data_room_0532.mat,0.2235294117647059,-0.5,31.728964113288903,32.62592622842204,34.23520033894492,-15.153019028787336
room_acoustic_data_room_0533.mat,0.23529411764705882,-0.5,31.3881998671527,32.62051877285916,33.81384811184351,-15.202962908751408
room_acoustic_data_room_0534.mat,0.24705882352941178,-0.5,31.680407410390856,32.970547431958074,34.020573929975576,-15.400894915600496
room_acoustic_data_room_0535.mat,0.25882352941176473,-0.5,32.04671612627041,33.325785620042915,34.354045017689984,-15.553399596059052
room_acoustic_data_room_0536.mat,0.27058823529411763,-0.5,32.251464130423486,33.48223853990238,34.56173357322803,-15.636743470923298
room_acoustic_data_room_0537.mat,0.2823529411764706,-0.5,32.245336746359726,33.41485565655608,34.59291546540157,-15.601845177569826
room_acoustic_data_room_0538.mat,0.29411764705882354,-0.5,32.1778074143275,33.386160094838026,34.50481843759487,-15.597598458007003
room_acoustic_data_room_0539.mat,0.3058823529411765,-0.5,32.13700979786499,33.42472937549538,34.38686055298789,-15.711507796328352
room_acoustic_data_room_0540.mat,0.3176470588235294,-0.5,32.06186312240549,33.42588150081541,34.20860752099714,-15.881681816939837
room_acoustic_data_room_0541.mat,0.32941176470588235,-0.5,31.75905908470002,33.21604890095778,33.833459992939495,-15.912896781946095
room_acoustic_data_room_0542.mat,0.3411764705882353,-0.5,31.616266910640263,33.12386334354046,33.676890211146954,-15.923952157449119
room_acoustic_data_room_0543.mat,0.35294117647058826,-0.5,32.10013964681994,33.52362221379052,34.16053658373301,-16.163382098649013
room_acoustic_data_room_0544.mat,0.36470588235294116,-0.5,32.38333281690068,33.739371073495974,34.47569846565239,-16.28898825665493
room_acoustic_data_room_0545.mat,0.3764705882352941,-0.5,32.48152831851852,33.86834888975726,34.57039541137993,-16.318719196427317
room_acoustic_data_room_0546.mat,0.38823529411764707,-0.5,32.5543396098856,34.057092069867366,34.55816609307491,-16.41307015249319
room_acoustic_data_room_0547.mat,0.4,-0.5,32.53498434437304,34.22711311523798,34.398995489170034,-16.50554155048745
room_acoustic_data_room_0548.mat,0.4117647058823529,-0.5,32.36507067462258,34.30187802686836,34.05277595787223,-16.537566243145708
room_acoustic_data_room_0549.mat,0.4235294117647059,-0.5,31.94184033526755,34.09077003213167,33.47961558795761,-16.405159656218952
room_acoustic_data_room_0550.mat,0.43529411764705883,-0.5,31.24408077269714,33.43499306291998,32.69843666856852,-16.083899033496426
room_acoustic_data_room_0551.mat,0.4470588235294118,-0.5,31.849448092896218,33.82859157253037,33.38986436373958,-16.42020329174562
room_acoustic_data_room_0552.mat,0.4588235294117647,-0.5,32.19003518150317,33.87620382300122,33.87928637129554,-16.558045448112367
room_acoustic_data_room_0553.mat,0.47058823529411764,-0.5,32.3417616763219,33.76964918207625,34.18398339828184,-16.5963447689827
room_acoustic_data_room_0554.mat,0.4823529411764706,-0.5,32.36105703518004,33.59728579459341,34.32319346547277,-16.593158817509416
room_acoustic_data_room_0555.mat,0.49411764705882355,-0.5,32.28731135964095,33.38836361702469,34.311397282815136,-16.588543391088475
room_acoustic_data_room_0556.mat,0.5058823529411764,-0.5,32.14212669589096,33.18561139227705,34.16301726610158,-16.60416510937772
room_acoustic_data_room_0557.mat,0.5176470588235295,-0.5,31.826572592738106,32.9160761969289,33.815919687097974,-16.54022520804107
room_acoustic_data_room_0558.mat,0.5294117647058824,-0.5,31.19056939840594,32.410611308533205,33.226205177395165,-16.244050930629275
room_acoustic_data_room_0559.mat,0.5411764705882353,-0.5,31.446775142084846,32.63635666268132,33.555444637554245,-16.384985039304944
room_acoustic_data_room_0560.mat,0.5529411764705883,-0.5,31.85799556396465,32.95237373930259,34.09403206186063,-16.5488861914907
room_acoustic_data_room_0561.mat,0.5647058823529412,-0.5,32.08765044565925,33.16190941612841,34.425068405046645,-16.621847251215407
room_acoustic_data_room_0562.mat,0.5764705882352941,-0.5,32.22809752172311,33.3704363984853,34.565071307601116,-16.69833784556784
room_acoustic_data_room_0563.mat,0.5882352941176471,-0.5,32.26217335944145,33.52312003815317,34.53340168101142,-16.76208813402081
room_acoustic_data_room_0564.mat,0.6,-0.5,32.19856244024842,33.62959070168095,34.34495574363421,-16.821963105195998
room_acoustic_data_room_0565.mat,0.611764705882353,-0.5,32.0010299681927,33.60533252846966,34.03000679958099,-16.841058124140375
room_acoustic_data_room_0566.mat,0.6235294117647059,-0.5,31.53935663294225,33.25900750743136,33.480022543691696,-16.686950669664142
room_acoustic_data_room_0567.mat,0.6352941176470588,-0.5,31.589828695191574,33.266958421619954,33.537849773320715,-16.737702285646396
room_acoustic_data_room_0568.mat,0.6470588235294118,-0.5,32.16402457048708,33.64423352940895,34.149534827108575,-17.028319102002204
room_acoustic_data_room_0569.mat,0.6588235294117647,-0.5,32.41841371509713,33.784039979396155,34.468001398874364,-17.090944649791926
room_acoustic_data_room_0570.mat,0.6705882352941176,-0.5,32.498010368324536,33.724535664624284,34.61336065187471,-17.072987087415893
room_acoustic_data_room_0571.mat,0.6823529411764706,-0.5,32.448740761552855,33.632284882811085,34.56763461938016,-17.021338634289325
room_acoustic_data_room_0572.mat,0.6941176470588235,-0.5,32.320779434581304,33.56278171345481,34.36131181796743,-16.986336774616227
room_acoustic_data_room_0573.mat,0.7058823529411765,-0.5,32.07968788759585,33.415149960013764,34.07184696594018,-16.932941605096893
room_acoustic_data_room_0574.mat,0.7176470588235294,-0.5,31.56710929563709,33.06942729165426,33.56624375097151,-16.700858279069006
room_acoustic_data_room_0575.mat,0.7294117647058823,-0.5,31.32226146715204,32.9033894965465,33.35122028520186,-16.579871200202096
room_acoustic_data_room_0576.mat,0.7411764705882353,-0.5,31.96939619124504,33.41277953165209,34.00781762198901,-16.918597924599275
room_acoustic_data_room_0577.mat,0.7529411764705882,-0.5,32.31362057676092,33.67983592544586,34.402318374749626,-17.046229154958734
room_acoustic_data_room_0578.mat,0.7647058823529411,-0.5,32.54900721998081,33.8782822535665,34.696118373000246,-17.15956198069701
room_acoustic_data_room_0579.mat,0.7764705882352941,-0.5,32.72655626795996,34.11206045882297,34.842703868818546,-17.310703014957454
room_acoustic_data_room_0580.mat,0.788235294117647,-0.5,32.77440016137642,34.32509917620955,34.76309956986134,-17.427978336977816
room_acoustic_data_room_0581.mat,0.8,-0.5,32.62164635268798,34.364686560982804,34.510201197719546,-17.439975287544723
room_acoustic_data_room_0582.mat,0.8117647058823529,-0.5,32.201842971287114,34.11132852410074,34.027010941849205,-17.278563715681553
room_acoustic_data_room_0583.mat,0.8235294117647058,-0.5,31.694314051049272,33.617107979164615,33.52418796396857,-17.043848068753892
room_acoustic_data_room_0584.mat,0.8352941176470589,-0.5,32.33522982750445,33.95867296796769,34.21884648023273,-17.358906752192134
room_acoustic_data_room_0585.mat,0.8470588235294118,-0.5,32.59974670866927,33.92536533092561,34.62347600003176,-17.388220348417185
room_acoustic_data_room_0586.mat,0.8588235294117647,-0.5,32.79570978125312,33.85538546369327,34.92426788596655,-17.44283123520991
room_acoustic_data_room_0587.mat,0.8705882352941177,-0.5,32.81323862447864,33.65456512493166,35.050609800741384,-17.414259954249353
room_acoustic_data_room_0588.mat,0.8823529411764706,-0.5,32.71040755472047,33.46021865571822,34.98766075366892,-17.36093003340068
room_acoustic_data_room_0589.mat,0.8941176470588236,-0.5,32.474392536329646,33.26185969965143,34.70002194482646,-17.269657358189722
room_acoustic_data_room_0590.mat,0.9058823529411765,-0.5,32.015951857355475,32.97944666685892,34.174017027329874,-17.049830843823138
room_acoustic_data_room_0591.mat,0.9176470588235294,-0.5,31.298229441791257,32.49701657801295,33.431762350151885,-16.661481022957386
room_acoustic_data_room_0592.mat,0.9294117647058824,-0.5,31.695046223905642,32.85016332008717,33.84460164450462,-16.82556274438211
room_acoustic_data_room_0593.mat,0.9411764705882353,-0.5,32.1516229693377,33.208532726075575,34.38036348119263,-17.02879504229412
room_acoustic_data_room_0594.mat,0.9529411764705882,-0.5,32.415429772131795,33.39633271916903,34.73434944657473,-17.13200111841325
room_acoustic_data_room_0595.mat,0.9647058823529412,-0.5,32.54523649212827,33.55940441645316,34.89874901201571,-17.19578809835012
room_acoustic_data_room_0596.mat,0.9764705882352941,-0.5,32.57666082729414,33.686491358920534,34.86705386388744,-17.25639086253504
room_acoustic_data_room_0597.mat,0.9882352941176471,-0.5,32.49198365574651,33.80006642823116,34.625433034340695,-17.295952548217855
room_acoustic_data_room_0598.mat,1.0,-0.5,32.10972518963479,33.71676904625237,34.08522515932048,-17.13195442488503
room_acoustic_data_room_0599.mat,1.011764705882353,-0.5,31.245325379633833,33.16603272275653,33.196829886130466,-16.577237453254263
room_acoustic_data_room_0600.mat,1.0235294117647058,-0.5,31.323408840451272,33.232019179182174,33.26850255393565,-16.589383320874834
room_acoustic_data_room_0601.mat,1.035294117647059,-0.5,31.995728802053442,33.686402522782124,33.942132472365515,-16.98751766665311
room_acoustic_data_room_0602.mat,1.0470588235294118,-0.5,32.33515558982387,33.84362812011219,34.34130060025223,-17.14450267469648
room_acoustic_data_room_0603.mat,1.0588235294117647,-0.5,32.42439729826011,33.74769868401185,34.520866166765586,-17.145379465193283
room_acoustic_data_room_0604.mat,1.0705882352941176,-0.5,32.34767514425107,33.616732795492055,34.47006704313952,-17.075296797891085
room_acoustic_data_room_0605.mat,1.0823529411764705,-0.5,32.11698404546631,33.44620692077367,34.20939130773175,-16.946336564611077
room_acoustic_data_room_0606.mat,1.0941176470588236,-0.5,31.708312385780914,33.21713481250064,33.746757599107205,-16.733741094429146
room_acoustic_data_room_0607.mat,1.1058823529411765,-0.5,31.029703157836792,32.779985431248335,33.091824464250564,-16.34341444484747
room_acoustic_data_room_0608.mat,1.1176470588235294,-0.5,30.86239811106013,32.65792270947468,32.96703340981739,-16.265100229304153
room_acoustic_data_room_0609.mat,1.1294117647058823,-0.5,31.672772494232056,33.22045294264547,33.84037874198606,-16.778098925693268
room_acoustic_data_room_0610.mat,1.1411764705882352,-0.5,32.19332539289354,33.56668333738139,34.43950720232249,-17.09226882587727
room_acoustic_data_room_0611.mat,1.1529411764705881,-0.5,32.394587256407746,33.728828621769004,34.68925555657674,-17.18096329296953
room_acoustic_data_room_0612.mat,1.1647058823529413,-0.5,32.4927836651415,33.893337087972704,34.76899634205752,-17.26163647689575
room_acoustic_data_room_0613.mat,1.1764705882352942,-0.5,32.450681215413766,34.02789089907036,34.58971438498959,-17.29733076217287
room_acoustic_data_room_0614.mat,1.188235294117647,-0.5,32.22251168807858,34.026084389520676,34.20439017836567,-17.241755647691043
room_acoustic_data_room_0615.mat,1.2,-0.5,31.622245269549857,33.645201752899744,33.56592789123608,-16.907113836112263
room_acoustic_data_room_0616.mat,1.2117647058823529,-0.5,31.092118882021083,33.16038708321998,33.04501264790542,-16.61049960062374
room_acoustic_data_room_0617.mat,1.223529411764706,-0.5,31.976820523284527,33.6063787582123,33.9773386322947,-17.174415865745626
room_acoustic_data_room_0618.mat,1.2352941176470589,-0.5,32.45518064251447,33.68375758079937,34.57723671830007,-17.422330900938157
room_acoustic_data_room_0619.mat,1.2470588235294118,-0.5,32.57602718468616,33.54408205670186,34.85033935335002,-17.406371257415824
room_acoustic_data_room_0620.mat,1.2588235294117647,-0.5,32.53989945105337,33.34646311692814,34.91400141888071,-17.328595732966882
room_acoustic_data_room_0621.mat,1.2705882352941176,-0.5,32.38910930952612,33.1141967100181,34.77513445922584,-17.231753114611866
room_acoustic_data_room_0622.mat,1.2823529411764707,-0.5,32.18859484157701,32.935167488415075,34.502344857147826,-17.18042804512399
room_acoustic_data_room_0623.mat,1.2941176470588236,-0.5,31.819424952082546,32.689438080194634,34.039559222133256,-17.054218933795354
room_acoustic_data_room_0624.mat,1.3058823529411765,-0.5,31.140440594514153,32.2183609974747,33.34363665176264,-16.7086587034971
room_acoustic_data_room_0625.mat,1.3176470588235294,-0.5,31.76094468090618,32.673403587537244,33.98407092687313,-17.028552211861253
room_acoustic_data_room_0626.mat,1.3294117647058823,-0.5,32.17318726467528,33.01465644166861,34.472514794048884,-17.187681633353836
room_acoustic_data_room_0627.mat,1.3411764705882352,-0.5,32.39019795102104,33.22818999391802,34.74278638550585,-17.244978673512897
room_acoustic_data_room_0628.mat,1.3529411764705883,-0.5,32.46434431726608,33.41293274870644,34.79075899085426,-17.254644431759665
room_acoustic_data_room_0629.mat,1.3647058823529412,-0.5,32.36920914602188,33.55063722627666,34.591915762488924,-17.19086691649717
room_acoustic_data_room_0630.mat,1.3764705882352941,-0.5,32.20281374099328,33.63358623746872,34.26057462383089,-17.15146495883944
room_acoustic_data_room_0631.mat,1.388235294117647,-0.5,31.840575845126196,33.53771269577293,33.728609337011356,-17.010645470920128
room_acoustic_data_room_0632.mat,1.4,-0.5,31.221985140469325,33.1235271065251,33.01593266767017,-16.704991210986183
room_acoustic_data_room_0633.mat,1.411764705882353,-0.5,31.447721960940143,33.25998665678188,33.254966342439666,-16.776671291215205
room_acoustic_data_room_0634.mat,1.423529411764706,-0.5,31.941417265129054,33.52737020046179,33.842259185322106,-16.996073282273596
room_acoustic_data_room_0635.mat,1.4352941176470588,-0.5,32.226917351911375,33.63948351067101,34.21935268744978,-17.100387718223956
room_acoustic_data_room_0636.mat,1.4470588235294117,-0.5,32.28173005200371,33.57783781695798,34.33461146064408,-17.069326183403682
room_acoustic_data_room_0637.mat,1.4588235294117646,-0.5,32.197937485846275,33.45803824070933,34.25875455076006,-16.995771039282843
room_acoustic_data_room_0638.mat,1.4705882352941178,-0.5,31.994401945432486,33.33616527239192,34.0074763006808,-16.898518461060494
room_acoustic_data_room_0639.mat,1.4823529411764707,-0.5,31.67891402047097,33.14862480532053,33.62046898703166,-16.78435876553166
room_acoustic_data_room_0640.mat,1.4941176470588236,-0.5,31.15867143271752,32.7996008584882,33.08079748601437,-16.557926994448252
room_acoustic_data_room_0641.mat,1.5058823529411764,-0.5,31.1872118818713,32.85684384231162,33.147357338435796,-16.586467483847
room_acoustic_data_room_0642.mat,1.5176470588235293,-0.5,31.752499169685613,33.26939938285498,33.77904198337038,-16.857943958647756
room_acoustic_data_room_0643.mat,1.5294117647058822,-0.5,32.06099624016684,33.49663240099839,34.147942868723106,-16.96511280330163
room_acoustic_data_room_0644.mat,1.5411764705882354,-0.5,32.222491852407906,33.66116364158777,34.32284219059802,-17.020325457143134
room_acoustic_data_room_0645.mat,1.5529411764705883,-0.5,32.32397304800405,33.86878676063829,34.32909686059287,-17.111569234911368
room_acoustic_data_room_0646.mat,1.5647058823529412,-0.5,32.270213198376204,34.01124826599829,34.12613115360464,-17.143683625053768
room_acoustic_data_room_0647.mat,1.576470588235294,-0.5,32.04854999899804,33.984501545660144,33.80254082457847,-17.10320608225897
room_acoustic_data_room_0648.mat,1.588235294117647,-0.5,31.507723112933498,33.59708169756342,33.24891493430601,-16.83667251623455
room_acoustic_data_room_0649.mat,1.6,-0.5,31.083359339221573,33.14795727635418,32.90568926340235,-16.566365549246825
room_acoustic_data_room_0650.mat,1.611764705882353,-0.5,31.588724824338065,33.34484882192992,33.54242307509864,-16.758794585176595
room_acoustic_data_room_0651.mat,1.6235294117647059,-0.5,31.867264280572524,33.3512575114399,33.972322321868326,-16.815915630206437
room_acoustic_data_room_0652.mat,1.6352941176470588,-0.5,31.961041290399606,33.232258125636505,34.237679360304995,-16.78269919078313
room_acoustic_data_room_0653.mat,1.6470588235294117,-0.5,31.90609881240796,33.04928482711552,34.30214913100056,-16.6963990564804
room_acoustic_data_room_0654.mat,1.6588235294117648,-0.5,31.749284024484226,32.8529705758389,34.16713324371325,-16.604064877965744
room_acoustic_data_room_0655.mat,1.6705882352941177,-0.5,31.465727771090577,32.62451845213519,33.83162404207626,-16.480222274130057
room_acoustic_data_room_0656.mat,1.6823529411764706,-0.5,31.00977592147874,32.30052861027176,33.336224468979246,-16.277383592380538
room_acoustic_data_room_0657.mat,1.6941176470588235,-0.5,30.353573220392608,31.81787372690151,32.6633885299422,-15.921791503849263
room_acoustic_data_room_0658.mat,1.7058823529411764,-0.5,31.065489671126393,32.37169969803858,33.430952069016485,-16.30028381562139
room_acoustic_data_room_0659.mat,1.7176470588235293,-0.5,31.52737911674461,32.72369220469765,33.964548920942555,-16.5192124739981
room_acoustic_data_room_0660.mat,1.7294117647058824,-0.5,31.841233016109847,32.97329793872812,34.33657922619176,-16.683876968523414
room_acoustic_data_room_0661.mat,1.7411764705882353,-0.5,31.98903552203023,33.14417975532614,34.51279416265955,-16.777731947681144
room_acoustic_data_room_0662.mat,1.7529411764705882,-0.5,31.978359619534324,33.26972268747467,34.43082211343623,-16.808703835323055
room_acoustic_data_room_0663.mat,1.7647058823529411,-0.5,31.807762299742492,33.32406720532187,34.124363370547805,-16.77491270362886
room_acoustic_data_room_0664.mat,1.776470588235294,-0.5,31.39334036850691,33.172679806105585,33.55977962946253,-16.590935862129008
room_acoustic_data_room_0665.mat,1.7882352941176471,-0.5,30.64989359747009,32.65624072418884,32.76866226884194,-16.168274476461995
room_acoustic_data_room_0666.mat,1.8,-0.5,31.16976636164744,33.07481946784334,33.28386533654401,-16.45463507845578
room_acoustic_data_room_0667.mat,1.811764705882353,-0.5,31.664288516033395,33.40096367109345,33.82699054642699,-16.68353261962894
room_acoustic_data_room_0668.mat,1.8235294117647058,-0.5,31.914896046591323,33.464899898826545,34.18529175454809,-16.761545735022878
room_acoustic_data_room_0669.mat,1.8352941176470587,-0.5,31.97368638835,33.37196221797534,34.34938360556225,-16.742539343438395
room_acoustic_data_room_0670.mat,1.8470588235294119,-0.5,31.947262480474595,33.30871819626074,34.32230249798793,-16.7336386660674
room_acoustic_data_room_0671.mat,1.8588235294117648,-0.5,31.78383208685547,33.21599472312138,34.091814783806896,-16.682775678714428
room_acoustic_data_room_0672.mat,1.8705882352941177,-0.5,31.40362435708402,32.971515574511095,33.659840997822826,-16.50895096155706
room_acoustic_data_room_0673.mat,1.8823529411764706,-0.5,30.796740794508356,32.53297508698661,33.052771751582235,-16.199443104343118
room_acoustic_data_room_0674.mat,1.8941176470588235,-0.5,30.99425890184223,32.641320849393296,33.32193426229597,-16.307970378764136
room_acoustic_data_room_0675.mat,1.9058823529411764,-0.5,31.5967696727624,33.07905584219041,33.98343220430733,-16.622198579606938
room_acoustic_data_room_0676.mat,1.9176470588235295,-0.5,32.00424229661514,33.365088100287196,34.430865276563914,-16.833595027012702
room_acoustic_data_room_0677.mat,1.9294117647058824,-0.5,32.2454364990547,33.57295282008629,34.677083667469255,-16.973058381772564
room_acoustic_data_room_0678.mat,1.9411764705882353,-0.5,32.36087350857465,33.78993454412738,34.685865534987286,-17.08185592722777
room_acoustic_data_room_0679.mat,1.9529411764705882,-0.5,32.359101226760046,33.95069870113502,34.53397531220168,-17.168448590888858
room_acoustic_data_room_0680.mat,1.964705882352941,-0.5,32.01831214539771,33.84625280917513,34.09686312365451,-17.01010132175216
room_acoustic_data_room_0681.mat,1.9764705882352942,-0.5,31.337545623822777,33.362786985931365,33.37628330807252,-16.60352045349722
room_acoustic_data_room_0682.mat,1.988235294117647,-0.5,31.124264996064994,33.088620507485714,33.189782570492866,-16.45617745504462
room_acoustic_data_room_0683.mat,2.0,-0.5,31.783540724174344,33.43118447460326,33.914538831148484,-16.80577037456822
room_acoustic_data_room_0684.mat,2.011764705882353,-0.5,32.15923556117882,33.511613648081955,34.45185164244779,-16.96320490353247
room_acoustic_data_room_0685.mat,2.023529411764706,-0.5,32.31880896506601,33.449048071622556,34.774713698946734,-16.998539489970202
room_acoustic_data_room_0686.mat,2.0352941176470587,-0.5,32.27198966120974,33.235956885682725,34.852392709612026,-16.922541802090556
room_acoustic_data_room_0687.mat,2.0470588235294116,-0.5,32.06878553030056,32.98714608508847,34.70453763098589,-16.785357461632174
room_acoustic_data_room_0688.mat,2.0588235294117645,-0.5,31.73803783069367,32.7269203946834,34.36465964527659,-16.615210544624585
room_acoustic_data_room_0689.mat,2.070588235294118,-0.5,31.191837347178364,32.347914851550776,33.79174639861985,-16.32235457024549
room_acoustic_data_room_0690.mat,2.0823529411764707,-0.5,30.613454095645068,31.934754646445413,33.21731950308913,-15.97670645546602
room_acoustic_data_room_0691.mat,2.0941176470588236,-0.5,31.354055265370206,32.53769147238846,33.96111493795377,-16.38793508285906
room_acoustic_data_room_0692.mat,2.1058823529411765,-0.5,31.826937039612737,32.93031128251074,34.42542118564269,-16.622202753168878
room_acoustic_data_room_0693.mat,2.1176470588235294,-0.5,32.1257398809103,33.202062459084374,34.70308141309619,-16.77626332526113
room_acoustic_data_room_0694.mat,2.1294117647058823,-0.5,32.321833995468246,33.46970992830741,34.81391563658778,-16.922856388910215
room_acoustic_data_room_0695.mat,2.1411764705882352,-0.5,32.31386919689946,33.64512852514125,34.69358510077385,-16.960991858028592
room_acoustic_data_room_0696.mat,2.152941176470588,-0.5,32.14057238643854,33.707855612398745,34.37272954612135,-16.929047462847333
room_acoustic_data_room_0697.mat,2.164705882352941,-0.5,31.694825975788433,33.4924741333921,33.846561966466,-16.71850472428946
room_acoustic_data_room_0698.mat,2.176470588235294,-0.5,30.88757812656286,32.80437456697221,33.09574073302022,-16.237114631663054
room_acoustic_data_room_0699.mat,2.1882352941176473,-0.5,31.556761506144625,33.28613272113259,33.72955047714725,-16.633483988876513
room_acoustic_data_room_0700.mat,2.2,-0.5,32.10418276559391,33.58504793264247,34.30193379229526,-16.922514201322663
room_acoustic_data_room_0701.mat,2.211764705882353,-0.5,32.32402401570051,33.614961246278526,34.62029342156523,-16.97760610106832
room_acoustic_data_room_0702.mat,2.223529411764706,-0.5,32.358998742748625,33.47547091188047,34.76964951361067,-16.943151828386736
room_acoustic_data_room_0703.mat,2.235294117647059,-0.5,32.216515205985914,33.25206365925873,34.697202418932626,-16.82708024638576
room_acoustic_data_room_0704.mat,2.2470588235294118,-0.5,31.913798417657997,32.99729286910826,34.412792888124606,-16.646423330435113
room_acoustic_data_room_0705.mat,2.2588235294117647,-0.5,31.38030806593221,32.595345644946015,33.89743768752287,-16.329534977076516
room_acoustic_data_room_0706.mat,2.2705882352941176,-0.5,30.559768991794915,31.98080907562476,33.12455166602115,-15.817416219397938
room_acoustic_data_room_0707.mat,2.2823529411764705,-0.5,30.809911205656356,32.18021610142216,33.404010782223864,-15.94363942521815
room_acoustic_data_room_0708.mat,2.2941176470588234,-0.5,31.367377015915206,32.56063415586519,34.00381490456092,-16.220616105629414
room_acoustic_data_room_0709.mat,2.3058823529411763,-0.5,31.699914105677255,32.79470945229195,34.345859409554286,-16.36546751017654
room_acoustic_data_room_0710.mat,2.3176470588235296,-0.5,31.88841149733857,32.99913708637491,34.46372951816378,-16.46102118914398
room_acoustic_data_room_0711.mat,2.3294117647058825,-0.5,31.971541947805804,33.228519995208885,34.40732344939354,-16.546551311837916
room_acoustic_data_room_0712.mat,2.3411764705882354,-0.5,31.873298615581376,33.395315341495994,34.09317691157846,-16.545887249240238
room_acoustic_data_room_0713.mat,2.3529411764705883,-0.5,31.50953076907618,33.32579147608173,33.55474125337289,-16.37391024985781
room_acoustic_data_room_0714.mat,2.364705882352941,-0.5,30.840692672290825,32.85348311892298,32.8488665014911,-15.988677420148116
room_acoustic_data_room_0715.mat,2.376470588235294,-0.5,30.753536384284462,32.72124220825609,32.77512150512476,-15.900942975137099
room_acoustic_data_room_0716.mat,2.388235294117647,-0.5,31.37286996344408,33.052378654633465,33.5028433309101,-16.212729811127033
room_acoustic_data_room_0717.mat,2.4,-0.5,31.699276792365975,33.11627543655312,34.00736833959716,-16.322532630214308
room_acoustic_data_room_0718.mat,2.411764705882353,-0.5,31.80953004763633,33.06145020358183,34.253133293474804,-16.309327234188345
room_acoustic_data_room_0719.mat,2.4235294117647057,-0.5,31.785572200775295,32.93170575916368,34.286657815652276,-16.255728016907366
room_acoustic_data_room_0720.mat,2.4352941176470586,-0.5,31.652538238987272,32.751354903757516,34.12192407258602,-16.186694554064985
room_acoustic_data_room_0721.mat,2.447058823529412,-0.5,31.316506514738897,32.49812673765756,33.7139316137366,-16.0074187534472
room_acoustic_data_room_0722.mat,2.458823529411765,-0.5,30.731374124072623,32.12003014981835,33.08782980220814,-15.669692546456561
room_acoustic_data_room_0723.mat,2.4705882352941178,-0.5,30.368014230304013,31.918539315956174,32.702591886953684,-15.421310724696436
room_acoustic_data_room_0724.mat,2.4823529411764707,-0.5,31.065194810649068,32.51604090766161,33.38225205205693,-15.778647900395883
room_acoustic_data_room_0725.mat,2.4941176470588236,-0.5,31.489956593649655,32.886852890325734,33.819479697416114,-15.9517962012298
room_acoustic_data_room_0726.mat,2.5058823529411764,-0.5,31.77189484901932,33.14602879854998,34.113362437905856,-16.072940290714076
room_acoustic_data_room_0727.mat,2.5176470588235293,-0.5,31.924476901550356,33.35641785100908,34.267085850410474,-16.156404493043446
room_acoustic_data_room_0728.mat,2.5294117647058822,-0.5,31.89191760605906,33.4758428500813,34.1785872355455,-16.146323283315034
room_acoustic_data_room_0729.mat,2.541176470588235,-0.5,31.70218467139682,33.52981799910238,33.829562649601456,-16.069984832205467
room_acoustic_data_room_0730.mat,2.552941176470588,-0.5,31.250639807264307,33.2846674971158,33.26562806400641,-15.821120389768259
room_acoustic_data_room_0731.mat,2.5647058823529414,-0.5,30.5980921440297,32.76800178035485,32.57752380603566,-15.437826000016585
room_acoustic_data_room_0732.mat,2.5764705882352943,-0.5,31.479130267255094,33.4471780159336,33.36688408047608,-15.94256064644867
room_acoustic_data_room_0733.mat,2.588235294117647,-0.5,32.083890031533514,33.82961911932608,33.92954240141541,-16.25667427462741
room_acoustic_data_room_0734.mat,2.6,-0.5,32.42249175297603,33.91912403999824,34.30992256248753,-16.39354101580806
room_acoustic_data_room_0735.mat,2.611764705882353,-0.5,32.5107192294207,33.82505063676825,34.477686266517125,-16.370246233206142
room_acoustic_data_room_0736.mat,2.623529411764706,-0.5,32.49066280763203,33.73077449691776,34.491963611014654,-16.32915348788285
room_acoustic_data_room_0737.mat,2.635294117647059,-0.5,32.37878557129243,33.619778385378815,34.38969841899269,-16.28654982237193
room_acoustic_data_room_0738.mat,2.6470588235294117,-0.5,32.074595331191915,33.39468904140575,34.12265014709631,-16.141158171614823
room_acoustic_data_room_0739.mat,2.6588235294117646,-0.5,31.478037594434657,32.950598755097296,33.61576274311118,-15.790722465196021
room_acoustic_data_room_0740.mat,2.6705882352941175,-0.5,31.83792842765677,33.218618400014876,34.01581695576313,-15.986106921152379
room_acoustic_data_room_0741.mat,2.6823529411764704,-0.5,32.50536051239836,33.62854080541477,34.77925536440497,-16.319861874132226
room_acoustic_data_room_0742.mat,2.6941176470588237,-0.5,32.92696584737877,33.84019090532609,35.355406133359054,-16.497053848058034
room_acoustic_data_room_0743.mat,2.7058823529411766,-0.5,33.22824967536065,34.05160507223622,35.69213866724755,-16.645085744515573
room_acoustic_data_room_0744.mat,2.7176470588235295,-0.5,33.42982542588377,34.29630798801891,35.8199403005659,-16.78530626795572
room_acoustic_data_room_0745.mat,2.7294117647058824,-0.5,33.47932639110993,34.51411003979953,35.689629782452286,-16.86582456289355
room_acoustic_data_room_0746.mat,2.7411764705882353,-0.5,33.164265204806185,34.40440774595532,35.22829814649362,-16.67447220570177
room_acoustic_data_room_0747.mat,2.7529411764705882,-0.5,32.45418181122759,33.79136652134478,34.53067028736164,-16.180174924419845
room_acoustic_data_room_0748.mat,2.764705882352941,-0.5,32.02345553960821,33.25270905233896,34.20573338992879,-15.816935758457696
room_acoustic_data_room_0749.mat,2.776470588235294,-0.5,32.50429424123675,33.23431626349362,34.90747488675681,-15.909985639177577
room_acoustic_data_room_0750.mat,2.788235294117647,-0.5,32.677941563286666,32.973833669524495,35.3585570386835,-15.788812685082107
room_acoustic_data_room_0751.mat,2.8,-0.5,32.7159734084824,32.63858552503921,35.60190119605492,-15.627496094282876
room_acoustic_data_room_0752.mat,2.8117647058823527,-0.5,32.66415452094426,32.34147892650026,35.61332476349592,-15.473227632427564
room_acoustic_data_room_0753.mat,2.823529411764706,-0.5,32.56388192391789,32.077800495689246,35.43378058732219,-15.369159983343412
room_acoustic_data_room_0754.mat,2.835294117647059,-0.5,32.324255727578006,31.74135784929748,35.033905934128924,-15.226788181977824
room_acoustic_data_room_0755.mat,2.847058823529412,-0.5,31.778702758438172,31.251497117779877,34.28500481746764,-14.881307524105416
room_acoustic_data_room_0756.mat,2.8588235294117648,-0.5,32.19210733628401,31.421994056459674,34.53350679614721,-15.010237401074884
room_acoustic_data_room_0757.mat,2.8705882352941177,-0.5,32.871670816278936,31.89155598992106,35.00568938507778,-15.2055351998796
room_acoustic_data_room_0758.mat,2.8823529411764706,-0.5,33.19350525045258,32.298415102280686,35.07834592579461,-15.144787382538183
room_acoustic_data_room_0759.mat,2.8941176470588235,-0.5,33.25159717089854,32.69048491520686,34.8406951960032,-14.921083369363256
room_acoustic_data_room_0760.mat,2.9058823529411764,-0.5,33.185902052569574,33.09710129985779,34.40523796092528,-14.668486513934306
room_acoustic_data_room_0761.mat,2.9176470588235293,-0.5,33.76700489770983,34.079996122457075,34.50261714529206,-14.627967781213378
room_acoustic_data_room_0762.mat,2.929411764705882,-0.5,34.23417824519396,35.00019381541766,34.53122170526574,-14.41526031964948
room_acoustic_data_room_0763.mat,2.9411764705882355,-0.5,34.377953246036014,35.73092625427506,34.55812230416772,-13.976200009083698
room_acoustic_data_room_0764.mat,2.9529411764705884,-0.5,34.27553937519421,36.036705763336116,34.532516950236015,-13.383300203765682
room_acoustic_data_room_0765.mat,2.9647058823529413,-0.5,33.98426611707378,35.90234057841922,34.43603622243865,-12.686410333620046
room_acoustic_data_room_0766.mat,2.976470588235294,-0.5,33.57032058505876,35.45760326318033,34.297989996026836,-11.942144956436332
room_acoustic_data_room_0767.mat,2.988235294117647,-0.5,33.102216676023545,34.86952432214925,34.141114221395654,-11.208413303623486
room_acoustic_data_room_0768.mat,3.0,-0.5,32.64263092119078,34.258890355022686,33.98824078831432,-10.53729254022989
room_acoustic_data_room_0769.mat,0.0,3.5,32.76691271752795,35.117974057088624,34.14426718573785,-10.660706749663454
room_acoustic_data_room_0770.mat,0.011764705882352941,3.5,33.27165698138346,35.79759675548269,34.342959435210176,-11.376506774641475
room_acoustic_data_room_0771.mat,0.023529411764705882,3.5,33.78522143092797,36.408810289337296,34.54145397535624,-12.15496226263516
room_acoustic_data_room_0772.mat,0.03529411764705882,3.5,34.28376340800471,36.81251032081933,34.747319446902836,-12.982713677959214
room_acoustic_data_room_0773.mat,0.047058823529411764,3.5,34.665200172935215,36.80721171310344,34.91854086800801,-13.768134398237668
room_acoustic_data_room_0774.mat,0.058823529411764705,3.5,34.81756156610649,36.29763845445905,35.02067497309337,-14.408651856012247
room_acoustic_data_room_0775.mat,0.07058823529411765,3.5,34.673993925802435,35.33943810616434,35.02488467522097,-14.844707826496204
room_acoustic_data_room_0776.mat,0.08235294117647059,3.5,34.15940849428321,34.146242010074374,34.864588161800924,-15.005745896784301
room_acoustic_data_room_0777.mat,0.09411764705882353,3.5,33.5654323412152,33.336258472290304,34.702486036297124,-15.04199381335299
room_acoustic_data_room_0778.mat,0.10588235294117647,3.5,33.676966418312006,32.96202054929778,35.04905954933977,-15.336915701455869
room_acoustic_data_room_0779.mat,0.11764705882352941,3.5,33.617908346381085,32.69250550257814,35.210087684221484,-15.555366483890868
room_acoustic_data_room_0780.mat,0.12941176470588237,3.5,33.40303952253484,32.42883920331553,35.17464844959627,-15.718380775708042
room_acoustic_data_room_0781.mat,0.1411764705882353,3.5,32.82660091484378,32.06715552626224,34.847818890409016,-15.621730317370499
room_acoustic_data_room_0782.mat,0.15294117647058825,3.5,32.37589699595497,31.838251442946294,34.67616205625421,-15.496567797129641
room_acoustic_data_room_0783.mat,0.16470588235294117,3.5,32.874141217587415,32.145337493836635,35.43062691911973,-15.792163728167845
room_acoustic_data_room_0784.mat,0.17647058823529413,3.5,33.12763259727073,32.39068435320921,35.91428966238261,-15.946393630459564
room_acoustic_data_room_0785.mat,0.18823529411764706,3.5,33.26950690716439,32.64300585776224,36.21140215057339,-16.09115155095479
room_acoustic_data_room_0786.mat,0.2,3.5,33.43867288133369,32.969946065434584,36.360863440336644,-16.363262960715034
room_acoustic_data_room_0787.mat,0.21176470588235294,3.5,33.46824621285383,33.279842372108924,36.15975825872586,-16.59415265582356
room_acoustic_data_room_0788.mat,0.2235294117647059,3.5,33.33859092907215,33.56166555431162,35.66843193233101,-16.762553634035413
room_acoustic_data_room_0789.mat,0.23529411764705882,3.5,32.85034846742302,33.50878077532529,34.934206473015436,-16.6661280721141
room_acoustic_data_room_0790.mat,0.24705882352941178,3.5,33.2454499933904,33.97388895290247,35.27485549371698,-16.96738704862138
room_acoustic_data_room_0791.mat,0.25882352941176473,3.5,33.659975696155655,34.352458971211156,35.76842704761897,-17.167497156026382
room_acoustic_data_room_0792.mat,0.27058823529411763,3.5,33.7562252299309,34.41737369929199,36.01419563296652,-17.14211722197845
room_acoustic_data_room_0793.mat,0.2823529411764706,3.5,33.71539411982112,34.37670733251267,36.05311568053062,-17.072568123020428
room_acoustic_data_room_0794.mat,0.29411764705882354,3.5,33.56422413961843,34.298558815152575,35.87783151867646,-16.9848845201213
room_acoustic_data_room_0795.mat,0.3058823529411765,3.5,33.28952337371818,34.15204552291605,35.51009514237358,-16.865141926805528
room_acoustic_data_room_0796.mat,0.3176470588235294,3.5,32.80122498181877,33.81289846415862,34.96121076090265,-16.62239785833033
room_acoustic_data_room_0797.mat,0.32941176470588235,3.5,32.125516648909795,33.30892525614316,34.264801776398734,-16.2808904989272
room_acoustic_data_room_0798.mat,0.3411764705882353,3.5,31.83562407943329,33.04029955918101,33.996682992295085,-16.14266182302244
room_acoustic_data_room_0799.mat,0.35294117647058826,3.5,32.478899382318026,33.47215611448145,34.67323886291309,-16.54182727167822
room_acoustic_data_room_0800.mat,0.36470588235294116,3.5,32.8917681258532,33.673289013459716,35.182511750996206,-16.79731803217889
room_acoustic_data_room_0801.mat,0.3764705882352941,3.5,33.13612131390537,33.780190529339635,35.5330775355177,-16.973290940551404
room_acoustic_data_room_0802.mat,0.38823529411764707,3.5,33.25450840601061,33.88127874378546,35.69552053736741,-17.113177043255465
room_acoustic_data_room_0803.mat,0.4,3.5,33.18664097719593,33.91903174890838,35.611619453898314,-17.15697919806503
room_acoustic_data_room_0804.mat,0.4117647058823529,3.5,32.98211569942605,33.87460502867149,35.29502995693266,-17.154149404261258
room_acoustic_data_room_0805.mat,0.4235294117647059,3.5,32.577647316928974,33.6176187268592,34.795530984477864,-17.04023998019146
room_acoustic_data_room_0806.mat,0.43529411764705883,3.5,31.889492860281933,33.057984516064515,34.07623595655929,-16.728394411645485
room_acoustic_data_room_0807.mat,0.4470588235294118,3.5,32.44528649722239,33.4855857936956,34.68023104491921,-17.01811127565489
room_acoustic_data_room_0808.mat,0.4588235294117647,3.5,32.70986231451099,33.572341602267755,35.07252409900686,-17.080030147635792
room_acoustic_data_room_0809.mat,0.47058823529411764,3.5,32.75241691257198,33.45403066508709,35.22101559700998,-17.009244259005513
room_acoustic_data_room_0810.mat,0.4823529411764706,3.5,32.68287725195051,33.29492882269737,35.21996128249778,-16.91736012148656
room_acoustic_data_room_0811.mat,0.49411764705882355,3.5,32.5506421712099,33.16248256704773,35.06784306823421,-16.854456759431276
room_acoustic_data_room_0812.mat,0.5058823529411764,3.5,32.29528738841199,32.99046618441174,34.74554147746032,-16.760146169519313
room_acoustic_data_room_0813.mat,0.5176470588235295,3.5,31.85397255422837,32.67596179309978,34.23612267689974,-16.57065780412099
room_acoustic_data_room_0814.mat,0.5294117647058824,3.5,31.158161335992407,32.13768798605487,33.51247647481988,-16.214788275482597
room_acoustic_data_room_0815.mat,0.5411764705882353,3.5,31.428074736505458,32.33683405324349,33.830700175161866,-16.364220373912875
room_acoustic_data_room_0816.mat,0.5529411764705883,3.5,31.915620128250968,32.681990292714076,34.41523185337325,-16.604952240369634
room_acoustic_data_room_0817.mat,0.5647058823529412,3.5,32.16940610248285,32.8386684099858,34.773141399230994,-16.702504380934148
room_acoustic_data_room_0818.mat,0.5764705882352941,3.5,32.28766964841721,32.92488770511782,34.96314552867562,-16.757175907859626
room_acoustic_data_room_0819.mat,0.5882352941176471,3.5,32.32228173124102,33.00377579100846,34.982800949961735,-16.821717409686904
room_acoustic_data_room_0820.mat,0.6,3.5,32.2237090306364,33.02240312093769,34.78816859621964,-16.846787155245025
room_acoustic_data_room_0821.mat,0.611764705882353,3.5,31.954016487518455,32.93291533184568,34.4054384625401,-16.79380400756109
room_acoustic_data_room_0822.mat,0.6235294117647059,3.5,31.455115184229513,32.66276677159993,33.81727490983687,-16.602502511324424
room_acoustic_data_room_0823.mat,0.6352941176470588,3.5,31.502546948906698,32.77994765435264,33.802178787468364,-16.650430128905086
room_acoustic_data_room_0824.mat,0.6470588235294118,3.5,32.07374336377205,33.23580090183335,34.3407956957371,-16.93807344967035
room_acoustic_data_room_0825.mat,0.6588235294117647,3.5,32.31833522376323,33.31109969863324,34.68151941023524,-16.990901032357506
room_acoustic_data_room_0826.mat,0.6705882352941176,3.5,32.41677905804806,33.27262324712326,34.87147451873647,-16.991778286261486
room_acoustic_data_room_0827.mat,0.6823529411764706,3.5,32.41527818263341,33.22417875342249,34.90257094306889,-16.987883434854986
room_acoustic_data_room_0828.mat,0.6941176470588235,3.5,32.23888067704426,33.07318017975649,34.71072358236255,-16.90443205293591
room_acoustic_data_room_0829.mat,0.7058823529411765,3.5,31.879703384643257,32.79606238860411,34.32025690736581,-16.7329414111447
room_acoustic_data_room_0830.mat,0.7176470588235294,3.5,31.281142551666306,32.32837181552316,33.74831590647053,-16.414870073321246
room_acoustic_data_room_0831.mat,0.7294117647058823,3.5,30.918708626578493,32.06832692539335,33.42357475167829,-16.17635516971545
room_acoustic_data_room_0832.mat,0.7411764705882353,3.5,31.525709064111943,32.55881151024158,34.047357346993834,-16.474935383442123
room_acoustic_data_room_0833.mat,0.7529411764705882,3.5,31.939574199135183,32.841476517629225,34.53958146609175,-16.672198547039983
room_acoustic_data_room_0834.mat,0.7647058823529411,3.5,32.20624808093185,33.030236767526674,34.86174330244214,-16.81681255064503
room_acoustic_data_room_0835.mat,0.7764705882352941,3.5,32.36168914470392,33.19413590674188,35.01601572262171,-16.94584163285447
room_acoustic_data_room_0836.mat,0.788235294117647,3.5,32.37857825911881,33.30654155854961,34.972974576547266,-17.03215970369671
room_acoustic_data_room_0837.mat,0.8,3.5,32.20651602391589,33.29499929592197,34.69684139729795,-17.024846761323317
room_acoustic_data_room_0838.mat,0.8117647058823529,3.5,31.807854886261723,33.06083768088301,34.2148528926578,-16.8845766006893
room_acoustic_data_room_0839.mat,0.8235294117647058,3.5,31.27845372415228,32.61228481779559,33.69854561715109,-16.62798939948352
room_acoustic_data_room_0840.mat,0.8352941176470589,3.5,31.975151073059806,33.106000245742095,34.35879563794957,-16.998828920021907
room_acoustic_data_room_0841.mat,0.8470588235294118,3.5,32.36519500398167,33.28949231992652,34.791419723316665,-17.153669099316936
room_acoustic_data_room_0842.mat,0.8588235294117647,3.5,32.444325577897175,33.20822429068614,34.98138912724198,-17.091447171973716
room_acoustic_data_room_0843.mat,0.8705882352941177,3.5,32.38800676520612,33.074401327927,34.95185650138022,-16.98902800026617
room_acoustic_data_room_0844.mat,0.8823529411764706,3.5,32.23865233593951,32.941101696457665,34.75610083680139,-16.88917452633159
room_acoustic_data_room_0845.mat,0.8941176470588236,3.5,31.967047728045497,32.76501547210308,34.40314262028735,-16.762312089158666
room_acoustic_data_room_0846.mat,0.9058823529411765,3.5,31.52287959339872,32.48735950899216,33.88089462208224,-16.55675795868248
room_acoustic_data_room_0847.mat,0.9176470588235294,3.5,30.889579538205588,32.03380421057312,33.231078020270445,-16.252830346492967
room_acoustic_data_room_0848.mat,0.9294117647058824,3.5,31.230619451825973,32.320710728729246,33.60649198945137,-16.361135049019925
room_acoustic_data_room_0849.mat,0.9411764705882353,3.5,31.591965212696948,32.614806529856104,34.021206431991786,-16.46913621868236
room_acoustic_data_room_0850.mat,0.9529411764705882,3.5,31.77953194753963,32.79137685185383,34.27113881941453,-16.49610209163292
room_acoustic_data_room_0851.mat,0.9647058823529412,3.5,31.87827766101723,32.95597565511414,34.40301140661721,-16.528827937968963
room_acoustic_data_room_0852.mat,0.9764705882352941,3.5,31.917820241499545,33.11749746564568,34.407518938552215,-16.597548828286723
room_acoustic_data_room_0853.mat,0.9882352941176471,3.5,31.825852933241386,33.198028378825704,34.20788262687392,-16.629820266151363
room_acoustic_data_room_0854.mat,1.0,3.5,31.56470697015248,33.13384668088755,33.82727515532788,-16.58693454350646
room_acoustic_data_room_0855.mat,1.011764705882353,3.5,31.11386267530701,32.86372820826913,33.28827000326627,-16.445772994436236
room_acoustic_data_room_0856.mat,1.0235294117647058,3.5,31.295327919241956,33.01125810003476,33.4725302915099,-16.561300548251168
room_acoustic_data_room_0857.mat,1.035294117647059,3.5,31.804982438637946,33.323834994655314,34.03296643997837,-16.79676937514597
room_acoustic_data_room_0858.mat,1.0470588235294118,3.5,32.06386810120798,33.361085003721165,34.38066933315218,-16.873213191229052
room_acoustic_data_room_0859.mat,1.0588235294117647,3.5,32.09447446939903,33.25874482291911,34.50068543508373,-16.81545458346274
room_acoustic_data_room_0860.mat,1.0705882352941176,3.5,31.955890635998372,33.070662809812404,34.423486739210574,-16.68351018646597
room_acoustic_data_room_0861.mat,1.0823529411764705,3.5,31.704259398780827,32.84290535097986,34.16021390917556,-16.53360977176107
room_acoustic_data_room_0862.mat,1.0941176470588236,3.5,31.29073670452801,32.47939584534066,33.73759222874439,-16.316163231644662
room_acoustic_data_room_0863.mat,1.1058823529411765,3.5,30.69457523969576,31.978688041639487,33.15566158714999,-16.008284318117344
room_acoustic_data_room_0864.mat,1.1176470588235294,3.5,30.419089998695448,31.74792147700428,32.94861729676185,-15.821789870563203
room_acoustic_data_room_0865.mat,1.1294117647058823,3.5,30.81738743456261,32.06435220494485,33.45520421861325,-15.922711607244173
room_acoustic_data_room_0866.mat,1.1411764705882352,3.5,31.118230675120113,32.25360440299348,33.844002003811696,-16.01717184441653
room_acoustic_data_room_0867.mat,1.1529411764705881,3.5,31.40058069616806,32.43962794153281,34.17944508821315,-16.186954470055564
room_acoustic_data_room_0868.mat,1.1647058823529413,3.5,31.543191057829528,32.5999006988197,34.32501059366106,-16.312041612445206
room_acoustic_data_room_0869.mat,1.1764705882352942,3.5,31.556843077510194,32.71812003132966,34.26881638428944,-16.403490376470923
room_acoustic_data_room_0870.mat,1.188235294117647,3.5,31.39080286368811,32.72841577140583,33.97883071977313,-16.410044588714484
room_acoustic_data_room_0871.mat,1.2,3.5,30.987116788172763,32.535824315298136,33.488839134957985,-16.271983137745284
room_acoustic_data_room_0872.mat,1.2117647058823529,3.5,30.564459019152615,32.240408168820785,33.03515457625565,-16.082837511844033
room_acoustic_data_room_0873.mat,1.223529411764706,3.5,31.262610413385925,32.74250182877667,33.760731689469964,-16.460203557926288
room_acoustic_data_room_0874.mat,1.2352941176470589,3.5,31.628137588818205,32.8681184336847,34.24029304119084,-16.5952856809798
room_acoustic_data_room_0875.mat,1.2470588235294118,3.5,31.736029381891456,32.800561586799844,34.446538670211176,-16.56637132216215
room_acoustic_data_room_0876.mat,1.2588235294117647,3.5,31.671716842422786,32.669594646503526,34.41703591295257,-16.460411026417802
room_acoustic_data_room_0877.mat,1.2705882352941176,3.5,31.517031914034604,32.54561432857286,34.204677952101285,-16.359673655671937
room_acoustic_data_room_0878.mat,1.2823529411764707,3.5,31.228374147315463,32.33374375231331,33.838925436421896,-16.220205321739446
room_acoustic_data_room_0879.mat,1.2941176470588236,3.5,30.77039588616339,31.96763170747235,33.32772107704611,-16.005187873322498
room_acoustic_data_room_0880.mat,1.3058823529411765,3.5,30.051592008644583,31.41933115028191,32.59481723968585,-15.619808158220662
room_acoustic_data_room_0881.mat,1.3176470588235294,3.5,30.652952184248967,31.86905279543022,33.18751266205255,-15.920557751010495
room_acoustic_data_room_0882.mat,1.3294117647058823,3.5,31.172686528577884,32.22393276598058,33.72489486640069,-16.18717897677644
room_acoustic_data_room_0883.mat,1.3411764705882352,3.5,31.503952325723944,32.46448288504619,34.11355296341546,-16.358731170278148
room_acoustic_data_room_0884.mat,1.3529411764705883,3.5,31.675777514389125,32.65701368700228,34.32052775323899,-16.46607579109546
room_acoustic_data_room_0885.mat,1.3647058823529412,3.5,31.713307062975677,32.802303235238746,34.31552300468779,-16.534963032663043
room_acoustic_data_room_0886.mat,1.3764705882352941,3.5,31.592365240888803,32.848067846292956,34.10537380330756,-16.54101469166044
room_acoustic_data_room_0887.mat,1.388235294117647,3.5,31.28533655059435,32.78136973104499,33.64904838351115,-16.455404440050177
room_acoustic_data_room_0888.mat,1.4,3.5,30.706415303565823,32.455622070141445,32.961096306341005,-16.189419665842813
room_acoustic_data_room_0889.mat,1.411764705882353,3.5,31.159606752999185,32.85691087835727,33.32615405956775,-16.48855435561623
room_acoustic_data_room_0890.mat,1.423529411764706,3.5,31.74575162085421,33.30580929656838,33.89212649179942,-16.800405951243796
room_acoustic_data_room_0891.mat,1.4352941176470588,3.5,32.00368256314231,33.401871764653876,34.22630822988414,-16.877151280143504
room_acoustic_data_room_0892.mat,1.4470588235294117,3.5,32.06534418154791,33.38368812713897,34.34325813968327,-16.852938696662314
room_acoustic_data_room_0893.mat,1.4588235294117646,3.5,31.957948181002664,33.27248646831906,34.24900704775263,-16.755780146121005
room_acoustic_data_room_0894.mat,1.4705882352941178,3.5,31.689132156890174,33.07121504194595,33.94108455508514,-16.5932471069736
room_acoustic_data_room_0895.mat,1.4823529411764707,3.5,31.265904764184423,32.74222020403695,33.487754749694176,-16.371347961557476
room_acoustic_data_room_0896.mat,1.4941176470588236,3.5,30.659554898556905,32.26242381278065,32.88595981877849,-16.058808925916356
room_acoustic_data_room_0897.mat,1.5058823529411764,3.5,30.61217149191573,32.21271645041543,32.868300959073714,-16.01142552990509
room_acoustic_data_room_0898.mat,1.5176470588235293,3.5,31.123262156464406,32.58349301336816,33.427031756174685,-16.228705415023093
room_acoustic_data_room_0899.mat,1.5294117647058822,3.5,31.458574104605532,32.77836714899855,33.86426795390506,-16.36268916631193
room_acoustic_data_room_0900.mat,1.5411764705882354,3.5,31.68941816440872,32.92780731754338,34.166489419273354,-16.48725029141131
room_acoustic_data_room_0901.mat,1.5529411764705883,3.5,31.806854459505487,33.08182570365028,34.27813716185934,-16.594449186606965
room_acoustic_data_room_0902.mat,1.5647058823529412,3.5,31.781972823879627,33.1903254027048,34.18649315916382,-16.655441802807402
room_acoustic_data_room_0903.mat,1.576470588235294,3.5,31.568160069139118,33.137978793645686,33.88573875511062,-16.622814711103764
room_acoustic_data_room_0904.mat,1.588235294117647,3.5,31.123650181013755,32.84636310286484,33.38555456054144,-16.45259814428371
room_acoustic_data_room_0905.mat,1.6,3.5,30.818203986670326,32.56822334178368,33.082736354219854,-16.30120873018792
room_acoustic_data_room_0906.mat,1.611764705882353,3.5,31.410922221240384,32.92673917427008,33.73872570041048,-16.58099054426843
room_acoustic_data_room_0907.mat,1.6235294117647059,3.5,31.73690194645667,33.00957642021616,34.201051216165745,-16.685551882134085
room_acoustic_data_room_0908.mat,1.6352941176470588,3.5,31.8448838735628,32.919587013307755,34.462823446965125,-16.666540378585275
room_acoustic_data_room_0909.mat,1.6470588235294117,3.5,31.849582659559253,32.82192914700724,34.52372167323324,-16.639881521259973
room_acoustic_data_room_0910.mat,1.6588235294117648,3.5,31.75714450413148,32.73460514798191,34.37525066019568,-16.611923982559354
room_acoustic_data_room_0911.mat,1.6705882352941177,3.5,31.547860610728392,32.6139354889071,34.06705751739636,-16.56235374061563
room_acoustic_data_room_0912.mat,1.6823529411764706,3.5,31.105570152984786,32.31218325855197,33.5467550812778,-16.37317644764036
room_acoustic_data_room_0913.mat,1.6941176470588235,3.5,30.44002900972066,31.80458906983171,32.87940033551325,-16.008245903273735
room_acoustic_data_room_0914.mat,1.7058823529411764,3.5,31.102964583020317,32.33112918541685,33.58492982926013,-16.337757365707258
room_acoustic_data_room_0915.mat,1.7176470588235293,3.5,31.568706393455074,32.671305793370074,34.12193664939807,-16.560538412370445
room_acoustic_data_room_0916.mat,1.7294117647058824,3.5,31.845620715489623,32.883468829215104,34.461098221794366,-16.688263348145565
room_acoustic_data_room_0917.mat,1.7411764705882353,3.5,31.943716939100764,32.98477920578748,34.62952805619074,-16.732412058401952
room_acoustic_data_room_0918.mat,1.7529411764705882,3.5,31.94297858308685,33.09094201530178,34.59396148642853,-16.773321500674218
room_acoustic_data_room_0919.mat,1.7647058823529411,3.5,31.76723874875693,33.08808665437791,34.30804714373338,-16.73438785751529
room_acoustic_data_room_0920.mat,1.776470588235294,3.5,31.36656538257899,32.89053392239395,33.78125067267679,-16.56415957942549
room_acoustic_data_room_0921.mat,1.7882352941176471,3.5,30.70524462431979,32.44136278302138,33.025807655704796,-16.223624200469665
room_acoustic_data_room_0922.mat,1.8,3.5,31.24930644048755,32.86656758643008,33.55170134977742,-16.53417388364143
room_acoustic_data_room_0923.mat,1.811764705882353,3.5,31.763133076729495,33.204236733321764,34.10879835088484,-16.782375930912732
room_acoustic_data_room_0924.mat,1.8235294117647058,3.5,31.984852072882994,33.26827540748769,34.41344941690038,-16.83150053130224
room_acoustic_data_room_0925.mat,1.8352941176470587,3.5,32.02788784373367,33.22662982832532,34.50009938627814,-16.79673958302186
room_acoustic_data_room_0926.mat,1.8470588235294119,3.5,31.928939885558037,33.14550808282693,34.36639995721988,-16.7153148641478
room_acoustic_data_room_0927.mat,1.8588235294117648,3.5,31.662649531401954,32.95485153182244,34.033009511330306,-16.561591919631336
room_acoustic_data_room_0928.mat,1.8705882352941177,3.5,31.178302420709496,32.59421941210297,33.50528993200439,-16.283627819654647
room_acoustic_data_room_0929.mat,1.8823529411764706,3.5,30.499362005117195,32.05804267662608,32.817451250892866,-15.902063102384727
room_acoustic_data_room_0930.mat,1.8941176470588235,3.5,30.633286663099266,32.13782576627156,32.9970036163379,-15.946996940453781
room_acoustic_data_room_0931.mat,1.9058823529411764,3.5,31.195748387824914,32.54051664983681,33.63813189741541,-16.221176114380395
room_acoustic_data_room_0932.mat,1.9176470588235295,3.5,31.585105261512048,32.79963559293197,34.112124289376254,-16.414456824944587
room_acoustic_data_room_0933.mat,1.9294117647058824,3.5,31.834637781136102,33.00242600873813,34.388670387014685,-16.56225850371034
room_acoustic_data_room_0934.mat,1.9411764705882353,3.5,31.94716451457154,33.15961958382343,34.4680906767424,-16.668145772892665
room_acoustic_data_room_0935.mat,1.9529411764705882,3.5,31.894097183106155,33.26597474343201,34.31181616465909,-16.70344337936482
room_acoustic_data_room_0936.mat,1.964705882352941,3.5,31.618828454301795,33.191547272846236,33.925378443104016,-16.610616447718684
room_acoustic_data_room_0937.mat,1.9764705882352942,3.5,31.06077772807984,32.84230940480419,33.31382675885321,-16.326751352066985
room_acoustic_data_room_0938.mat,1.988235294117647,3.5,30.929494582659743,32.70744390785629,33.20080154831076,-16.26140580614877
room_acoustic_data_room_0939.mat,2.0,3.5,31.642807832929037,33.143639664085455,33.98135813479883,-16.665036246890782
room_acoustic_data_room_0940.mat,2.011764705882353,3.5,32.05317321887546,33.25550541142624,34.526387152951024,-16.857141314939305
room_acoustic_data_room_0941.mat,2.023529411764706,3.5,32.19823332598088,33.19253164667161,34.78706982952942,-16.877962585002425
room_acoustic_data_room_0942.mat,2.0352941176470587,3.5,32.199702534737966,33.10854247461395,34.807677086441934,-16.85025337955893
room_acoustic_data_room_0943.mat,2.0470588235294116,3.5,32.03462518273759,32.95116274055423,34.59241642550121,-16.75119577655483
room_acoustic_data_room_0944.mat,2.0588235294117645,3.5,31.70179252717736,32.72996121776202,34.187268187395226,-16.578963850408904
room_acoustic_data_room_0945.mat,2.070588235294118,3.5,31.13743314713495,32.31337618119013,33.58503656004234,-16.267948914307695
room_acoustic_data_room_0946.mat,2.0823529411764707,3.5,30.50010640513846,31.814184153757658,32.988951957328524,-15.863357220865257
room_acoustic_data_room_0947.mat,2.0941176470588236,3.5,31.17346073244078,32.347326528415174,33.65293067823175,-16.2073389590755
room_acoustic_data_room_0948.mat,2.1058823529411765,3.5,31.605563992295775,32.670802531022595,34.13726983297532,-16.40082805524712
room_acoustic_data_room_0949.mat,2.1176470588235294,3.5,31.88776470064019,32.88801617647267,34.479496498521236,-16.53828642080834
room_acoustic_data_room_0950.mat,2.1294117647058823,3.5,32.04458076237768,33.056336928122356,34.66388923024712,-16.645601343308783
room_acoustic_data_room_0951.mat,2.1411764705882352,3.5,32.136983674706315,33.21083117873904,34.68923918761488,-16.784104419579183
room_acoustic_data_room_0952.mat,2.152941176470588,3.5,32.06348649318516,33.267177447815385,34.511545737389355,-16.851959534030797
room_acoustic_data_room_0953.mat,2.164705882352941,3.5,31.767976408522397,33.16926290363194,34.093130871139195,-16.791652987008302
room_acoustic_data_room_0954.mat,2.176470588235294,3.5,31.13802670518138,32.761110561730604,33.404968745201245,-16.487560891395475
room_acoustic_data_room_0955.mat,2.1882352941176473,3.5,31.962934740371253,33.45631888080403,34.07887603411642,-17.039654799703257
room_acoustic_data_room_0956.mat,2.2,3.5,32.56306074113317,33.87410455062069,34.61754173516739,-17.38138962431137
room_acoustic_data_room_0957.mat,2.211764705882353,3.5,32.86762801343827,33.99355861674066,34.923375449638826,-17.52120740382668
room_acoustic_data_room_0958.mat,2.223529411764706,3.5,32.9377449797505,33.94648948930015,34.999077068352705,-17.521895214593
room_acoustic_data_room_0959.mat,2.235294117647059,3.5,32.85649490649636,33.85917675856016,34.91337351478328,-17.467056927269997
room_acoustic_data_room_0960.mat,2.2470588235294118,3.5,32.571104901007246,33.624921018070985,34.59989153099052,-17.303726613739304
room_acoustic_data_room_0961.mat,2.2588235294117647,3.5,32.07407867157601,33.228632314304235,34.106188749091075,-17.023302193291634
room_acoustic_data_room_0962.mat,2.2705882352941176,3.5,31.308818653961627,32.618369156500975,33.422651354204675,-16.56646229713383
room_acoustic_data_room_0963.mat,2.2823529411764705,3.5,31.459228741248708,32.71483556882243,33.640691439797614,-16.592953256042183
room_acoustic_data_room_0964.mat,2.2941176470588234,3.5,31.950504415709826,33.05136953013784,34.23223816524013,-16.803739641381313
room_acoustic_data_room_0965.mat,2.3058823529411763,3.5,32.25322736420936,33.21098291461282,34.668936505926496,-16.91877674377023
room_acoustic_data_room_0966.mat,2.3176470588235296,3.5,32.43098877500589,33.33170276525388,34.937552524188156,-17.00359427283895
room_acoustic_data_room_0967.mat,2.3294117647058825,3.5,32.4834393243825,33.4106390355488,35.028744188393134,-17.05844429633125
room_acoustic_data_room_0968.mat,2.3411764705882354,3.5,32.36610009539297,33.44194796394979,34.83887383864016,-17.038684051864134
room_acoustic_data_room_0969.mat,2.3529411764705883,3.5,32.049847876902334,33.34792769071584,34.404787133840706,-16.914222160502632
room_acoustic_data_room_0970.mat,2.364705882352941,3.5,31.451565879872398,32.951132821898,33.77342301095099,-16.599544326424795
room_acoustic_data_room_0971.mat,2.376470588235294,3.5,31.443176292250094,32.92059040144117,33.78728867930464,-16.590576790676337
room_acoustic_data_room_0972.mat,2.388235294117647,3.5,32.02213833824101,33.30266494264428,34.414811442249096,-16.861989630709044
room_acoustic_data_room_0973.mat,2.4,3.5,32.32608926280002,33.38755505144895,34.83186187470266,-16.94933090987734
room_acoustic_data_room_0974.mat,2.411764705882353,3.5,32.3847308528181,33.29211535229966,35.00367840684922,-16.884501939594028
room_acoustic_data_room_0975.mat,2.4235294117647057,3.5,32.31000588251388,33.1846473496611,34.950903743685615,-16.780112317746905
room_acoustic_data_room_0976.mat,2.4352941176470586,3.5,32.151412511127376,33.063519651948226,34.742890878497214,-16.685477277559787
room_acoustic_data_room_0977.mat,2.447058823529412,3.5,31.79556785909788,32.87077116492522,34.29886038423394,-16.486317823008484
room_acoustic_data_room_0978.mat,2.458823529411765,3.5,31.16970453022152,32.420549047924794,33.63670397495318,-16.10775108472061
room_acoustic_data_room_0979.mat,2.4705882352941178,3.5,30.846563834680868,32.1618488317482,33.32640584110178,-15.900038989389317
room_acoustic_data_room_0980.mat,2.4823529411764707,3.5,31.54914358485328,32.68220160943028,34.042937834982276,-16.262764085780695
room_acoustic_data_room_0981.mat,2.4941176470588236,3.5,31.990443179718543,32.9643860643598,34.55628825666208,-16.452407234294554
room_acoustic_data_room_0982.mat,2.5058823529411764,3.5,32.22186967862922,33.132032921548394,34.853109990281894,-16.522964271852846
room_acoustic_data_room_0983.mat,2.5176470588235293,3.5,32.33758985175345,33.253706974908354,34.956141963902965,-16.569466136759186
room_acoustic_data_room_0984.mat,2.5294117647058822,3.5,32.33645071304862,33.33901418644421,34.8739310056384,-16.59069364903932
room_acoustic_data_room_0985.mat,2.541176470588235,3.5,32.16758880411829,33.34328835775549,34.55753113237225,-16.535121016388914
room_acoustic_data_room_0986.mat,2.552941176470588,3.5,31.77319392504909,33.18131908926471,34.03808393929894,-16.343320047127772
room_acoustic_data_room_0987.mat,2.5647058823529414,3.5,31.156149271325848,32.80576384531615,33.358072018698714,-15.997065767576341
room_acoustic_data_room_0988.mat,2.5764705882352943,3.5,32.088243729524685,33.54578370542743,34.17961209096776,-16.552561592222276
room_acoustic_data_room_0989.mat,2.588235294117647,3.5,32.66635248575656,33.904287410454174,34.731698907819904,-16.839722795821856
room_acoustic_data_room_0990.mat,2.6,3.5,32.93679062594303,34.045700027189916,35.0407418729109,-16.908097355985436
room_acoustic_data_room_0991.mat,2.611764705882353,3.5,33.046457433972634,34.05824185902303,35.155460456215835,-16.905831457221815
room_acoustic_data_room_0992.mat,2.623529411764706,3.5,33.030172050794356,34.00714484367464,35.06819701134587,-16.867933901514093
room_acoustic_data_room_0993.mat,2.635294117647059,3.5,32.831587087160315,33.814013950451375,34.793656372483625,-16.73777860561849
room_acoustic_data_room_0994.mat,2.6470588235294117,3.5,32.421701485750425,33.47440746839247,34.343676667178904,-16.485471999322293
room_acoustic_data_room_0995.mat,2.6588235294117646,3.5,31.80677624718254,32.97939064903605,33.79354625738144,-16.114979207358743
room_acoustic_data_room_0996.mat,2.6705882352941175,3.5,32.08291498941897,33.12667162894116,34.12530187702592,-16.23645953122187
room_acoustic_data_room_0997.mat,2.6823529411764704,3.5,32.733552354161965,33.445750021661055,34.87240604913118,-16.552977460413164
room_acoustic_data_room_0998.mat,2.6941176470588237,3.5,33.16403720401048,33.59741365141,35.46980746805262,-16.738050721488477
room_acoustic_data_room_0999.mat,2.7058823529411766,3.5,33.48411754963494,33.75238297613704,35.91226369292189,-16.90330996432522
room_acoustic_data_room_1000.mat,2.7176470588235295,3.5,33.70648193484088,33.931091907139795,36.144049231909676,-17.062238531110587
room_acoustic_data_room_1001.mat,2.7294117647058824,3.5,33.77682109480815,34.069467929414444,36.15080146251891,-17.161174440236405
room_acoustic_data_room_1002.mat,2.7411764705882353,3.5,33.61648304972436,34.056913338570666,35.94478158653361,-17.12210514527561
room_acoustic_data_room_1003.mat,2.7529411764705882,3.5,33.11762456959564,33.724188525248906,35.45964810236171,-16.837045892581187
room_acoustic_data_room_1004.mat,2.764705882352941,3.5,32.780187519299844,33.37864536187072,35.212694851267834,-16.59766922524811
room_acoustic_data_room_1005.mat,2.776470588235294,3.5,33.45370261787943,33.53463962605459,35.959245299434755,-16.87984207234526
room_acoustic_data_room_1006.mat,2.788235294117647,3.5,33.71268371446929,33.316205713964216,36.3354926486919,-16.840897548826522
room_acoustic_data_room_1007.mat,2.8,3.5,33.686546925116325,32.967076410377814,36.404582909326905,-16.613337506039628
room_acoustic_data_room_1008.mat,2.8117647058823527,3.5,33.53527643425999,32.51657573363565,36.166758162832764,-16.358924129389525
room_acoustic_data_room_1009.mat,2.823529411764706,3.5,33.31457937494196,32.11214135485065,35.69359315536726,-16.135184499218912
room_acoustic_data_room_1010.mat,2.835294117647059,3.5,32.89250167760039,31.679653109187818,35.062985598475876,-15.812312320529635
room_acoustic_data_room_1011.mat,2.847058823529412,3.5,32.29554908778767,31.256662072671197,34.33035976673362,-15.418033700458029
room_acoustic_data_room_1012.mat,2.8588235294117648,3.5,32.749152667838466,31.378270272343528,34.56273050004372,-15.542868351532098
room_acoustic_data_room_1013.mat,2.8705882352941177,3.5,33.361386963579406,31.638567063244313,35.00838367620832,-15.675348382036692
room_acoustic_data_room_1014.mat,2.8823529411764706,3.5,33.712522211619,31.873745025681647,35.279232608326765,-15.64886147421644
room_acoustic_data_room_1015.mat,2.8941176470588235,3.5,33.896179191927935,32.15904553277991,35.33611050104619,-15.555319893680053
room_acoustic_data_room_1016.mat,2.9058823529411764,3.5,33.93061218419628,32.52259373860309,35.18825388121264,-15.406614945874225
room_acoustic_data_room_1017.mat,2.9176470588235293,3.5,34.91022126580164,33.492937012421365,35.760999058580175,-15.75779377426747
room_acoustic_data_room_1018.mat,2.929411764705882,3.5,35.78744025117707,34.55242709039809,36.21581364836372,-15.95939181574299
room_acoustic_data_room_1019.mat,2.9411764705882355,3.5,36.242038389017594,35.43080421338845,36.457667762495966,-15.834228773956642
room_acoustic_data_room_1020.mat,2.9529411764705884,3.5,36.237395139541626,35.98158013917611,36.47746575611766,-15.341227860686793
room_acoustic_data_room_1021.mat,2.9647058823529413,3.5,35.92318178330856,36.11189073358777,36.389982488991485,-14.622822259131706
room_acoustic_data_room_1022.mat,2.976470588235294,3.5,35.46675541831667,35.88803259620554,36.26224986290946,-13.837004348753286
room_acoustic_data_room_1023.mat,2.988235294117647,3.5,34.94399121719567,35.44768189709642,36.10372727669096,-13.049205754744648
room_acoustic_data_room_1024.mat,3.0,3.5,34.41691797175874,34.918581382689936,35.9306422691455,-12.310971926693012
room_acoustic_data_room_1025.mat,-1.0,0.0,32.44633864625173,34.2828762940307,34.08935464523543,-10.247625257447055
room_acoustic_data_room_1026.mat,-1.0,0.011764705882352941,32.92937766133992,34.885703852297844,34.30271792473419,-10.912512529206882
room_acoustic_data_room_1027.mat,-1.0,0.023529411764705882,33.450152480020996,35.48094995119493,34.52983167313579,-11.661898872650248
room_acoustic_data_room_1028.mat,-1.0,0.03529411764705882,33.97340315096242,35.966999117761745,34.748885512930826,-12.470837195590658
room_acoustic_data_room_1029.mat,-1.0,0.047058823529411764,34.39601726238882,36.1696403727532,34.908949031357835,-13.247584475664107
room_acoustic_data_room_1030.mat,-1.0,0.058823529411764705,34.70242242515896,36.023167313459396,35.06290918141575,-13.988465788390625
room_acoustic_data_room_1031.mat,-1.0,0.07058823529411765,34.630655637933295,35.41413877795944,35.05512437104548,-14.443225413049088
room_acoustic_data_room_1032.mat,-1.0,0.08235294117647059,34.251762886574454,34.61619765853386,34.986625399412496,-14.693667629123539
room_acoustic_data_room_1033.mat,-1.0,0.09411764705882353,33.38100503228089,33.66138787235898,34.57182390646989,-14.564218772795067
room_acoustic_data_room_1034.mat,-1.0,0.10588235294117647,32.93382512031545,33.060529152467865,34.45939044688777,-14.511959661238974
room_acoustic_data_room_1035.mat,-1.0,0.11764705882352941,32.70412556044502,32.677523061950765,34.47064791809567,-14.543692495206056
room_acoustic_data_room_1036.mat,-1.0,0.12941176470588237,32.36485185049388,32.37589055846294,34.2988397897937,-14.579539434049757
room_acoustic_data_room_1037.mat,-1.0,0.1411764705882353,31.850895602049214,31.949023808705185,33.95301250991663,-14.556895189073751
room_acoustic_data_room_1038.mat,-1.0,0.15294117647058825,31.368446282247056,31.544035500345032,33.665158326535675,-14.513152925710322
room_acoustic_data_room_1039.mat,-1.0,0.16470588235294117,32.08022700788216,31.993568637583465,34.59305779237068,-14.99605242938906
room_acoustic_data_room_1040.mat,-1.0,0.17647058823529413,32.5339563987853,32.33272101051321,35.24685587617022,-15.335591720855353
room_acoustic_data_room_1041.mat,-1.0,0.18823529411764706,32.78644518979557,32.61740727351898,35.62949436422963,-15.583756660370675
room_acoustic_data_room_1042.mat,-1.0,0.2,32.8984034178649,32.96390847290461,35.710654320040625,-15.795705970427711
room_acoustic_data_room_1043.mat,-1.0,0.21176470588235294,32.9122915679337,33.25052242772637,35.574921430572196,-16.00970660944113
room_acoustic_data_room_1044.mat,-1.0,0.2235294117647059,32.73161073915426,33.39250440434472,35.18869828968219,-16.126259811278043
room_acoustic_data_room_1045.mat,-1.0,0.23529411764705882,32.23497495837408,33.26799860565173,34.51513541482284,-16.020572321404362
room_acoustic_data_room_1046.mat,-1.0,0.24705882352941178,32.60599720142941,33.66211021122377,34.81015318940325,-16.304636755055494
room_acoustic_data_room_1047.mat,-1.0,0.25882352941176473,33.08960234658994,34.0266261330161,35.29199764840199,-16.57330796631147
room_acoustic_data_room_1048.mat,-1.0,0.27058823529411763,33.247284442039486,34.08078640144134,35.5022230576437,-16.60830927489093
room_acoustic_data_room_1049.mat,-1.0,0.2823529411764706,33.13273018894288,33.91279119695443,35.44198107127367,-16.463884035874027
room_acoustic_data_room_1050.mat,-1.0,0.29411764705882354,32.93783874425137,33.7178192800044,35.195546523683724,-16.331661335099117
room_acoustic_data_room_1051.mat,-1.0,0.3058823529411765,32.76388409862126,33.58100892389091,34.89087621275714,-16.31253319230048
room_acoustic_data_room_1052.mat,-1.0,0.3176470588235294,32.59266556124038,33.43876185826251,34.57353307244138,-16.387638895342317
room_acoustic_data_room_1053.mat,-1.0,0.32941176470588235,32.243192019444955,33.173595965863555,34.136867173229994,-16.374089006245196
room_acoustic_data_room_1054.mat,-1.0,0.3411764705882353,32.13102179048617,33.08582856846373,33.94967666503041,-16.421464885867568
room_acoustic_data_room_1055.mat,-1.0,0.35294117647058826,32.72084182363574,33.56012923988052,34.459509672557786,-16.76384813596048
room_acoustic_data_room_1056.mat,-1.0,0.36470588235294116,33.07971008499317,33.82958577452613,34.81047408576596,-16.962977793950166
room_acoustic_data_room_1057.mat,-1.0,0.3764705882352941,33.307731889279545,34.01311358651172,35.016464071804194,-17.12109073090416
room_acoustic_data_room_1058.mat,-1.0,0.38823529411764707,33.39600258245546,34.190358524475016,35.07513174674645,-17.230065144154565
room_acoustic_data_room_1059.mat,-1.0,0.4,33.4275980641774,34.4297406978296,35.018816430107236,-17.373260570561694
room_acoustic_data_room_1060.mat,-1.0,0.4117647058823529,33.31411688876872,34.606954809476576,34.843792452290586,-17.462211082631114
room_acoustic_data_room_1061.mat,-1.0,0.4235294117647059,32.93394439483442,34.4940192736722,34.47460524838755,-17.37425185499292
room_acoustic_data_room_1062.mat,-1.0,0.43529411764705883,32.202932608784664,33.95469973481955,33.87536380667759,-17.02218382397468
room_acoustic_data_room_1063.mat,-1.0,0.4470588235294118,32.34758909191106,34.020607094384594,34.17221005416634,-16.90164658066211
room_acoustic_data_room_1064.mat,-1.0,0.4588235294117647,32.27826536688262,33.80824082580864,34.31914563804977,-16.627674820297266
room_acoustic_data_room_1065.mat,-1.0,0.47058823529411764,32.133138539869634,33.521277256948395,34.37007489844058,-16.368083887622248
room_acoustic_data_room_1066.mat,-1.0,0.4823529411764706,32.009744484626154,33.29496022237691,34.37542015988447,-16.222059981660458
room_acoustic_data_room_1067.mat,-1.0,0.49411764705882355,31.911694481746544,33.078062424996716,34.34425519738953,-16.19385120312831
room_acoustic_data_room_1068.mat,-1.0,0.5058823529411764,31.80367961683045,32.82397730153591,34.241117934949926,-16.248145877127918
room_acoustic_data_room_1069.mat,-1.0,0.5176470588235295,31.63999741109727,32.54057655435458,34.02940281001581,-16.33826277693957
room_acoustic_data_room_1070.mat,-1.0,0.5294117647058824,31.278571782334094,32.139550349511026,33.605192935721746,-16.319369966417252
room_acoustic_data_room_1071.mat,-1.0,0.5411764705882353,31.445821703581057,32.26351199385336,33.796130930534346,-16.359596074209914
room_acoustic_data_room_1072.mat,-1.0,0.5529411764705883,31.754644269698424,32.52914268925289,34.19062981694181,-16.420401495895863
room_acoustic_data_room_1073.mat,-1.0,0.5647058823529412,31.98315236880402,32.7701376473391,34.480054477498136,-16.492080478488976
room_acoustic_data_room_1074.mat,-1.0,0.5764705882352941,32.193175576921156,32.970315789574094,34.732706909490915,-16.63843547983664
room_acoustic_data_room_1075.mat,-1.0,0.5882352941176471,32.39082442464459,33.202551196309045,34.930030573053074,-16.866430483448827
room_acoustic_data_room_1076.mat,-1.0,0.6,32.51579955552248,33.44791832197467,34.97069865744875,-17.116004389870007
room_acoustic_data_room_1077.mat,-1.0,0.611764705882353,32.49381068412294,33.560445348446926,34.84807730100984,-17.31230623762418
room_acoustic_data_room_1078.mat,-1.0,0.6235294117647059,32.115817924654955,33.364475674425826,34.390136993594055,-17.244179747517514
room_acoustic_data_room_1079.mat,-1.0,0.6352941176470588,32.03754558024902,33.347588403653134,34.331914010577414,-17.165670168071763
room_acoustic_data_room_1080.mat,-1.0,0.6470588235294118,32.22923915178015,33.437299239482876,34.67436327555164,-17.071787237053687
room_acoustic_data_room_1081.mat,-1.0,0.6588235294117647,32.17502379881007,33.3030420995961,34.774730062772456,-16.824493473482647
room_acoustic_data_room_1082.mat,-1.0,0.6705882352941176,32.085895228915284,33.12789284171604,34.79086373764765,-16.63715111853582
room_acoustic_data_room_1083.mat,-1.0,0.6823529411764706,31.942594970512385,32.9051480385484,34.71146167051212,-16.491435302843072
room_acoustic_data_room_1084.mat,-1.0,0.6941176470588235,31.787235603362262,32.68518070651984,34.54549798435886,-16.429630580708956
room_acoustic_data_room_1085.mat,-1.0,0.7058823529411765,31.637669671196104,32.518933791353966,34.28023486790485,-16.46903962102963
room_acoustic_data_room_1086.mat,-1.0,0.7176470588235294,31.38124232423253,32.2790552580058,33.93196241111343,-16.495119916676565
room_acoustic_data_room_1087.mat,-1.0,0.7294117647058823,31.291962374779988,32.16240403281666,33.827707408143375,-16.53063233254072
room_acoustic_data_room_1088.mat,-1.0,0.7411764705882353,31.85627718683201,32.628134768868634,34.406807418028194,-16.78425226479681
room_acoustic_data_room_1089.mat,-1.0,0.7529411764705882,32.16786066929373,32.93724384493213,34.77798341066747,-16.877693965456753
room_acoustic_data_room_1090.mat,-1.0,0.7647058823529411,32.446252090817055,33.18059902967644,35.10807490523512,-17.033183194008917
room_acoustic_data_room_1091.mat,-1.0,0.7764705882352941,32.658130060731665,33.42429236743732,35.31074218202736,-17.218449085305604
room_acoustic_data_room_1092.mat,-1.0,0.788235294117647,32.81111910341941,33.69710959946389,35.36805746051401,-17.441290680381957
room_acoustic_data_room_1093.mat,-1.0,0.8,32.822696639133056,33.91005320024568,35.236875962154805,-17.618699039558447
room_acoustic_data_room_1094.mat,-1.0,0.8117647058823529,32.5409395855054,33.832371579029,34.866618222901586,-17.59712802747898
room_acoustic_data_room_1095.mat,-1.0,0.8235294117647058,32.01460836610973,33.43796029860019,34.376784788745276,-17.346027395726736
room_acoustic_data_room_1096.mat,-1.0,0.8352941176470589,32.35358340790305,33.73659949060648,34.75121980565887,-17.356664117616152
room_acoustic_data_room_1097.mat,-1.0,0.8470588235294118,32.3755637174436,33.67923859890378,34.87485788035272,-17.141683831557767
room_acoustic_data_room_1098.mat,-1.0,0.8588235294117647,32.241256543235835,33.4513265500788,34.846984426862775,-16.86497896876752
room_acoustic_data_room_1099.mat,-1.0,0.8705882352941177,32.1150162818413,33.23180995297999,34.769280089940075,-16.692251785213614
room_acoustic_data_room_1100.mat,-1.0,0.8823529411764706,31.994174876101333,33.02428350169915,34.643748642550264,-16.621148972231595
room_acoustic_data_room_1101.mat,-1.0,0.8941176470588236,31.869882759491244,32.828969022853826,34.4632820149951,-16.642476226738168
room_acoustic_data_room_1102.mat,-1.0,0.9058823529411765,31.64148607770503,32.535309303645846,34.17101898627482,-16.654260964044
room_acoustic_data_room_1103.mat,-1.0,0.9176470588235294,31.182193514576767,32.07302157267909,33.677709243897965,-16.526632515211844
room_acoustic_data_room_1104.mat,-1.0,0.9294117647058824,31.455365947178393,32.32508770684819,33.887430885859985,-16.56593018529357
room_acoustic_data_room_1105.mat,-1.0,0.9411764705882353,31.702307739503603,32.583578195952995,34.12858966966466,-16.557559681235368
room_acoustic_data_room_1106.mat,-1.0,0.9529411764705882,31.838559587604912,32.807206912828796,34.28055141163501,-16.531957859935797
room_acoustic_data_room_1107.mat,-1.0,0.9647058823529412,31.988669192064265,33.054753171642716,34.41699638634002,-16.615469980118455
room_acoustic_data_room_1108.mat,-1.0,0.9764705882352941,32.146433846584756,33.299975871348806,34.513054072153444,-16.802468045747062
room_acoustic_data_room_1109.mat,-1.0,0.9882352941176471,32.194831856839784,33.51915018458612,34.4601189621404,-16.975788866674492
room_acoustic_data_room_1110.mat,-1.0,1.0,32.10893748371719,33.660557545617344,34.22989368262465,-17.10950494235466
room_acoustic_data_room_1111.mat,-1.0,1.011764705882353,31.65397127601118,33.43070779271582,33.7245911494235,-16.966278008799883
room_acoustic_data_room_1112.mat,-1.0,1.0235294117647058,31.686944460241335,33.545297762645376,33.740205718507525,-16.933507397600692
room_acoustic_data_room_1113.mat,-1.0,1.035294117647059,31.99202977732323,33.76213216202819,34.10247658335541,-16.962254521151536
room_acoustic_data_room_1114.mat,-1.0,1.0470588235294118,32.02744175883699,33.70518105906343,34.21570726402131,-16.81377609689271
room_acoustic_data_room_1115.mat,-1.0,1.0588235294117647,31.914362621148193,33.48285147632681,34.21405577333179,-16.61156926440116
room_acoustic_data_room_1116.mat,-1.0,1.0705882352941176,31.773214069356754,33.242566572111286,34.120548565698044,-16.476941934784517
room_acoustic_data_room_1117.mat,-1.0,1.0823529411764705,31.547967936604188,32.965027838197194,33.898084286212104,-16.353933968557
room_acoustic_data_room_1118.mat,-1.0,1.0941176470588236,31.19004631030967,32.64058184372308,33.496241029275645,-16.193240751740085
room_acoustic_data_room_1119.mat,-1.0,1.1058823529411765,30.580324893448573,32.15182205053677,32.87644395046551,-15.873634458687063
room_acoustic_data_room_1120.mat,-1.0,1.1176470588235294,30.395790933596793,32.015573471533926,32.69146238073448,-15.779510422177145
room_acoustic_data_room_1121.mat,-1.0,1.1294117647058823,31.083728114671874,32.57227047029097,33.35020307254009,-16.16777559429441
room_acoustic_data_room_1122.mat,-1.0,1.1411764705882352,31.51909550599195,32.92948405619944,33.810297816320436,-16.39514211387976
room_acoustic_data_room_1123.mat,-1.0,1.1529411764705881,31.815178776803045,33.16033328580046,34.115785622004886,-16.5777262529365
room_acoustic_data_room_1124.mat,-1.0,1.1647058823529413,31.98966040257148,33.36755612532517,34.26915883916466,-16.734407502653042
room_acoustic_data_room_1125.mat,-1.0,1.1764705882352942,32.01114047840938,33.57321622483838,34.2132906032498,-16.834034447463054
room_acoustic_data_room_1126.mat,-1.0,1.188235294117647,31.785683152087078,33.647063740714515,33.86695782379255,-16.782150439139983
room_acoustic_data_room_1127.mat,-1.0,1.2,31.264824925779298,33.38989849604579,33.27809876303417,-16.528547043072447
room_acoustic_data_room_1128.mat,-1.0,1.2117647058823529,30.68070244898553,32.94017259915001,32.727055118068435,-16.180447334421228
room_acoustic_data_room_1129.mat,-1.0,1.223529411764706,31.018303811584815,33.16601011245337,33.148241581305015,-16.194868724249652
room_acoustic_data_room_1130.mat,-1.0,1.2352941176470589,31.170191527998583,33.11062521901497,33.43824764148665,-16.114558095400703
room_acoustic_data_room_1131.mat,-1.0,1.2470588235294118,31.241301024633437,32.99404923310204,33.621780924466115,-16.0477827898036
room_acoustic_data_room_1132.mat,-1.0,1.2588235294117647,31.22035400280989,32.81341331891179,33.690062308398396,-15.984768999906045
room_acoustic_data_room_1133.mat,-1.0,1.2705882352941176,31.122689966713736,32.603024091021126,33.637950273664764,-15.941265859256122
room_acoustic_data_room_1134.mat,-1.0,1.2823529411764707,30.91451086594787,32.33181000079412,33.41236247531857,-15.883109306026647
room_acoustic_data_room_1135.mat,-1.0,1.2941176470588236,30.558465053369012,31.978466261306615,33.01267994270286,-15.771482465481053
room_acoustic_data_room_1136.mat,-1.0,1.3058823529411765,30.019588982299258,31.468585870717472,32.468162509003164,-15.568115515253991
room_acoustic_data_room_1137.mat,-1.0,1.3176470588235294,30.635773519113872,31.92973898717689,33.078314100025594,-15.882566249697607
room_acoustic_data_room_1138.mat,-1.0,1.3294117647058823,31.170276535476404,32.34232826090673,33.633025262927056,-16.162101536338284
room_acoustic_data_room_1139.mat,-1.0,1.3411764705882352,31.565834648764614,32.67976327246862,34.04696688325751,-16.396744105663565
room_acoustic_data_room_1140.mat,-1.0,1.3529411764705883,31.805700376766502,32.9242813714751,34.281551942777625,-16.571585299499596
room_acoustic_data_room_1141.mat,-1.0,1.3647058823529412,31.950097610796476,33.17766362539605,34.35945862112041,-16.747435374170557
room_acoustic_data_room_1142.mat,-1.0,1.3764705882352941,31.929551187853598,33.39473853519389,34.22658163712517,-16.854596935793708
room_acoustic_data_room_1143.mat,-1.0,1.388235294117647,31.747641999858924,33.44433795324354,33.94441614521894,-16.895427829567716
room_acoustic_data_room_1144.mat,-1.0,1.4,31.24910556729594,33.17343529898019,33.40777523118938,-16.71174245155302
room_acoustic_data_room_1145.mat,-1.0,1.411764705882353,31.552759386368372,33.459168362139586,33.72448072519373,-16.861031660437447
room_acoustic_data_room_1146.mat,-1.0,1.423529411764706,31.960051939694615,33.67810094882727,34.21064970562309,-16.992106416989714
room_acoustic_data_room_1147.mat,-1.0,1.4352941176470588,32.11989341211931,33.6661798762858,34.46140716043766,-16.969466035738133
room_acoustic_data_room_1148.mat,-1.0,1.4470588235294117,32.11801543813025,33.50491059917274,34.548701498979106,-16.881075846268068
room_acoustic_data_room_1149.mat,-1.0,1.4588235294117646,31.973909644984694,33.269803167005676,34.4334608971382,-16.747230435027646
room_acoustic_data_room_1150.mat,-1.0,1.4705882352941178,31.711365327551867,33.02167005026997,34.09864268069738,-16.59164181228183
room_acoustic_data_room_1151.mat,-1.0,1.4823529411764707,31.35353374328828,32.749158388175765,33.64045568758942,-16.436440769827648
room_acoustic_data_room_1152.mat,-1.0,1.4941176470588236,30.849965525636968,32.35503024624447,33.071396566059235,-16.228580619476936
room_acoustic_data_room_1153.mat,-1.0,1.5058823529411764,30.93420367928422,32.432383763068245,33.08186000905329,-16.312818838990687
room_acoustic_data_room_1154.mat,-1.0,1.5176470588235293,31.52550302346375,32.899410586084976,33.647666912999924,-16.608410193145296
room_acoustic_data_room_1155.mat,-1.0,1.5294117647058822,31.929468553910787,33.19819556490406,34.102299409560175,-16.809745258670496
room_acoustic_data_room_1156.mat,-1.0,1.5411764705882354,32.18755888199312,33.386438670045955,34.42570680374259,-16.960879968653938
room_acoustic_data_room_1157.mat,-1.0,1.5529411764705883,32.39679965726657,33.62097529593327,34.63770850287152,-17.159860438498814
room_acoustic_data_room_1158.mat,-1.0,1.5647058823529412,32.47712216639081,33.85125702690276,34.651161870873224,-17.326695239626922
room_acoustic_data_room_1159.mat,-1.0,1.576470588235294,32.29418577696477,33.94645274531926,34.34971022038518,-17.326240780445875
room_acoustic_data_room_1160.mat,-1.0,1.588235294117647,31.85804253445299,33.75286691038779,33.85428909762994,-17.166315411136818
room_acoustic_data_room_1161.mat,-1.0,1.6,31.466375836125323,33.454642004844715,33.52066322296295,-16.92901344508079
room_acoustic_data_room_1162.mat,-1.0,1.611764705882353,31.854356730919847,33.64920494310837,34.040310018863174,-17.002143350695874
room_acoustic_data_room_1163.mat,-1.0,1.6235294117647059,32.059255144520634,33.615564975010074,34.415799758475096,-16.984301746844828
room_acoustic_data_room_1164.mat,-1.0,1.6352941176470588,32.13483732372103,33.48626605701482,34.63349102073398,-16.93217600499922
room_acoustic_data_room_1165.mat,-1.0,1.6470588235294117,32.13255222278733,33.3386138070004,34.68938794464984,-16.898438126457563
room_acoustic_data_room_1166.mat,-1.0,1.6588235294117648,32.04422124510644,33.16666957494495,34.58864699247837,-16.875131745614546
room_acoustic_data_room_1167.mat,-1.0,1.6705882352941177,31.867236488396458,32.93511206576311,34.349018829281256,-16.859062594972844
room_acoustic_data_room_1168.mat,-1.0,1.6823529411764706,31.537009993124748,32.57730983756603,33.93548364138131,-16.783803890470825
room_acoustic_data_room_1169.mat,-1.0,1.6941176470588235,30.997401274762662,32.08212141544331,33.36297635846195,-16.545929067252874
room_acoustic_data_room_1170.mat,-1.0,1.7058823529411764,31.66647342413696,32.55703368414086,34.051797818298716,-16.879492135634877
room_acoustic_data_room_1171.mat,-1.0,1.7176470588235293,32.1454302452148,32.90682729568261,34.57835295438411,-17.11403002223706
room_acoustic_data_room_1172.mat,-1.0,1.7294117647058824,32.475797338087915,33.210607348166846,34.94434191335606,-17.29437460313193
room_acoustic_data_room_1173.mat,-1.0,1.7411764705882353,32.685956927193565,33.46054656026408,35.13890994769526,-17.450373330696777
room_acoustic_data_room_1174.mat,-1.0,1.7529411764705882,32.74720415934455,33.6541059714478,35.13831812226382,-17.553687363247757
room_acoustic_data_room_1175.mat,-1.0,1.7647058823529411,32.7822192745036,33.89789680786912,35.040316955607416,-17.72658731101011
room_acoustic_data_room_1176.mat,-1.0,1.776470588235294,32.55382697711693,33.90050192727382,34.71422690155957,-17.730393386567577
room_acoustic_data_room_1177.mat,-1.0,1.7882352941176471,31.906080920001187,33.52476158841665,34.03871862036206,-17.40582732643392
room_acoustic_data_room_1178.mat,-1.0,1.8,32.24802449139798,33.83794909004807,34.410917987494805,-17.51174814532942
room_acoustic_data_room_1179.mat,-1.0,1.811764705882353,32.566467635686216,33.97019318019899,34.88951980842378,-17.56293645323059
room_acoustic_data_room_1180.mat,-1.0,1.8235294117647058,32.583165324004035,33.849999023627056,35.03391043025506,-17.406060813439325
room_acoustic_data_room_1181.mat,-1.0,1.8352941176470587,32.51365641441468,33.608777653538596,35.056272272413146,-17.258405021119327
room_acoustic_data_room_1182.mat,-1.0,1.8470588235294119,32.49055532863156,33.42967548822843,35.0602095922733,-17.253104294006455
room_acoustic_data_room_1183.mat,-1.0,1.8588235294117648,32.38278018168756,33.23069334500895,34.890697198854326,-17.258828257374333
room_acoustic_data_room_1184.mat,-1.0,1.8705882352941177,32.11245174497074,32.96113460548805,34.512210991462034,-17.19650066610172
room_acoustic_data_room_1185.mat,-1.0,1.8823529411764706,31.658011415021722,32.571499214751015,33.98673920834177,-17.04173231316913
room_acoustic_data_room_1186.mat,-1.0,1.8941176470588235,31.844570068194216,32.72797422392388,34.14312780198041,-17.137880979413474
room_acoustic_data_room_1187.mat,-1.0,1.9058823529411764,32.39666806851041,33.134149564200214,34.72511124450707,-17.39986378894573
room_acoustic_data_room_1188.mat,-1.0,1.9176470588235295,32.69874708143605,33.39094449337904,35.137918788959325,-17.504714319537264
room_acoustic_data_room_1189.mat,-1.0,1.9294117647058824,32.92736059968762,33.60650416580519,35.387994187551485,-17.63108959279357
room_acoustic_data_room_1190.mat,-1.0,1.9411764705882353,33.14578306871888,33.863932915493535,35.533174068249316,-17.842990755594233
room_acoustic_data_room_1191.mat,-1.0,1.9529411764705882,33.246225356873,34.12080066491709,35.5151287291232,-18.032560648603
room_acoustic_data_room_1192.mat,-1.0,1.964705882352941,33.05897194715953,34.22530649908684,35.204716328409155,-18.029197548334817
room_acoustic_data_room_1193.mat,-1.0,1.9764705882352942,32.48766823027354,33.93748031769449,34.590751085048964,-17.734231921897848
room_acoustic_data_room_1194.mat,-1.0,1.988235294117647,32.167262009210006,33.70463772875145,34.316899173241794,-17.47956933732162
room_acoustic_data_room_1195.mat,-1.0,2.0,32.48171431797998,33.85095458363028,34.801146291320634,-17.48228223772152
room_acoustic_data_room_1196.mat,-1.0,2.011764705882353,32.52491331298067,33.71619502272894,35.071216864147736,-17.305870644008948
room_acoustic_data_room_1197.mat,-1.0,2.023529411764706,32.434467827372046,33.482250879129076,35.15723797556597,-17.090502202417536
room_acoustic_data_room_1198.mat,-1.0,2.0352941176470587,32.34109919633384,33.299324397971006,35.110928360865444,-16.96790000967105
room_acoustic_data_room_1199.mat,-1.0,2.0470588235294116,32.242450874225014,33.1093411678522,34.97121320786553,-16.935849015982466
room_acoustic_data_room_1200.mat,-1.0,2.0588235294117645,32.00896877169426,32.822600203181246,34.675376628199864,-16.864220421945216
room_acoustic_data_room_1201.mat,-1.0,2.070588235294118,31.657233648965047,32.44394685961391,34.29472993665853,-16.76779743021577
room_acoustic_data_room_1202.mat,-1.0,2.0823529411764707,31.28746295415464,32.05627307267075,33.953791924628305,-16.631901257692462
room_acoustic_data_room_1203.mat,-1.0,2.0941176470588236,32.00143405735699,32.57717280414754,34.700505051380716,-17.014208068800674
room_acoustic_data_room_1204.mat,-1.0,2.1058823529411765,32.52158493927532,32.96846726967455,35.26930592488112,-17.294177352845313
room_acoustic_data_room_1205.mat,-1.0,2.1176470588235294,32.88166108952307,33.30175869397877,35.66102186837701,-17.508633952521713
room_acoustic_data_room_1206.mat,-1.0,2.1294117647058823,33.117522908452564,33.58205702975138,35.875258259527946,-17.6947569986429
room_acoustic_data_room_1207.mat,-1.0,2.1411764705882352,33.23044522933294,33.83540594955186,35.894742039874124,-17.854166061306767
room_acoustic_data_room_1208.mat,-1.0,2.152941176470588,33.15458849837571,34.02134004773585,35.664317921241754,-17.920706839098948
room_acoustic_data_room_1209.mat,-1.0,2.164705882352941,32.7798342286382,33.9661722211634,35.196810088943735,-17.782912987221458
room_acoustic_data_room_1210.mat,-1.0,2.176470588235294,32.01993174684392,33.487374359326566,34.454061688486995,-17.351348651551334
room_acoustic_data_room_1211.mat,-1.0,2.1882352941176473,32.56737296491477,33.96366815107925,34.995970228006115,-17.623559054112
room_acoustic_data_room_1212.mat,-1.0,2.2,32.937165335669064,34.10465560208649,35.525350513230805,-17.733165233008158
room_acoustic_data_room_1213.mat,-1.0,2.211764705882353,33.07847745407445,34.03249178819785,35.81066843261462,-17.708646384744235
room_acoustic_data_room_1214.mat,-1.0,2.223529411764706,33.064355874906084,33.80793991652915,35.9140588082503,-17.62467211672958
room_acoustic_data_room_1215.mat,-1.0,2.235294117647059,32.90124955781068,33.537432311895444,35.74936739131262,-17.48817774942221
room_acoustic_data_room_1216.mat,-1.0,2.2470588235294118,32.6242328486311,33.24874354548819,35.40300396052923,-17.334063116938733
room_acoustic_data_room_1217.mat,-1.0,2.2588235294117647,32.26666452789599,32.926009100577524,34.9520371846304,-17.19463649005136
room_acoustic_data_room_1218.mat,-1.0,2.2705882352941176,31.658228247409944,32.43187924427452,34.30347430699235,-16.896895075033168
room_acoustic_data_room_1219.mat,-1.0,2.2823529411764705,32.017545563646564,32.69204403580238,34.597375728503025,-17.13141999087572
room_acoustic_data_room_1220.mat,-1.0,2.2941176470588234,32.63896257441131,33.14397747037234,35.23112590499474,-17.47032975402231
room_acoustic_data_room_1221.mat,-1.0,2.3058823529411763,33.06156396256905,33.45980790747482,35.71712779428254,-17.70395743060931
room_acoustic_data_room_1222.mat,-1.0,2.3176470588235296,33.34133520180335,33.678926981825136,36.000875455033366,-17.89017745019739
room_acoustic_data_room_1223.mat,-1.0,2.3294117647058825,33.52582417649942,33.90795650958511,36.097331662431316,-18.077090480053386
room_acoustic_data_room_1224.mat,-1.0,2.3411764705882354,33.54370595300992,34.08759491469981,35.95770022392811,-18.1932056395889
room_acoustic_data_room_1225.mat,-1.0,2.3529411764705883,33.31173289044099,34.112767379668554,35.562104946993585,-18.15435318863685
room_acoustic_data_room_1226.mat,-1.0,2.364705882352941,32.62662352368164,33.76743875223787,34.836885594953756,-17.754905209056126
room_acoustic_data_room_1227.mat,-1.0,2.376470588235294,32.430383226569894,33.73597243713771,34.634139753879936,-17.558787628458653
room_acoustic_data_room_1228.mat,-1.0,2.388235294117647,32.73783644731546,33.942131897089425,34.987688133215855,-17.556472017421484
room_acoustic_data_room_1229.mat,-1.0,2.4,32.754356222109394,33.840878404213704,35.163447076570144,-17.35489247438065
room_acoustic_data_room_1230.mat,-1.0,2.411764705882353,32.68272165965169,33.64588057956326,35.233841544465015,-17.158991351684797
room_acoustic_data_room_1231.mat,-1.0,2.4235294117647057,32.55469109773722,33.42570530090575,35.15454648358626,-17.00113244658148
room_acoustic_data_room_1232.mat,-1.0,2.4352941176470586,32.38343339930579,33.19855981025206,34.92521549107994,-16.894269202350372
room_acoustic_data_room_1233.mat,-1.0,2.447058823529412,32.13045190056567,32.92695283392327,34.57890189943292,-16.79902420470143
room_acoustic_data_room_1234.mat,-1.0,2.458823529411765,31.734222982102125,32.555032039512426,34.11576893372873,-16.651795851359573
room_acoustic_data_room_1235.mat,-1.0,2.4705882352941178,31.52840557717436,32.369283122473405,33.86317276303164,-16.563874087306385
room_acoustic_data_room_1236.mat,-1.0,2.4823529411764707,32.13816515812456,32.851686467747825,34.42546688520498,-16.831352239152977
room_acoustic_data_room_1237.mat,-1.0,2.4941176470588236,32.53430425164273,33.176678219678834,34.83146314822207,-16.974076774476053
room_acoustic_data_room_1238.mat,-1.0,2.5058823529411764,32.79613579395414,33.46590080701692,35.08569057409399,-17.07393617093968
room_acoustic_data_room_1239.mat,-1.0,2.5176470588235293,33.00060667637977,33.753491149198574,35.232024327742366,-17.208695645171733
room_acoustic_data_room_1240.mat,-1.0,2.5294117647058822,33.06866464814902,33.99865460760024,35.20506838880391,-17.29922118211395
room_acoustic_data_room_1241.mat,-1.0,2.541176470588235,33.0355720936799,34.242271225099195,35.00588809167853,-17.380163731878937
room_acoustic_data_room_1242.mat,-1.0,2.552941176470588,32.84905109850943,34.33978422250112,34.684500385804064,-17.397732508057874
room_acoustic_data_room_1243.mat,-1.0,2.5647058823529414,32.387470652274054,34.161634244210205,34.13201632862223,-17.21234910555519
room_acoustic_data_room_1244.mat,-1.0,2.5764705882352943,32.91955958881581,34.70019918423628,34.59062725264988,-17.364905426833964
room_acoustic_data_room_1245.mat,-1.0,2.588235294117647,33.097454825377476,34.75323095537261,34.84847273204374,-17.249696324377698
room_acoustic_data_room_1246.mat,-1.0,2.6,33.066803191346615,34.5458942609985,34.97189650824871,-17.015698467555403
room_acoustic_data_room_1247.mat,-1.0,2.611764705882353,32.96776665938069,34.23373765160896,34.977514618826724,-16.8043299052505
room_acoustic_data_room_1248.mat,-1.0,2.623529411764706,32.811137916939266,33.93529177435084,34.87138499077219,-16.626556071127098
room_acoustic_data_room_1249.mat,-1.0,2.635294117647059,32.60738356922983,33.67684727931622,34.64998952333249,-16.492578165469837
room_acoustic_data_room_1250.mat,-1.0,2.6470588235294117,32.31973391884371,33.38913623028279,34.355190501455866,-16.364795320355483
room_acoustic_data_room_1251.mat,-1.0,2.6588235294117646,31.85301729802749,32.94528792435453,33.94624586165356,-16.145818023967003
room_acoustic_data_room_1252.mat,-1.0,2.6705882352941175,32.08503652255746,33.04309517807846,34.252176060442146,-16.213599371453203
room_acoustic_data_room_1253.mat,-1.0,2.6823529411764704,32.68261427428251,33.41569472376727,34.918610335736815,-16.47558071388579
room_acoustic_data_room_1254.mat,-1.0,2.6941176470588237,33.13031011223414,33.65508796095862,35.494908258631305,-16.677461524315916
room_acoustic_data_room_1255.mat,-1.0,2.7058823529411766,33.41463909579584,33.76457117495251,35.91807390837733,-16.80760488338577
room_acoustic_data_room_1256.mat,-1.0,2.7176470588235295,33.651749922812,33.91400573400415,36.179068324774526,-16.982830463659766
room_acoustic_data_room_1257.mat,-1.0,2.7294117647058824,33.77445206064779,34.09065654059761,36.23144197280832,-17.136407827583305
room_acoustic_data_room_1258.mat,-1.0,2.7411764705882353,33.56214168874733,34.071189754580956,35.930246737048556,-17.048143894114013
room_acoustic_data_room_1259.mat,-1.0,2.7529411764705882,32.89268431598755,33.60516868398054,35.302136012868715,-16.595532259480848
room_acoustic_data_room_1260.mat,-1.0,2.764705882352941,32.35755164246991,33.11761175660011,34.88313410689968,-16.137674863858145
room_acoustic_data_room_1261.mat,-1.0,2.776470588235294,32.53394541173267,32.94734364556747,35.23652510850973,-15.92367952910313
room_acoustic_data_room_1262.mat,-1.0,2.788235294117647,32.44177740971425,32.41881784344612,35.340507946220654,-15.535439080499089
room_acoustic_data_room_1263.mat,-1.0,2.8,32.27421062453497,31.9515867908408,35.21605213720675,-15.169607524288757
room_acoustic_data_room_1264.mat,-1.0,2.8117647058823527,32.0798758480144,31.55918728151363,34.96238047004198,-14.877702264700787
room_acoustic_data_room_1265.mat,-1.0,2.823529411764706,31.93055674036402,31.228989156214002,34.618956577091716,-14.735269100246391
room_acoustic_data_room_1266.mat,-1.0,2.835294117647059,31.663879987781158,30.889714440850934,34.04489925060294,-14.584660621297905
room_acoustic_data_room_1267.mat,-1.0,2.847058823529412,31.142964453579246,30.456387658643763,33.19985891528124,-14.292700947428417
room_acoustic_data_room_1268.mat,-1.0,2.8588235294117648,31.907817756185946,30.879291582710003,33.61656689851586,-14.598422738408788
room_acoustic_data_room_1269.mat,-1.0,2.8705882352941177,32.578376372010474,31.333753403661824,34.023198414278816,-14.78530525681732
room_acoustic_data_room_1270.mat,-1.0,2.8823529411764706,32.895285604819094,31.737963338130474,34.14895238337428,-14.73222322453886
room_acoustic_data_room_1271.mat,-1.0,2.8941176470588235,32.983479498093075,32.05281974526138,33.998370810297466,-14.561256969822868
room_acoustic_data_room_1272.mat,-1.0,2.9058823529411764,33.28667054792943,32.61205885311273,34.0071966654784,-14.514811079299939
room_acoustic_data_room_1273.mat,-1.0,2.9176470588235293,34.08631802628118,33.76381982026831,34.44486794882251,-14.569261207768037
room_acoustic_data_room_1274.mat,-1.0,2.929411764705882,34.485880550387996,34.89045041204897,34.655615135349386,-14.33318591230686
room_acoustic_data_room_1275.mat,-1.0,2.9411764705882355,34.545429978641536,35.79787456951318,34.72135686913231,-13.859135913554715
room_acoustic_data_room_1276.mat,-1.0,2.9529411764705884,34.33684594584541,36.27861327070999,34.66991423146964,-13.20937812695368
room_acoustic_data_room_1277.mat,-1.0,2.9647058823529413,33.946560395206184,36.28042428087593,34.532925445792884,-12.459254499969276
room_acoustic_data_room_1278.mat,-1.0,2.976470588235294,33.49154921270078,35.92809080054606,34.368058544711644,-11.714044513524673
room_acoustic_data_room_1279.mat,-1.0,2.988235294117647,33.028229440327884,35.399981021626715,34.19931837846066,-11.018736809218181
room_acoustic_data_room_1280.mat,-1.0,3.0,32.57225996994576,34.813979191865045,34.0235585024393,-10.378494768845574
room_acoustic_data_room_1281.mat,4.0,0.0,32.429946026024496,33.755797940911016,33.849589075139136,-10.230318641213065
room_acoustic_data_room_1282.mat,4.0,0.011764705882352941,32.81287348713749,34.19658125142809,33.95885491818372,-10.794546606032746
room_acoustic_data_room_1283.mat,4.0,0.023529411764705882,33.210567786750495,34.59532554866057,34.077414433852255,-11.419981693349076
room_acoustic_data_room_1284.mat,4.0,0.03529411764705882,33.579220280796065,34.87041981713699,34.18690210860421,-12.072951675498393
room_acoustic_data_room_1285.mat,4.0,0.047058823529411764,33.84003649022369,34.92045373856658,34.24383913299331,-12.685776403800034
room_acoustic_data_room_1286.mat,4.0,0.058823529411764705,33.95975004479872,34.65946630064607,34.25484329267262,-13.236736240227454
room_acoustic_data_room_1287.mat,4.0,0.07058823529411765,33.88144450535952,34.08324802572128,34.18537801442406,-13.680171549532945
room_acoustic_data_room_1288.mat,4.0,0.08235294117647059,33.502317531613826,33.18773233116594,33.93621196818814,-13.923515045801496
room_acoustic_data_room_1289.mat,4.0,0.09411764705882353,32.937744318104755,32.18418245387998,33.607011513148905,-14.090797297132067
room_acoustic_data_room_1290.mat,4.0,0.10588235294117647,32.7405158277734,31.591005204291882,33.66791609736995,-14.302357164120064
room_acoustic_data_room_1291.mat,4.0,0.11764705882352941,32.73891227607879,31.226147933184,33.8141382465085,-14.553403016497452
room_acoustic_data_room_1292.mat,4.0,0.12941176470588237,32.54996605562086,31.00385078553998,33.82670502291034,-14.729221798131999
room_acoustic_data_room_1293.mat,4.0,0.1411764705882353,32.021586371449594,30.77505243035699,33.6080389471715,-14.681614328614497
room_acoustic_data_room_1294.mat,4.0,0.15294117647058825,31.212674994092218,30.450588352728005,33.189004217854084,-14.388470477266468
room_acoustic_data_room_1295.mat,4.0,0.16470588235294117,31.83719058279875,30.96460276490326,34.06252320849094,-14.777850496348044
room_acoustic_data_room_1296.mat,4.0,0.17647058823529413,32.30748775476773,31.45929348247882,34.80791003479735,-15.128946680287157
room_acoustic_data_room_1297.mat,4.0,0.18823529411764706,32.719977838261975,31.954512543062922,35.39569288238678,-15.534759236229426
room_acoustic_data_room_1298.mat,4.0,0.2,32.96701896791917,32.44521325167883,35.690680678006174,-15.882959217875408
room_acoustic_data_room_1299.mat,4.0,0.21176470588235294,33.15433620439642,33.008877932740454,35.674643874895494,-16.275307697337855
room_acoustic_data_room_1300.mat,4.0,0.2235294117647059,32.99187448860328,33.40785095119482,35.255192672862435,-16.41827691210386
room_acoustic_data_room_1301.mat,4.0,0.23529411764705882,32.401923298525325,33.44871414159919,34.45214809573598,-16.229549094288128
room_acoustic_data_room_1302.mat,4.0,0.24705882352941178,32.884761092990026,34.102317991922334,34.77892232350486,-16.567602994774767
room_acoustic_data_room_1303.mat,4.0,0.25882352941176473,33.34156501035528,34.575290305987245,35.14065408907606,-16.81236297680443
room_acoustic_data_room_1304.mat,4.0,0.27058823529411763,33.49287231424026,34.614262842885196,35.35388477219145,-16.845763749426503
room_acoustic_data_room_1305.mat,4.0,0.2823529411764706,33.38330569431604,34.41821509825813,35.354317073163,-16.711720355921543
room_acoustic_data_room_1306.mat,4.0,0.29411764705882354,33.16033674907328,34.23718825946121,35.177981614007734,-16.556451141275325
room_acoustic_data_room_1307.mat,4.0,0.3058823529411765,32.7914272908945,33.968110712941105,34.79254988278905,-16.346432733006772
room_acoustic_data_room_1308.mat,4.0,0.3176470588235294,32.38770543075272,33.688087344299106,34.36620631312767,-16.1918794932302
room_acoustic_data_room_1309.mat,4.0,0.32941176470588235,31.887794639503248,33.306993345953,33.8997687074564,-16.029534102026293
room_acoustic_data_room_1310.mat,4.0,0.3411764705882353,31.76289053564823,33.18036977638693,33.774683386866144,-16.041779718885962
room_acoustic_data_room_1311.mat,4.0,0.35294117647058826,32.374708182515704,33.641669997931,34.33619739188821,-16.410470196138213
room_acoustic_data_room_1312.mat,4.0,0.36470588235294116,32.83473458774918,33.98560363517909,34.80784493890412,-16.713974873851903
room_acoustic_data_room_1313.mat,4.0,0.3764705882352941,33.086203852138134,34.214645817360925,35.08353153856165,-16.897912546563568
room_acoustic_data_room_1314.mat,4.0,0.38823529411764707,33.217418090296185,34.43382653636323,35.20100300494863,-17.05160890409004
room_acoustic_data_room_1315.mat,4.0,0.4,33.21531999481499,34.636258920833704,35.144096597275535,-17.162454312554654
room_acoustic_data_room_1316.mat,4.0,0.4117647058823529,33.02898683290019,34.70298862994199,34.86544539727009,-17.17951814463026
room_acoustic_data_room_1317.mat,4.0,0.4235294117647059,32.46975452407129,34.46994511821229,34.24476200387934,-16.91304007822547
room_acoustic_data_room_1318.mat,4.0,0.43529411764705883,31.577707422745878,33.76302066177049,33.42106971874907,-16.399943796628044
room_acoustic_data_room_1319.mat,4.0,0.4470588235294118,32.018350912861216,34.011865712678514,33.94021648704429,-16.567924031526196
room_acoustic_data_room_1320.mat,4.0,0.4588235294117647,32.22997256784186,33.93591950190543,34.283274315653706,-16.575458997299098
room_acoustic_data_room_1321.mat,4.0,0.47058823529411764,32.24481055672339,33.679252434190715,34.43467480931555,-16.476077982281232
room_acoustic_data_room_1322.mat,4.0,0.4823529411764706,32.15788677578456,33.3847293950787,34.426638535056895,-16.366426112294718
room_acoustic_data_room_1323.mat,4.0,0.49411764705882355,32.013495927777626,33.10380641315475,34.28256454148594,-16.291494409563118
room_acoustic_data_room_1324.mat,4.0,0.5058823529411764,31.744764902324217,32.811554683783186,33.9983434113072,-16.184543146733237
room_acoustic_data_room_1325.mat,4.0,0.5176470588235295,31.271997158980366,32.3857467978086,33.51295692915841,-15.965077141376154
room_acoustic_data_room_1326.mat,4.0,0.5294117647058824,30.63483171031709,31.813781292086595,32.864941599471386,-15.670154619051612
room_acoustic_data_room_1327.mat,4.0,0.5411764705882353,30.978408608359853,32.03121698355084,33.21729604158793,-15.896431155090504
room_acoustic_data_room_1328.mat,4.0,0.5529411764705883,31.608665439773176,32.45414259182892,33.890135160024585,-16.27748357913885
room_acoustic_data_room_1329.mat,4.0,0.5647058823529412,32.091853039429324,32.78984662645329,34.42573793493646,-16.60281497374287
room_acoustic_data_room_1330.mat,4.0,0.5764705882352941,32.42261987090671,33.04713237917018,34.834523739131804,-16.869124480355143
room_acoustic_data_room_1331.mat,4.0,0.5882352941176471,32.560981326582926,33.26916283889211,35.0024420612561,-17.037285597262645
room_acoustic_data_room_1332.mat,4.0,0.6,32.56533727537675,33.47290827708859,34.93107456230402,-17.165897623851244
room_acoustic_data_room_1333.mat,4.0,0.611764705882353,32.32070757560902,33.56097223840611,34.58684035819564,-17.139365005951294
room_acoustic_data_room_1334.mat,4.0,0.6235294117647059,31.748560950395127,33.34529344891681,33.95292119337455,-16.876987687713708
room_acoustic_data_room_1335.mat,4.0,0.6352941176470588,31.736635902905817,33.41733236909435,33.933313061519705,-16.864901392952053
room_acoustic_data_room_1336.mat,4.0,0.6470588235294118,32.286601874482976,33.78366356032722,34.54782575153489,-17.129212165489204
room_acoustic_data_room_1337.mat,4.0,0.6588235294117647,32.578947254010906,33.82740692390903,34.95775787376355,-17.22844205760803
room_acoustic_data_room_1338.mat,4.0,0.6705882352941176,32.66150284818308,33.62989328964468,35.18953603910053,-17.212768075525013
room_acoustic_data_room_1339.mat,4.0,0.6823529411764706,32.62870534325978,33.43369973586466,35.21256614653511,-17.17754910295165
room_acoustic_data_room_1340.mat,4.0,0.6941176470588235,32.41260328461223,33.22134035542647,34.98750422261029,-17.05499986905417
room_acoustic_data_room_1341.mat,4.0,0.7058823529411765,31.95625151525946,32.893470659678144,34.4991169343895,-16.787622695217458
room_acoustic_data_room_1342.mat,4.0,0.7176470588235294,31.2574702650741,32.360200224816936,33.798200596128765,-16.371349086643917
room_acoustic_data_room_1343.mat,4.0,0.7294117647058823,30.91683532113967,32.07763540635089,33.50493637799192,-16.155505511673542
room_acoustic_data_room_1344.mat,4.0,0.7411764705882353,31.634595539912375,32.62328392777838,34.246860502044086,-16.562571164462966
room_acoustic_data_room_1345.mat,4.0,0.7529411764705882,32.15940850205897,33.025984005639955,34.83033251673801,-16.86924249733215
room_acoustic_data_room_1346.mat,4.0,0.7647058823529411,32.49627676204018,33.35686639554051,35.17780799147928,-17.083208607111644
room_acoustic_data_room_1347.mat,4.0,0.7764705882352941,32.70931861060616,33.69012904383305,35.29497813041418,-17.269638354294415
room_acoustic_data_room_1348.mat,4.0,0.788235294117647,32.75329373621847,33.90337083342004,35.20289267988158,-17.38346597268745
room_acoustic_data_room_1349.mat,4.0,0.8,32.52340328699819,33.9288783262388,34.880609416449666,-17.31940626647369
room_acoustic_data_room_1350.mat,4.0,0.8117647058823529,31.916549578193507,33.564459481029715,34.26820936536284,-16.97273850603694
room_acoustic_data_room_1351.mat,4.0,0.8235294117647058,31.15067225713705,32.978047503594496,33.53979636561499,-16.48209162447506
room_acoustic_data_room_1352.mat,4.0,0.8352941176470589,31.845252404981185,33.42779869736202,34.30425951510696,-16.848333378610587
room_acoustic_data_room_1353.mat,4.0,0.8470588235294118,32.21555084032882,33.50398111949998,34.75779167792632,-16.981671139571816
room_acoustic_data_room_1354.mat,4.0,0.8588235294117647,32.32765633587527,33.32973608376358,34.970750382509095,-16.951378864446703
room_acoustic_data_room_1355.mat,4.0,0.8705882352941177,32.28900600788797,33.073377006109304,34.98475718609939,-16.866241530062386
room_acoustic_data_room_1356.mat,4.0,0.8823529411764706,32.093297520483794,32.779555126729626,34.775968387123164,-16.720271549745615
room_acoustic_data_room_1357.mat,4.0,0.8941176470588236,31.75751376786982,32.5027802869746,34.35827579577756,-16.530107081582422
room_acoustic_data_room_1358.mat,4.0,0.9058823529411765,31.238368158292005,32.15265661363179,33.76680133127352,-16.251142803781146
room_acoustic_data_room_1359.mat,4.0,0.9176470588235294,30.494007474522213,31.604504820106353,32.99125297219077,-15.838446146705841
room_acoustic_data_room_1360.mat,4.0,0.9294117647058824,31.066399362574817,32.029159771412104,33.53668535672534,-16.176963221947787
room_acoustic_data_room_1361.mat,4.0,0.9411764705882353,31.636007600476326,32.46946401852077,34.12439787843228,-16.491259102363408
room_acoustic_data_room_1362.mat,4.0,0.9529411764705882,32.0300654766173,32.82459354585845,34.54330346470187,-16.723463248326908
room_acoustic_data_room_1363.mat,4.0,0.9647058823529412,32.30547977527512,33.10494666674424,34.85665042498565,-16.932280002224044
room_acoustic_data_room_1364.mat,4.0,0.9764705882352941,32.431091191982155,33.36730634340317,34.92971485596246,-17.087124769667305
room_acoustic_data_room_1365.mat,4.0,0.9882352941176471,32.34508599914915,33.55427267242233,34.71272077540585,-17.12604232708362
room_acoustic_data_room_1366.mat,4.0,1.0,31.974289670684502,33.560008100337264,34.22059144779035,-16.97485638690757
room_acoustic_data_room_1367.mat,4.0,1.011764705882353,31.285082578771135,33.2656423181578,33.489893762718324,-16.59738850860026
room_acoustic_data_room_1368.mat,4.0,1.0235294117647058,31.332727201275425,33.3939891470565,33.53114402625388,-16.579289305608945
room_acoustic_data_room_1369.mat,4.0,1.035294117647059,31.77265389442901,33.68848047200788,33.98398648420601,-16.74287776482228
room_acoustic_data_room_1370.mat,4.0,1.0470588235294118,31.96985410275036,33.68817732419605,34.23116582911962,-16.756187526375246
room_acoustic_data_room_1371.mat,4.0,1.0588235294117647,31.99363534782455,33.468239157908734,34.35327784606444,-16.690841034562297
room_acoustic_data_room_1372.mat,4.0,1.0705882352941176,31.83521119450852,33.14670721100732,34.2547830065028,-16.5389380597467
room_acoustic_data_room_1373.mat,4.0,1.0823529411764705,31.574196944041134,32.84191760870155,33.98021780283416,-16.38016193024736
room_acoustic_data_room_1374.mat,4.0,1.0941176470588236,31.187268657113137,32.537896389221125,33.550991707625414,-16.19046200536274
room_acoustic_data_room_1375.mat,4.0,1.1058823529411765,30.631575779592673,32.122146312239806,32.95827043422995,-15.924884202552096
room_acoustic_data_room_1376.mat,4.0,1.1176470588235294,30.467940152921344,32.02236779305429,32.796405462981404,-15.851658462573639
room_acoustic_data_room_1377.mat,4.0,1.1294117647058823,31.030394872320684,32.465918095853425,33.41893330886323,-16.114441139766637
room_acoustic_data_room_1378.mat,4.0,1.1411764705882352,31.3803940455389,32.75645682821765,33.80867023931855,-16.256439406243718
room_acoustic_data_room_1379.mat,4.0,1.1529411764705881,31.658223872216116,33.023167030471726,34.0909719308346,-16.42077006384679
room_acoustic_data_room_1380.mat,4.0,1.1647058823529413,31.835700306445883,33.3016894611241,34.19630931905688,-16.58044608183602
room_acoustic_data_room_1381.mat,4.0,1.1764705882352942,31.907804693292956,33.49768535675635,34.15599749578551,-16.730697294323587
room_acoustic_data_room_1382.mat,4.0,1.188235294117647,31.790457563295384,33.615625380329725,33.88113715783203,-16.786923435990428
room_acoustic_data_room_1383.mat,4.0,1.2,31.32124425783489,33.413564243677904,33.32414399446585,-16.584964911885752
room_acoustic_data_room_1384.mat,4.0,1.2117647058823529,30.768857870226654,33.00235865632042,32.81333439960826,-16.268601250624627
room_acoustic_data_room_1385.mat,4.0,1.223529411764706,31.345524474316967,33.349437401307625,33.502112779450016,-16.522087847935257
room_acoustic_data_room_1386.mat,4.0,1.2352941176470589,31.62162909584993,33.326940255936,33.93995850787594,-16.565994088124775
room_acoustic_data_room_1387.mat,4.0,1.2470588235294118,31.72858647810512,33.15727637651972,34.18405179166777,-16.53506662942406
room_acoustic_data_room_1388.mat,4.0,1.2588235294117647,31.663606697954307,32.87713240613353,34.225896027863044,-16.42802003918703
room_acoustic_data_room_1389.mat,4.0,1.2705882352941176,31.453059879736877,32.59325842968678,34.04499326911786,-16.27163407077376
room_acoustic_data_room_1390.mat,4.0,1.2823529411764707,31.07444045924927,32.27437355679164,33.63623294453517,-16.043037148728
room_acoustic_data_room_1391.mat,4.0,1.2941176470588236,30.54707791141135,31.905896820826772,33.04711966818027,-15.760093520997247
room_acoustic_data_room_1392.mat,4.0,1.3058823529411765,29.782014084077282,31.30112394659877,32.25398595382618,-15.330538760466347
room_acoustic_data_room_1393.mat,4.0,1.3176470588235294,30.446263468413882,31.789955889387347,32.94606830458875,-15.693054314873311
room_acoustic_data_room_1394.mat,4.0,1.3294117647058823,31.027854771969015,32.20623142251878,33.59234671578537,-16.01967784823401
room_acoustic_data_room_1395.mat,4.0,1.3411764705882352,31.489416958233928,32.56327827452799,34.077335879006384,-16.320324447454592
room_acoustic_data_room_1396.mat,4.0,1.3529411764705883,31.84003129092779,32.87284358204643,34.42975427359043,-16.60591419945771
room_acoustic_data_room_1397.mat,4.0,1.3647058823529412,32.04781648810782,33.18941581706865,34.57483286797909,-16.845152186780794
room_acoustic_data_room_1398.mat,4.0,1.3764705882352941,32.0940755613876,33.45267687256028,34.4895944554476,-17.019119190261016
room_acoustic_data_room_1399.mat,4.0,1.388235294117647,31.816715672203664,33.53664490452859,34.03926575172579,-16.964499325329445
room_acoustic_data_room_1400.mat,4.0,1.4,31.06778745518859,33.17684954673949,33.20648823317956,-16.530422103137013
room_acoustic_data_room_1401.mat,4.0,1.411764705882353,31.434297403816625,33.50928046792527,33.5593497153839,-16.742567401786275
room_acoustic_data_room_1402.mat,4.0,1.423529411764706,32.04174285607821,33.88800469370362,34.19403939690102,-17.073795008705634
room_acoustic_data_room_1403.mat,4.0,1.4352941176470588,32.29353661740478,33.87120327386921,34.539716368512025,-17.14310686525947
room_acoustic_data_room_1404.mat,4.0,1.4470588235294117,32.322720491045985,33.64793041959215,34.66497670207904,-17.08577846870658
room_acoustic_data_room_1405.mat,4.0,1.4588235294117646,32.174951145652344,33.398610788567865,34.570584154678514,-16.94826944608704
room_acoustic_data_room_1406.mat,4.0,1.4705882352941178,31.843585898929028,33.103809783208135,34.24537828265759,-16.723859830465003
room_acoustic_data_room_1407.mat,4.0,1.4823529411764707,31.343674326563104,32.69887462906233,33.73621244674095,-16.42657873265588
room_acoustic_data_room_1408.mat,4.0,1.4941176470588236,30.66348200786686,32.14479964444919,33.059607747356104,-16.042094411538518
room_acoustic_data_room_1409.mat,4.0,1.5058823529411764,30.69776828303928,32.13347381155912,33.09345551411445,-16.076380689496574
room_acoustic_data_room_1410.mat,4.0,1.5176470588235293,31.424578758034713,32.644674941216266,33.81989680419205,-16.507483114877346
room_acoustic_data_room_1411.mat,4.0,1.5294117647058822,31.94531112563078,33.03731904107764,34.33444351239594,-16.825584955759332
room_acoustic_data_room_1412.mat,4.0,1.5411764705882354,32.310655974594816,33.41043068104706,34.631693651105316,-17.08397412133079
room_acoustic_data_room_1413.mat,4.0,1.5529411764705883,32.5261996069597,33.68935973194269,34.75749107773456,-17.28925737840372
room_acoustic_data_room_1414.mat,4.0,1.5647058823529412,32.527483342645816,33.863030611624616,34.65676911198476,-17.37705333147361
room_acoustic_data_room_1415.mat,4.0,1.576470588235294,32.24537756704881,33.86934648730728,34.28945778292836,-17.27742940761798
room_acoustic_data_room_1416.mat,4.0,1.588235294117647,31.584333342740038,33.533719041238356,33.599555748471246,-16.892602975643072
room_acoustic_data_room_1417.mat,4.0,1.6,31.138616736192294,33.20079453365149,33.187986533006566,-16.60125101672676
room_acoustic_data_room_1418.mat,4.0,1.611764705882353,31.82866521627232,33.59396471699529,33.930203219250174,-16.97644843933784
room_acoustic_data_room_1419.mat,4.0,1.6235294117647059,32.26446024841921,33.65127195199412,34.465389518386566,-17.18950338466908
room_acoustic_data_room_1420.mat,4.0,1.6352941176470588,32.45968112033991,33.50774057547927,34.766650247573665,-17.25701626372632
room_acoustic_data_room_1421.mat,4.0,1.6470588235294117,32.44189078487802,33.26276668876222,34.812064855330874,-17.207773075127506
room_acoustic_data_room_1422.mat,4.0,1.6588235294117648,32.27420734113376,33.02050077706681,34.61279841883741,-17.105114148682446
room_acoustic_data_room_1423.mat,4.0,1.6705882352941177,31.948158879903914,32.77836535214909,34.173911416711384,-16.939981210964067
room_acoustic_data_room_1424.mat,4.0,1.6823529411764706,31.419037688971578,32.39790103710701,33.55815658446272,-16.66582772712693
room_acoustic_data_room_1425.mat,4.0,1.6941176470588235,30.74438256001929,31.9087780003277,32.88140857466993,-16.292906406044725
room_acoustic_data_room_1426.mat,4.0,1.7058823529411764,31.57116427915565,32.502356104404,33.69411813457506,-16.78417897901956
room_acoustic_data_room_1427.mat,4.0,1.7176470588235293,32.19547534745458,32.952755348489795,34.33684667174414,-17.164071049141796
room_acoustic_data_room_1428.mat,4.0,1.7294117647058824,32.644073703538574,33.319530702494674,34.822384626967334,-17.46264682967469
room_acoustic_data_room_1429.mat,4.0,1.7411764705882353,32.956224645855066,33.67643782683393,35.17531062021986,-17.7206368456229
room_acoustic_data_room_1430.mat,4.0,1.7529411764705882,33.08029445352505,34.00356539410673,35.27333740066688,-17.886773387217552
room_acoustic_data_room_1431.mat,4.0,1.7647058823529411,32.96625621425023,34.2042386582531,35.07561313620968,-17.910619913525135
room_acoustic_data_room_1432.mat,4.0,1.776470588235294,32.50393497858803,34.16065389864329,34.55023883548855,-17.680496985521504
room_acoustic_data_room_1433.mat,4.0,1.7882352941176471,31.576694402381904,33.6475305607592,33.632786305378865,-17.07643634520782
room_acoustic_data_room_1434.mat,4.0,1.8,32.14091181436165,34.10460856686508,34.181096619900806,-17.40463096787864
room_acoustic_data_room_1435.mat,4.0,1.811764705882353,32.77309636934064,34.442372765939204,34.84278878024273,-17.769560653160912
room_acoustic_data_room_1436.mat,4.0,1.8235294117647058,33.06293051372386,34.38631270676581,35.247157567236506,-17.88582144057354
room_acoustic_data_room_1437.mat,4.0,1.8352941176470587,33.111122916294924,34.123886914121314,35.410875194995896,-17.855866934519792
room_acoustic_data_room_1438.mat,4.0,1.8470588235294119,32.98170257837375,33.82945155527777,35.3598966019453,-17.74424693180387
room_acoustic_data_room_1439.mat,4.0,1.8588235294117648,32.67673385343877,33.50886789680235,35.0444671981727,-17.552777297223766
room_acoustic_data_room_1440.mat,4.0,1.8705882352941177,32.19015376103358,33.13527975051747,34.5020214162652,-17.274198036280236
room_acoustic_data_room_1441.mat,4.0,1.8823529411764706,31.439058377446774,32.5470305888978,33.76591270007922,-16.822774624531313
room_acoustic_data_room_1442.mat,4.0,1.8941176470588235,31.702226390516664,32.70095117777649,34.04694988959636,-16.995532681374826
room_acoustic_data_room_1443.mat,4.0,1.9058823529411764,32.43751265414978,33.185561118586676,34.82414662410209,-17.440703784858197
room_acoustic_data_room_1444.mat,4.0,1.9176470588235295,32.96385946789092,33.51490525083101,35.39373979750573,-17.769822156637474
room_acoustic_data_room_1445.mat,4.0,1.9294117647058824,33.303014852419224,33.81563916017993,35.73129540103375,-18.006739344701394
room_acoustic_data_room_1446.mat,4.0,1.9411764705882353,33.50825399606584,34.118529088381734,35.84993222716607,-18.205457238021307
room_acoustic_data_room_1447.mat,4.0,1.9529411764705882,33.47949036791531,34.28562421916726,35.71585245021306,-18.26582127877521
room_acoustic_data_room_1448.mat,4.0,1.964705882352941,33.16727629181974,34.2637506571278,35.28286930569581,-18.137497586504
room_acoustic_data_room_1449.mat,4.0,1.9764705882352942,32.40340021638991,33.80308625809158,34.51879065260443,-17.64995968885469
room_acoustic_data_room_1450.mat,4.0,1.988235294117647,32.107789367112005,33.54934948873461,34.28337901243439,-17.42009260548948
room_acoustic_data_room_1451.mat,4.0,2.0,32.74519823738372,33.81897020778507,35.084612841803356,-17.74576219408027
room_acoustic_data_room_1452.mat,4.0,2.011764705882353,33.056971788748946,33.76101062995263,35.59947637407507,-17.837925296900693
room_acoustic_data_room_1453.mat,4.0,2.023529411764706,33.07532187915511,33.53374974213267,35.76001541821593,-17.7313525831734
room_acoustic_data_room_1454.mat,4.0,2.0352941176470587,32.942114448617275,33.268600889456636,35.63608213009213,-17.56891175322119
room_acoustic_data_room_1455.mat,4.0,2.0470588235294116,32.63512786883101,32.96245563774814,35.26382982374934,-17.328522674602034
room_acoustic_data_room_1456.mat,4.0,2.0588235294117645,32.11644021404438,32.61107439614839,34.64703718990584,-16.971688712623283
room_acoustic_data_room_1457.mat,4.0,2.070588235294118,31.389849011433423,32.13848480598628,33.86888945884281,-16.500409838283154
room_acoustic_data_room_1458.mat,4.0,2.0823529411764707,30.746486364882585,31.697896941476003,33.231041579276436,-16.090921946340295
room_acoustic_data_room_1459.mat,4.0,2.0941176470588236,31.48304669775782,32.24647223362161,33.927486055578484,-16.495818215085322
room_acoustic_data_room_1460.mat,4.0,2.1058823529411765,32.013944584811526,32.64983259137421,34.48537529686788,-16.786534743012375
room_acoustic_data_room_1461.mat,4.0,2.1176470588235294,32.43165163636014,33.01193570912414,34.921811500282885,-17.05862249124462
room_acoustic_data_room_1462.mat,4.0,2.1294117647058823,32.703087346092076,33.303627845316115,35.19295371766982,-17.28031968201627
room_acoustic_data_room_1463.mat,4.0,2.1411764705882352,32.76757493966245,33.55564895584499,35.209444468642495,-17.391294276551868
room_acoustic_data_room_1464.mat,4.0,2.152941176470588,32.605287548165734,33.72070601226227,34.9198984414097,-17.37140465724324
room_acoustic_data_room_1465.mat,4.0,2.164705882352941,32.06871211186027,33.60273387014864,34.282889875636,-17.071789904290156
room_acoustic_data_room_1466.mat,4.0,2.176470588235294,31.119214808988396,33.058070998739254,33.31984710074251,-16.450631009283764
room_acoustic_data_room_1467.mat,4.0,2.1882352941176473,31.810568355477642,33.627752311087924,33.94826124002405,-16.86675400830677
room_acoustic_data_room_1468.mat,4.0,2.2,32.3830615808114,33.95654044940177,34.50754031348644,-17.17906126722461
room_acoustic_data_room_1469.mat,4.0,2.211764705882353,32.64626576118117,33.95437738189778,34.813720387614126,-17.276434618713765
room_acoustic_data_room_1470.mat,4.0,2.223529411764706,32.61264601714318,33.68967065706748,34.87028964732172,-17.172962110589612
room_acoustic_data_room_1471.mat,4.0,2.235294117647059,32.37928491543234,33.35232475193243,34.677325734364665,-16.966212396517683
room_acoustic_data_room_1472.mat,4.0,2.2470588235294118,31.9672874423277,33.00907136184013,34.29186754971176,-16.67711539007521
room_acoustic_data_room_1473.mat,4.0,2.2588235294117647,31.359614341501132,32.543816364017324,33.696707450420234,-16.287580254386203
room_acoustic_data_room_1474.mat,4.0,2.2705882352941176,30.474012868361445,31.85033106955464,32.884786035690745,-15.712665897148543
room_acoustic_data_room_1475.mat,4.0,2.2823529411764705,30.78291771823208,32.05815810389491,33.18092377562292,-15.896787770616212
room_acoustic_data_room_1476.mat,4.0,2.2941176470588234,31.46758428818896,32.55601168015593,33.85991347707784,-16.29893634714261
room_acoustic_data_room_1477.mat,4.0,2.3058823529411763,31.93898569171527,32.89527289248388,34.35463948772914,-16.581342253379425
room_acoustic_data_room_1478.mat,4.0,2.3176470588235296,32.20330109491724,33.15721455957581,34.61528468666322,-16.752066329993063
room_acoustic_data_room_1479.mat,4.0,2.3294117647058825,32.32034558402353,33.340075755726424,34.679237978248956,-16.871466270388797
room_acoustic_data_room_1480.mat,4.0,2.3411764705882354,32.24195862023918,33.46445865016615,34.52632129567584,-16.891202309098688
room_acoustic_data_room_1481.mat,4.0,2.3529411764705883,31.86167834187865,33.37411343862052,34.107720032678806,-16.70387439158671
room_acoustic_data_room_1482.mat,4.0,2.364705882352941,31.054470103491397,32.85599430759302,33.34947410938169,-16.18208335410309
room_acoustic_data_room_1483.mat,4.0,2.376470588235294,30.959346540858448,32.76915157493822,33.2906015757792,-16.088149132153116
room_acoustic_data_room_1484.mat,4.0,2.388235294117647,31.579635142277965,33.16366534539192,33.92537166636934,-16.398538935383712
room_acoustic_data_room_1485.mat,4.0,2.4,31.88706671576943,33.20232215243554,34.29130187040676,-16.48763257484411
room_acoustic_data_room_1486.mat,4.0,2.411764705882353,31.953872543065245,33.04518553780683,34.421744640650054,-16.429803579740355
room_acoustic_data_room_1487.mat,4.0,2.4235294117647057,31.850690950656187,32.78907034395892,34.34478569811853,-16.2962839446114
room_acoustic_data_room_1488.mat,4.0,2.4352941176470586,31.60025005521078,32.53466501641215,34.0561974875933,-16.109594967112855
room_acoustic_data_room_1489.mat,4.0,2.447058823529412,31.207773585199053,32.26183155306095,33.576302763843444,-15.874123526373465
room_acoustic_data_room_1490.mat,4.0,2.458823529411765,30.595141281761414,31.82251575973796,32.905649854504844,-15.509762625454206
room_acoustic_data_room_1491.mat,4.0,2.4705882352941178,30.259482883582365,31.561052319534312,32.548680139263205,-15.299511818059512
room_acoustic_data_room_1492.mat,4.0,2.4823529411764707,31.002335279485052,32.13559933455612,33.2505796231396,-15.699635926059939
room_acoustic_data_room_1493.mat,4.0,2.4941176470588236,31.580135291161156,32.56897820942394,33.7998546251557,-16.023525699505555
room_acoustic_data_room_1494.mat,4.0,2.5058823529411764,32.02309913530969,32.90141336867043,34.24702430692551,-16.30409219896652
room_acoustic_data_room_1495.mat,4.0,2.5176470588235293,32.313156310149495,33.21097697928299,34.50196827345234,-16.524173182096145
room_acoustic_data_room_1496.mat,4.0,2.5294117647058822,32.43091413054802,33.514910240748584,34.51707940084145,-16.66432721131178
room_acoustic_data_room_1497.mat,4.0,2.541176470588235,32.32558082324228,33.77285976367234,34.268747666678976,-16.67311715855934
room_acoustic_data_room_1498.mat,4.0,2.552941176470588,31.906062475297034,33.805152819942904,33.753599462966946,-16.45784640646527
room_acoustic_data_room_1499.mat,4.0,2.5647058823529414,31.24152084991311,33.49991147421238,33.07353485679284,-16.063749522701215
room_acoustic_data_room_1500.mat,4.0,2.5764705882352943,32.064594930928294,34.2205698452886,33.82863306495922,-16.507732232726482
room_acoustic_data_room_1501.mat,4.0,2.588235294117647,32.60891453562065,34.54744917813366,34.36758923637492,-16.759560031434823
room_acoustic_data_room_1502.mat,4.0,2.6,32.84508094222148,34.501648556074194,34.67622325753282,-16.793038058203955
room_acoustic_data_room_1503.mat,4.0,2.611764705882353,32.877159763368454,34.254252080180414,34.790078582460254,-16.713433095014828
room_acoustic_data_room_1504.mat,4.0,2.623529411764706,32.77076675767478,33.982998270330874,34.715709955589396,-16.58655645584638
room_acoustic_data_room_1505.mat,4.0,2.635294117647059,32.50782143836919,33.700709320895974,34.43865402623167,-16.394149240880104
room_acoustic_data_room_1506.mat,4.0,2.6470588235294117,32.1101177932089,33.36641416353154,34.01932688528172,-16.157303221698516
room_acoustic_data_room_1507.mat,4.0,2.6588235294117646,31.529671495059194,32.889865662584995,33.459933608079794,-15.825965042807473
room_acoustic_data_room_1508.mat,4.0,2.6705882352941175,31.82381191845678,33.04622448314842,33.71242248661333,-15.950096269755145
room_acoustic_data_room_1509.mat,4.0,2.6823529411764704,32.482069192821605,33.42414170411381,34.356677791055375,-16.27331684038329
room_acoustic_data_room_1510.mat,4.0,2.6941176470588237,33.049280975901425,33.71628238289274,34.95958542993925,-16.595931741253573
room_acoustic_data_room_1511.mat,4.0,2.7058823529411766,33.55281217704345,34.03855151325298,35.46137292526934,-16.947357075975372
room_acoustic_data_room_1512.mat,4.0,2.7176470588235295,33.93137482695477,34.30894945616317,35.84070890659642,-17.267140014806305
room_acoustic_data_room_1513.mat,4.0,2.7294117647058824,34.048569982177526,34.40347940105613,36.02732028708536,-17.419378060885606
room_acoustic_data_room_1514.mat,4.0,2.7411764705882353,33.85244229711316,34.2672884241693,35.92070422275232,-17.35228260156333
room_acoustic_data_room_1515.mat,4.0,2.7529411764705882,33.16885007504518,33.728716812664885,35.41739078709372,-16.890643769855593
room_acoustic_data_room_1516.mat,4.0,2.764705882352941,32.704113940344584,33.18038004349638,35.16324095488422,-16.449733244726822
room_acoustic_data_room_1517.mat,4.0,2.776470588235294,33.08955460574247,33.043098731614265,35.70958469283425,-16.447913771463906
room_acoustic_data_room_1518.mat,4.0,2.788235294117647,33.145485080486,32.60501964695769,35.89372131755299,-16.210963444484744
room_acoustic_data_room_1519.mat,4.0,2.8,33.073934275606724,32.14033648941341,35.836667299044905,-15.9429954864416
room_acoustic_data_room_1520.mat,4.0,2.8117647058823527,32.935826038226836,31.684167710600093,35.622351799918704,-15.706581144589002
room_acoustic_data_room_1521.mat,4.0,2.823529411764706,32.69014088711204,31.34603506435408,35.17120450440145,-15.463865533083679
room_acoustic_data_room_1522.mat,4.0,2.835294117647059,32.30577360431185,31.003412575823322,34.550381728334514,-15.188983772513776
room_acoustic_data_room_1523.mat,4.0,2.847058823529412,31.687433688901013,30.592290002935535,33.657080042424795,-14.792241171024331
room_acoustic_data_room_1524.mat,4.0,2.8588235294117648,32.25711130370268,30.963392342431092,33.929617680406245,-15.010957537855422
room_acoustic_data_room_1525.mat,4.0,2.8705882352941177,33.12425266307392,31.56897443733673,34.616773012045236,-15.380373182537294
room_acoustic_data_room_1526.mat,4.0,2.8823529411764706,33.71039220382494,32.075053089985225,35.051576907635685,-15.581883836259912
room_acoustic_data_room_1527.mat,4.0,2.8941176470588235,34.01397867706387,32.582430435853546,35.17716711275539,-15.614271569241915
room_acoustic_data_room_1528.mat,4.0,2.9058823529411764,34.55708593176138,33.39184999324327,35.462133495187025,-15.77678513885747
room_acoustic_data_room_1529.mat,4.0,2.9176470588235293,35.71754901591052,34.62560672342118,36.19904417753742,-16.183264760085194
room_acoustic_data_room_1530.mat,4.0,2.929411764705882,36.36555547290278,35.65411301532228,36.616887801023324,-16.192857209348958
room_acoustic_data_room_1531.mat,4.0,2.9411764705882355,36.478701108963016,36.35736947829257,36.72989694655274,-15.773442709326478
room_acoustic_data_room_1532.mat,4.0,2.9529411764705884,36.23542542139242,36.59436998443968,36.655706718492794,-15.091922186038627
room_acoustic_data_room_1533.mat,4.0,2.9647058823529413,35.8037438347765,36.418604225097155,36.50164166030666,-14.303873422285886
room_acoustic_data_room_1534.mat,4.0,2.976470588235294,35.30231709041631,35.98880092727383,36.318131593312,-13.515492431340272
room_acoustic_data_room_1535.mat,4.0,2.988235294117647,34.77577045604839,35.43848818173095,36.12000803556627,-12.759643106671748
room_acoustic_data_room_1536.mat,4.0,3.0,34.26709656551663,34.86628566747045,35.92202809817739,-12.068756128105436
room_acoustic_data_room_1537.mat,0.0,-1.0,32.34704226459882,33.9906760750431,33.971339475092414,-10.131723934916955
room_acoustic_data_room_1538.mat,0.011764705882352941,-1.0,32.80368765776658,34.49296695433044,34.15705641990547,-10.766279412807844
room_acoustic_data_room_1539.mat,0.023529411764705882,-1.0,33.28847672183506,34.952601510538614,34.3455900690236,-11.475256285446928
room_acoustic_data_room_1540.mat,0.03529411764705882,-1.0,33.76384452988861,35.26899441841454,34.51359032354275,-12.231584662141996
room_acoustic_data_room_1541.mat,0.047058823529411764,-1.0,34.11621693173856,35.299502454837636,34.59190157704117,-12.933353856777261
room_acoustic_data_room_1542.mat,0.058823529411764705,-1.0,34.32590138373933,35.023657124093454,34.61928688741544,-13.573141085860765
room_acoustic_data_room_1543.mat,0.07058823529411765,-1.0,34.21139877426072,34.345105780277606,34.4797259596199,-13.981508963554825
room_acoustic_data_room_1544.mat,0.08235294117647059,-1.0,33.846452218319,33.344925954354984,34.19276908229304,-14.243144776786432
room_acoustic_data_room_1545.mat,0.09411764705882353,-1.0,32.99160262052299,32.30215118204265,33.60807682893297,-14.127628080966957
room_acoustic_data_room_1546.mat,0.10588235294117647,-1.0,32.5413440019917,31.71125506045321,33.44435235209628,-14.114813068722478
room_acoustic_data_room_1547.mat,0.11764705882352941,-1.0,32.39555903237742,31.37340695796435,33.49657990337092,-14.225067280175177
room_acoustic_data_room_1548.mat,0.12941176470588237,-1.0,32.08018432441924,31.16444664922204,33.47064576710676,-14.279252475229613
room_acoustic_data_room_1549.mat,0.1411764705882353,-1.0,31.575687615443325,30.92390034923558,33.26828732435098,-14.26102358631669
room_acoustic_data_room_1550.mat,0.15294117647058825,-1.0,31.001323982235807,30.68632205427425,32.974906585252974,-14.165931959435838
room_acoustic_data_room_1551.mat,0.16470588235294117,-1.0,31.49713472439881,31.07534048910143,33.65728535768652,-14.430616965397904
room_acoustic_data_room_1552.mat,0.17647058823529413,-1.0,31.74294469730196,31.35262481011602,34.10217542551204,-14.561131873098583
room_acoustic_data_room_1553.mat,0.18823529411764706,-1.0,31.84141456752325,31.60184364224368,34.32573130962538,-14.656064959685061
room_acoustic_data_room_1554.mat,0.2,-1.0,31.93434986589122,31.964977396084944,34.44484940030144,-14.852095832026631
room_acoustic_data_room_1555.mat,0.21176470588235294,-1.0,31.910959853939197,32.316263715685416,34.46678602512557,-15.034231758994185
room_acoustic_data_room_1556.mat,0.2235294117647059,-1.0,31.74297046228289,32.60727125486366,34.23891104283909,-15.17071538434722
room_acoustic_data_room_1557.mat,0.23529411764705882,-1.0,31.3792826291629,32.580606907888274,33.807463202376354,-15.20611174065181
room_acoustic_data_room_1558.mat,0.24705882352941178,-1.0,31.744623847348336,32.97707572040175,34.09652081172548,-15.426143940092377
room_acoustic_data_room_1559.mat,0.25882352941176473,-1.0,32.080095532467155,33.29688141603909,34.405305990225884,-15.551359165554475
room_acoustic_data_room_1560.mat,0.27058823529411763,-1.0,32.271958255654766,33.44259254350937,34.60260381474187,-15.62607161868237
room_acoustic_data_room_1561.mat,0.2823529411764706,-1.0,32.250636443675575,33.36401553319141,34.61831935379913,-15.580389775436114
room_acoustic_data_room_1562.mat,0.29411764705882354,-1.0,32.1849389645741,33.3412018076419,34.52662734832144,-15.582213944945158
room_acoustic_data_room_1563.mat,0.3058823529411765,-1.0,32.14535992786198,33.388593630384186,34.408741852304146,-15.701269263876332
room_acoustic_data_room_1564.mat,0.3176470588235294,-1.0,32.08127543124186,33.40607222318883,34.24171223336905,-15.886096487081865
room_acoustic_data_room_1565.mat,0.32941176470588235,-1.0,31.785038178493558,33.21022565065145,33.87502914003341,-15.927147774425334
room_acoustic_data_room_1566.mat,0.3411764705882353,-1.0,31.674348291515102,33.14200710276188,33.75104991484248,-15.953560257935466
room_acoustic_data_room_1567.mat,0.35294117647058826,-1.0,32.15083392531358,33.524731572766264,34.23478733515299,-16.186685797536125
room_acoustic_data_room_1568.mat,0.36470588235294116,-1.0,32.41412637048872,33.71938206568811,34.53782977608868,-16.29334246619895
room_acoustic_data_room_1569.mat,0.3764705882352941,-1.0,32.50731444043664,33.83946024760155,34.63336845482705,-16.318950940409195
room_acoustic_data_room_1570.mat,0.38823529411764707,-1.0,32.588020010608396,34.03205883909993,34.6306073172721,-16.422153250068387
room_acoustic_data_room_1571.mat,0.4,-1.0,32.57991530893078,34.216835504048234,34.48177498437436,-16.527104805652222
room_acoustic_data_room_1572.mat,0.4117647058823529,-1.0,32.42605349853795,34.311587526735046,34.15218574438971,-16.576898174939615
room_acoustic_data_room_1573.mat,0.4235294117647059,-1.0,31.999969812064236,34.11346500964947,33.581564138928385,-16.44399853018441
room_acoustic_data_room_1574.mat,0.43529411764705883,-1.0,31.289844498708174,33.45846415576795,32.79907363706192,-16.113403987258806
room_acoustic_data_room_1575.mat,0.4470588235294118,-1.0,31.881046191509625,33.818345084811874,33.48174425413414,-16.430490943749746
room_acoustic_data_room_1576.mat,0.4588235294117647,-1.0,32.21171145425553,33.83677741700501,33.96701029035511,-16.55696207149499
room_acoustic_data_room_1577.mat,0.47058823529411764,-1.0,32.352711089825334,33.70637669915227,34.26533617057886,-16.583784479224594
room_acoustic_data_room_1578.mat,0.4823529411764706,-1.0,32.38274195795355,33.55171254411138,34.40416875085683,-16.59121491231041
room_acoustic_data_room_1579.mat,0.49411764705882355,-1.0,32.31628443725852,33.3501755499656,34.390397353768165,-16.59436215155514
room_acoustic_data_room_1580.mat,0.5058823529411764,-1.0,32.17169352756513,33.15175600644964,34.2369468778865,-16.611661966586336
room_acoustic_data_room_1581.mat,0.5176470588235295,-1.0,31.86309310600955,32.888674853862405,33.89368199417532,-16.556412773981172
room_acoustic_data_room_1582.mat,0.5294117647058824,-1.0,31.238767277955446,32.40098673416144,33.31574719501762,-16.274318892230855
room_acoustic_data_room_1583.mat,0.5411764705882353,-1.0,31.492649791861197,32.61561595743137,33.647485728962764,-16.410358962594863
room_acoustic_data_room_1584.mat,0.5529411764705883,-1.0,31.88911114947114,32.917550909804675,34.18497547865174,-16.557849206165177
room_acoustic_data_room_1585.mat,0.5647058823529412,-1.0,32.107255593226185,33.10955451429888,34.5121312343315,-16.6182924133968
room_acoustic_data_room_1586.mat,0.5764705882352941,-1.0,32.24326434290085,33.31503585222399,34.64905547531644,-16.689949356495607
room_acoustic_data_room_1587.mat,0.5882352941176471,-1.0,32.29345908343325,33.48847719309176,34.623604490866214,-16.77002534484266
room_acoustic_data_room_1588.mat,0.6,-1.0,32.23239289017675,33.603076426992246,34.42638149132329,-16.833288840676616
room_acoustic_data_room_1589.mat,0.611764705882353,-1.0,32.03713997054261,33.59198686125428,34.10102283512276,-16.85620354037036
room_acoustic_data_room_1590.mat,0.6235294117647059,-1.0,31.580620160382594,33.25403649207483,33.54887041168936,-16.709516534705525
room_acoustic_data_room_1591.mat,0.6352941176470588,-1.0,31.63156403157892,33.25348853950774,33.60625785103161,-16.75948027316545
room_acoustic_data_room_1592.mat,0.6470588235294118,-1.0,32.19204108539671,33.602384662163225,34.213021681632306,-17.034377281416607
room_acoustic_data_room_1593.mat,0.6588235294117647,-1.0,32.43199631780699,33.72490811397227,34.52774621163897,-17.08129767327175
room_acoustic_data_room_1594.mat,0.6705882352941176,-1.0,32.508157530239515,33.66160223429714,34.67539368683467,-17.059304492952368
room_acoustic_data_room_1595.mat,0.6823529411764706,-1.0,32.46548867840571,33.570190632183014,34.64062135827218,-17.014277189919472
room_acoustic_data_room_1596.mat,0.6941176470588235,-1.0,32.33711808522696,33.50449260759193,34.43215380058152,-16.979507516509674
room_acoustic_data_room_1597.mat,0.7058823529411765,-1.0,32.10308316993069,33.368606936300104,34.13821466871947,-16.934480344015693
room_acoustic_data_room_1598.mat,0.7176470588235294,-1.0,31.595049359170396,33.031232076804415,33.63097154906889,-16.708973890977255
room_acoustic_data_room_1599.mat,0.7294117647058823,-1.0,31.35093317606565,32.869879858646144,33.42061347188726,-16.589499337469015
room_acoustic_data_room_1600.mat,0.7411764705882353,-1.0,31.98962227571252,33.362677815203114,34.07497495476852,-16.91752854511541
room_acoustic_data_room_1601.mat,0.7529411764705882,-1.0,32.30708446509577,33.6067510678326,34.45624930269384,-17.016873807829715
room_acoustic_data_room_1602.mat,0.7647058823529411,-1.0,32.54566874760208,33.80058396854045,34.75958908198739,-17.132572701760438
room_acoustic_data_room_1603.mat,0.7764705882352941,-1.0,32.722950047056756,34.03168368490525,34.90752270187208,-17.283252710123367
room_acoustic_data_room_1604.mat,0.788235294117647,-1.0,32.77666611228068,34.25272112793904,34.82694928906328,-17.406827886065056
room_acoustic_data_room_1605.mat,0.8,-1.0,32.63692738991817,34.308597086082806,34.57239603896289,-17.432923751754817
room_acoustic_data_room_1606.mat,0.8117647058823529,-1.0,32.22436839743821,34.071138356004404,34.08527105781813,-17.280552837770756
room_acoustic_data_room_1607.mat,0.8235294117647058,-1.0,31.70623461288198,33.574441468167734,33.56965667452827,-17.037648329610843
room_acoustic_data_room_1608.mat,0.8352941176470589,-1.0,32.344849913189236,33.90473390493567,34.27237137677961,-17.34792688785119
room_acoustic_data_room_1609.mat,0.8470588235294118,-1.0,32.60212509461382,33.858104017710325,34.67751660142663,-17.368242393186705
room_acoustic_data_room_1610.mat,0.8588235294117647,-1.0,32.7975334912088,33.78422771632829,34.98533531527002,-17.421253663175364
room_acoustic_data_room_1611.mat,0.8705882352941177,-1.0,32.81065821459008,33.576841691286724,35.112298674633465,-17.387891842946072
room_acoustic_data_room_1612.mat,0.8823529411764706,-1.0,32.70997842018203,33.385194348867685,35.04980374174121,-17.336950930448374
room_acoustic_data_room_1613.mat,0.8941176470588236,-1.0,32.482076985190965,33.19633468165365,34.762049844463206,-17.254669113762066
room_acoustic_data_room_1614.mat,0.9058823529411765,-1.0,32.03869111898598,32.92987846708766,34.23948265470346,-17.051464894100526
room_acoustic_data_room_1615.mat,0.9176470588235294,-1.0,31.324392649074653,32.45950258338048,33.493822674360125,-16.668830755543276
room_acoustic_data_room_1616.mat,0.9294117647058824,-1.0,31.72034101334871,32.81027679973573,33.90840968056344,-16.830904609859324
room_acoustic_data_room_1617.mat,0.9411764705882353,-1.0,32.17169941151051,33.15929656393686,34.44639028701552,-17.026950909716014
room_acoustic_data_room_1618.mat,0.9529411764705882,-1.0,32.43072333412953,33.339374332124756,34.80062017169233,-17.124121352539664
room_acoustic_data_room_1619.mat,0.9647058823529412,-1.0,32.55415007852872,33.49429272496775,34.963627971774905,-17.18095079353762
room_acoustic_data_room_1620.mat,0.9764705882352941,-1.0,32.59285545216335,33.62615458513195,34.937150092712,-17.248889750403627
room_acoustic_data_room_1621.mat,0.9882352941176471,-1.0,32.51933090780416,33.75241400746113,34.69716464464058,-17.300288180196073
room_acoustic_data_room_1622.mat,1.0,-1.0,32.15374513604304,33.69169749699588,34.16133139554891,-17.154313012063394
room_acoustic_data_room_1623.mat,1.011764705882353,-1.0,31.291938123122165,33.157812314965405,33.26547011528315,-16.604245419230978
room_acoustic_data_room_1624.mat,1.0235294117647058,-1.0,31.387275535874505,33.24352070739837,33.348108367741155,-16.633839174124816
room_acoustic_data_room_1625.mat,1.035294117647059,-1.0,32.0610152807106,33.692646911720736,34.02877003422012,-17.03124084049132
room_acoustic_data_room_1626.mat,1.0470588235294118,-1.0,32.39419949046443,33.838606454609106,34.428778454090995,-17.180534750160177
room_acoustic_data_room_1627.mat,1.0588235294117647,-1.0,32.47728579417503,33.73234527982963,34.608373604354,-17.174493455917784
room_acoustic_data_room_1628.mat,1.0705882352941176,-1.0,32.40471758103382,33.59986317671344,34.563222807649495,-17.108446553599933
room_acoustic_data_room_1629.mat,1.0823529411764705,-1.0,32.16339824674671,33.42685140517787,34.286849582747124,-16.969365466690263
room_acoustic_data_room_1630.mat,1.0941176470588236,-1.0,31.769847140643144,33.21325085288401,33.83239800741559,-16.773042843119338
room_acoustic_data_room_1631.mat,1.1058823529411765,-1.0,31.095935957384068,32.79002978967259,33.1749491718104,-16.389246848627252
room_acoustic_data_room_1632.mat,1.1176470588235294,-1.0,30.916863410258717,32.666293108261506,33.037173218932814,-16.300584246614562
room_acoustic_data_room_1633.mat,1.1294117647058823,-1.0,31.730166471879897,33.22769414384615,33.91513685448972,-16.814215338995652
room_acoustic_data_room_1634.mat,1.1411764705882352,-1.0,32.24014368498053,33.56390831737924,34.50885308493695,-17.116191712782193
room_acoustic_data_room_1635.mat,1.1529411764705881,-1.0,32.42832423275645,33.71239142200117,34.751503387132075,-17.19087315485402
room_acoustic_data_room_1636.mat,1.1647058823529413,-1.0,32.530637100068034,33.87355421839685,34.83824889402152,-17.275385666685114
room_acoustic_data_room_1637.mat,1.1764705882352942,-1.0,32.48677612546955,34.00849652651944,34.65366826751796,-17.309671576629874
room_acoustic_data_room_1638.mat,1.188235294117647,-1.0,32.25702646308533,34.01206579416793,34.263652140623854,-17.253495242745597
room_acoustic_data_room_1639.mat,1.2,-1.0,31.667361317229407,33.65155881740571,33.62575789844677,-16.93108493212762
room_acoustic_data_room_1640.mat,1.2117647058823529,-1.0,31.136438812357664,33.17167350132334,33.101315281512356,-16.636185153417383
room_acoustic_data_room_1641.mat,1.223529411764706,-1.0,32.01981916315512,33.61893937324523,34.03148320588101,-17.19638552472685
room_acoustic_data_room_1642.mat,1.2352941176470589,-1.0,32.4948227622368,33.690777357765356,34.6330066568072,-17.439190767011205
room_acoustic_data_room_1643.mat,1.2470588235294118,-1.0,32.6004746401201,33.53850479175627,34.89861659843277,-17.40695782722756
room_acoustic_data_room_1644.mat,1.2588235294117647,-1.0,32.55932775940076,33.332734714124456,34.96045709867147,-17.323744159974265
room_acoustic_data_room_1645.mat,1.2705882352941176,-1.0,32.40954974178285,33.09928914243053,34.8203608461501,-17.228127016773428
room_acoustic_data_room_1646.mat,1.2823529411764707,-1.0,32.21186291561962,32.923198713204194,34.546343573412216,-17.18046271445119
room_acoustic_data_room_1647.mat,1.2941176470588236,-1.0,31.85132598475624,32.685866590433996,34.08433736118935,-17.064344728785155
room_acoustic_data_room_1648.mat,1.3058823529411765,-1.0,31.171711018068105,32.22030149177845,33.381013759414266,-16.72023885249216
room_acoustic_data_room_1649.mat,1.3176470588235294,-1.0,31.786070012507906,32.67547496217267,34.01680712031366,-17.03286399238336
room_acoustic_data_room_1650.mat,1.3294117647058823,-1.0,32.19578616464777,33.01707513345946,34.509004324189064,-17.187612384399642
room_acoustic_data_room_1651.mat,1.3411764705882352,-1.0,32.41408468268088,33.230787551465724,34.78863977875784,-17.24499532580587
room_acoustic_data_room_1652.mat,1.3529411764705883,-1.0,32.483077692573666,33.411009563584784,34.837544633068035,-17.24896376737039
room_acoustic_data_room_1653.mat,1.3647058823529412,-1.0,32.395237972137664,33.549862233554485,34.64252015764613,-17.192576852331673
room_acoustic_data_room_1654.mat,1.3764705882352941,-1.0,32.2307046125197,33.63699328539753,34.311479663082125,-17.155751440891652
room_acoustic_data_room_1655.mat,1.388235294117647,-1.0,31.870450901373335,33.547921761503936,33.77793520863417,-17.018237773570423
room_acoustic_data_room_1656.mat,1.4,-1.0,31.25138626872811,33.14038618370653,33.05846097492524,-16.71402415553001
room_acoustic_data_room_1657.mat,1.411764705882353,-1.0,31.48051761977908,33.28407358042755,33.29981952861019,-16.78879085842626
room_acoustic_data_room_1658.mat,1.423529411764706,-1.0,31.989846775988596,33.56499991758045,33.89589078597493,-17.021902182552946
room_acoustic_data_room_1659.mat,1.4352941176470588,-1.0,32.277451635130774,33.68116179936103,34.27551318284474,-17.12702515141554
room_acoustic_data_room_1660.mat,1.4470588235294117,-1.0,32.33089043896505,33.61632259179671,34.38908006387296,-17.093951702499524
room_acoustic_data_room_1661.mat,1.4588235294117646,-1.0,32.23678846639347,33.48968359436085,34.30380632609313,-17.010110074275115
room_acoustic_data_room_1662.mat,1.4705882352941178,-1.0,32.03562067876324,33.36919929086073,34.05204079941721,-16.91589794348802
room_acoustic_data_room_1663.mat,1.4823529411764707,-1.0,31.721005664261863,33.18421080389728,33.664798615544214,-16.803913432381687
room_acoustic_data_room_1664.mat,1.4941176470588236,-1.0,31.197338323171753,32.83554542623679,33.12081476816132,-16.57595411927148
room_acoustic_data_room_1665.mat,1.5058823529411764,-1.0,31.225515479491467,32.89330263881534,33.18760323583679,-16.604131315799634
room_acoustic_data_room_1666.mat,1.5176470588235293,-1.0,31.789068171584304,33.30127103429393,33.819338685248816,-16.871975983547312
room_acoustic_data_room_1667.mat,1.5294117647058822,-1.0,32.09932309726261,33.529210948908855,34.19125837642448,-16.97960040941488
room_acoustic_data_room_1668.mat,1.5411764705882354,-1.0,32.26710417845036,33.69580450144052,34.37186075114782,-17.04042583753237
room_acoustic_data_room_1669.mat,1.5529411764705883,-1.0,32.36852574240952,33.90319812185045,34.37527836128165,-17.131587061337168
room_acoustic_data_room_1670.mat,1.5647058823529412,-1.0,32.32321424457603,34.04834248785817,34.18098634287887,-17.17278782110036
room_acoustic_data_room_1671.mat,1.576470588235294,-1.0,32.101272884833655,34.0194369725666,33.854974601848355,-17.133328357384137
room_acoustic_data_room_1672.mat,1.588235294117647,-1.0,31.557304565549998,33.634823204827796,33.29571102961982,-16.86557787709659
room_acoustic_data_room_1673.mat,1.6,-1.0,31.13955019127546,33.185129922788875,32.96257352808172,-16.6021882173914
room_acoustic_data_room_1674.mat,1.611764705882353,-1.0,31.64364671059524,33.37506203328913,33.59842691731885,-16.79143371759607
room_acoustic_data_room_1675.mat,1.6235294117647059,-1.0,31.922130741160707,33.37605871871596,34.0316576249504,-16.847177701043975
room_acoustic_data_room_1676.mat,1.6352941176470588,-1.0,32.00844090631957,33.25155267268978,34.29176390536396,-16.805779916120326
room_acoustic_data_room_1677.mat,1.6470588235294117,-1.0,31.953397504817755,33.065482406511165,34.360630883708005,-16.71928370887707
room_acoustic_data_room_1678.mat,1.6588235294117648,-1.0,31.801555008462337,32.873879537923784,34.22679033462744,-16.63246578225667
room_acoustic_data_room_1679.mat,1.6705882352941177,-1.0,31.518878437667684,32.647547584854934,33.891195217760426,-16.510704791468125
room_acoustic_data_room_1680.mat,1.6823529411764706,-1.0,31.06410524165014,32.32565013481296,33.396929981920366,-16.310899361182067
room_acoustic_data_room_1681.mat,1.6941176470588235,-1.0,30.407690067802612,31.842471664340938,32.72482203643776,-15.95621807636515
room_acoustic_data_room_1682.mat,1.7058823529411764,-1.0,31.120106839204993,32.388205159809075,33.49477286116451,-16.33312574561844
room_acoustic_data_room_1683.mat,1.7176470588235293,-1.0,31.573623387208997,32.72713538866357,34.02401853685741,-16.542223339304453
room_acoustic_data_room_1684.mat,1.7294117647058824,-1.0,31.885050821157037,32.971331995754674,34.398983592933064,-16.703628243003095
room_acoustic_data_room_1685.mat,1.7411764705882353,-1.0,32.03264041042035,33.14480634487326,34.57594496484335,-16.797056954242592
room_acoustic_data_room_1686.mat,1.7529411764705882,-1.0,32.024035846740226,33.27622246120139,34.49668358355961,-16.83051917641406
room_acoustic_data_room_1687.mat,1.7647058823529411,-1.0,31.851284832005383,33.334372341980625,34.18541504984299,-16.795652981758657
room_acoustic_data_room_1688.mat,1.776470588235294,-1.0,31.43806632381032,33.18705646453328,33.61954827283178,-16.614632836082645
room_acoustic_data_room_1689.mat,1.7882352941176471,-1.0,30.70138751636155,32.675345933850835,32.83059931660749,-16.20113401738942
room_acoustic_data_room_1690.mat,1.8,-1.0,31.212972941024884,33.08227321105187,33.34284155587304,-16.47669670560235
room_acoustic_data_room_1691.mat,1.811764705882353,-1.0,31.70226706533334,33.39689542288623,33.88996186093366,-16.6987359883572
room_acoustic_data_room_1692.mat,1.8235294117647058,-1.0,31.94702979079488,33.45262431251145,34.2477475843871,-16.769925382969603
room_acoustic_data_room_1693.mat,1.8352941176470587,-1.0,31.998011701814875,33.35268323891227,34.4056964238075,-16.74276041108061
room_acoustic_data_room_1694.mat,1.8470588235294119,-1.0,31.96972222659624,33.289520650042896,34.374769785270225,-16.732271297021693
room_acoustic_data_room_1695.mat,1.8588235294117648,-1.0,31.812757733990665,33.20333464193235,34.147422200967334,-16.688805919956625
room_acoustic_data_room_1696.mat,1.8705882352941177,-1.0,31.436843927945482,32.96343985822776,33.715304215173624,-16.520892967364926
room_acoustic_data_room_1697.mat,1.8823529411764706,-1.0,30.8299732939243,32.52546407372052,33.10677650316848,-16.213694321176146
room_acoustic_data_room_1698.mat,1.8941176470588235,-1.0,31.024246427464256,32.62633484826493,33.37864492097847,-16.317557507769397
room_acoustic_data_room_1699.mat,1.9058823529411764,-1.0,31.622633663408813,33.055376192224394,34.047197719051645,-16.625829563162004
room_acoustic_data_room_1700.mat,1.9176470588235295,-1.0,32.0290375184151,33.33473021343089,34.503315580512236,-16.8350049486311
room_acoustic_data_room_1701.mat,1.9294117647058824,-1.0,32.279033121861225,33.54433804363056,34.76239404752805,-16.982762322471967
room_acoustic_data_room_1702.mat,1.9411764705882353,-1.0,32.397993135101714,33.76690706292702,34.77079844573079,-17.095201047486867
room_acoustic_data_room_1703.mat,1.9529411764705882,-1.0,32.40895106748854,33.94109942581782,34.61990222378628,-17.195286605327695
room_acoustic_data_room_1704.mat,1.964705882352941,-1.0,32.06932100660438,33.845650626309244,34.17507682804476,-17.039546876999616
room_acoustic_data_room_1705.mat,1.9764705882352942,-1.0,31.37792887158794,33.35710557136241,33.43892344488546,-16.6244928579253
room_acoustic_data_room_1706.mat,1.988235294117647,-1.0,31.159467034615794,33.07412490221932,33.24898232524631,-16.47177471477208
room_acoustic_data_room_1707.mat,2.0,-1.0,31.827496303226233,33.411630362744866,33.989023338354485,-16.82806459297404
room_acoustic_data_room_1708.mat,2.011764705882353,-1.0,32.19619803643277,33.47827543318361,34.53231178331193,-16.977155757189085
room_acoustic_data_room_1709.mat,2.023529411764706,-1.0,32.34701072594848,33.407208662818945,34.8542253855057,-17.00304551224263
room_acoustic_data_room_1710.mat,2.0352941176470587,-1.0,32.29582486319043,33.190962214633444,34.928251851351064,-16.92262611117893
room_acoustic_data_room_1711.mat,2.0470588235294116,-1.0,32.09257734543873,32.94601700119439,34.77518279382503,-16.78597594718777
room_acoustic_data_room_1712.mat,2.0588235294117645,-1.0,31.76610942898932,32.69315435257854,34.43099505268662,-16.621361566504355
room_acoustic_data_room_1713.mat,2.070588235294118,-1.0,31.2188705414814,32.317910533957395,33.85016555969144,-16.32943483917297
room_acoustic_data_room_1714.mat,2.0823529411764707,-1.0,30.637076658533594,31.904426004989077,33.27116851020882,-15.981515542492193
room_acoustic_data_room_1715.mat,2.0941176470588236,-1.0,31.375757874275738,32.498687854781735,34.02188163158067,-16.38853248072906
room_acoustic_data_room_1716.mat,2.1058823529411765,-1.0,31.843392241794405,32.880609803171694,34.49157997743206,-16.615985267017468
room_acoustic_data_room_1717.mat,2.1176470588235294,-1.0,32.13679000787992,33.14358024765814,34.77169919427056,-16.763763501781074
room_acoustic_data_room_1718.mat,2.1294117647058823,-1.0,32.324028253363416,33.40526715146679,34.87760510270056,-16.90126299701951
room_acoustic_data_room_1719.mat,2.1411764705882352,-1.0,32.3168403930504,33.58531998916193,34.75660555565251,-16.940561905118237
room_acoustic_data_room_1720.mat,2.152941176470588,-1.0,32.15234636536372,33.66171835142511,34.43548207929359,-16.918465417604246
room_acoustic_data_room_1721.mat,2.164705882352941,-1.0,31.71308468223003,33.45951184422092,33.90822505054194,-16.716164189282004
room_acoustic_data_room_1722.mat,2.176470588235294,-1.0,30.904372688594712,32.77590081943379,33.1485146485283,-16.2357903850947
room_acoustic_data_room_1723.mat,2.1882352941176473,-1.0,31.57801674081253,33.25737453972357,33.79125276284298,-16.634203672983688
room_acoustic_data_room_1724.mat,2.2,-1.0,32.118910695135476,33.54516495323173,34.36822892984649,-16.914911466537067
room_acoustic_data_room_1725.mat,2.211764705882353,-1.0,32.332751605780295,33.56788462473005,34.69044221059795,-16.962921450887418
room_acoustic_data_room_1726.mat,2.223529411764706,-1.0,32.364583246545486,33.42045739664186,34.847017406611634,-16.92490045392772
room_acoustic_data_room_1727.mat,2.235294117647059,-1.0,32.218798819031285,33.20224736218081,34.76783487215535,-16.80572803944063
room_acoustic_data_room_1728.mat,2.2470588235294118,-1.0,31.930965995277504,32.96487775873147,34.48679307143843,-16.64079736879281
room_acoustic_data_room_1729.mat,2.2588235294117647,-1.0,31.405220057774432,32.57455408495688,33.96668298627367,-16.333193215318285
room_acoustic_data_room_1730.mat,2.2705882352941176,-1.0,30.58418469780993,31.964364709319597,33.18587233289862,-15.822852824982244
room_acoustic_data_room_1731.mat,2.2823529411764705,-1.0,30.837723202144236,32.16425193792796,33.46931429163671,-15.951598976861183
room_acoustic_data_room_1732.mat,2.2941176470588234,-1.0,31.393495493771137,32.538737578764994,34.07755735875318,-16.22486411696055
room_acoustic_data_room_1733.mat,2.3058823529411763,-1.0,31.723328438043236,32.768730298163035,34.42860348263748,-16.365723462355334
room_acoustic_data_room_1734.mat,2.3176470588235296,-1.0,31.918437742903535,32.97492079927794,34.56081998986403,-16.467281687963904
room_acoustic_data_room_1735.mat,2.3294117647058825,-1.0,32.00765579220383,33.20544014725217,34.51128470873702,-16.5589239953854
room_acoustic_data_room_1736.mat,2.3411764705882354,-1.0,31.909588446557894,33.37536511378603,34.18962304203809,-16.559090396537094
room_acoustic_data_room_1737.mat,2.3529411764705883,-1.0,31.563556174356222,33.325852915248014,33.66189564665583,-16.40617951553
room_acoustic_data_room_1738.mat,2.364705882352941,-1.0,30.89138347476397,32.859958333515806,32.94699254898153,-16.01967001154984
room_acoustic_data_room_1739.mat,2.376470588235294,-1.0,30.80044972537721,32.72028839518451,32.87811207810497,-15.928858461547836
room_acoustic_data_room_1740.mat,2.388235294117647,-1.0,31.427230010553014,33.05304908456633,33.62153617990699,-16.245874464430493
room_acoustic_data_room_1741.mat,2.4,-1.0,31.741429495592577,33.105249999330894,34.117498149417315,-16.34198522722934
room_acoustic_data_room_1742.mat,2.411764705882353,-1.0,31.84799786172913,33.04490243774946,34.362771985910015,-16.32430978170239
room_acoustic_data_room_1743.mat,2.4235294117647057,-1.0,31.822382602909446,32.90092701487728,34.394792631157856,-16.268911394759186
room_acoustic_data_room_1744.mat,2.4352941176470586,-1.0,31.695687471413994,32.72728541006723,34.23349131572847,-16.206694027738
room_acoustic_data_room_1745.mat,2.447058823529412,-1.0,31.361761362374565,32.48713638978214,33.81808694954803,-16.03064651835544
room_acoustic_data_room_1746.mat,2.458823529411765,-1.0,30.772692351873676,32.11529226979732,33.17628563153622,-15.690801628350524
room_acoustic_data_room_1747.mat,2.4705882352941178,-1.0,30.409212943748244,31.920181720418547,32.78448973931222,-15.444390438669737
room_acoustic_data_room_1748.mat,2.4823529411764707,-1.0,31.116369432673157,32.52048844374326,33.47620620817342,-15.809306307811774
room_acoustic_data_room_1749.mat,2.4941176470588236,-1.0,31.53689047190216,32.87823454543015,33.91433400366773,-15.976518578132481
room_acoustic_data_room_1750.mat,2.5058823529411764,-1.0,31.818114655663656,33.128415822382465,34.22296143386415,-16.09593574270185
room_acoustic_data_room_1751.mat,2.5176470588235293,-1.0,31.954753069175375,33.316170440400455,34.37016421900208,-16.16305776099375
room_acoustic_data_room_1752.mat,2.5294117647058822,-1.0,31.927271422171593,33.44201462135655,34.270870011535116,-16.15821441932584
room_acoustic_data_room_1753.mat,2.541176470588235,-1.0,31.743600713600543,33.503998311383455,33.9136212556024,-16.088654348475693
room_acoustic_data_room_1754.mat,2.552941176470588,-1.0,31.30400934821667,33.271451800993106,33.35316617329761,-15.85306467138973
room_acoustic_data_room_1755.mat,2.5647058823529414,-1.0,30.64940155862248,32.76858328144136,32.65046872720011,-15.472715444994682
room_acoustic_data_room_1756.mat,2.5764705882352943,-1.0,31.53998543515646,33.467631405456196,33.4425984338068,-15.9844255038579
room_acoustic_data_room_1757.mat,2.588235294117647,-1.0,32.15709377814997,33.86094723579964,34.01181299537643,-16.30894006596566
room_acoustic_data_room_1758.mat,2.6,-1.0,32.480115175097254,33.92508405147884,34.39013846488048,-16.428955970820663
room_acoustic_data_room_1759.mat,2.611764705882353,-1.0,32.56358177839304,33.82973965970378,34.551495357429125,-16.40030354677837
room_acoustic_data_room_1760.mat,2.623529411764706,-1.0,32.54391328850053,33.73958732383768,34.56085555053234,-16.359661558078283
room_acoustic_data_room_1761.mat,2.635294117647059,-1.0,32.43700064992297,33.634428420247254,34.45833361869978,-16.32275974409517
room_acoustic_data_room_1762.mat,2.6470588235294117,-1.0,32.13779752836996,33.424985295002905,34.18647380496441,-16.18381817778892
room_acoustic_data_room_1763.mat,2.6588235294117646,-1.0,31.539917088200347,32.992524313405205,33.66905625494258,-15.834304119267735
room_acoustic_data_room_1764.mat,2.6705882352941175,-1.0,31.9066301779301,33.25844426472242,34.073670430818794,-16.0342502522195
room_acoustic_data_room_1765.mat,2.6823529411764704,-1.0,32.56627414986495,33.66209322825246,34.84151905569306,-16.358230336157337
room_acoustic_data_room_1766.mat,2.6941176470588237,-1.0,32.989435276592495,33.87457021044432,35.42204615815608,-16.53583969438695
room_acoustic_data_room_1767.mat,2.7058823529411766,-1.0,33.28578098925647,34.08219217720089,35.76058978833632,-16.67856641846071
room_acoustic_data_room_1768.mat,2.7176470588235295,-1.0,33.48330951036113,34.319615373324396,35.89208082407551,-16.81498398929115
room_acoustic_data_room_1769.mat,2.7294117647058824,-1.0,33.528817285933414,34.52928912904503,35.75862998844053,-16.892148002820107
room_acoustic_data_room_1770.mat,2.7411764705882353,-1.0,33.21044699003198,34.39985156857968,35.29216038519264,-16.69825396917602
room_acoustic_data_room_1771.mat,2.7529411764705882,-1.0,32.5085568908738,33.79009837201815,34.59961151371185,-16.212735650968856
room_acoustic_data_room_1772.mat,2.764705882352941,-1.0,32.07288084275489,33.2437961632458,34.27366765351712,-15.844906783796489
room_acoustic_data_room_1773.mat,2.776470588235294,-1.0,32.54755731096051,33.21025166609113,34.9804103830086,-15.930374144524448
room_acoustic_data_room_1774.mat,2.788235294117647,-1.0,32.7163374646779,32.93848258145627,35.43496116005837,-15.803122468554234
room_acoustic_data_room_1775.mat,2.8,-1.0,32.74787413370727,32.595598018725504,35.681116218216,-15.634524668570775
room_acoustic_data_room_1776.mat,2.8117647058823527,-1.0,32.69258938538135,32.30164180925384,35.69117240355659,-15.477349044173375
room_acoustic_data_room_1777.mat,2.823529411764706,-1.0,32.601526711837266,32.0447679787952,35.51241855783331,-15.386396123336038
room_acoustic_data_room_1778.mat,2.835294117647059,-1.0,32.352013419616604,31.717076707254495,35.08496663184649,-15.24460024620061
room_acoustic_data_room_1779.mat,2.847058823529412,-1.0,31.765869460378173,31.222884237446436,34.25699125575282,-14.87946281443791
room_acoustic_data_room_1780.mat,2.8588235294117648,-1.0,32.33285927759691,31.51748235267234,34.613362788183935,-15.088143760674551
room_acoustic_data_room_1781.mat,2.8705882352941177,-1.0,33.006845879229985,32.05023474941409,35.00195109710209,-15.262579643600464
room_acoustic_data_room_1782.mat,2.8823529411764706,-1.0,33.287493953019315,32.533293894100396,34.98481245316074,-15.158647593615607
room_acoustic_data_room_1783.mat,2.8941176470588235,-1.0,33.2981061428125,32.943758674641,34.62316714412116,-14.899433443533905
room_acoustic_data_room_1784.mat,2.9058823529411764,-1.0,33.54864743280912,33.66868333184677,34.43434324762463,-14.733293219578652
room_acoustic_data_room_1785.mat,2.9176470588235293,-1.0,34.14540171164904,34.678594228570645,34.53951024733326,-14.574637901246989
room_acoustic_data_room_1786.mat,2.929411764705882,-1.0,34.403936338048574,35.497392587284025,34.55709320280353,-14.195025953277272
room_acoustic_data_room_1787.mat,2.9411764705882355,-1.0,34.37065148949589,35.983435200325644,34.55206534634709,-13.631016464321528
room_acoustic_data_room_1788.mat,2.9529411764705884,-1.0,34.14412033773022,36.016947117135615,34.47349575044349,-12.969284232390955
room_acoustic_data_room_1789.mat,2.9647058823529413,-1.0,33.77896485308294,35.69202767608169,34.345808499837915,-12.251536207399568
room_acoustic_data_room_1790.mat,2.976470588235294,-1.0,33.336066257921956,35.17215760672939,34.19307003634391,-11.525724839798224
room_acoustic_data_room_1791.mat,2.988235294117647,-1.0,32.88733923119356,34.592258745253304,34.04063484246739,-10.851638147629338
room_acoustic_data_room_1792.mat,3.0,-1.0,32.4724503903255,34.02486477687078,33.907994177659745,-10.258142922082774
room_acoustic_data_room_1793.mat,0.0,4.0,32.56215216181471,34.86200994902208,34.02535157925522,-10.346225328444504
room_acoustic_data_room_1794.mat,0.011764705882352941,4.0,33.02705027590302,35.50745066028549,34.21195433300985,-10.988750348740076
room_acoustic_data_room_1795.mat,0.023529411764705882,4.0,33.51109996559831,36.13625172243882,34.398663183793225,-11.696593758299702
room_acoustic_data_room_1796.mat,0.03529411764705882,4.0,34.008529589317,36.66048971939574,34.601333067922134,-12.474464329063471
room_acoustic_data_room_1797.mat,0.047058823529411764,4.0,34.46660247527082,36.9045578092851,34.79939297762301,-13.281296992894445
room_acoustic_data_room_1798.mat,0.058823529411764705,4.0,34.77482956074124,36.70622503325141,34.95322927978508,-14.018921387214522
room_acoustic_data_room_1799.mat,0.07058823529411765,4.0,34.83990784890527,36.02257582603042,35.031438044884915,-14.606198720462096
room_acoustic_data_room_1800.mat,0.08235294117647059,4.0,34.60830545900202,34.96455890274768,35.015684103079565,-15.000686157885191
room_acoustic_data_room_1801.mat,0.09411764705882353,4.0,33.96886031599791,33.808140819174824,34.778527406065734,-15.100388436603575
room_acoustic_data_room_1802.mat,0.10588235294117647,4.0,33.69498476367284,33.2365481748917,34.85809902586365,-15.269110791374974
room_acoustic_data_room_1803.mat,0.11764705882352941,4.0,33.721560485052365,32.90630275570613,35.13241173003697,-15.551496274934776
room_acoustic_data_room_1804.mat,0.12941176470588237,4.0,33.554545723266884,32.61646507245931,35.19396343650941,-15.753217598475459
room_acoustic_data_room_1805.mat,0.1411764705882353,4.0,33.03504964471091,32.2123349740438,34.947211200593145,-15.718047444501032
room_acoustic_data_room_1806.mat,0.15294117647058825,4.0,32.30574709537994,31.79499933613096,34.5527367414531,-15.468452080484267
room_acoustic_data_room_1807.mat,0.16470588235294117,4.0,32.8721573961112,32.11290781683124,35.406548220646876,-15.803499977068265
room_acoustic_data_room_1808.mat,0.17647058823529413,4.0,33.154000477394646,32.360956027260876,35.93738195697742,-15.969537882381664
room_acoustic_data_room_1809.mat,0.18823529411764706,4.0,33.290229832311994,32.62058396678901,36.23727728879818,-16.101689983116266
room_acoustic_data_room_1810.mat,0.2,4.0,33.47326191133534,32.959869488043395,36.400960523000464,-16.38773950980198
room_acoustic_data_room_1811.mat,0.21176470588235294,4.0,33.5057873867747,33.2843258506663,36.19835035752992,-16.62671790850839
room_acoustic_data_room_1812.mat,0.2235294117647059,4.0,33.365429564912176,33.56697173347034,35.69502099331679,-16.79310765656656
room_acoustic_data_room_1813.mat,0.23529411764705882,4.0,32.8497256154999,33.4923591642403,34.94243243975488,-16.680039730305413
room_acoustic_data_room_1814.mat,0.24705882352941178,4.0,33.34356354398953,34.013993691511274,35.393776785094616,-17.02633011889806
room_acoustic_data_room_1815.mat,0.25882352941176473,4.0,33.72095957891985,34.34921296985112,35.86320849670757,-17.19177446730105
room_acoustic_data_room_1816.mat,0.27058823529411763,4.0,33.787283494596615,34.38372956628789,36.082273462726945,-17.140490582718
room_acoustic_data_room_1817.mat,0.2823529411764706,4.0,33.73545523618126,34.329788536428396,36.1048243643293,-17.064654614266775
room_acoustic_data_room_1818.mat,0.29411764705882354,4.0,33.587140260450816,34.25960146913475,35.91810036027003,-16.9845930677104
room_acoustic_data_room_1819.mat,0.3058823529411765,4.0,33.32959638536161,34.13681536136494,35.55044367540028,-16.88649049207472
room_acoustic_data_room_1820.mat,0.3176470588235294,4.0,32.84192020675481,33.80844216071392,35.00270039749546,-16.648452856588484
room_acoustic_data_room_1821.mat,0.32941176470588235,4.0,32.16078965864384,33.30941340241792,34.308105876851954,-16.30520464234412
room_acoustic_data_room_1822.mat,0.3411764705882353,4.0,31.91886052107911,33.084295315102636,34.08825636216414,-16.196141652521717
room_acoustic_data_room_1823.mat,0.35294117647058826,4.0,32.53836457062903,33.488724142638056,34.743695241172084,-16.572976165843055
room_acoustic_data_room_1824.mat,0.36470588235294116,4.0,32.93150756970623,33.667663502424055,35.234596358961895,-16.809845674649758
room_acoustic_data_room_1825.mat,0.3764705882352941,4.0,33.169329013427046,33.765203249392854,35.578500764712395,-16.980135355920375
room_acoustic_data_room_1826.mat,0.38823529411764707,4.0,33.29148227005055,33.87236058483657,35.74018123902767,-17.12451347433166
room_acoustic_data_room_1827.mat,0.4,4.0,33.2418162203809,33.927667924484204,35.67368602240196,-17.18732604225361
room_acoustic_data_room_1828.mat,0.4117647058823529,4.0,33.04097417992677,33.900795403321375,35.37204682314864,-17.189342520284193
room_acoustic_data_room_1829.mat,0.4235294117647059,4.0,32.63634026578448,33.65042742319392,34.87652905688951,-17.077077932143514
room_acoustic_data_room_1830.mat,0.43529411764705883,4.0,31.951551482234688,33.094786457156985,34.1750950270403,-16.77129987323867
room_acoustic_data_room_1831.mat,0.4470588235294118,4.0,32.50517023654038,33.504411425110774,34.77799038798368,-17.0597823764038
room_acoustic_data_room_1832.mat,0.4588235294117647,4.0,32.760466603699115,33.575396758085596,35.16367486484673,-17.1109157788351
room_acoustic_data_room_1833.mat,0.47058823529411764,4.0,32.796487151478985,33.44334601431062,35.31431119131057,-17.0328661067181
room_acoustic_data_room_1834.mat,0.4823529411764706,4.0,32.72461274703357,33.27784855326645,35.3042413218525,-16.938741182800502
room_acoustic_data_room_1835.mat,0.49411764705882355,4.0,32.59727889592469,33.14955069624804,35.15208037660806,-16.881641350992837
room_acoustic_data_room_1836.mat,0.5058823529411764,4.0,32.3518881932226,32.98777328997383,34.83426835828993,-16.798941944013976
room_acoustic_data_room_1837.mat,0.5176470588235295,4.0,31.91355609518557,32.67821722716322,34.329168994612736,-16.614717381020768
room_acoustic_data_room_1838.mat,0.5294117647058824,4.0,31.210682047120628,32.137452756201476,33.60328418290288,-16.25453971764274
room_acoustic_data_room_1839.mat,0.5411764705882353,4.0,31.49473662387567,32.33843644926154,33.93966079025738,-16.406151175024913
room_acoustic_data_room_1840.mat,0.5529411764705883,4.0,31.96947403509279,32.666655432888945,34.51517585656997,-16.633541376947505
room_acoustic_data_room_1841.mat,0.5647058823529412,4.0,32.21534712683619,32.8139224497584,34.86756665895915,-16.72315825895059
room_acoustic_data_room_1842.mat,0.5764705882352941,4.0,32.33065612425359,32.897197543000715,35.054295431508514,-16.77523629034699
room_acoustic_data_room_1843.mat,0.5882352941176471,4.0,32.36774931875705,32.981988989112935,35.070205395779034,-16.84297723759463
room_acoustic_data_room_1844.mat,0.6,4.0,32.27439502821723,33.010829445278894,34.87148038212175,-16.87441050320775
room_acoustic_data_room_1845.mat,0.611764705882353,4.0,32.00958163038494,32.9303394011491,34.480547009990815,-16.82799453918197
room_acoustic_data_room_1846.mat,0.6235294117647059,4.0,31.51422679994331,32.66675393462593,33.8907069813692,-16.642559528180648
room_acoustic_data_room_1847.mat,0.6352941176470588,4.0,31.562880550002433,32.783970607470806,33.876767810107495,-16.69091937088885
room_acoustic_data_room_1848.mat,0.6470588235294118,4.0,32.12652087632727,33.22722776095502,34.414244010514295,-16.96902755297663
room_acoustic_data_room_1849.mat,0.6588235294117647,4.0,32.35625592611513,33.28804992392787,34.746351667824214,-17.00570596216088
room_acoustic_data_room_1850.mat,0.6705882352941176,4.0,32.44720084530591,33.239738182963116,34.935813794894834,-16.99844709691572
room_acoustic_data_room_1851.mat,0.6823529411764706,4.0,32.4417251113264,33.18419697478408,34.96600091877768,-16.9905601115348
room_acoustic_data_room_1852.mat,0.6941176470588235,4.0,32.274061981690075,33.04683792915118,34.777519162604996,-16.916453367811762
room_acoustic_data_room_1853.mat,0.7058823529411765,4.0,31.917963113045687,32.78056072792741,34.38274261533798,-16.74933013610289
room_acoustic_data_room_1854.mat,0.7176470588235294,4.0,31.323738239321152,32.31973761593145,33.81146898904173,-16.437613149974993
room_acoustic_data_room_1855.mat,0.7294117647058823,4.0,30.961791010342434,32.06179300105538,33.48475517670937,-16.200458361864648
room_acoustic_data_room_1856.mat,0.7411764705882353,4.0,31.56382958165822,32.54390388908805,34.10582446725155,-16.49180212173124
room_acoustic_data_room_1857.mat,0.7529411764705882,4.0,31.972437763613648,32.81617621006531,34.598537666326024,-16.682268566157198
room_acoustic_data_room_1858.mat,0.7647058823529411,4.0,32.23353655961154,32.994055155032044,34.92172535250827,-16.82046520874347
room_acoustic_data_room_1859.mat,0.7764705882352941,4.0,32.38990201712457,33.15839480931285,35.077450023446836,-16.950218627909464
room_acoustic_data_room_1860.mat,0.788235294117647,4.0,32.41252327869456,33.27820801002315,35.03647137075182,-17.04269248429432
room_acoustic_data_room_1861.mat,0.8,4.0,32.25026257302145,33.27922646251259,34.76107858968455,-17.046262647496302
room_acoustic_data_room_1862.mat,0.8117647058823529,4.0,31.856320857680565,33.05597241727599,34.27468369931811,-16.9125070229895
room_acoustic_data_room_1863.mat,0.8235294117647058,4.0,31.325409389930343,32.61112879274883,33.751076621805524,-16.656826258320393
room_acoustic_data_room_1864.mat,0.8352941176470589,4.0,32.0233523099636,33.102560278621795,34.41148961872842,-17.026430917278216
room_acoustic_data_room_1865.mat,0.8470588235294118,4.0,32.39343211164045,33.2678026846694,34.83381466662432,-17.1595501847767
room_acoustic_data_room_1866.mat,0.8588235294117647,4.0,32.46675370468602,33.176262292360924,35.02780836178701,-17.090474151845847
room_acoustic_data_room_1867.mat,0.8705882352941177,4.0,32.40357909820192,33.03483767773201,34.99961387141893,-16.980812685773035
room_acoustic_data_room_1868.mat,0.8823529411764706,4.0,32.25277418156092,32.90032445970346,34.8020285064809,-16.87974642390178
room_acoustic_data_room_1869.mat,0.8941176470588236,4.0,31.98776570910711,32.73130931430879,34.4498395281352,-16.760357384329055
room_acoustic_data_room_1870.mat,0.9058823529411765,4.0,31.550060174602507,32.46359981058245,33.927745707335745,-16.56283333129879
room_acoustic_data_room_1871.mat,0.9176470588235294,4.0,30.917925587735745,32.015150409745615,33.2737482146337,-16.2623629226185
room_acoustic_data_room_1872.mat,0.9294117647058824,4.0,31.260563509781058,32.302786162435225,33.6551221976284,-16.371126184168638
room_acoustic_data_room_1873.mat,0.9411764705882353,4.0,31.6197077935755,32.5932743741904,34.07840988523126,-16.4749582258415
room_acoustic_data_room_1874.mat,0.9529411764705882,4.0,31.80077028532509,32.760328952855616,34.33394689678203,-16.49416710268661
room_acoustic_data_room_1875.mat,0.9647058823529412,4.0,31.90371193349847,32.92424959909874,34.475759101973715,-16.530511320540928
room_acoustic_data_room_1876.mat,0.9764705882352941,4.0,31.940186620106328,33.08279392592183,34.474839918373696,-16.596219471330485
room_acoustic_data_room_1877.mat,0.9882352941176471,4.0,31.852617548204982,33.16954132459328,34.27273420815006,-16.63357326254343
room_acoustic_data_room_1878.mat,1.0,4.0,31.59944991823558,33.117515129495686,33.89264047625495,-16.600016133887042
room_acoustic_data_room_1879.mat,1.011764705882353,4.0,31.15236206983807,32.86034141869186,33.34660822117951,-16.464667612997662
room_acoustic_data_room_1880.mat,1.0235294117647058,4.0,31.334773473088976,33.014086996366395,33.52551273819635,-16.581335261543053
room_acoustic_data_room_1881.mat,1.035294117647059,4.0,31.840157381148735,33.32226104509254,34.084344212433805,-16.810381014532133
room_acoustic_data_room_1882.mat,1.0470588235294118,4.0,32.09659068217202,33.35224852016138,34.43648022884208,-16.88292394884246
room_acoustic_data_room_1883.mat,1.0588235294117647,4.0,32.11336787620555,33.235933418362556,34.55074872087548,-16.810573487042657
room_acoustic_data_room_1884.mat,1.0705882352941176,4.0,31.97082857173481,33.04385859105083,34.472324947598956,-16.674555443179898
room_acoustic_data_room_1885.mat,1.0823529411764705,4.0,31.716849893419145,32.81631365687626,34.20403205084482,-16.52281496925652
room_acoustic_data_room_1886.mat,1.0941176470588236,4.0,31.30594041918547,32.45837528230488,33.77859569280424,-16.309133942126834
room_acoustic_data_room_1887.mat,1.1058823529411765,4.0,30.71406785073858,31.96664101872221,33.19531957219854,-16.007376535307788
room_acoustic_data_room_1888.mat,1.1176470588235294,4.0,30.436128950508184,31.738379450847685,32.9836298491112,-15.819847542395857
room_acoustic_data_room_1889.mat,1.1294117647058823,4.0,30.83479103569119,32.056230601246774,33.49187482824323,-15.918837645919876
room_acoustic_data_room_1890.mat,1.1411764705882352,4.0,31.137071581930083,32.24271499238215,33.88260587232293,-16.01311734799128
room_acoustic_data_room_1891.mat,1.1529411764705881,4.0,31.4225093144656,32.42730610794022,34.222982151886015,-16.18505597591781
room_acoustic_data_room_1892.mat,1.1647058823529413,4.0,31.56302496208044,32.581929308080625,34.36868148949764,-16.307771273643755
room_acoustic_data_room_1893.mat,1.1764705882352942,4.0,31.573144225366935,32.696179704465735,34.305868523102006,-16.39603743080612
room_acoustic_data_room_1894.mat,1.188235294117647,4.0,31.412608691670375,32.71438534397155,34.01639477325751,-16.40907523874891
room_acoustic_data_room_1895.mat,1.2,4.0,31.020030260851538,32.53494848934404,33.53145241292815,-16.283751660658762
room_acoustic_data_room_1896.mat,1.2117647058823529,4.0,30.597552694952256,32.24722914507018,33.07268079820704,-16.097296811969088
room_acoustic_data_room_1897.mat,1.223529411764706,4.0,31.297669460039913,32.750336914532,33.798460027716494,-16.474233625495128
room_acoustic_data_room_1898.mat,1.2352941176470589,4.0,31.65568095532754,32.86691683186995,34.27037135727581,-16.60004679564162
room_acoustic_data_room_1899.mat,1.2470588235294118,4.0,31.754296905863587,32.791812422430134,34.467413679191964,-16.560777962349537
room_acoustic_data_room_1900.mat,1.2588235294117647,4.0,31.687166554784298,32.65560212105572,34.438801328236394,-16.45158085931105
room_acoustic_data_room_1901.mat,1.2705882352941176,4.0,31.53073506823794,32.53051088808667,34.22358163281363,-16.349310281650812
room_acoustic_data_room_1902.mat,1.2823529411764707,4.0,31.242137621973185,32.31625490561065,33.85193626905021,-16.210735393503914
room_acoustic_data_room_1903.mat,1.2941176470588236,4.0,30.788036020846057,31.952876312729764,33.34667288277464,-16.00105277206017
room_acoustic_data_room_1904.mat,1.3058823529411765,4.0,30.06989382432692,31.410661412965727,32.61245819371152,-15.618419700993675
room_acoustic_data_room_1905.mat,1.3176470588235294,4.0,30.68081567525811,31.866644972135187,33.21573073018092,-15.92760769259446
room_acoustic_data_room_1906.mat,1.3294117647058823,4.0,31.200518734925552,32.22221368020453,33.75359545521506,-16.192343035827072
room_acoustic_data_room_1907.mat,1.3411764705882352,4.0,31.530254059129597,32.45993352852591,34.14463666600107,-16.361162825952608
room_acoustic_data_room_1908.mat,1.3529411764705883,4.0,31.705210047915703,32.65565954206119,34.358784332791814,-16.471094286576893
room_acoustic_data_room_1909.mat,1.3647058823529412,4.0,31.74286753829952,32.79902684533017,34.357842938348206,-16.540204619360377
room_acoustic_data_room_1910.mat,1.3764705882352941,4.0,31.628421578318616,32.8486241854232,34.15120089482927,-16.55346664124651
room_acoustic_data_room_1911.mat,1.388235294117647,4.0,31.325385506032724,32.790949035883344,33.690423343582786,-16.47317064346919
room_acoustic_data_room_1912.mat,1.4,4.0,30.74757053754203,32.47020359806345,32.99693313975066,-16.210206717609626
room_acoustic_data_room_1913.mat,1.411764705882353,4.0,31.202446172203487,32.8781624572967,33.35954961420941,-16.51071768469768
room_acoustic_data_room_1914.mat,1.423529411764706,4.0,31.788957412984654,33.33175189450924,33.92719749592706,-16.821011134279534
room_acoustic_data_room_1915.mat,1.4352941176470588,4.0,32.04824792949975,33.4307572737796,34.26442573662936,-16.89781979795209
room_acoustic_data_room_1916.mat,1.4470588235294117,4.0,32.10483209819729,33.412007122581066,34.37815103808858,-16.867891746927533
room_acoustic_data_room_1917.mat,1.4588235294117646,4.0,31.995953302162093,33.30169316723436,34.281620323057716,-16.769273323210324
room_acoustic_data_room_1918.mat,1.4705882352941178,4.0,31.7269033594946,33.09859653824057,33.97670628638484,-16.607179060156284
room_acoustic_data_room_1919.mat,1.4823529411764707,4.0,31.30338273075754,32.7695694980414,33.52150145411591,-16.386288952655555
room_acoustic_data_room_1920.mat,1.4941176470588236,4.0,30.695182967650666,32.28961736833244,32.917112684217315,-16.07379723081353
room_acoustic_data_room_1921.mat,1.5058823529411764,4.0,30.651067666320714,32.24217025271038,32.899446071710685,-16.029681940085176
room_acoustic_data_room_1922.mat,1.5176470588235293,4.0,31.16683346287365,32.616343045044886,33.4656852884547,-16.249739745911253
room_acoustic_data_room_1923.mat,1.5294117647058822,4.0,31.508431285266614,32.81340336473937,33.91213670185381,-16.388707097487636
room_acoustic_data_room_1924.mat,1.5411764705882354,4.0,31.743096963258374,32.96731202875436,34.21839118333023,-16.51641714610917
room_acoustic_data_room_1925.mat,1.5529411764705883,4.0,31.86415477934894,33.12307867111797,34.33404630739569,-16.62721463996498
room_acoustic_data_room_1926.mat,1.5647058823529412,4.0,31.834857806728127,33.228842327206564,34.23859269760601,-16.68442993698235
room_acoustic_data_room_1927.mat,1.576470588235294,4.0,31.62163919400391,33.17497808501254,33.939688367483804,-16.653693226718566
room_acoustic_data_room_1928.mat,1.588235294117647,4.0,31.175914371703648,32.87915682198185,33.440070735210064,-16.484186244654218
room_acoustic_data_room_1929.mat,1.6,4.0,30.872225850129254,32.599758631060666,33.13912082474878,-16.334862411174868
room_acoustic_data_room_1930.mat,1.611764705882353,4.0,31.463881015251363,32.95346194498566,33.80100109945212,-16.61166658597518
room_acoustic_data_room_1931.mat,1.6235294117647059,4.0,31.78850920626394,33.03089210817752,34.265570903762466,-16.713554753786454
room_acoustic_data_room_1932.mat,1.6352941176470588,4.0,31.89422859797194,32.94115020705356,34.524709450539184,-16.69156621403139
room_acoustic_data_room_1933.mat,1.6470588235294117,4.0,31.8974409952658,32.84571248830491,34.58206180697716,-16.663325818562207
room_acoustic_data_room_1934.mat,1.6588235294117648,4.0,31.80448586486355,32.760173595160595,34.43158846335673,-16.635395265176847
room_acoustic_data_room_1935.mat,1.6705882352941177,4.0,31.595134578094598,32.639300282299516,34.119902919734166,-16.586959560266152
room_acoustic_data_room_1936.mat,1.6823529411764706,4.0,31.15210277768712,32.335333847051004,33.59524527100374,-16.398895522441826
room_acoustic_data_room_1937.mat,1.6941176470588235,4.0,30.485014807488888,31.823087954304235,32.92544909127788,-16.033541427595125
room_acoustic_data_room_1938.mat,1.7058823529411764,4.0,31.15074142999589,32.344157665494734,33.640164732096444,-16.363758976171326
room_acoustic_data_room_1939.mat,1.7176470588235293,4.0,31.620130654143104,32.68003651045123,34.18732348556016,-16.588729269558982
room_acoustic_data_room_1940.mat,1.7294117647058824,4.0,31.894884671677836,32.8882079630016,34.53249339182065,-16.713460775468366
room_acoustic_data_room_1941.mat,1.7411764705882353,4.0,31.992631853753522,32.98804625597685,34.70601528710018,-16.757047092924594
room_acoustic_data_room_1942.mat,1.7529411764705882,4.0,31.998106648690584,33.099812217544084,34.67474520773501,-16.804588681820228
room_acoustic_data_room_1943.mat,1.7647058823529411,4.0,31.831826664185904,33.107561697580124,34.39103127537007,-16.776193520405332
room_acoustic_data_room_1944.mat,1.776470588235294,4.0,31.429617609102788,32.912352047409414,33.85422452306742,-16.60618282612489
room_acoustic_data_room_1945.mat,1.7882352941176471,4.0,30.762592351758542,32.45988489395985,33.0894313401412,-16.262337551402023
room_acoustic_data_room_1946.mat,1.8,4.0,31.308712794965963,32.882775251847484,33.619938329618044,-16.572435287567288
room_acoustic_data_room_1947.mat,1.811764705882353,4.0,31.814099422337488,33.207938969936144,34.173601660596326,-16.810567097736467
room_acoustic_data_room_1948.mat,1.8235294117647058,4.0,32.03097488895284,33.26431957436232,34.477202352986424,-16.853869252969893
room_acoustic_data_room_1949.mat,1.8352941176470587,4.0,32.067248345228606,33.21971431742699,34.559633028697135,-16.811995840566013
room_acoustic_data_room_1950.mat,1.8470588235294119,4.0,31.970713767157367,33.143664160773994,34.425149461022606,-16.733261632423464
room_acoustic_data_room_1951.mat,1.8588235294117648,4.0,31.700443778819498,32.95441758136122,34.088418664431885,-16.5764907629421
room_acoustic_data_room_1952.mat,1.8705882352941177,4.0,31.214358326546044,32.59254313190343,33.558675282929414,-16.29840616215737
room_acoustic_data_room_1953.mat,1.8823529411764706,4.0,30.530977042069868,32.05371173013068,32.86596936107655,-15.914696858413313
room_acoustic_data_room_1954.mat,1.8941176470588235,4.0,30.66210643988297,32.12824858791413,33.04707495986905,-15.955416322553585
room_acoustic_data_room_1955.mat,1.9058823529411764,4.0,31.220634207321645,32.52244236035751,33.689860143208335,-16.22382892883848
room_acoustic_data_room_1956.mat,1.9176470588235295,4.0,31.612210074248477,32.777894401837784,34.17184896775794,-16.41817633964179
room_acoustic_data_room_1957.mat,1.9294117647058824,4.0,31.858747211658468,32.97561574933802,34.449284499670355,-16.562475254312893
room_acoustic_data_room_1958.mat,1.9411764705882353,4.0,31.976095267408425,33.13684440415821,34.53163336258816,-16.673302021646514
room_acoustic_data_room_1959.mat,1.9529411764705882,4.0,31.919744618767616,33.243782035238404,34.3684027032008,-16.706078990883345
room_acoustic_data_room_1960.mat,1.964705882352941,4.0,31.653646766658813,33.18220676379975,33.98444710169061,-16.623871456210058
room_acoustic_data_room_1961.mat,1.9764705882352942,4.0,31.092803718954002,32.83456992651033,33.36916707762559,-16.33936650165044
room_acoustic_data_room_1962.mat,1.988235294117647,4.0,30.964242772718308,32.69785585749731,33.259088657973,-16.27654921965817
room_acoustic_data_room_1963.mat,2.0,4.0,31.67726953970636,33.125625785304265,34.040933878204584,-16.677836595431824
room_acoustic_data_room_1964.mat,2.011764705882353,4.0,32.07336869523714,33.21900422234086,34.578497377082414,-16.854325172236265
room_acoustic_data_room_1965.mat,2.023529411764706,4.0,32.20490977498078,33.1465265975497,34.827497434893225,-16.8609432980131
room_acoustic_data_room_1966.mat,2.0352941176470587,4.0,32.20441693374401,33.062124232500864,34.84673278051012,-16.83121688833289
room_acoustic_data_room_1967.mat,2.0470588235294116,4.0,32.041240783269515,32.91200664464209,34.6284235533588,-16.734638050157045
room_acoustic_data_room_1968.mat,2.0588235294117645,4.0,31.704891031949444,32.69342088501044,34.21414564695625,-16.56014178138326
room_acoustic_data_room_1969.mat,2.070588235294118,4.0,31.143799122731693,32.28014548629126,33.608953782501175,-16.254361967114086
room_acoustic_data_room_1970.mat,2.0823529411764707,4.0,30.511694570794745,31.782090541583095,33.014357401364826,-15.856131913248737
room_acoustic_data_room_1971.mat,2.0941176470588236,4.0,31.179941359394586,32.30190249298133,33.67799985965127,-16.19271437777552
room_acoustic_data_room_1972.mat,2.1058823529411765,4.0,31.61736795891065,32.61769452169775,34.174118466660694,-16.389959336518352
room_acoustic_data_room_1973.mat,2.1176470588235294,4.0,31.89927297729012,32.824945433775056,34.52671401212262,-16.526244750186446
room_acoustic_data_room_1974.mat,2.1294117647058823,4.0,32.062748688158024,32.99699856101959,34.716392642922344,-16.63998162261462
room_acoustic_data_room_1975.mat,2.1411764705882352,4.0,32.163310879468206,33.15034048955645,34.74816240166655,-16.787030478652618
room_acoustic_data_room_1976.mat,2.152941176470588,4.0,32.09444386073345,33.21282928361994,34.5659483879641,-16.860560880788277
room_acoustic_data_room_1977.mat,2.164705882352941,4.0,31.811976408527794,33.13654902878858,34.14511900633418,-16.815053748934528
room_acoustic_data_room_1978.mat,2.176470588235294,4.0,31.193722275124074,32.747752192680856,33.464799268053504,-16.525137656142775
room_acoustic_data_room_1979.mat,2.1882352941176473,4.0,32.01737125727434,33.44108965545787,34.13285560984016,-17.073555769404432
room_acoustic_data_room_1980.mat,2.2,4.0,32.611755348234695,33.84331242202854,34.676661585178756,-17.407753570838636
room_acoustic_data_room_1981.mat,2.211764705882353,4.0,32.89495618124123,33.9396127278782,34.968505458725716,-17.52512333553112
room_acoustic_data_room_1982.mat,2.223529411764706,4.0,32.95458876052842,33.88743565166965,35.04449433230418,-17.51490312162678
room_acoustic_data_room_1983.mat,2.235294117647059,4.0,32.86796063114242,33.796615183906084,34.96082439397769,-17.454886836672262
room_acoustic_data_room_1984.mat,2.2470588235294118,4.0,32.58999842891379,33.57041454859543,34.65045541015288,-17.29982660724908
room_acoustic_data_room_1985.mat,2.2588235294117647,4.0,32.10294487722165,33.18721900891715,34.16644581920981,-17.030914650251418
room_acoustic_data_room_1986.mat,2.2705882352941176,4.0,31.337085664796724,32.58807953852458,33.4790148155858,-16.575750212462165
room_acoustic_data_room_1987.mat,2.2823529411764705,4.0,31.488022848571035,32.68064022589869,33.70055928008596,-16.60189492307692
room_acoustic_data_room_1988.mat,2.2941176470588234,4.0,31.984178713859727,33.01299901901344,34.29574579681369,-16.815543476937854
room_acoustic_data_room_1989.mat,2.3058823529411763,4.0,32.28302314688119,33.15702088500341,34.74204615495559,-16.92541414614019
room_acoustic_data_room_1990.mat,2.3176470588235296,4.0,32.45678103975489,33.266334479272935,35.02017798810087,-17.005620774953943
room_acoustic_data_room_1991.mat,2.3294117647058825,4.0,32.512260365521826,33.34573308514595,35.115370584511886,-17.063524108225316
room_acoustic_data_room_1992.mat,2.3411764705882354,4.0,32.40813385563329,33.39103373052471,34.93092602134332,-17.057630899956855
room_acoustic_data_room_1993.mat,2.3529411764705883,4.0,32.10416040740114,33.313089482283594,34.50215496608011,-16.946777867446052
room_acoustic_data_room_1994.mat,2.364705882352941,4.0,31.511930528553545,32.925174155449376,33.87344107189569,-16.64020886498235
room_acoustic_data_room_1995.mat,2.376470588235294,4.0,31.50103569964576,32.89621294824968,33.88319960593578,-16.629436334817008
room_acoustic_data_room_1996.mat,2.388235294117647,4.0,32.08403572787839,33.28299855136491,34.51821597866382,-16.90266604833491
room_acoustic_data_room_1997.mat,2.4,4.0,32.37534893776564,33.352445261605055,34.934897896719136,-16.975876383983408
room_acoustic_data_room_1998.mat,2.411764705882353,4.0,32.42340396207269,33.25341944248543,35.10347173232254,-16.89965696922538
room_acoustic_data_room_1999.mat,2.4235294117647057,4.0,32.3443972396937,33.141670869119466,35.050798795622704,-16.790805747450822
room_acoustic_data_room_2000.mat,2.4352941176470586,4.0,32.18333753712836,33.02609732635996,34.83342918929834,-16.694109759676067
room_acoustic_data_room_2001.mat,2.447058823529412,4.0,31.826067384863883,32.833546239680445,34.37736329770218,-16.494521800219133
room_acoustic_data_room_2002.mat,2.458823529411765,4.0,31.203876783088308,32.384031279381375,33.71199066331462,-16.121242710095927
room_acoustic_data_room_2003.mat,2.4705882352941178,4.0,30.884363715756553,32.12912233092154,33.39764618310948,-15.919925965790645
room_acoustic_data_room_2004.mat,2.4823529411764707,4.0,31.594962883996423,32.64870690025429,34.12118102391486,-16.28821640193389
room_acoustic_data_room_2005.mat,2.4941176470588236,4.0,32.03238886319039,32.91977518029799,34.64051322199059,-16.472161826753503
room_acoustic_data_room_2006.mat,2.5058823529411764,4.0,32.25617497801149,33.069960254219225,34.936068885162456,-16.533860881877718
room_acoustic_data_room_2007.mat,2.5176470588235293,4.0,32.3739813377559,33.1872476923908,35.03872749664843,-16.58178466434557
room_acoustic_data_room_2008.mat,2.5294117647058822,4.0,32.376749064346775,33.27025366743606,34.955750632511204,-16.60678755209572
room_acoustic_data_room_2009.mat,2.541176470588235,4.0,32.21604449584105,33.28631161694367,34.63318060306192,-16.559818990706752
room_acoustic_data_room_2010.mat,2.552941176470588,4.0,31.83606035458284,33.14872694732275,34.10963203538367,-16.383547226673713
room_acoustic_data_room_2011.mat,2.5647058823529414,4.0,31.213725370169566,32.78876817645565,33.415236542018505,-16.040281015366396
room_acoustic_data_room_2012.mat,2.5764705882352943,4.0,32.15230320773301,33.535218858101594,34.23268401795569,-16.598975489617246
room_acoustic_data_room_2013.mat,2.588235294117647,4.0,32.717815106115054,33.89150839667488,34.77607231376322,-16.87088058621681
room_acoustic_data_room_2014.mat,2.6,4.0,32.98717766041712,34.0364781627839,35.0840651641737,-16.936177328606238
room_acoustic_data_room_2015.mat,2.611764705882353,4.0,33.09062154010576,34.036196237525175,35.19392716293829,-16.926242381274122
room_acoustic_data_room_2016.mat,2.623529411764706,4.0,33.068366574443594,33.97897903762794,35.09799378285622,-16.881311211185217
room_acoustic_data_room_2017.mat,2.635294117647059,4.0,32.8718465872933,33.78813587660363,34.823545288647324,-16.752353750621243
room_acoustic_data_room_2018.mat,2.6470588235294117,4.0,32.470127188914255,33.46212468340291,34.373109134261185,-16.507381301622853
room_acoustic_data_room_2019.mat,2.6588235294117646,4.0,31.86883641568034,32.98673469976707,33.83137119942547,-16.14958665106132
room_acoustic_data_room_2020.mat,2.6705882352941175,4.0,32.11195482310787,33.10565427517809,34.13017806739485,-16.252328594539616
room_acoustic_data_room_2021.mat,2.6823529411764704,4.0,32.766998061648145,33.41747159014168,34.880463083453314,-16.569816743055615
room_acoustic_data_room_2022.mat,2.6941176470588237,4.0,33.19550031374871,33.55843044565668,35.48322605733825,-16.74918175217792
room_acoustic_data_room_2023.mat,2.7058823529411766,4.0,33.510554851024146,33.70112195346139,35.93633169788908,-16.905285389064538
room_acoustic_data_room_2024.mat,2.7176470588235295,4.0,33.731968326598256,33.86693584194567,36.18069655877145,-17.058694412802986
room_acoustic_data_room_2025.mat,2.7294117647058824,4.0,33.817302827572334,34.009948860984416,36.20870253762284,-17.167784425762974
room_acoustic_data_room_2026.mat,2.7411764705882353,4.0,33.69196230777979,34.02687410325346,36.02979558322065,-17.159065058145423
room_acoustic_data_room_2027.mat,2.7529411764705882,4.0,33.23454685592925,33.73802269744566,35.57058248408526,-16.91177526851706
room_acoustic_data_room_2028.mat,2.764705882352941,4.0,32.77066373282282,33.333075061439686,35.196741345475935,-16.60555368360335
room_acoustic_data_room_2029.mat,2.776470588235294,4.0,33.48346899791889,33.52899576936119,35.96431417957602,-16.917140452504448
room_acoustic_data_room_2030.mat,2.788235294117647,4.0,33.76042521324774,33.3276786809983,36.35442912517325,-16.88774450435438
room_acoustic_data_room_2031.mat,2.8,4.0,33.729451382029715,32.968791480516344,36.42484916924708,-16.649987782097554
room_acoustic_data_room_2032.mat,2.8117647058823527,4.0,33.56751323307476,32.505405607907335,36.17575214842305,-16.38443340134072
room_acoustic_data_room_2033.mat,2.823529411764706,4.0,33.32570425952794,32.08704811551362,35.67368913639909,-16.146261043584992
room_acoustic_data_room_2034.mat,2.835294117647059,4.0,32.86078922874465,31.63727750539239,35.00557381985503,-15.797094704222916
room_acoustic_data_room_2035.mat,2.847058823529412,4.0,32.18745913142192,31.186062896762117,34.19366580290306,-15.355380566894238
room_acoustic_data_room_2036.mat,2.8588235294117648,4.0,32.94058504726356,31.487884530959413,34.672642925459215,-15.619641148575408
room_acoustic_data_room_2037.mat,2.8705882352941177,4.0,33.537004164883655,31.77177650073486,35.09714381062333,-15.731893049058874
room_acoustic_data_room_2038.mat,2.8823529411764706,4.0,33.853543895814994,32.059133541924616,35.29289916746841,-15.680504870024357
room_acoustic_data_room_2039.mat,2.8941176470588235,4.0,33.98479334061767,32.39081025774073,35.24339627680352,-15.556831132843827
room_acoustic_data_room_2040.mat,2.9058823529411764,4.0,34.53389392383671,33.09139633727544,35.491694604674066,-15.668359601150199
room_acoustic_data_room_2041.mat,2.9176470588235293,4.0,35.568971871459546,34.19381582212879,36.07237184690775,-15.96482272197462
room_acoustic_data_room_2042.mat,2.929411764705882,4.0,36.18507700059495,35.15389719282084,36.402823763584365,-15.954751921611363
room_acoustic_data_room_2043.mat,2.9411764705882355,4.0,36.3084052306687,35.835222189947594,36.47268377368209,-15.555429511878213
room_acoustic_data_room_2044.mat,2.9529411764705884,4.0,36.09289360563663,36.12663168910513,36.41414342615473,-14.909929729527885
room_acoustic_data_room_2045.mat,2.9647058823529413,4.0,35.692950077753295,36.04292707652305,36.2973209000129,-14.160647336833097
room_acoustic_data_room_2046.mat,2.976470588235294,4.0,35.21047783933875,35.69794942473875,36.152106877601,-13.397242975933173
room_acoustic_data_room_2047.mat,2.988235294117647,4.0,34.70466905117431,35.22398176061238,35.98796490354959,-12.66725992500557
room_acoustic_data_room_2048.mat,3.0,4.0,34.21479348631354,34.71133925939029,35.822406607171764,-11.999480480327929
room_acoustic_data_room_2049.mat,-1.5,0.0,32.223686971293276,34.014990500578016,33.970164461751665,-9.930222475874585
room_acoustic_data_room_2050.mat,-1.5,0.011764705882352941,32.66857954082441,34.583610950772254,34.16700518490691,-10.529376761250866
room_acoustic_data_room_2051.mat,-1.5,0.023529411764705882,33.155048898105136,35.17671455043163,34.38232002612484,-11.21016447038549
room_acoustic_data_room_2052.mat,-1.5,0.03529411764705882,33.6718110937767,35.73163131304354,34.607612091070244,-11.971001748676944
room_acoustic_data_room_2053.mat,-1.5,0.047058823529411764,34.17076546562692,36.12713698942892,34.81614367087918,-12.77522967513276
room_acoustic_data_room_2054.mat,-1.5,0.058823529411764705,34.54906866002314,36.202893549724685,34.9699945983472,-13.533145085704216
room_acoustic_data_room_2055.mat,-1.5,0.07058823529411765,34.76608794138782,35.8964475720756,35.087111146617985,-14.21874423544169
room_acoustic_data_room_2056.mat,-1.5,0.08235294117647059,34.60320102957029,35.19843434503774,35.073127083286664,-14.629120867097118
room_acoustic_data_room_2057.mat,-1.5,0.09411764705882353,34.03660599407996,34.357961215337724,34.892299774917,-14.756603280105145
room_acoustic_data_room_2058.mat,-1.5,0.10588235294117647,32.969940146423454,33.36464300050614,34.27488730859233,-14.48915787711828
room_acoustic_data_room_2059.mat,-1.5,0.11764705882352941,32.83364558049345,32.97855782243001,34.42023206450778,-14.586765174831006
room_acoustic_data_room_2060.mat,-1.5,0.12941176470588237,32.48435151567407,32.60458516962706,34.297475759511116,-14.597876832547039
room_acoustic_data_room_2061.mat,-1.5,0.1411764705882353,31.989414121294,32.165861643237974,34.00337769382878,-14.595674914678174
room_acoustic_data_room_2062.mat,-1.5,0.15294117647058825,31.222254128535518,31.51698608680249,33.46032729446335,-14.431121756963385
room_acoustic_data_room_2063.mat,-1.5,0.16470588235294117,32.027666628883814,32.004241974628506,34.50764235867317,-14.975634305799314
room_acoustic_data_room_2064.mat,-1.5,0.17647058823529413,32.524070224837466,32.35030867609248,35.22217699723281,-15.339280574809171
room_acoustic_data_room_2065.mat,-1.5,0.18823529411764706,32.794089456715405,32.63161459707487,35.636263412107155,-15.596068058725503
room_acoustic_data_room_2066.mat,-1.5,0.2,32.90928926651577,32.972627828791985,35.72472376521007,-15.808108024509586
room_acoustic_data_room_2067.mat,-1.5,0.21176470588235294,32.92190579740592,33.254160485916415,35.58780486812467,-16.02052279751001
room_acoustic_data_room_2068.mat,-1.5,0.2235294117647059,32.73718846937033,33.3917322173692,35.19656510357783,-16.13378789325313
room_acoustic_data_room_2069.mat,-1.5,0.23529411764705882,32.235748150671846,33.262218382972506,34.51929673300114,-16.024216163534945
room_acoustic_data_room_2070.mat,-1.5,0.24705882352941178,32.62876926041338,33.670669755089826,34.83811358520821,-16.317522651225985
room_acoustic_data_room_2071.mat,-1.5,0.25882352941176473,33.10385618143589,34.027330402591645,35.31261806179652,-16.5794328717247
room_acoustic_data_room_2072.mat,-1.5,0.27058823529411763,33.25538884915833,34.07757965356805,35.516533711414844,-16.60966483997416
room_acoustic_data_room_2073.mat,-1.5,0.2823529411764706,33.1399462171042,33.90985146200569,35.453117657305725,-16.465411001028137
room_acoustic_data_room_2074.mat,-1.5,0.29411764705882354,32.94433605866155,33.71563673863399,35.20353536962452,-16.3333154740015
room_acoustic_data_room_2075.mat,-1.5,0.3058823529411765,32.768639541239246,33.579577531585024,34.894928401609306,-16.313171812380773
room_acoustic_data_room_2076.mat,-1.5,0.3176470588235294,32.598946851633144,33.43930740068623,34.57793334324171,-16.39046320120208
room_acoustic_data_room_2077.mat,-1.5,0.32941176470588235,32.252441358558656,33.175839262449045,34.14458894139067,-16.380477550888553
room_acoustic_data_room_2078.mat,-1.5,0.3411764705882353,32.14355007680699,33.08878721004921,33.962756038174064,-16.428359046833897
room_acoustic_data_room_2079.mat,-1.5,0.35294117647058826,32.73131932624227,33.557116773126914,34.471101909598296,-16.768615067134856
room_acoustic_data_room_2080.mat,-1.5,0.36470588235294116,33.08697791680014,33.82288083976796,34.82153062277145,-16.964440954354426
room_acoustic_data_room_2081.mat,-1.5,0.3764705882352941,33.31405671029478,34.00266644312564,35.026990714835044,-17.12147067086182
room_acoustic_data_room_2082.mat,-1.5,0.38823529411764707,33.40573511624584,34.18032861075788,35.08737435395116,-17.233675107376893
room_acoustic_data_room_2083.mat,-1.5,0.4,33.44026306530425,34.42070210275949,35.03268311966204,-17.379649071141632
room_acoustic_data_room_2084.mat,-1.5,0.4117647058823529,33.33276462148089,34.60654940288072,34.85978267744147,-17.4745657918279
room_acoustic_data_room_2085.mat,-1.5,0.4235294117647059,32.95515555873758,34.49842645264752,34.49464198502884,-17.389438129825418
room_acoustic_data_room_2086.mat,-1.5,0.43529411764705883,32.225662914400544,33.96569949948693,33.89942940391461,-17.03958541366486
room_acoustic_data_room_2087.mat,-1.5,0.4470588235294118,32.361952688483456,34.023081488636144,34.189091296585204,-16.913959360192298
room_acoustic_data_room_2088.mat,-1.5,0.4588235294117647,32.29173939940973,33.809498648894895,34.33654825080849,-16.63851699537264
room_acoustic_data_room_2089.mat,-1.5,0.47058823529411764,32.143352735981324,33.52000129051194,34.38695302200343,-16.3754097250119
room_acoustic_data_room_2090.mat,-1.5,0.4823529411764706,32.01702413846492,33.29295901381526,34.39091497236917,-16.226544399969065
room_acoustic_data_room_2091.mat,-1.5,0.49411764705882355,31.918466084164425,33.07824053061926,34.35821524631355,-16.198234483764484
room_acoustic_data_room_2092.mat,-1.5,0.5058823529411764,31.809651673476687,32.82428046995636,34.25410875933955,-16.25236670204634
room_acoustic_data_room_2093.mat,-1.5,0.5176470588235295,31.644818379486246,32.53797588240605,34.04256941470064,-16.342087322628522
room_acoustic_data_room_2094.mat,-1.5,0.5294117647058824,31.281496666748325,32.13375972142841,33.619440875342306,-16.322053340212552
room_acoustic_data_room_2095.mat,-1.5,0.5411764705882353,31.454121577768973,32.26066005768257,33.8172511692569,-16.360717401908712
room_acoustic_data_room_2096.mat,-1.5,0.5529411764705883,31.75868946445619,32.520145158356456,34.209510416649536,-16.417744770654902
room_acoustic_data_room_2097.mat,-1.5,0.5647058823529412,31.985051055640202,32.757995668886906,34.49925137524713,-16.487771252446773
room_acoustic_data_room_2098.mat,-1.5,0.5764705882352941,32.19316348041567,32.9574062898705,34.749795130990734,-16.632667827800955
room_acoustic_data_room_2099.mat,-1.5,0.5882352941176471,32.39343401160771,33.190784452096864,34.94722844620567,-16.863693223858583
room_acoustic_data_room_2100.mat,-1.5,0.6,32.52016079674891,33.436814663103625,34.98740107910468,-17.115422450802487
room_acoustic_data_room_2101.mat,-1.5,0.611764705882353,32.502205824605774,33.55356977234857,34.86594842063016,-17.31621157229057
room_acoustic_data_room_2102.mat,-1.5,0.6235294117647059,32.12601794007319,33.35874235195868,34.4082644622157,-17.250438571744496
room_acoustic_data_room_2103.mat,-1.5,0.6352941176470588,32.04728668139676,33.34102064363031,34.34947355046323,-17.17124400580723
room_acoustic_data_room_2104.mat,-1.5,0.6470588235294118,32.232896045009184,33.425735449602826,34.68809848318408,-17.070885717632148
room_acoustic_data_room_2105.mat,-1.5,0.6588235294117647,32.17428615894523,33.28671887451634,34.785830363911344,-16.81893887932867
room_acoustic_data_room_2106.mat,-1.5,0.6705882352941176,32.0829311892321,33.109707838319686,34.800167147283155,-16.629243418239202
room_acoustic_data_room_2107.mat,-1.5,0.6823529411764706,31.93824595504919,32.887747863018085,34.7188588123194,-16.48214327707156
room_acoustic_data_room_2108.mat,-1.5,0.6941176470588235,31.78291985393606,32.668588219137995,34.552147822137066,-16.420504101363843
room_acoustic_data_room_2109.mat,-1.5,0.7058823529411765,31.633449736165325,32.503145132825225,34.28572369075692,-16.460286863789
room_acoustic_data_room_2110.mat,-1.5,0.7176470588235294,31.37916581730499,32.26558335458881,33.93732444339549,-16.488947701405124
room_acoustic_data_room_2111.mat,-1.5,0.7294117647058823,31.289838211621227,32.14911441336815,33.83214922220147,-16.52459824163656
room_acoustic_data_room_2112.mat,-1.5,0.7411764705882353,31.850725957543812,32.61193695465315,34.408502502442964,-16.7742990097889
room_acoustic_data_room_2113.mat,-1.5,0.7529411764705882,32.16327206758628,32.92021583525363,34.78187995764006,-16.868372353851136
room_acoustic_data_room_2114.mat,-1.5,0.7647058823529411,32.44118829263729,33.16237425017577,35.113287203773055,-17.023206399160987
room_acoustic_data_room_2115.mat,-1.5,0.7764705882352941,32.653240778303484,33.40550072946585,35.3165120342927,-17.20860380392471
room_acoustic_data_room_2116.mat,-1.5,0.788235294117647,32.807221353899074,33.6796987576219,35.37366549988494,-17.432526216071725
room_acoustic_data_room_2117.mat,-1.5,0.8,32.82203201552382,33.89613065803569,35.244146413472386,-17.61339780155209
room_acoustic_data_room_2118.mat,-1.5,0.8117647058823529,32.541221461190446,33.8211256161141,34.873345246977124,-17.59315846076995
room_acoustic_data_room_2119.mat,-1.5,0.8235294117647058,32.01619456908472,33.42840152989323,34.38486741216855,-17.343896854609568
room_acoustic_data_room_2120.mat,-1.5,0.8352941176470589,32.35459057584121,33.72581926388015,34.760323605032774,-17.35341469751589
room_acoustic_data_room_2121.mat,-1.5,0.8470588235294118,32.370872431652835,33.66282607728733,34.88009023975507,-17.13235491296729
room_acoustic_data_room_2122.mat,-1.5,0.8588235294117647,32.23459748322524,33.43263474728002,34.85230888265952,-16.853456242366224
room_acoustic_data_room_2123.mat,-1.5,0.8705882352941177,32.107581007663775,33.21248121600235,34.774080566549756,-16.67986826017429
room_acoustic_data_room_2124.mat,-1.5,0.8823529411764706,31.986208291431165,33.00490954662965,34.64731755471017,-16.608282089828627
room_acoustic_data_room_2125.mat,-1.5,0.8941176470588236,31.863122841283126,32.81122560037479,34.46705096451438,-16.630999978004095
room_acoustic_data_room_2126.mat,-1.5,0.9058823529411765,31.636822783653557,32.520297066791095,34.175372893980374,-16.645214001324973
room_acoustic_data_room_2127.mat,-1.5,0.9176470588235294,31.179211744123762,32.060717835763704,33.68258263047353,-16.51975802372257
room_acoustic_data_room_2128.mat,-1.5,0.9294117647058824,31.451573914369753,32.31305541554439,33.89231348526481,-16.558024050892787
room_acoustic_data_room_2129.mat,-1.5,0.9411764705882353,31.69737293038327,32.57049100479708,34.134649346458744,-16.548081617418465
room_acoustic_data_room_2130.mat,-1.5,0.9529411764705882,31.83317010704768,32.792925153402244,34.28739290627798,-16.521751958397168
room_acoustic_data_room_2131.mat,-1.5,0.9647058823529412,31.981734878508323,33.03763804202685,34.42306255050758,-16.603591954879494
room_acoustic_data_room_2132.mat,-1.5,0.9764705882352941,32.1429105316311,33.28319066845195,34.52312680785311,-16.794008641202332
room_acoustic_data_room_2133.mat,-1.5,0.9882352941176471,32.19324373850919,33.50354860921665,34.47133516985981,-16.96940562050824
room_acoustic_data_room_2134.mat,-1.5,1.0,32.10993119862442,33.64775005399957,34.241645522358056,-17.105986696399164
room_acoustic_data_room_2135.mat,-1.5,1.011764705882353,31.654722403425744,33.42050850196741,33.73375539644926,-16.962953219607144
room_acoustic_data_room_2136.mat,-1.5,1.0235294117647058,31.687153582243262,33.536120912452844,33.74809946474995,-16.92972099057976
room_acoustic_data_room_2137.mat,-1.5,1.035294117647059,31.99358315205652,33.75348482198793,34.11222527119118,-16.959342076923356
room_acoustic_data_room_2138.mat,-1.5,1.0470588235294118,32.025258562306846,33.693177739750254,34.22302119430191,-16.806809811694446
room_acoustic_data_room_2139.mat,-1.5,1.0588235294117647,31.91190720612007,33.46947808068342,34.221282335282794,-16.604162085254035
room_acoustic_data_room_2140.mat,-1.5,1.0705882352941176,31.769844334907496,33.227998906631726,34.12690602190304,-16.468589881328743
room_acoustic_data_room_2141.mat,-1.5,1.0823529411764705,31.545402265308052,32.95148869827945,33.90435586373411,-16.346488088476757
room_acoustic_data_room_2142.mat,-1.5,1.0941176470588236,31.190479625558133,32.630118436195794,33.50332990689975,-16.189032616665177
room_acoustic_data_room_2143.mat,-1.5,1.1058823529411765,30.584252343728373,32.145465309903464,32.88518494935644,-15.873304731758541
room_acoustic_data_room_2144.mat,-1.5,1.1176470588235294,30.401089403081887,32.011478721329716,32.700558823335676,-15.780904545980922
room_acoustic_data_room_2145.mat,-1.5,1.1294117647058823,31.087221303885656,32.56705853406227,33.35788979110102,-16.16686376365533
room_acoustic_data_room_2146.mat,-1.5,1.1411764705882352,31.52173370466707,32.92275285402155,33.81769335653712,-16.39302068677589
room_acoustic_data_room_2147.mat,-1.5,1.1529411764705881,31.81780806852665,33.15208965281424,34.123900776213226,-16.575389722942084
room_acoustic_data_room_2148.mat,-1.5,1.1647058823529413,31.992129068142997,33.35876410164254,34.27801257781325,-16.73184494180715
room_acoustic_data_room_2149.mat,-1.5,1.1764705882352942,32.01503269345562,33.56545224534309,34.22293052855651,-16.832963438776602
room_acoustic_data_room_2150.mat,-1.5,1.188235294117647,31.791808706012688,33.64222526412076,33.87781725827116,-16.783513408768115
room_acoustic_data_room_2151.mat,-1.5,1.2,31.27236477935242,33.388771506933885,33.28937381013185,-16.531662571502657
room_acoustic_data_room_2152.mat,-1.5,1.2117647058823529,30.687964727235816,32.94115818994038,32.737639929680704,-16.18387282007045
room_acoustic_data_room_2153.mat,-1.5,1.223529411764706,31.024649343791367,33.16690092341845,33.15801234814009,-16.196858448473375
room_acoustic_data_room_2154.mat,-1.5,1.2352941176470589,31.176370710560988,33.111127394328236,33.44820945170885,-16.115998451907704
room_acoustic_data_room_2155.mat,-1.5,1.2470588235294118,31.24747949155783,32.99432588596996,33.63185386129639,-16.04898436020701
room_acoustic_data_room_2156.mat,-1.5,1.2588235294117647,31.225531197999324,32.8120871994616,33.69924810871819,-15.984873206577175
room_acoustic_data_room_2157.mat,-1.5,1.2705882352941176,31.12751057868183,32.60106593844603,33.646878471086524,-15.941052384079622
room_acoustic_data_room_2158.mat,-1.5,1.2823529411764707,30.920141763953175,32.33073194602629,33.42148639979343,-15.883875656765705
room_acoustic_data_room_2159.mat,-1.5,1.2941176470588236,30.563838806486913,31.978531096257527,33.02069737449624,-15.772291900878852
room_acoustic_data_room_2160.mat,-1.5,1.3058823529411765,30.025134028486807,31.470026559536155,32.47504173980579,-15.569527847755936
room_acoustic_data_room_2161.mat,-1.5,1.3176470588235294,30.64286449181676,31.932886036451436,33.0858144773635,-15.885337567229914
room_acoustic_data_room_2162.mat,-1.5,1.3294117647058823,31.180095045627034,32.347332215878126,33.6430627834863,-16.167198336043132
room_acoustic_data_room_2163.mat,-1.5,1.3411764705882352,31.57574325848568,32.68446966255243,34.0582035065521,-16.401667520066905
room_acoustic_data_room_2164.mat,-1.5,1.3529411764705883,31.816965495081895,32.92923877186724,34.294831638456714,-16.577742902841862
room_acoustic_data_room_2165.mat,-1.5,1.3647058823529412,31.960590892778946,33.18190046979481,34.372623422351644,-16.75283568177672
room_acoustic_data_room_2166.mat,-1.5,1.3764705882352941,31.940843755527645,33.399738252677196,34.24048902862697,-16.86094195507068
room_acoustic_data_room_2167.mat,-1.5,1.388235294117647,31.758553238786284,33.449820278569476,33.95722614919836,-16.90166304780692
room_acoustic_data_room_2168.mat,-1.5,1.4,31.25972333220829,33.18030847350203,33.41920071237134,-16.718077566013857
room_acoustic_data_room_2169.mat,-1.5,1.411764705882353,31.562503641467657,33.466726820568596,33.734339820672176,-16.866467991490957
room_acoustic_data_room_2170.mat,-1.5,1.423529411764706,31.971043059526746,33.687579669850955,34.220981740068225,-16.99837747647952
room_acoustic_data_room_2171.mat,-1.5,1.4352941176470588,32.130843308490874,33.67632383553723,34.47188202795127,-16.975415187402554
room_acoustic_data_room_2172.mat,-1.5,1.4470588235294117,32.128176461337404,33.514694355161936,34.55784459615599,-16.886096070517052
room_acoustic_data_room_2173.mat,-1.5,1.4588235294117646,31.98309672300159,33.27866915829934,34.4414260122299,-16.751279175850165
room_acoustic_data_room_2174.mat,-1.5,1.4705882352941178,31.720698434746957,33.02977088172401,34.10661862864088,-16.59597832005139
room_acoustic_data_room_2175.mat,-1.5,1.4823529411764707,31.362013417834604,32.75601213635692,33.64701883425645,-16.440198003087584
room_acoustic_data_room_2176.mat,-1.5,1.4941176470588236,30.854762797714166,32.35890615369774,33.07428201463948,-16.229051820189667
room_acoustic_data_room_2177.mat,-1.5,1.5058823529411764,30.937992774068974,32.435307588895405,33.08374607733685,-16.31228186239712
room_acoustic_data_room_2178.mat,-1.5,1.5176470588235293,31.52945055160789,32.902416914816065,33.64983598475979,-16.607635279981576
room_acoustic_data_room_2179.mat,-1.5,1.5294117647058822,31.933774569332858,33.20208464966515,34.10449026599435,-16.809054674638418
room_acoustic_data_room_2180.mat,-1.5,1.5411764705882354,32.1912339277788,33.39098243334591,34.4268371728579,-16.959416677210086
room_acoustic_data_room_2181.mat,-1.5,1.5529411764705883,32.40116376405369,33.62620511390166,34.6394040359784,-17.159083746286257
room_acoustic_data_room_2182.mat,-1.5,1.5647058823529412,32.48122634538065,33.85619062982673,34.65351832388186,-17.325798673861176
room_acoustic_data_room_2183.mat,-1.5,1.576470588235294,32.29625658007404,33.95020836507047,34.35144956608277,-17.323591523156207
room_acoustic_data_room_2184.mat,-1.5,1.588235294117647,31.859762333855805,33.75543971279352,33.85643463135367,-17.16372728642765
room_acoustic_data_room_2185.mat,-1.5,1.6,31.469301382997983,33.45705277811278,33.524584906363295,-16.927656341393845
room_acoustic_data_room_2186.mat,-1.5,1.611764705882353,31.854884175135684,33.64910396513017,34.04338418045648,-16.997994774096977
room_acoustic_data_room_2187.mat,-1.5,1.6235294117647059,32.06004986093874,33.61577509346575,34.420029138902905,-16.980148914723433
room_acoustic_data_room_2188.mat,-1.5,1.6352941176470588,32.1349255999328,33.48625637376148,34.63742106481929,-16.92717130668048
room_acoustic_data_room_2189.mat,-1.5,1.6470588235294117,32.13205886348178,33.339165932251646,34.692316213488034,-16.892837252016577
room_acoustic_data_room_2190.mat,-1.5,1.6588235294117648,32.0435635619554,33.166964979666524,34.590530862540525,-16.869488866977246
room_acoustic_data_room_2191.mat,-1.5,1.6705882352941177,31.866328644927584,32.93476271937554,34.349988299727244,-16.853433040882432
room_acoustic_data_room_2192.mat,-1.5,1.6823529411764706,31.536512112190568,32.57600935208857,33.93642106792397,-16.77898635418002
room_acoustic_data_room_2193.mat,-1.5,1.6941176470588235,30.996085612427184,32.07911893690496,33.36355400412583,-16.540480690984996
room_acoustic_data_room_2194.mat,-1.5,1.7058823529411764,31.663382668799372,32.55197324313624,34.05209719112285,-16.87183706230252
room_acoustic_data_room_2195.mat,-1.5,1.7176470588235293,32.14185202464109,32.900846168495875,34.579384648958275,-17.105587254098744
room_acoustic_data_room_2196.mat,-1.5,1.7294117647058824,32.47156672878473,33.20410632067351,34.94571417446581,-17.285109906369932
room_acoustic_data_room_2197.mat,-1.5,1.7411764705882353,32.68292475617005,33.4550830166296,35.1420784325646,-17.442268170833774
room_acoustic_data_room_2198.mat,-1.5,1.7529411764705882,32.744064879804725,33.648589208958214,35.1415986530184,-17.545571186865253
room_acoustic_data_room_2199.mat,-1.5,1.7647058823529411,32.77977601004819,33.893154080353604,35.04383857784705,-17.719405220178295
room_acoustic_data_room_2200.mat,-1.5,1.776470588235294,32.55368578296376,33.897226079940275,34.71960548764792,-17.725896384107156
room_acoustic_data_room_2201.mat,-1.5,1.7882352941176471,31.90533306418271,33.52016881414002,34.043047821063595,-17.40124267767983
room_acoustic_data_room_2202.mat,-1.5,1.8,32.246601873409055,33.830851455359806,34.41642990714798,-17.505901201781686
room_acoustic_data_room_2203.mat,-1.5,1.811764705882353,32.56412663641176,33.960364073454606,34.895297591834506,-17.55583286921877
room_acoustic_data_room_2204.mat,-1.5,1.8235294117647058,32.579630694549294,33.838835285109425,35.03856726252594,-17.397562959797
room_acoustic_data_room_2205.mat,-1.5,1.8352941176470587,32.50860352238404,33.59689783683808,35.05902471049935,-17.248320902213806
room_acoustic_data_room_2206.mat,-1.5,1.8470588235294119,32.486280468553105,33.41909570329417,35.0634868566661,-17.243863611760542
room_acoustic_data_room_2207.mat,-1.5,1.8588235294117648,32.378607430964244,33.22098513507672,34.89266022866665,-17.249895880435343
room_acoustic_data_room_2208.mat,-1.5,1.8705882352941177,32.108859932666235,32.952132307997545,34.5135884053831,-17.18850383351748
room_acoustic_data_room_2209.mat,-1.5,1.8823529411764706,31.654966405809645,32.56269649436464,33.98832679725307,-17.034782957851302
room_acoustic_data_room_2210.mat,-1.5,1.8941176470588235,31.842507775840637,32.71829171437312,34.14646248699527,-17.13156150937284
room_acoustic_data_room_2211.mat,-1.5,1.9058823529411764,32.39372643317613,33.12216546426286,34.7292124555398,-17.39228070280074
room_acoustic_data_room_2212.mat,-1.5,1.9176470588235295,32.693143406815054,33.377085074887,35.140895999793706,-17.494230435643246
room_acoustic_data_room_2213.mat,-1.5,1.9294117647058824,32.92543508658598,33.594012888899876,35.39358249036635,-17.62418176020605
room_acoustic_data_room_2214.mat,-1.5,1.9411764705882353,33.14489109372657,33.85284181506093,35.5396838996276,-17.8371470160234
room_acoustic_data_room_2215.mat,-1.5,1.9529411764705882,33.24637350326087,34.11229796449184,35.521622122078,-18.027925705888407
room_acoustic_data_room_2216.mat,-1.5,1.964705882352941,33.06019272077945,34.21906367917343,35.21080212576506,-18.025952502583195
room_acoustic_data_room_2217.mat,-1.5,1.9764705882352942,32.48707302270352,33.93085531428079,34.59463235675757,-17.72964118491464
room_acoustic_data_room_2218.mat,-1.5,1.988235294117647,32.16582438499401,33.69727132406068,34.32125461336411,-17.474055796110225
room_acoustic_data_room_2219.mat,-1.5,2.0,32.47893491415047,33.839863396960645,34.80689785192397,-17.474990872665966
room_acoustic_data_room_2220.mat,-1.5,2.011764705882353,32.52004690738587,33.70143705199655,35.0771997156547,-17.296209110245066
room_acoustic_data_room_2221.mat,-1.5,2.023529411764706,32.42859940189706,33.46655205274591,35.162158201674856,-17.07969768705328
room_acoustic_data_room_2222.mat,-1.5,2.0352941176470587,32.33670663873355,33.28467382113827,35.117398736565505,-16.958563740126944
room_acoustic_data_room_2223.mat,-1.5,2.0470588235294116,32.23960255697779,33.09574019414172,34.97744492720549,-16.928184277528203
room_acoustic_data_room_2224.mat,-1.5,2.0588235294117645,32.00648703754557,32.81022605776767,34.68064021231464,-16.85719543290518
room_acoustic_data_room_2225.mat,-1.5,2.070588235294118,31.657223477754727,32.43380083394929,34.301202455943496,-16.763673157247673
room_acoustic_data_room_2226.mat,-1.5,2.0823529411764707,31.287503632978094,32.04656757696334,33.96016607871199,-16.62804921537322
room_acoustic_data_room_2227.mat,-1.5,2.0941176470588236,32.00221964700083,32.56712598619942,34.70935740508858,-17.010609989733794
room_acoustic_data_room_2228.mat,-1.5,2.1058823529411765,32.51926987979582,32.95548398368972,35.27777958503406,-17.28714596286745
room_acoustic_data_room_2229.mat,-1.5,2.1176470588235294,32.87930485443111,33.28733108296996,35.67170352398969,-17.501377419794252
room_acoustic_data_room_2230.mat,-1.5,2.1294117647058823,33.115140734442484,33.566441524165405,35.88836582285849,-17.687426573925805
room_acoustic_data_room_2231.mat,-1.5,2.1411764705882352,33.23006376855936,33.82118376855702,35.909593033789136,-17.848920934334913
room_acoustic_data_room_2232.mat,-1.5,2.152941176470588,33.15802009136311,34.01116155435551,35.68041338318008,-17.91950079949892
room_acoustic_data_room_2233.mat,-1.5,2.164705882352941,32.78689741775047,33.95902754653649,35.21298179577563,-17.785719588521253
room_acoustic_data_room_2234.mat,-1.5,2.176470588235294,32.026500083686095,33.48150283783565,34.46805255065732,-17.354200244550594
room_acoustic_data_room_2235.mat,-1.5,2.1882352941176473,32.57484634050451,33.95542303965086,35.014300923892854,-17.626780987682245
room_acoustic_data_room_2236.mat,-1.5,2.2,32.94467150906215,34.09367345296742,35.545554357961976,-17.73603479248204
room_acoustic_data_room_2237.mat,-1.5,2.211764705882353,33.08541744982157,34.01987481076085,35.831052186467815,-17.710719666323328
room_acoustic_data_room_2238.mat,-1.5,2.223529411764706,33.06977566813951,33.792535299203585,35.93375609064057,-17.625135911930435
room_acoustic_data_room_2239.mat,-1.5,2.235294117647059,32.905803219306726,33.522106377725635,35.76701336979865,-17.487818416129137
room_acoustic_data_room_2240.mat,-1.5,2.2470588235294118,32.6311138275862,33.23565541446321,35.419414686476344,-17.336211091375514
room_acoustic_data_room_2241.mat,-1.5,2.2588235294117647,32.27529150307249,32.915592353608176,34.966117353038555,-17.19886145730795
room_acoustic_data_room_2242.mat,-1.5,2.2705882352941176,31.66760557883824,32.42352985434996,34.31630513996856,-16.902362538043
room_acoustic_data_room_2243.mat,-1.5,2.2823529411764705,32.0262263830537,32.68214265877817,34.60828972106371,-17.136005208283734
room_acoustic_data_room_2244.mat,-1.5,2.2941176470588234,32.647532361148606,33.13314900199279,35.24411590624268,-17.474367058205342
room_acoustic_data_room_2245.mat,-1.5,2.3058823529411763,33.07039492787788,33.44811524839643,35.73339361944663,-17.707978679381075
room_acoustic_data_room_2246.mat,-1.5,2.3176470588235296,33.349250196149626,33.66569469781305,36.01863297753221,-17.89315226406434
room_acoustic_data_room_2247.mat,-1.5,2.3294117647058825,33.53525093187487,33.89609439667845,36.11808192006588,-18.081580986145948
room_acoustic_data_room_2248.mat,-1.5,2.3411764705882354,33.556425915882684,34.079595084243095,35.98086316453472,-18.201126875418364
room_acoustic_data_room_2249.mat,-1.5,2.3529411764705883,33.32690327209431,34.10814232736266,35.58655382180776,-18.165007269433204
room_acoustic_data_room_2250.mat,-1.5,2.364705882352941,32.64250111240598,33.76718138947605,34.860912256791266,-17.766706924168993
room_acoustic_data_room_2251.mat,-1.5,2.376470588235294,32.44423191921812,33.73628650334631,34.65783966803874,-17.568729984957784
room_acoustic_data_room_2252.mat,-1.5,2.388235294117647,32.74860047721028,33.93840150086815,35.01155245534832,-17.562844324866777
room_acoustic_data_room_2253.mat,-1.5,2.4,32.76330022468704,33.83586646738039,35.188923478534065,-17.35911635327469
room_acoustic_data_room_2254.mat,-1.5,2.411764705882353,32.69052868681041,33.63813391265324,35.260203215920974,-17.161894348181924
room_acoustic_data_room_2255.mat,-1.5,2.4235294117647057,32.56038601009162,33.414978756220336,35.179204541945,-17.001862939039402
room_acoustic_data_room_2256.mat,-1.5,2.4352941176470586,32.38978329982828,33.18951972371984,34.94860189492423,-16.895700558494255
room_acoustic_data_room_2257.mat,-1.5,2.447058823529412,32.13784295322457,32.918915234416865,34.60155867697601,-16.80163982691939
room_acoustic_data_room_2258.mat,-1.5,2.458823529411765,31.74413028531076,32.550452492695634,34.138164913195794,-16.6571623371434
room_acoustic_data_room_2259.mat,-1.5,2.4705882352941178,31.53886762498906,32.365525569722436,33.88400645976476,-16.570769092483097
room_acoustic_data_room_2260.mat,-1.5,2.4823529411764707,32.14935117028104,32.847533507991066,34.447898356034806,-16.838400638598344
room_acoustic_data_room_2261.mat,-1.5,2.4941176470588236,32.54184919455338,33.169490119213606,34.852964651083965,-16.977008368509168
room_acoustic_data_room_2262.mat,-1.5,2.5058823529411764,32.8024436291324,33.45622991150411,35.10783929918583,-17.075239157604752
room_acoustic_data_room_2263.mat,-1.5,2.5176470588235293,33.007050812183316,33.74068612941703,35.25690858772576,-17.209820008695914
room_acoustic_data_room_2264.mat,-1.5,2.5294117647058822,33.073485190160234,33.983648552306086,35.22775732369227,-17.298497286917783
room_acoustic_data_room_2265.mat,-1.5,2.541176470588235,33.04501429680666,34.23193774085831,35.02997418013321,-17.383971547268114
room_acoustic_data_room_2266.mat,-1.5,2.552941176470588,32.86068182600669,34.33276626887891,34.70680894281229,-17.403841591497326
room_acoustic_data_room_2267.mat,-1.5,2.5647058823529414,32.39417317369717,34.155432577297766,34.145213763728954,-17.217632754437194
room_acoustic_data_room_2268.mat,-1.5,2.5764705882352943,32.92837809800238,34.697079708112746,34.604000414021414,-17.371239172058324
room_acoustic_data_room_2269.mat,-1.5,2.588235294117647,33.10586616533413,34.74929066945185,34.861593499029624,-17.254742880122595
room_acoustic_data_room_2270.mat,-1.5,2.6,33.07441014864951,34.53877510299583,34.98305958569929,-17.01930696548702
room_acoustic_data_room_2271.mat,-1.5,2.611764705882353,32.97437629894502,34.225285620478225,34.98756432849023,-16.80656167519333
room_acoustic_data_room_2272.mat,-1.5,2.623529411764706,32.81657863415535,33.925436567580405,34.87924006763217,-16.627466083146942
room_acoustic_data_room_2273.mat,-1.5,2.635294117647059,32.61421244707315,33.669498504785416,34.656876627176885,-16.4949098174572
room_acoustic_data_room_2274.mat,-1.5,2.6470588235294117,32.328517713313126,33.38565454283349,34.36301421809098,-16.3692656170826
room_acoustic_data_room_2275.mat,-1.5,2.6588235294117646,31.86326304081517,32.94603138338693,33.953939591190704,-16.152057160659123
room_acoustic_data_room_2276.mat,-1.5,2.6705882352941175,32.09578107052203,33.045820948103994,34.259579236151296,-16.220058906685296
room_acoustic_data_room_2277.mat,-1.5,2.6823529411764704,32.694656523930114,33.419218623301376,34.9260426413578,-16.48296171183537
room_acoustic_data_room_2278.mat,-1.5,2.6941176470588237,33.13884848408719,33.65441265347802,35.50142392479191,-16.6810441153618
room_acoustic_data_room_2279.mat,-1.5,2.7058823529411766,33.422703495744805,33.76249268899928,35.92463512050459,-16.810462560255452
room_acoustic_data_room_2280.mat,-1.5,2.7176470588235295,33.658853258631886,33.91118652040437,36.18606296375356,-16.98446857502735
room_acoustic_data_room_2281.mat,-1.5,2.7294117647058824,33.784531998074584,34.08980326888217,36.24120609861225,-17.140702194045357
room_acoustic_data_room_2282.mat,-1.5,2.7411764705882353,33.573546511425995,34.06965291706326,35.94225415867652,-17.053346553145538
room_acoustic_data_room_2283.mat,-1.5,2.7529411764705882,32.90838963038733,33.608101805777615,35.31948902812101,-16.60455623722252
room_acoustic_data_room_2284.mat,-1.5,2.764705882352941,32.36394388478071,33.11701094395033,34.891330669014984,-16.143040163197316
room_acoustic_data_room_2285.mat,-1.5,2.776470588235294,32.54015545859911,32.9461855075476,35.242879224725584,-15.928507501431977
room_acoustic_data_room_2286.mat,-1.5,2.788235294117647,32.44785500090026,32.42016414358221,35.343723660533634,-15.54032022051167
room_acoustic_data_room_2287.mat,-1.5,2.8,32.27950199075322,31.955797776907055,35.21532480886408,-15.175327813149227
room_acoustic_data_room_2288.mat,-1.5,2.8117647058823527,32.07880001442693,31.56458852858026,34.947862057008145,-14.881756228687472
room_acoustic_data_room_2289.mat,-1.5,2.823529411764706,31.927157999683764,31.237341083421736,34.58566765051127,-14.747304094249188
room_acoustic_data_room_2290.mat,-1.5,2.835294117647059,31.626938710269318,30.884413949045634,33.95480486556398,-14.582246329711845
room_acoustic_data_room_2291.mat,-1.5,2.847058823529412,31.07757880940616,30.44767802120041,33.0555808796096,-14.268037831581283
room_acoustic_data_room_2292.mat,-1.5,2.8588235294117648,32.12788801579373,31.066873971573813,33.70492368174632,-14.715896199598681
room_acoustic_data_room_2293.mat,-1.5,2.8705882352941177,32.722441552157946,31.552932603391362,34.040097815165815,-14.829067077928254
room_acoustic_data_room_2294.mat,-1.5,2.8823529411764706,32.9773860417403,31.96731472167732,34.05735299055304,-14.729982112770397
room_acoustic_data_room_2295.mat,-1.5,2.8941176470588235,33.005039319216216,32.3059659338874,33.83057304184604,-14.525323184639422
room_acoustic_data_room_2296.mat,-1.5,2.9058823529411764,33.88318013222885,33.32084371366151,34.30006922513396,-14.671992791340898
room_acoustic_data_room_2297.mat,-1.5,2.9176470588235293,34.424743868623516,34.50536072407928,34.599373311042804,-14.51003432285258
room_acoustic_data_room_2298.mat,-1.5,2.929411764705882,34.60285243049253,35.53142969256364,34.720098637883005,-14.10334506741927
room_acoustic_data_room_2299.mat,-1.5,2.9411764705882355,34.46818543219536,36.199736097811915,34.70125048331084,-13.488782105015265
room_acoustic_data_room_2300.mat,-1.5,2.9529411764705884,34.13661658308867,36.386096422339726,34.592122893909966,-12.76778821065756
room_acoustic_data_room_2301.mat,-1.5,2.9647058823529413,33.69783251444583,36.15248221967875,34.42777081783638,-12.015893647949209
room_acoustic_data_room_2302.mat,-1.5,2.976470588235294,33.24798759551716,35.69309497288954,34.264961738779995,-11.31607409040283
room_acoustic_data_room_2303.mat,-1.5,2.988235294117647,32.78978048526602,35.12839418143785,34.08793381325046,-10.659298571591606
room_acoustic_data_room_2304.mat,-1.5,3.0,32.37661065525417,34.5641328160739,33.93392258342143,-10.08890532877346
room_acoustic_data_room_2305.mat,4.5,0.0,32.26562411733299,33.559996063625476,33.792301890307954,-9.971154245672047
room_acoustic_data_room_2306.mat,4.5,0.011764705882352941,32.61721084208274,33.98950251250128,33.888601583604895,-10.476361577369133
room_acoustic_data_room_2307.mat,4.5,0.023529411764705882,32.99737100869847,34.40901421855108,33.99961727510684,-11.049787630077958
room_acoustic_data_room_2308.mat,4.5,0.03529411764705882,33.38264103611861,34.76108365255958,34.11798155515873,-11.67741481956972
room_acoustic_data_room_2309.mat,4.5,0.047058823529411764,33.71059651073727,34.95501138830941,34.209229430677084,-12.307867559407457
room_acoustic_data_room_2310.mat,4.5,0.058823529411764705,33.930987484849354,34.90212776581443,34.25901146921392,-12.903451779488492
room_acoustic_data_room_2311.mat,4.5,0.07058823529411765,33.99155327256169,34.525204237948685,34.25123978462351,-13.425713565060907
room_acoustic_data_room_2312.mat,4.5,0.08235294117647059,33.83573325817794,33.83832678523532,34.133004260899085,-13.832742503052813
room_acoustic_data_room_2313.mat,4.5,0.09411764705882353,33.410377938289315,32.85804824597171,33.853208955572576,-14.08631358326734
room_acoustic_data_room_2314.mat,4.5,0.10588235294117647,32.715197812102375,31.86150597440229,33.47351009633553,-14.200435171433677
room_acoustic_data_room_2315.mat,4.5,0.11764705882352941,32.8036842967484,31.474924777617495,33.73242646734606,-14.517798380882
room_acoustic_data_room_2316.mat,4.5,0.12941176470588237,32.68003206656296,31.15797799188727,33.80828540647596,-14.7358584564357
room_acoustic_data_room_2317.mat,4.5,0.1411764705882353,32.246909007200344,30.940007362222268,33.687648618873524,-14.775653970145674
room_acoustic_data_room_2318.mat,4.5,0.15294117647058825,31.308284883348158,30.52637175627347,33.181463224464885,-14.437138331214474
room_acoustic_data_room_2319.mat,4.5,0.16470588235294117,31.756411581343606,30.944231009751814,33.923135396574565,-14.747339682416827
room_acoustic_data_room_2320.mat,4.5,0.17647058823529413,32.28142694611825,31.464767855274243,34.73399403976508,-15.129500628960358
room_acoustic_data_room_2321.mat,4.5,0.18823529411764706,32.72533348820688,31.981467020187026,35.369048241226004,-15.555135010982426
room_acoustic_data_room_2322.mat,4.5,0.2,32.98342234584003,32.482992869226464,35.68296590369432,-15.911619304258904
room_acoustic_data_room_2323.mat,4.5,0.21176470588235294,33.16746503004961,33.051026187087714,35.66283261025509,-16.303870821019043
room_acoustic_data_room_2324.mat,4.5,0.2235294117647059,32.979496265003114,33.432619543659655,35.22258151389027,-16.428137127983707
room_acoustic_data_room_2325.mat,4.5,0.23529411764705882,32.35297445967781,33.437476273485785,34.39400346734772,-16.211322298700065
room_acoustic_data_room_2326.mat,4.5,0.24705882352941178,32.942851505379195,34.1522625582039,34.827463826948474,-16.602702200401968
room_acoustic_data_room_2327.mat,4.5,0.25882352941176473,33.3725244944618,34.57941637005874,35.17453661525813,-16.824391734869696
room_acoustic_data_room_2328.mat,4.5,0.27058823529411763,33.49810000009278,34.58463598705821,35.373730171128926,-16.837057005545798
room_acoustic_data_room_2329.mat,4.5,0.2823529411764706,33.376101390849016,34.38266005140707,35.35965885296502,-16.69563414177761
room_acoustic_data_room_2330.mat,4.5,0.29411764705882354,33.15044196330442,34.203883390269496,35.172859080039494,-16.54219925415255
room_acoustic_data_room_2331.mat,4.5,0.3058823529411765,32.78056030729077,33.93784796724439,34.78107578265815,-16.334900754012274
room_acoustic_data_room_2332.mat,4.5,0.3176470588235294,32.37941399603286,33.66431798673547,34.35394937211879,-16.185685038288206
room_acoustic_data_room_2333.mat,4.5,0.32941176470588235,31.879508918234603,33.28538700961773,33.88793656003483,-16.025211716814482
room_acoustic_data_room_2334.mat,4.5,0.3411764705882353,31.791522844769425,33.19031869111966,33.79820134243893,-16.05712272632077
room_acoustic_data_room_2335.mat,4.5,0.35294117647058826,32.39365764750106,33.642037767684215,34.353904301368665,-16.418949332262926
room_acoustic_data_room_2336.mat,4.5,0.36470588235294116,32.84922085619687,33.981677851335476,34.82397387721414,-16.720069732294178
room_acoustic_data_room_2337.mat,4.5,0.3764705882352941,33.09842139441794,34.20970069160072,35.099559771844085,-16.903221147041393
room_acoustic_data_room_2338.mat,4.5,0.38823529411764707,33.22921373146351,34.42960827794885,35.21644105447517,-17.057546342404283
room_acoustic_data_room_2339.mat,4.5,0.4,33.22790434368396,34.63600117113434,35.15996118979282,-17.169960187876413
room_acoustic_data_room_2340.mat,4.5,0.4117647058823529,33.04335205841336,34.7055110058549,34.883298151519135,-17.18945165669523
room_acoustic_data_room_2341.mat,4.5,0.4235294117647059,32.48261879650775,34.470864710268955,34.26093845793281,-16.92208883523263
room_acoustic_data_room_2342.mat,4.5,0.43529411764705883,31.587442845799956,33.76258217191975,33.43613811871538,-16.40650885455558
room_acoustic_data_room_2343.mat,4.5,0.4470588235294118,32.02745889047785,34.00652064027258,33.956871072839064,-16.5722827729769
room_acoustic_data_room_2344.mat,4.5,0.4588235294117647,32.2351859712373,33.92465553449437,34.29908417155051,-16.575785947514685
room_acoustic_data_room_2345.mat,4.5,0.47058823529411764,32.24832339224597,33.6664082128055,34.45018279416628,-16.474641632276864
room_acoustic_data_room_2346.mat,4.5,0.4823529411764706,32.161364764575936,33.373099454791834,34.44148076029182,-16.364977950237165
room_acoustic_data_room_2347.mat,4.5,0.49411764705882355,32.01676736889585,33.09245066874007,34.29676010356456,-16.28996370613462
room_acoustic_data_room_2348.mat,4.5,0.5058823529411764,31.752474890206873,32.8042918552543,34.013328277891986,-16.187697222319734
room_acoustic_data_room_2349.mat,4.5,0.5176470588235295,31.27941628164009,32.38086390012774,33.52812246630949,-15.968328453543744
room_acoustic_data_room_2350.mat,4.5,0.5294117647058824,30.642059285129925,31.810688157376774,32.880595659940255,-15.67374973220555
room_acoustic_data_room_2351.mat,4.5,0.5411764705882353,30.985346199811282,32.02693030670097,33.235100308221604,-15.899101965728493
room_acoustic_data_room_2352.mat,4.5,0.5529411764705883,31.613945862323813,32.448132725949826,33.90885709154724,-16.278133071800408
room_acoustic_data_room_2353.mat,4.5,0.5647058823529412,32.096126857857115,32.78222803914854,34.4435564655069,-16.602240321727894
room_acoustic_data_room_2354.mat,4.5,0.5764705882352941,32.428058382495735,33.04005983291689,34.851617034000746,-16.86963037249251
room_acoustic_data_room_2355.mat,4.5,0.5882352941176471,32.56860689558113,33.26421974579668,35.021901742746245,-17.04002175538417
room_acoustic_data_room_2356.mat,4.5,0.6,32.574347151361735,33.469702918985455,34.9499894687944,-17.170195673592147
room_acoustic_data_room_2357.mat,4.5,0.611764705882353,32.3301683740362,33.558506304231805,34.60355200698008,-17.144440804439416
room_acoustic_data_room_2358.mat,4.5,0.6235294117647059,31.757321574064584,33.34396670935441,33.96758246045603,-16.881848650553003
room_acoustic_data_room_2359.mat,4.5,0.6352941176470588,31.74408266723331,33.414189904401994,33.9473542562122,-16.868262926859146
room_acoustic_data_room_2360.mat,4.5,0.6470588235294118,32.2932899626312,33.77731521446855,34.562558572373845,-17.13137765408238
room_acoustic_data_room_2361.mat,4.5,0.6588235294117647,32.5825407256128,33.816749590297675,34.97163090049454,-17.227232859762193
room_acoustic_data_room_2362.mat,4.5,0.6705882352941176,32.66327072625772,33.616576006409375,35.202544356011245,-17.20959739985155
room_acoustic_data_room_2363.mat,4.5,0.6823529411764706,32.629981274632854,33.41956281128325,35.22483583004884,-17.173883600135692
room_acoustic_data_room_2364.mat,4.5,0.6941176470588235,32.41506263911755,33.20828846029014,34.99950826539845,-17.05264887954308
room_acoustic_data_room_2365.mat,4.5,0.7058823529411765,31.961282283888742,32.88438046355793,34.51167838723138,-16.7881206993249
room_acoustic_data_room_2366.mat,4.5,0.7176470588235294,31.262774765194926,32.35362987174967,33.80931731458133,-16.372557876896742
room_acoustic_data_room_2367.mat,4.5,0.7294117647058823,30.922250604676517,32.07183885105959,33.51645639909069,-16.157010701220578
room_acoustic_data_room_2368.mat,4.5,0.7411764705882353,31.640572776656185,32.61630014947139,34.26098954982851,-16.56414628751483
room_acoustic_data_room_2369.mat,4.5,0.7529411764705882,32.164813387506335,33.01678785268336,34.845951342759854,-16.869914331232795
room_acoustic_data_room_2370.mat,4.5,0.7647058823529411,32.500752253635106,33.344889987942395,35.19467541431539,-17.082771083972897
room_acoustic_data_room_2371.mat,4.5,0.7764705882352941,32.714057312365995,33.677692241684724,35.313128884240655,-17.26942104984682
room_acoustic_data_room_2372.mat,4.5,0.788235294117647,32.76078163356294,33.89284347803666,35.22190032060183,-17.386087152549305
room_acoustic_data_room_2373.mat,4.5,0.8,32.53313152423286,33.921784069511,34.8993674689089,-17.324497888416307
room_acoustic_data_room_2374.mat,4.5,0.8117647058823529,31.927378440109987,33.560718568207044,34.28588575387709,-16.979315925333516
room_acoustic_data_room_2375.mat,4.5,0.8235294117647058,31.158901541618754,32.9737506683623,33.55431270710823,-16.486604164816118
room_acoustic_data_room_2376.mat,4.5,0.8352941176470589,31.85369875168223,33.42241583711249,34.32020755464623,-16.852523137388392
room_acoustic_data_room_2377.mat,4.5,0.8470588235294118,32.22318459935815,33.49635401356099,34.77539349005135,-16.984667265989465
room_acoustic_data_room_2378.mat,4.5,0.8588235294117647,32.33264130373195,33.319284926581346,34.9884254097043,-16.951500166143095
room_acoustic_data_room_2379.mat,4.5,0.8705882352941177,32.29336703162475,33.06186152143707,35.00207400231708,-16.865654303200106
room_acoustic_data_room_2380.mat,4.5,0.8823529411764706,32.09712833336706,32.76823922541362,34.79129199573265,-16.719202065185648
room_acoustic_data_room_2381.mat,4.5,0.8941176470588236,31.760417101483792,32.49208043377704,34.370587365689715,-16.528294084980008
room_acoustic_data_room_2382.mat,4.5,0.9058823529411765,31.242121738425634,32.14412996606084,33.77811400239179,-16.250512715567513
room_acoustic_data_room_2383.mat,4.5,0.9176470588235294,30.498539727196878,31.598562667606238,33.00189056853696,-15.839085678666205
room_acoustic_data_room_2384.mat,4.5,0.9294117647058824,31.070125493723907,32.02232243119784,33.5469505978802,-16.176575251841605
room_acoustic_data_room_2385.mat,4.5,0.9411764705882353,31.641006499432738,32.46249573184126,34.13726336577944,-16.49171474698189
room_acoustic_data_room_2386.mat,4.5,0.9529411764705882,32.034795866552436,32.81652711045994,34.55780066399925,-16.723377217658076
room_acoustic_data_room_2387.mat,4.5,0.9647058823529412,32.3098161841949,33.09546482003122,34.87175308839503,-16.931672699852797
room_acoustic_data_room_2388.mat,4.5,0.9764705882352941,32.43613189189891,33.357634778324794,34.94552016427623,-17.08722938039258
room_acoustic_data_room_2389.mat,4.5,0.9882352941176471,32.35146086184893,33.54571090262472,34.72852265843195,-17.127622062345726
room_acoustic_data_room_2390.mat,4.5,1.0,31.98157731933703,33.553299590281526,34.235773714892666,-16.977632075084724
room_acoustic_data_room_2391.mat,4.5,1.011764705882353,31.292605807610656,33.26193506931931,33.50303672987166,-16.60083582120326
room_acoustic_data_room_2392.mat,4.5,1.0235294117647058,31.34104532389822,33.39210576607619,33.54427487138355,-16.58361189956295
room_acoustic_data_room_2393.mat,4.5,1.035294117647059,31.78040545083892,33.68621370375572,33.9971849653823,-16.746163502637177
room_acoustic_data_room_2394.mat,4.5,1.0470588235294118,31.97666689972548,33.684444788289,34.24426799445964,-16.75821723506292
room_acoustic_data_room_2395.mat,4.5,1.0588235294117647,31.997656190553446,33.46129111611313,34.36524444772745,-16.689910113565645
room_acoustic_data_room_2396.mat,4.5,1.0705882352941176,31.838757854763898,33.13951358468004,34.266283938556754,-16.537502401395244
room_acoustic_data_room_2397.mat,4.5,1.0823529411764705,31.575804984178113,32.834703293462255,33.99031099216994,-16.37688976199582
room_acoustic_data_room_2398.mat,4.5,1.0941176470588236,31.189828741848913,32.533347578229915,33.5604428706318,-16.188380640156193
room_acoustic_data_room_2399.mat,4.5,1.1058823529411765,30.635191446109985,32.120224709569186,32.967012485449814,-15.924242692220627
room_acoustic_data_room_2400.mat,4.5,1.1176470588235294,30.47072272752655,32.02001169510146,32.80352757244684,-15.850536691844413
room_acoustic_data_room_2401.mat,4.5,1.1294117647058823,31.033565827253724,32.4634566072737,33.426786232157795,-16.113207075200947
room_acoustic_data_room_2402.mat,4.5,1.1411764705882352,31.383096085851072,32.7525019828213,33.81663065881388,-16.25438182114368
room_acoustic_data_room_2403.mat,4.5,1.1529411764705881,31.662792377017382,33.01904123051549,34.10143969241224,-16.420372747311415
room_acoustic_data_room_2404.mat,4.5,1.1647058823529413,31.840514259225294,33.29610273109463,34.207858119300184,-16.58022880859016
room_acoustic_data_room_2405.mat,4.5,1.1764705882352942,31.912732705971052,33.49205545654363,34.167542555312465,-16.73066208366243
room_acoustic_data_room_2406.mat,4.5,1.188235294117647,31.79741838759532,33.612235741657166,33.89374604340086,-16.78912167637612
room_acoustic_data_room_2407.mat,4.5,1.2,31.328504011621604,33.41327127478615,33.33569947763909,-16.587800340893466
room_acoustic_data_room_2408.mat,4.5,1.2117647058823529,30.774546296375075,33.003003089712365,32.82258111653561,-16.270452884534265
room_acoustic_data_room_2409.mat,4.5,1.223529411764706,31.350933969404107,33.350234895419,33.51054779036092,-16.52314153540198
room_acoustic_data_room_2410.mat,4.5,1.2352941176470589,31.6265807689552,33.32743303534616,33.94751537565073,-16.566206935543853
room_acoustic_data_room_2411.mat,4.5,1.2470588235294118,31.73322168021897,33.15624674766863,34.19219369346277,-16.534724935398263
room_acoustic_data_room_2412.mat,4.5,1.2588235294117647,31.666965856885515,32.87459150809716,34.23373812965406,-16.426306209993598
room_acoustic_data_room_2413.mat,4.5,1.2705882352941176,31.455212991343142,32.59056744143259,34.05112307061519,-16.268753095635383
room_acoustic_data_room_2414.mat,4.5,1.2823529411764707,31.076424210234784,32.272219271388856,33.64162619240035,-16.040156352843272
room_acoustic_data_room_2415.mat,4.5,1.2941176470588236,30.550225753165915,31.905788309705198,33.052678754477625,-15.758677045413629
room_acoustic_data_room_2416.mat,4.5,1.3058823529411765,29.785450500788592,31.302224253660277,32.25961967062973,-15.32984246385385
room_acoustic_data_room_2417.mat,4.5,1.3176470588235294,30.450669057594375,31.792079475704135,32.95313313887844,-15.693140249257088
room_acoustic_data_room_2418.mat,4.5,1.3294117647058823,31.03378606822064,32.209434645973,33.60125115903977,-16.020887434409865
room_acoustic_data_room_2419.mat,4.5,1.3411764705882352,31.497207268466386,32.5666567633333,34.087489122609945,-16.32312956274244
room_acoustic_data_room_2420.mat,4.5,1.3529411764705883,31.84887391732902,32.87581309372597,34.441905645316275,-16.60964931126633
room_acoustic_data_room_2421.mat,4.5,1.3647058823529412,32.058523591475605,33.19308340235611,34.588880034638535,-16.850766316159465
room_acoustic_data_room_2422.mat,4.5,1.3764705882352941,32.10573222820238,33.45684277784954,34.50450860931641,-17.025828309066718
room_acoustic_data_room_2423.mat,4.5,1.388235294117647,31.828093942436944,33.5427142685898,34.05320086191109,-16.971201575254867
room_acoustic_data_room_2424.mat,4.5,1.4,31.078721412079155,33.184759448946465,33.2195476345525,-16.537073409940945
room_acoustic_data_room_2425.mat,4.5,1.411764705882353,31.444655879336644,33.517660520519264,33.57113957985145,-16.748617953621686
room_acoustic_data_room_2426.mat,4.5,1.423529411764706,32.052563009008644,33.89809778586571,34.20565627876701,-17.079895101638638
room_acoustic_data_room_2427.mat,4.5,1.4352941176470588,32.30373494020157,33.88083383079146,34.55041219772306,-17.148304443683383
room_acoustic_data_room_2428.mat,4.5,1.4470588235294117,32.333374849229855,33.65850840737532,34.67573411274173,-17.0912920282634
room_acoustic_data_room_2429.mat,4.5,1.4588235294117646,32.18483004460215,33.40918224188589,34.58043835819561,-16.95301000817743
room_acoustic_data_room_2430.mat,4.5,1.4705882352941178,31.853991740334223,33.11503546021139,34.25544440946271,-16.72926907278789
room_acoustic_data_room_2431.mat,4.5,1.4823529411764707,31.35407434978624,32.709965311096816,33.74601366282577,-16.43225631494525
room_acoustic_data_room_2432.mat,4.5,1.4941176470588236,30.67299640943051,32.15538956235256,33.06848315517358,-16.047282742097803
room_acoustic_data_room_2433.mat,4.5,1.5058823529411764,30.707800845155987,32.144385768536424,33.102569033775005,-16.082087180601643
room_acoustic_data_room_2434.mat,4.5,1.5176470588235293,31.43547649612001,32.65570559862677,33.83054979677443,-16.513658412018323
room_acoustic_data_room_2435.mat,4.5,1.5294117647058822,31.956506603439593,33.04884020279279,34.345443138184244,-16.83178383447183
room_acoustic_data_room_2436.mat,4.5,1.5411764705882354,32.32288759042796,33.42230704096555,34.64369789494761,-17.091067400287095
room_acoustic_data_room_2437.mat,4.5,1.5529411764705883,32.53874623004352,33.700722619284356,34.77007982619489,-17.296663202840282
room_acoustic_data_room_2438.mat,4.5,1.5647058823529412,32.54075193192375,33.87456686225193,34.669964859104006,-17.385321176357134
room_acoustic_data_room_2439.mat,4.5,1.576470588235294,32.257946213615774,33.88017188953823,34.30198302557831,-17.285277994167203
room_acoustic_data_room_2440.mat,4.5,1.588235294117647,31.59581656109838,33.543616991032785,33.6116798143587,-16.89977827030097
room_acoustic_data_room_2441.mat,4.5,1.6,31.149283783092564,33.208821634718014,33.199466075695746,-16.60763541350908
room_acoustic_data_room_2442.mat,4.5,1.611764705882353,31.84003914321138,33.60039165200554,33.94281395189913,-16.983146345936277
room_acoustic_data_room_2443.mat,4.5,1.6235294117647059,32.27551109655957,33.65660095568796,34.47760820001336,-17.19560668476693
room_acoustic_data_room_2444.mat,4.5,1.6352941176470588,32.469627329029905,33.51186414722241,34.77869388119969,-17.26186949839276
room_acoustic_data_room_2445.mat,4.5,1.6470588235294117,32.45204285289822,33.267553317218386,34.824857807016535,-17.212817628519414
room_acoustic_data_room_2446.mat,4.5,1.6588235294117648,32.28478526892735,33.02628764503818,34.625260503591726,-17.110706881495826
room_acoustic_data_room_2447.mat,4.5,1.6705882352941177,31.956508466026946,32.7834711306756,34.18375981256028,-16.94360908697987
room_acoustic_data_room_2448.mat,4.5,1.6823529411764706,31.426296596644818,32.401420976321546,33.56654479468986,-16.668766979982962
room_acoustic_data_room_2449.mat,4.5,1.6941176470588235,30.750513600893107,31.91084651929291,32.88888236563276,-16.294904733553246
room_acoustic_data_room_2450.mat,4.5,1.7058823529411764,31.57735128280291,32.503241407499026,33.70293872947643,-16.785801665292208
room_acoustic_data_room_2451.mat,4.5,1.7176470588235293,32.20154206990503,32.95244022173323,34.34677325042246,-17.165273224692974
room_acoustic_data_room_2452.mat,4.5,1.7294117647058824,32.65092153796794,33.31864283177089,34.8343811181982,-17.46446057733565
room_acoustic_data_room_2453.mat,4.5,1.7411764705882353,32.96332788110362,33.67555322407775,35.18859713007685,-17.7226670927239
room_acoustic_data_room_2454.mat,4.5,1.7529411764705882,33.08822628961828,34.00293295182741,35.28712975377307,-17.889728327146383
room_acoustic_data_room_2455.mat,4.5,1.7647058823529411,32.97445541176286,34.20457159749111,35.08916687732253,-17.914080285327852
room_acoustic_data_room_2456.mat,4.5,1.776470588235294,32.51199617837059,34.161447453199045,34.56241333869732,-17.68420237767048
room_acoustic_data_room_2457.mat,4.5,1.7882352941176471,31.583869945081258,33.647889309409756,33.643018842306766,-17.079775095679487
room_acoustic_data_room_2458.mat,4.5,1.8,32.15142402513068,34.10546704250435,34.195297909352306,-17.41071885384017
room_acoustic_data_room_2459.mat,4.5,1.811764705882353,32.78147438197476,34.44009027402474,34.85688104827124,-17.77317608187371
room_acoustic_data_room_2460.mat,4.5,1.8235294117647058,33.06982408313923,34.38166780637643,35.26087479185071,-17.887751786660317
room_acoustic_data_room_2461.mat,4.5,1.8352941176470587,33.116372550646204,34.11842592994775,35.424046182208805,-17.856085342863224
room_acoustic_data_room_2462.mat,4.5,1.8470588235294119,32.98560055590894,33.824632657806724,35.3711203465034,-17.74317908801542
room_acoustic_data_room_2463.mat,4.5,1.8588235294117648,32.68103117884032,33.505798135047186,35.05467708799541,-17.552314997218105
room_acoustic_data_room_2464.mat,4.5,1.8705882352941177,32.19431058682527,33.13292514963913,34.511039004038636,-17.273949842578872
room_acoustic_data_room_2465.mat,4.5,1.8823529411764706,31.44153048934527,32.543603942411394,33.77306543610421,-16.82134239112073
room_acoustic_data_room_2466.mat,4.5,1.8941176470588235,31.705124048464523,32.69690281760194,34.05525741319575,-16.99417316246191
room_acoustic_data_room_2467.mat,4.5,1.9058823529411764,32.43931071161656,33.178693570880235,34.83375578151132,-17.43786039240804
room_acoustic_data_room_2468.mat,4.5,1.9176470588235295,32.965141262236614,33.50638534565285,35.405981473941004,-17.76622374265552
room_acoustic_data_room_2469.mat,4.5,1.9294117647058824,33.30584561582847,33.80808151212507,35.74558085142038,-18.004587789583447
room_acoustic_data_room_2470.mat,4.5,1.9411764705882353,33.51296482315489,34.11237753484892,35.86712524749498,-18.20521630146085
room_acoustic_data_room_2471.mat,4.5,1.9529411764705882,33.486129603979805,34.28058712429129,35.73404485925676,-18.267677426609826
room_acoustic_data_room_2472.mat,4.5,1.964705882352941,33.17449549363957,34.26002156778597,35.30013403232654,-18.14025096976995
room_acoustic_data_room_2473.mat,4.5,1.9764705882352942,32.41072074368439,33.80057862141125,34.53477648002435,-17.653284687525648
room_acoustic_data_room_2474.mat,4.5,1.988235294117647,32.114082242828545,33.5452289276565,34.30047728190064,-17.4223095649945
room_acoustic_data_room_2475.mat,4.5,2.0,32.74905351271355,33.81110693797625,35.10224668117752,-17.74510550900865
room_acoustic_data_room_2476.mat,4.5,2.011764705882353,33.05876028901402,33.750478651973644,35.6171027615228,-17.834918669855984
room_acoustic_data_room_2477.mat,4.5,2.023529411764706,33.07473674902274,33.52248382430767,35.77477927118173,-17.72583136401385
room_acoustic_data_room_2478.mat,4.5,2.0352941176470587,32.94236651338147,33.25847431640554,35.6509952220356,-17.564220106864067
room_acoustic_data_room_2479.mat,4.5,2.0470588235294116,32.63523568025419,32.953785111752985,35.278032686187316,-17.323814065568243
room_acoustic_data_room_2480.mat,4.5,2.0588235294117645,32.11742953938903,32.605175154130684,34.65958933548658,-16.968134783745082
room_acoustic_data_room_2481.mat,4.5,2.070588235294118,31.39125037423963,32.13379326998902,33.88063384677666,-16.497697099933067
room_acoustic_data_room_2482.mat,4.5,2.0823529411764707,30.749086699115516,31.693228934409156,33.24240402133702,-16.089629559980846
room_acoustic_data_room_2483.mat,4.5,2.0941176470588236,31.485566689806408,32.24037895216093,33.94084912797617,-16.493954538959755
room_acoustic_data_room_2484.mat,4.5,2.1058823529411765,32.01575769181689,32.64228580388738,34.50061305391262,-16.78363152004075
room_acoustic_data_room_2485.mat,4.5,2.1176470588235294,32.4332293993787,33.00213839326886,34.93891422822862,-17.055299957109984
room_acoustic_data_room_2486.mat,4.5,2.1294117647058823,32.705413139309336,33.29285021127485,35.21166574536164,-17.277697224924097
room_acoustic_data_room_2487.mat,4.5,2.1411764705882352,32.77214412389918,33.54693645620579,35.22880602440352,-17.390999794812046
room_acoustic_data_room_2488.mat,4.5,2.152941176470588,32.612195711047804,33.71375291842941,34.93827595172009,-17.37367518732601
room_acoustic_data_room_2489.mat,4.5,2.164705882352941,32.077631567549105,33.59934779314788,34.29988907990752,-17.076452770679285
room_acoustic_data_room_2490.mat,4.5,2.176470588235294,31.12757990582203,33.05618609021883,33.33460976956568,-16.455279356827358
room_acoustic_data_room_2491.mat,4.5,2.1882352941176473,31.819383401081364,33.62474651037682,33.96404651398669,-16.871317601977896
room_acoustic_data_room_2492.mat,4.5,2.2,32.391539939315024,33.95144430495285,34.52462660552983,-17.182902980566336
room_acoustic_data_room_2493.mat,4.5,2.211764705882353,32.65345151334045,33.946719044983205,34.831250625744985,-17.278753565191025
room_acoustic_data_room_2494.mat,4.5,2.223529411764706,32.61634256062805,33.677509243843275,34.88624851730321,-17.171702404854123
room_acoustic_data_room_2495.mat,4.5,2.235294117647059,32.383215463786826,33.34122586330732,34.69260053839112,-16.96522930154577
room_acoustic_data_room_2496.mat,4.5,2.2470588235294118,31.970363109416624,32.99984278805453,34.30475160431235,-16.675456474212005
room_acoustic_data_room_2497.mat,4.5,2.2588235294117647,31.36283235724261,32.53577559172588,33.70737879924879,-16.28639263589848
room_acoustic_data_room_2498.mat,4.5,2.2705882352941176,30.478515925044007,31.843699263456816,32.894439357258804,-15.713251211490924
room_acoustic_data_room_2499.mat,4.5,2.2823529411764705,30.78777388945236,32.05188997480023,33.190657411840135,-15.897544318961188
room_acoustic_data_room_2500.mat,4.5,2.2941176470588234,31.472359340876913,32.54778772784426,33.871391824485656,-16.299168339790764
room_acoustic_data_room_2501.mat,4.5,2.3058823529411763,31.943449993751685,32.88525389070632,34.36797631374403,-16.580972976000215
room_acoustic_data_room_2502.mat,4.5,2.3176470588235296,32.20681899018124,33.14353855719807,34.629817203691516,-16.75059545784572
room_acoustic_data_room_2503.mat,4.5,2.3294117647058825,32.32564752113578,33.32701166813047,34.695774644517705,-16.871740443758124
room_acoustic_data_room_2504.mat,4.5,2.3411764705882354,32.249340257401386,33.45338771109203,34.54391039835145,-16.89362352567421
room_acoustic_data_room_2505.mat,4.5,2.3529411764705883,31.869069099023353,33.36463260308023,34.12457844995275,-16.70647851707328
room_acoustic_data_room_2506.mat,4.5,2.364705882352941,31.06463566630795,32.85013420291274,33.36575081379031,-16.187742798786473
room_acoustic_data_room_2507.mat,4.5,2.376470588235294,30.968084145245452,32.763299125617486,33.3045544253225,-16.09319696007953
room_acoustic_data_room_2508.mat,4.5,2.388235294117647,31.58739849222208,33.15593538727265,33.939259507008586,-16.402035890049948
room_acoustic_data_room_2509.mat,4.5,2.4,31.893823220725793,33.19198305026389,34.30608974590742,-16.48962798103772
room_acoustic_data_room_2510.mat,4.5,2.411764705882353,31.95897053263693,33.032925782859664,34.437244732487486,-16.429699153645437
room_acoustic_data_room_2511.mat,4.5,2.4235294117647057,31.854367359528702,32.77498610037152,34.360543269958576,-16.2943387680663
room_acoustic_data_room_2512.mat,4.5,2.4352941176470586,31.604089654768245,32.52282159361441,34.07158965269103,-16.107402024081402
room_acoustic_data_room_2513.mat,4.5,2.447058823529412,31.213474810716832,32.25203447384379,33.59236419518527,-15.87340820386734
room_acoustic_data_room_2514.mat,4.5,2.458823529411765,30.604153947123713,31.81633736365412,32.92232513564547,-15.512057772437839
room_acoustic_data_room_2515.mat,4.5,2.4705882352941178,30.25700724755122,31.547640519987237,32.55193431679094,-15.296369294397314
room_acoustic_data_room_2516.mat,4.5,2.4823529411764707,31.003299877027487,32.12502659846099,33.25489621533882,-15.699022897786543
room_acoustic_data_room_2517.mat,4.5,2.4941176470588236,31.58376232004532,32.556908600890225,33.80526024168377,-16.024726155937294
room_acoustic_data_room_2518.mat,4.5,2.5058823529411764,32.02693401719033,32.888869644691326,34.25297037421645,-16.304791204325426
room_acoustic_data_room_2519.mat,4.5,2.5176470588235293,32.318604719659795,33.197216967405005,34.509229308496614,-16.525978192271744
room_acoustic_data_room_2520.mat,4.5,2.5294117647058822,32.43667715377285,33.501768164537424,34.52477428621459,-16.666184551734315
room_acoustic_data_room_2521.mat,4.5,2.541176470588235,32.333544531456866,33.76299009389018,34.27809741529621,-16.67718262648798
room_acoustic_data_room_2522.mat,4.5,2.552941176470588,31.915183804052596,33.79870432388408,33.763246575558185,-16.46335026035353
room_acoustic_data_room_2523.mat,4.5,2.5647058823529414,31.253027583405654,33.49831846100316,33.08522401379954,-16.071806930450812
room_acoustic_data_room_2524.mat,4.5,2.5764705882352943,32.077183462037695,34.220590077960736,33.83985142205821,-16.516072217162655
room_acoustic_data_room_2525.mat,4.5,2.588235294117647,32.62202798345383,34.548962604694445,34.37806345992652,-16.76795444959521
room_acoustic_data_room_2526.mat,4.5,2.6,32.85475146339209,34.49691666539914,34.68630293462259,-16.79781081447588
room_acoustic_data_room_2527.mat,4.5,2.611764705882353,32.8850001216818,34.24874606751127,34.79732698604482,-16.71644831131665
room_acoustic_data_room_2528.mat,4.5,2.623529411764706,32.77512087562669,33.976219226008496,34.72038763037379,-16.58638990647094
room_acoustic_data_room_2529.mat,4.5,2.635294117647059,32.512167481725896,33.69697831148159,34.441968323156196,-16.394526967081855
room_acoustic_data_room_2530.mat,4.5,2.6470588235294117,32.11361423124941,33.364513173657755,34.020080780680864,-16.15768457757444
room_acoustic_data_room_2531.mat,4.5,2.6588235294117646,31.531785084256146,32.889845766375736,33.458593496613695,-15.826197290869821
room_acoustic_data_room_2532.mat,4.5,2.6705882352941175,31.83505816774552,33.05353397439551,33.717931587116865,-15.95564499059857
room_acoustic_data_room_2533.mat,4.5,2.6823529411764704,32.495354034233934,33.43363904768547,34.364196061500856,-16.280947090700288
room_acoustic_data_room_2534.mat,4.5,2.6941176470588237,33.06790959150149,33.72971446935212,34.96980612083435,-16.609505921922164
room_acoustic_data_room_2535.mat,4.5,2.7058823529411766,33.572077744654564,34.05530828887169,35.473220384750725,-16.962849614271086
room_acoustic_data_room_2536.mat,4.5,2.7176470588235295,33.94548310210281,34.321250501458934,35.85210843023825,-17.279529343523834
room_acoustic_data_room_2537.mat,4.5,2.7294117647058824,34.05726828069608,34.40776994234428,36.035198051837966,-17.429188149424387
room_acoustic_data_room_2538.mat,4.5,2.7411764705882353,33.84454939960692,34.25232676368171,35.91836207919291,-17.348934485223406
room_acoustic_data_room_2539.mat,4.5,2.7529411764705882,33.13480763172463,33.68596382994126,35.39816026706354,-16.864745271569184
room_acoustic_data_room_2540.mat,4.5,2.764705882352941,32.73858050815474,33.16613037623459,35.2155497447607,-16.45990991234319
room_acoustic_data_room_2541.mat,4.5,2.776470588235294,33.10271635102724,33.00194211408964,35.74411932312448,-16.438804110561932
room_acoustic_data_room_2542.mat,4.5,2.788235294117647,33.139129158146844,32.54717464999713,35.917171262307086,-16.185007870591978
room_acoustic_data_room_2543.mat,4.5,2.8,33.05797595772305,32.07985503501354,35.85595773888674,-15.910610254054532
room_acoustic_data_room_2544.mat,4.5,2.8117647058823527,32.912726289034694,31.629629824236893,35.636185086262216,-15.671355070002086
room_acoustic_data_room_2545.mat,4.5,2.823529411764706,32.663681535135126,31.30552414739882,35.176407648885764,-15.4326240010134
room_acoustic_data_room_2546.mat,4.5,2.835294117647059,32.26509367281828,30.973650623202754,34.52131315385019,-15.157343426627133
room_acoustic_data_room_2547.mat,4.5,2.847058823529412,31.60369857646068,30.56569790676069,33.54902485048873,-14.74224094383877
room_acoustic_data_room_2548.mat,4.5,2.8588235294117648,32.40377872328195,31.109452647102863,34.01886525712013,-15.093027576280518
room_acoustic_data_room_2549.mat,4.5,2.8705882352941177,33.305993341522615,31.787286917895493,34.691040826191596,-15.48952514157379
room_acoustic_data_room_2550.mat,4.5,2.8823529411764706,33.876047747179214,32.33847305019256,35.05147202819103,-15.681098453596418
room_acoustic_data_room_2551.mat,4.5,2.8941176470588235,34.085135593845955,32.923679008292986,35.057730617205834,-15.63871584286877
room_acoustic_data_room_2552.mat,4.5,2.9058823529411764,35.386798926671055,34.21090900059422,35.94667125087738,-16.1639886056744
room_acoustic_data_room_2553.mat,4.5,2.9176470588235293,36.274158936297184,35.33693145087438,36.51036469099084,-16.336041832978484
room_acoustic_data_room_2554.mat,4.5,2.929411764705882,36.53650908316028,36.187471402771465,36.723129111824335,-16.010635198239463
room_acoustic_data_room_2555.mat,4.5,2.9411764705882355,36.39522547149171,36.599784189925956,36.70161904888051,-15.391560866871144
room_acoustic_data_room_2556.mat,4.5,2.9529411764705884,36.00758257863309,36.5601687940208,36.5602800659545,-14.618779831142788
room_acoustic_data_room_2557.mat,4.5,2.9647058823529413,35.53204078125977,36.21875291163962,36.38409589818509,-13.834803820984023
room_acoustic_data_room_2558.mat,4.5,2.976470588235294,35.022792004330235,35.716911853432684,36.19375265544307,-13.079744073578555
room_acoustic_data_room_2559.mat,4.5,2.988235294117647,34.513144533302516,35.157178798483734,35.9937952023919,-12.374858168097806
room_acoustic_data_room_2560.mat,4.5,3.0,34.04761434062061,34.61454012281926,35.81665402650034,-11.754594138767372
room_acoustic_data_room_2561.mat,0.0,-1.5,32.11386346198885,33.738537970970086,33.857194076097244,-9.795655301581476
room_acoustic_data_room_2562.mat,0.011764705882352941,-1.5,32.53110220373531,34.221923381104126,34.026682161113506,-10.361117845643339
room_acoustic_data_room_2563.mat,0.023529411764705882,-1.5,32.987126471615746,34.70548475408877,34.211637236816536,-11.004505816459233
room_acoustic_data_room_2564.mat,0.03529411764705882,-1.5,33.466280402062615,35.122162687326714,34.397431641086115,-11.720032403185332
room_acoustic_data_room_2565.mat,0.047058823529411764,-1.5,33.91113782646146,35.35865636790519,34.545628535153426,-12.462049413215917
room_acoustic_data_room_2566.mat,0.058823529411764705,-1.5,34.2321151916291,35.293756059477616,34.612606358206214,-13.154611093695323
room_acoustic_data_room_2567.mat,0.07058823529411765,-1.5,34.370271043728565,34.89932321791736,34.59810774462071,-13.753978803527481
room_acoustic_data_room_2568.mat,0.08235294117647059,-1.5,34.227976663453305,34.12120375923498,34.45210777078802,-14.178702810904497
room_acoustic_data_room_2569.mat,0.09411764705882353,-1.5,33.68059229592848,33.02487159453091,34.00849036438872,-14.320377507180611
room_acoustic_data_room_2570.mat,0.10588235294117647,-1.5,32.6500895416809,32.04921973764557,33.345235979586825,-14.115884317634539
room_acoustic_data_room_2571.mat,0.11764705882352941,-1.5,32.50719694907094,31.626011141601992,33.42441748082501,-14.244654271247896
room_acoustic_data_room_2572.mat,0.12941176470588237,-1.5,32.23142409729155,31.349463975016114,33.44220376860643,-14.319071821457056
room_acoustic_data_room_2573.mat,0.1411764705882353,-1.5,31.74901962155106,31.092653163908256,33.31648601177913,-14.320053374327287
room_acoustic_data_room_2574.mat,0.15294117647058825,-1.5,30.97579115302721,30.709764469897003,32.87834978213948,-14.15737702358902
room_acoustic_data_room_2575.mat,0.16470588235294117,-1.5,31.46924355027705,31.0910738364324,33.5850275453169,-14.445064098508634
room_acoustic_data_room_2576.mat,0.17647058823529413,-1.5,31.754725486329566,31.38804803759109,34.088696158483145,-14.595137649268255
room_acoustic_data_room_2577.mat,0.18823529411764706,-1.5,31.86158422391348,31.635997942480746,34.3302622689895,-14.689691631994934
room_acoustic_data_room_2578.mat,0.2,-1.5,31.954065543830406,31.999190056115758,34.455252356921335,-14.884179538875905
room_acoustic_data_room_2579.mat,0.21176470588235294,-1.5,31.915688905891336,32.340714594164275,34.46280412247457,-15.054890807839223
room_acoustic_data_room_2580.mat,0.2235294117647059,-1.5,31.73661391074839,32.61862284922755,34.222006192244415,-15.186292155789669
room_acoustic_data_room_2581.mat,0.23529411764705882,-1.5,31.34123467132826,32.549294902100726,33.765158430291294,-15.196827100464208
room_acoustic_data_room_2582.mat,0.24705882352941178,-1.5,31.783661184536772,32.99970971750539,34.13656793494748,-15.442221537186835
room_acoustic_data_room_2583.mat,0.25882352941176473,-1.5,32.09747278512798,33.29365735379965,34.4300620385137,-15.550794198129271
room_acoustic_data_room_2584.mat,0.27058823529411763,-1.5,32.27680194789057,33.421317287427435,34.61959287976616,-15.618233820559606
room_acoustic_data_room_2585.mat,0.2823529411764706,-1.5,32.24186309195332,33.33653909855324,34.61971906329594,-15.56388524512503
room_acoustic_data_room_2586.mat,0.29411764705882354,-1.5,32.178395351783166,33.319231433012966,34.526541907231035,-15.572244922529128
room_acoustic_data_room_2587.mat,0.3058823529411765,-1.5,32.142550103198474,33.37217078227782,34.40920869259112,-15.698524614153342
room_acoustic_data_room_2588.mat,0.3176470588235294,-1.5,32.07813585717182,33.391940999888,34.24133101951171,-15.8856290400351
room_acoustic_data_room_2589.mat,0.32941176470588235,-1.5,31.777888291548116,33.193942632028836,33.8717662242781,-15.924389386421732
room_acoustic_data_room_2590.mat,0.3411764705882353,-1.5,31.697835544174172,33.151228201587585,33.77799623791149,-15.96366714739281
room_acoustic_data_room_2591.mat,0.35294117647058826,-1.5,32.16582117153107,33.523299298079856,34.256198264043675,-16.19098470439646
room_acoustic_data_room_2592.mat,0.36470588235294116,-1.5,32.4176594078716,33.708614958948566,34.54996938828654,-16.288230055538225
room_acoustic_data_room_2593.mat,0.3764705882352941,-1.5,32.508482582332654,33.82627417562373,34.644040650772865,-16.312966056118288
room_acoustic_data_room_2594.mat,0.38823529411764707,-1.5,32.59073542446361,34.02052406931777,34.64254453771967,-16.41881735740184
room_acoustic_data_room_2595.mat,0.4,-1.5,32.58781967529833,34.21081199253726,34.49786801218865,-16.529855172925917
room_acoustic_data_room_2596.mat,0.4117647058823529,-1.5,32.43633722202006,34.308880119635276,34.17002553329513,-16.582893600229028
room_acoustic_data_room_2597.mat,0.4235294117647059,-1.5,32.00972407429803,34.11349771969952,33.60034087445975,-16.450419810376157
room_acoustic_data_room_2598.mat,0.43529411764705883,-1.5,31.29594745365838,33.4579162836706,32.8163861315215,-16.11726147444625
room_acoustic_data_room_2599.mat,0.4470588235294118,-1.5,31.887619051453605,33.81310367867003,33.50114949518404,-16.43200363973984
room_acoustic_data_room_2600.mat,0.4588235294117647,-1.5,32.21489967829635,33.82385854953799,33.98463141154954,-16.55490546247416
room_acoustic_data_room_2601.mat,0.47058823529411764,-1.5,32.353171969766564,33.68857315764109,34.28122441101276,-16.578997593040366
room_acoustic_data_room_2602.mat,0.4823529411764706,-1.5,32.38507109281678,33.53742105603976,34.419708740147634,-16.58843824286985
room_acoustic_data_room_2603.mat,0.49411764705882355,-1.5,32.319988976888176,33.33765342416227,34.40528306009602,-16.593212908052745
room_acoustic_data_room_2604.mat,0.5058823529411764,-1.5,32.17525630699392,33.14052300105884,34.250138272271464,-16.610716677627828
room_acoustic_data_room_2605.mat,0.5176470588235295,-1.5,31.868679940201154,32.87969697189465,33.908341901977145,-16.55793247111774
room_acoustic_data_room_2606.mat,0.5294117647058824,-1.5,31.246366941866853,32.395358795031356,33.33136691518582,-16.278395111724983
room_acoustic_data_room_2607.mat,0.5411764705882353,-1.5,31.50100366500856,32.6082392390476,33.66571576757587,-16.414197393495495
room_acoustic_data_room_2608.mat,0.5529411764705883,-1.5,31.89388799960315,32.90727869356615,34.20206908936209,-16.55790615991166
room_acoustic_data_room_2609.mat,0.5647058823529412,-1.5,32.109543500604886,33.095725772262135,34.52828470013257,-16.615748449832736
room_acoustic_data_room_2610.mat,0.5764705882352941,-1.5,32.244489391711404,33.300392513123384,34.66497142657156,-16.68633124856063
room_acoustic_data_room_2611.mat,0.5882352941176471,-1.5,32.29883756021066,33.47885997912475,34.64123287564163,-16.770662247419686
room_acoustic_data_room_2612.mat,0.6,-1.5,32.23793011637692,33.594819831500786,34.44237843778862,-16.834316805168424
room_acoustic_data_room_2613.mat,0.611764705882353,-1.5,32.04352562629492,33.58705727327586,34.11447861381663,-16.858460556953524
room_acoustic_data_room_2614.mat,0.6235294117647059,-1.5,31.587933405212286,33.25068986612744,33.56178117622988,-16.71323575065025
room_acoustic_data_room_2615.mat,0.6352941176470588,-1.5,31.640128751896373,33.24903138145801,33.62028030033143,-16.76369741469824
room_acoustic_data_room_2616.mat,0.6470588235294118,-1.5,32.19659206625849,33.59143451838451,34.224954696283085,-17.034200109357815
room_acoustic_data_room_2617.mat,0.6588235294117647,-1.5,32.434162778954004,33.70942390899605,34.540236972812124,-17.078515836638687
room_acoustic_data_room_2618.mat,0.6705882352941176,-1.5,32.50887723165851,33.64525509240292,34.687696946141166,-17.054995172545215
room_acoustic_data_room_2619.mat,0.6823529411764706,-1.5,32.46736616736537,33.55397932501228,34.654967961065246,-17.011168540578698
room_acoustic_data_room_2620.mat,0.6941176470588235,-1.5,32.339028141303714,33.48942893292404,34.44589802907395,-16.976597168266423
room_acoustic_data_room_2621.mat,0.7058823529411765,-1.5,32.10656664132259,33.35620970889965,34.15092392684383,-16.93344473728462
room_acoustic_data_room_2622.mat,0.7176470588235294,-1.5,31.59978628252147,33.0209123396964,33.64352522647386,-16.709642925552142
room_acoustic_data_room_2623.mat,0.7294117647058823,-1.5,31.356081423295194,32.86051653842683,33.43453790972077,-16.5906725115395
room_acoustic_data_room_2624.mat,0.7411764705882353,-1.5,31.991171985293875,33.34894990409516,34.086691697671185,-16.91463434370442
room_acoustic_data_room_2625.mat,0.7529411764705882,-1.5,32.30501204513161,33.58904407191385,34.46727526619474,-17.010042751394895
room_acoustic_data_room_2626.mat,0.7647058823529411,-1.5,32.543230745344594,33.78101792168952,34.772058498244434,-17.125206863466722
room_acoustic_data_room_2627.mat,0.7764705882352941,-1.5,32.72061218209488,34.01156319705971,34.9204165732661,-17.275950777607356
room_acoustic_data_room_2628.mat,0.788235294117647,-1.5,32.77578261988762,34.23453155325037,34.83969612254688,-17.401073612202755
room_acoustic_data_room_2629.mat,0.8,-1.5,32.63800034895456,34.293488324148,34.584021338243,-17.42935823951298
room_acoustic_data_room_2630.mat,0.8117647058823529,-1.5,32.228271707398804,34.060544305814446,34.0968839390202,-17.28020397243619
room_acoustic_data_room_2631.mat,0.8235294117647058,-1.5,31.708039604586993,33.56362045864778,33.5786163173737,-17.035735171141905
room_acoustic_data_room_2632.mat,0.8352941176470589,-1.5,32.3460206398902,33.891446682749056,34.28289291022728,-17.344840362697877
room_acoustic_data_room_2633.mat,0.8470588235294118,-1.5,32.60189570245935,33.84207420892547,34.68842197376328,-17.363375072132147
room_acoustic_data_room_2634.mat,0.8588235294117647,-1.5,32.79609627681969,33.766492164989444,34.99685316023865,-17.414952657899484
room_acoustic_data_room_2635.mat,0.8705882352941177,-1.5,32.80854062473176,33.55773129101813,35.12447484983574,-17.38082595306732
room_acoustic_data_room_2636.mat,0.8823529411764706,-1.5,32.70833075002733,33.366788888028985,35.061843968561476,-17.330402944469636
room_acoustic_data_room_2637.mat,0.8941176470588236,-1.5,32.482011446766656,33.1799325419785,34.77388766812429,-17.24988723871919
room_acoustic_data_room_2638.mat,0.9058823529411765,-1.5,32.04246917753651,32.91728915279682,34.25261883441535,-17.050859282205202
room_acoustic_data_room_2639.mat,0.9176470588235294,-1.5,31.329158715254252,32.44986816406487,33.50605574949491,-16.669704100336403
room_acoustic_data_room_2640.mat,0.9294117647058824,-1.5,31.72472059968453,32.800067730177545,33.92089284097503,-16.831170094518036
room_acoustic_data_room_2641.mat,0.9411764705882353,-1.5,32.17502498249474,33.147088410815385,34.459333911417495,-17.02573322614323
room_acoustic_data_room_2642.mat,0.9529411764705882,-1.5,32.432568321107865,33.3252452725302,34.81343525436118,-17.12114991871462
room_acoustic_data_room_2643.mat,0.9647058823529412,-1.5,32.55475838165893,33.47813377005334,34.976380180201886,-17.176615385143144
room_acoustic_data_room_2644.mat,0.9764705882352941,-1.5,32.59496463087934,33.61087759906694,34.95108065172248,-17.246062839652453
room_acoustic_data_room_2645.mat,0.9882352941176471,-1.5,32.52379354373388,33.73978399200024,34.71138230965107,-17.29995568838194
room_acoustic_data_room_2646.mat,1.0,-1.5,32.16200145330516,33.68420124286374,34.17658524328219,-17.15805736853168
room_acoustic_data_room_2647.mat,1.011764705882353,-1.5,31.301054457167478,33.1544065087918,33.279228005136446,-16.609285836724442
room_acoustic_data_room_2648.mat,1.0235294117647058,-1.5,31.399967341844942,33.24441628833144,33.36397540290753,-16.64253545115036
room_acoustic_data_room_2649.mat,1.035294117647059,-1.5,32.074027871445956,33.69251335287049,34.04612981509246,-17.039787612312942
room_acoustic_data_room_2650.mat,1.0470588235294118,-1.5,32.405602486598035,33.83585020192663,34.44617550836173,-17.187154657641432
room_acoustic_data_room_2651.mat,1.0588235294117647,-1.5,32.487480272847705,33.72739829798346,34.62587785123418,-17.17973617045754
room_acoustic_data_room_2652.mat,1.0705882352941176,-1.5,32.41434729504001,33.59354403559996,34.58075495280003,-17.11309394856514
room_acoustic_data_room_2653.mat,1.0823529411764705,-1.5,32.17252155477937,33.420997027636645,34.30274438882802,-16.973608565898353
room_acoustic_data_room_2654.mat,1.0941176470588236,-1.5,31.78149010548699,33.21040836042058,33.84927670408369,-16.780044357608755
room_acoustic_data_room_2655.mat,1.1058823529411765,-1.5,31.108424629031784,32.7902507522298,33.19082874983423,-16.39747834305508
room_acoustic_data_room_2656.mat,1.1176470588235294,-1.5,30.927827968523218,32.66693704980388,33.05115733442514,-16.307644459246887
room_acoustic_data_room_2657.mat,1.1294117647058823,-1.5,31.741373988094715,33.22804573191655,33.92967733289336,-16.82101783539802
room_acoustic_data_room_2658.mat,1.1411764705882352,-1.5,32.24938530488835,33.562409556559004,34.52238504369005,-17.120673706936675
room_acoustic_data_room_2659.mat,1.1529411764705881,-1.5,32.434796466050855,33.707786055680565,34.76379214792479,-17.19237956643982
room_acoustic_data_room_2660.mat,1.1647058823529413,-1.5,32.53716704623221,33.86788894657443,34.85079694720231,-17.276884386431878
room_acoustic_data_room_2661.mat,1.1764705882352942,-1.5,32.493577734057894,34.00304029318745,34.66615741719509,-17.311509961489506
room_acoustic_data_room_2662.mat,1.188235294117647,-1.5,32.263601672888356,34.00779544992611,34.27525576651704,-17.255307868274457
room_acoustic_data_room_2663.mat,1.2,-1.5,31.676348425974993,33.65192572813766,33.63759628157077,-16.935647715784057
room_acoustic_data_room_2664.mat,1.2117647058823529,-1.5,31.14484812580986,33.17327699021108,33.11181871486998,-16.640757674394933
room_acoustic_data_room_2665.mat,1.223529411764706,-1.5,32.02875768196923,33.62165345510281,34.04205841875117,-17.20096823569079
room_acoustic_data_room_2666.mat,1.2352941176470589,-1.5,32.50294755543819,33.6924148482402,34.64376797930682,-17.442576734289524
room_acoustic_data_room_2667.mat,1.2470588235294118,-1.5,32.60557894409724,33.53764070525222,34.90785219013374,-17.40708523481151
room_acoustic_data_room_2668.mat,1.2588235294117647,-1.5,32.563545443164884,33.33014790150329,34.96954983933616,-17.322888855345102
room_acoustic_data_room_2669.mat,1.2705882352941176,-1.5,32.41424720448962,33.09647773156124,34.82955911799023,-17.227790392465877
room_acoustic_data_room_2670.mat,1.2823529411764707,-1.5,32.21607051854659,32.920365349869876,34.554493688798765,-17.179805770258632
room_acoustic_data_room_2671.mat,1.2941176470588236,-1.5,31.857768681740698,32.685086852960296,34.09300360412283,-17.066223108222847
room_acoustic_data_room_2672.mat,1.3058823529411765,-1.5,31.17799744512483,32.220932382973714,33.38795406731236,-16.72239256606857
room_acoustic_data_room_2673.mat,1.3176470588235294,-1.5,31.791612042533792,32.67666438141849,34.02298533412519,-17.034086367480548
room_acoustic_data_room_2674.mat,1.3294117647058823,-1.5,32.20086710267149,33.01888677832426,34.515844367817905,-17.187971612225933
room_acoustic_data_room_2675.mat,1.3411764705882352,-1.5,32.41963729766574,33.23269908736812,34.797391886722075,-17.245562745724154
room_acoustic_data_room_2676.mat,1.3529411764705883,-1.5,32.48742428336474,33.41185043466474,34.846438625883785,-17.248202843441096
room_acoustic_data_room_2677.mat,1.3647058823529412,-1.5,32.40126841439468,33.550833560408705,34.652447418430434,-17.193514320469724
room_acoustic_data_room_2678.mat,1.3764705882352941,-1.5,32.23680621699667,33.638440130394656,34.3213420766515,-17.15690549723953
room_acoustic_data_room_2679.mat,1.388235294117647,-1.5,31.877058297292816,33.55084203992851,33.78765983317801,-17.020169149087693
room_acoustic_data_room_2680.mat,1.4,-1.5,31.257909482586115,33.14480687140236,33.06678142987269,-16.71626471924641
room_acoustic_data_room_2681.mat,1.411764705882353,-1.5,31.48820737300127,33.29062081687921,33.309005227974026,-16.79217268793313
room_acoustic_data_room_2682.mat,1.423529411764706,-1.5,32.00075515912851,33.57485485225687,33.90632446461931,-17.02809050568631
room_acoustic_data_room_2683.mat,1.4352941176470588,-1.5,32.288981968790715,33.69218987717823,34.28636232188422,-17.133554740708394
room_acoustic_data_room_2684.mat,1.4470588235294117,-1.5,32.34218753977795,33.62690755701358,34.39944481741642,-17.100108004697024
room_acoustic_data_room_2685.mat,1.4588235294117646,-1.5,32.2460862104908,33.49879755336512,34.31245871640142,-17.014269481522973
room_acoustic_data_room_2686.mat,1.4705882352941178,-1.5,32.04540409698293,33.3784337748387,34.06072396847746,-16.920684762630238
room_acoustic_data_room_2687.mat,1.4823529411764707,-1.5,31.730252938787793,33.193293543921534,33.67307053900987,-16.808438265975056
room_acoustic_data_room_2688.mat,1.4941176470588236,-1.5,31.205964181221432,32.84467212089479,33.12842005161459,-16.58025390632033
room_acoustic_data_room_2689.mat,1.5058823529411764,-1.5,31.234062631160775,32.90256102300097,33.19524776737446,-16.608352396460447
room_acoustic_data_room_2690.mat,1.5176470588235293,-1.5,31.797473426844526,33.30993309928,33.826905987370154,-16.875658797863004
room_acoustic_data_room_2691.mat,1.5294117647058822,-1.5,32.10828749883623,33.538369881550636,34.19945198212003,-16.983568211894863
room_acoustic_data_room_2692.mat,1.5411764705882354,-1.5,32.27748052524161,33.70558969119244,34.38108356173582,-17.045663847454243
room_acoustic_data_room_2693.mat,1.5529411764705883,-1.5,32.378943384103906,33.91300037516493,34.384023499386394,-17.1368639043931
room_acoustic_data_room_2694.mat,1.5647058823529412,-1.5,32.33513484162282,34.05842084193715,34.19146639426079,-17.17970767375483
room_acoustic_data_room_2695.mat,1.576470588235294,-1.5,32.11279504643266,34.02841475908414,33.86488373073322,-17.140130458950516
room_acoustic_data_room_2696.mat,1.588235294117647,-1.5,31.567944333141483,33.64367516217914,33.304565093861456,-16.871909720947638
room_acoustic_data_room_2697.mat,1.6,-1.5,31.151455581803972,33.193458092003844,32.973653039966095,-16.60981095773803
room_acoustic_data_room_2698.mat,1.611764705882353,-1.5,31.655264506824324,33.381798601011575,33.609269200371635,-16.798375493373236
room_acoustic_data_room_2699.mat,1.6235294117647059,-1.5,31.933922173434027,33.381885876248155,34.04321909810709,-16.854021585131356
room_acoustic_data_room_2700.mat,1.6352941176470588,-1.5,32.01888673709946,33.25647606661615,34.302341601071,-16.81113277271936
room_acoustic_data_room_2701.mat,1.6470588235294117,-1.5,31.963884551165865,33.06999240641049,34.37203124324014,-16.724663240440112
room_acoustic_data_room_2702.mat,1.6588235294117648,-1.5,31.813131029396068,32.87943344838116,34.238507412162996,-16.63905660805853
room_acoustic_data_room_2703.mat,1.6705882352941177,-1.5,31.53097025176387,32.65364610446571,33.90326324180473,-16.51807489530359
room_acoustic_data_room_2704.mat,1.6823529411764706,-1.5,31.075600584744038,32.33141625690986,33.40880631125901,-16.318075049288886
room_acoustic_data_room_2705.mat,1.6941176470588235,-1.5,30.418823139051252,31.847635185736948,32.73680393914711,-15.96321843406428
room_acoustic_data_room_2706.mat,1.7058823529411764,-1.5,31.13128851223874,32.39157035145708,33.507158078265995,-16.339743101023288
room_acoustic_data_room_2707.mat,1.7176470588235293,-1.5,31.583011607493475,32.727642919713674,34.03565783784435,-16.54674701237826
room_acoustic_data_room_2708.mat,1.7294117647058824,-1.5,31.8941488932591,32.97096671434099,34.4112848491173,-16.707692227993963
room_acoustic_data_room_2709.mat,1.7411764705882353,-1.5,32.04169702815768,33.145095229797974,34.58832130854624,-16.801040583486746
room_acoustic_data_room_2710.mat,1.7529411764705882,-1.5,32.03361681231772,33.27791351955541,34.50965002407935,-16.83512324549809
room_acoustic_data_room_2711.mat,1.7647058823529411,-1.5,31.860601971275017,33.33685969987584,34.197542734841626,-16.800231295007418
room_acoustic_data_room_2712.mat,1.776470588235294,-1.5,31.44690363051305,33.18947290653014,33.63110583469629,-16.61911433484297
room_acoustic_data_room_2713.mat,1.7882352941176471,-1.5,30.711821061467283,32.67879167694766,32.84280272798935,-16.20773076993718
room_acoustic_data_room_2714.mat,1.8,-1.5,31.22166547431626,33.08295335525665,33.35459412651219,-16.480964913689668
room_acoustic_data_room_2715.mat,1.811764705882353,-1.5,31.709739144886868,33.39487974763169,33.90250074809581,-16.70144548351108
room_acoustic_data_room_2716.mat,1.8235294117647058,-1.5,31.953269425396712,33.44884014283905,34.26018116674415,-16.77120179370982
room_acoustic_data_room_2717.mat,1.8352941176470587,-1.5,32.00260560649209,33.34757389359283,34.41690101433629,-16.742323089202397
room_acoustic_data_room_2718.mat,1.8470588235294119,-1.5,31.97390505039188,33.284591769405985,34.384973407361684,-16.73148829896779
room_acoustic_data_room_2719.mat,1.8588235294117648,-1.5,31.819487622847888,33.20052726022412,34.159454641714404,-16.690776182918825
room_acoustic_data_room_2720.mat,1.8705882352941177,-1.5,31.44358456429388,32.961140135270206,33.72630615889505,-16.523228583760755
room_acoustic_data_room_2721.mat,1.8823529411764706,-1.5,30.836391565212544,32.522995306894906,33.1172107392746,-16.216208246695857
room_acoustic_data_room_2722.mat,1.8941176470588235,-1.5,31.030316684197786,32.622219331626965,33.390157727538494,-16.31937058711402
room_acoustic_data_room_2723.mat,1.9058823529411764,-1.5,31.627472099283192,33.04894340457081,34.05999166727081,-16.62602654849872
room_acoustic_data_room_2724.mat,1.9176470588235295,-1.5,32.033381030468114,33.326588421447966,34.5178021016341,-16.834468251664166
room_acoustic_data_room_2725.mat,1.9294117647058824,-1.5,32.285109298009125,33.53649162314055,34.77942025289297,-16.983856179373213
room_acoustic_data_room_2726.mat,1.9411764705882353,-1.5,32.40510969574256,33.760593381382456,34.7878494950537,-17.097365843780807
room_acoustic_data_room_2727.mat,1.9529411764705882,-1.5,32.41840890877249,33.93730778424013,34.63694562548917,-17.19996135773911
room_acoustic_data_room_2728.mat,1.964705882352941,-1.5,32.07917448327106,33.84408144403187,34.19038437802074,-17.044934534527833
room_acoustic_data_room_2729.mat,1.9764705882352942,-1.5,31.385682866593697,33.35441028854383,33.451150604784615,-16.628251323757745
room_acoustic_data_room_2730.mat,1.988235294117647,-1.5,31.166404567315933,33.069544615036,33.26095986694731,-16.47463633066078
room_acoustic_data_room_2731.mat,2.0,-1.5,31.83574170526915,33.405346720189385,34.00379229952149,-16.831798033941638
room_acoustic_data_room_2732.mat,2.011764705882353,-1.5,32.20281849582253,33.46882347837484,34.54842023813854,-16.978981088532276
room_acoustic_data_room_2733.mat,2.023529411764706,-1.5,32.35170048574753,33.39583321216712,34.87027901343144,-17.002799182254
room_acoustic_data_room_2734.mat,2.0352941176470587,-1.5,32.29987345165296,33.17929716976228,34.943627181039346,-16.921730987787008
room_acoustic_data_room_2735.mat,2.0470588235294116,-1.5,32.09649767399233,32.935356781680376,34.78907255404215,-16.7850798546202
room_acoustic_data_room_2736.mat,2.0588235294117645,-1.5,31.771250155918892,32.68438330655289,34.44414092103151,-16.621959038632156
room_acoustic_data_room_2737.mat,2.070588235294118,-1.5,31.223589525633514,32.3098660017001,33.86144254072167,-16.330039721664992
room_acoustic_data_room_2738.mat,2.0823529411764707,-1.5,30.641421689142724,31.89646360540126,33.2818520161208,-15.981967851993822
room_acoustic_data_room_2739.mat,2.0941176470588236,-1.5,31.379705777539506,32.48867300196494,34.03418568162287,-16.38809671528309
room_acoustic_data_room_2740.mat,2.1058823529411765,-1.5,31.845955316452343,32.86788758747677,34.50504123998233,-16.613832011148386
room_acoustic_data_room_2741.mat,2.1176470588235294,-1.5,32.13773378118453,33.12863569860945,34.78536465745394,-16.7598069773998
room_acoustic_data_room_2742.mat,2.1294117647058823,-1.5,32.32331549606211,33.38920618303533,34.890274725455455,-16.89560198895005
room_acoustic_data_room_2743.mat,2.1411764705882352,-1.5,32.31657007168526,33.57048458069909,34.76921330457694,-16.935427917495026
room_acoustic_data_room_2744.mat,2.152941176470588,-1.5,32.15391229797596,33.649917190995275,34.447877241731334,-16.915393717580976
room_acoustic_data_room_2745.mat,2.164705882352941,-1.5,31.716493912267552,33.45108516078731,33.92051304045238,-16.71531683147726
room_acoustic_data_room_2746.mat,2.176470588235294,-1.5,30.907050644954047,32.7681003427775,33.15874982401325,-16.23475159760197
room_acoustic_data_room_2747.mat,2.1882352941176473,-1.5,31.581205984226237,33.24892281724738,33.803364270861515,-16.633141474271987
room_acoustic_data_room_2748.mat,2.2,-1.5,32.1209958470594,33.53428272938252,34.38136592592629,-16.912360004412356
room_acoustic_data_room_2749.mat,2.211764705882353,-1.5,32.33344122558084,33.55529907508816,34.70460099461015,-16.958744356371447
room_acoustic_data_room_2750.mat,2.223529411764706,-1.5,32.36440855135483,33.40595926050103,34.86246879588934,-16.919769760546348
room_acoustic_data_room_2751.mat,2.235294117647059,-1.5,32.21850424191875,33.189374693669905,34.782336339580986,-16.80052046738457
room_acoustic_data_room_2752.mat,2.2470588235294118,-1.5,31.933261200713194,32.95548071430805,34.501218951231664,-16.638359569575382
room_acoustic_data_room_2753.mat,2.2588235294117647,-1.5,31.40971018061654,32.56817917352848,33.980557836506364,-16.33328133014834
room_acoustic_data_room_2754.mat,2.2705882352941176,-1.5,30.588687482835187,31.95915717828793,33.198079438983335,-15.823445741606104
room_acoustic_data_room_2755.mat,2.2823529411764705,-1.5,30.842733573195858,32.15895111711917,33.481996614569745,-15.952513745996775
room_acoustic_data_room_2756.mat,2.2941176470588234,-1.5,31.39796932562408,32.53186665138814,34.092113442999185,-16.224805467233917
room_acoustic_data_room_2757.mat,2.3058823529411763,-1.5,31.727183005113552,32.76081007783858,34.44508482810254,-16.36476831722155
room_acoustic_data_room_2758.mat,2.3176470588235296,-1.5,31.923563683224963,32.96680514695984,34.580897616248684,-16.46746746375844
room_acoustic_data_room_2759.mat,2.3294117647058825,-1.5,32.013796807661414,33.197523564895384,34.53197645315558,-16.560128814984864
room_acoustic_data_room_2760.mat,2.3411764705882354,-1.5,31.91605108349037,33.36843411886415,34.20893529352582,-16.560754473144517
room_acoustic_data_room_2761.mat,2.3529411764705883,-1.5,31.573802098023517,33.32277914500858,33.683450375853916,-16.411909626707352
room_acoustic_data_room_2762.mat,2.364705882352941,-1.5,30.90072754498637,32.858865975911854,32.96634544421979,-16.02493955403644
room_acoustic_data_room_2763.mat,2.376470588235294,-1.5,30.80924189683666,32.71793867614517,32.89828541725508,-15.9337457129575
room_acoustic_data_room_2764.mat,2.388235294117647,-1.5,31.437583756361676,33.05069517284417,33.64500892864408,-16.25184041822753
room_acoustic_data_room_2765.mat,2.4,-1.5,31.748788468259516,33.10006978704343,34.13904378386339,-16.344634008771205
room_acoustic_data_room_2766.mat,2.411764705882353,-1.5,31.854315999627918,33.038395087116555,34.38390172042804,-16.32574701869738
room_acoustic_data_room_2767.mat,2.4235294117647057,-1.5,31.828500492600725,32.89134790223719,34.41607953442477,-16.270114851300153
room_acoustic_data_room_2768.mat,2.4352941176470586,-1.5,31.7031808149736,32.71937073527874,34.255380385762976,-16.209369472720105
room_acoustic_data_room_2769.mat,2.447058823529412,-1.5,31.369989190218348,32.48229075907685,33.838334739418194,-16.03428800907522
room_acoustic_data_room_2770.mat,2.458823529411765,-1.5,30.78037155345254,32.11189477736367,33.1934400464947,-15.694271540987527
room_acoustic_data_room_2771.mat,2.4705882352941178,-1.5,30.4175355334715,31.91836189996576,32.80060270132796,-15.448997567839127
room_acoustic_data_room_2772.mat,2.4823529411764707,-1.5,31.125188771812738,32.51825642027067,33.49367868866872,-15.813876277960368
room_acoustic_data_room_2773.mat,2.4941176470588236,-1.5,31.545616434760852,32.87381960416157,33.93279167284538,-15.980602339815377
room_acoustic_data_room_2774.mat,2.5058823529411764,-1.5,31.82644762238494,33.12176695546185,34.24430002142058,-16.099362033993337
room_acoustic_data_room_2775.mat,2.5176470588235293,-1.5,31.959905810185564,33.30466818274339,34.39045319104024,-16.16314106434234
room_acoustic_data_room_2776.mat,2.5294117647058822,-1.5,31.93352723535289,33.431815530584295,34.28920844022934,-16.159315758714218
room_acoustic_data_room_2777.mat,2.541176470588235,-1.5,31.75123525344746,33.49496159508122,33.930708596898775,-16.091119696302588
room_acoustic_data_room_2778.mat,2.552941176470588,-1.5,31.31550766162936,33.2675776660219,33.37163177816425,-15.85946454904496
room_acoustic_data_room_2779.mat,2.5647058823529414,-1.5,30.65699203564787,32.76539485387459,32.662366478585774,-15.477817022404638
room_acoustic_data_room_2780.mat,2.5764705882352943,-1.5,31.550315641614755,33.469724327271386,33.4553923664177,-15.991673241253903
room_acoustic_data_room_2781.mat,2.588235294117647,-1.5,32.17086798596892,33.866724106396916,34.02661140430845,-16.319123112591637
room_acoustic_data_room_2782.mat,2.6,-1.5,32.49096144718023,33.926338712588006,34.40427830333637,-16.435827160654334
room_acoustic_data_room_2783.mat,2.611764705882353,-1.5,32.573697295954844,33.83062282187274,34.56483540436954,-16.406219339222623
room_acoustic_data_room_2784.mat,2.623529411764706,-1.5,32.554183542433506,33.741282767281106,34.5736639092504,-16.365699257446607
room_acoustic_data_room_2785.mat,2.635294117647059,-1.5,32.44796532732853,33.63684661276789,34.47081580650496,-16.329684840620672
room_acoustic_data_room_2786.mat,2.6470588235294117,-1.5,32.1494587771101,33.43031550562421,34.19772384676281,-16.19189222302111
room_acoustic_data_room_2787.mat,2.6588235294117646,-1.5,31.550280293374392,32.99964887700935,33.67729897342988,-15.841815753570705
room_acoustic_data_room_2788.mat,2.6705882352941175,-1.5,31.921928580624183,33.26832942286056,34.08619615884512,-16.04473839561306
room_acoustic_data_room_2789.mat,2.6823529411764704,-1.5,32.58031520833167,33.67086450626323,34.855314478525045,-16.36706873074932
room_acoustic_data_room_2790.mat,2.6941176470588237,-1.5,33.00377207245693,33.884083084062645,35.435949618189966,-16.54490222858196
room_acoustic_data_room_2791.mat,2.7058823529411766,-1.5,33.29883847131829,34.09087591401524,35.77445144063424,-16.68654618195728
room_acoustic_data_room_2792.mat,2.7176470588235295,-1.5,33.494946563281765,34.32648442416386,35.90550667963263,-16.821899971971085
room_acoustic_data_room_2793.mat,2.7294117647058824,-1.5,33.5370814223034,34.531098698777555,35.76973069465375,-16.896030918600058
room_acoustic_data_room_2794.mat,2.7411764705882353,-1.5,33.217482896203926,34.393980168355455,35.30272699899986,-16.700972911516207
room_acoustic_data_room_2795.mat,2.7529411764705882,-1.5,32.51730014355274,33.78202856289888,34.613344569005065,-16.21662670688175
room_acoustic_data_room_2796.mat,2.764705882352941,-1.5,32.083795965221256,33.23320663274416,34.29218047223203,-15.84919119292482
room_acoustic_data_room_2797.mat,2.776470588235294,-1.5,32.552970036578856,33.19094275352008,34.99879947813944,-15.929613849071387
room_acoustic_data_room_2798.mat,2.788235294117647,-1.5,32.71786387350539,32.91530278011531,35.454393862867775,-15.798713401288405
room_acoustic_data_room_2799.mat,2.8,-1.5,32.74717564471644,32.57397073344062,35.702552510195275,-15.628217831070252
room_acoustic_data_room_2800.mat,2.8117647058823527,-1.5,32.691677470274904,32.28733526163959,35.712439829574045,-15.472392801243004
room_acoustic_data_room_2801.mat,2.823529411764706,-1.5,32.601164604458965,32.04171045268586,35.524949651321705,-15.387196998947605
room_acoustic_data_room_2802.mat,2.835294117647059,-1.5,32.33629879620381,31.721945926266848,35.06278873916787,-15.242732542780296
room_acoustic_data_room_2803.mat,2.847058823529412,-1.5,31.690652681994784,31.2133038135288,34.13876114639467,-14.842895150018292
room_acoustic_data_room_2804.mat,2.8588235294117648,-1.5,32.46877946284798,31.697764542405956,34.654665085026025,-15.159034596141563
room_acoustic_data_room_2805.mat,2.8705882352941177,-1.5,33.13911049736426,32.298845985221966,34.95585360589723,-15.320486374103604
room_acoustic_data_room_2806.mat,2.8823529411764706,-1.5,33.334269344929595,32.82482922924162,34.78576784588115,-15.137756081291304
room_acoustic_data_room_2807.mat,2.8941176470588235,-1.5,33.27414748718514,33.2715218247592,34.312837343320865,-14.829423760374162
room_acoustic_data_room_2808.mat,2.9058823529411764,-1.5,34.06925470089327,34.430771219445155,34.57588736600841,-14.781964288134466
room_acoustic_data_room_2809.mat,2.9176470588235293,-1.5,34.43589738930196,35.30010826679428,34.57221516726635,-14.433239053385542
room_acoustic_data_room_2810.mat,2.929411764705882,-1.5,34.45184478032367,35.9197401766431,34.572158491665796,-13.864252684044494
room_acoustic_data_room_2811.mat,2.9411764705882355,-1.5,34.26935734030777,36.09009566484646,34.511090369513944,-13.209020735205243
room_acoustic_data_room_2812.mat,2.9529411764705884,-1.5,33.93444461445201,35.85973308992835,34.39029900479281,-12.49541036210817
room_acoustic_data_room_2813.mat,2.9647058823529413,-1.5,33.50947018034795,35.393944026368665,34.239215768212105,-11.769026559920556
room_acoustic_data_room_2814.mat,2.976470588235294,-1.5,33.06573505834048,34.835159049443945,34.08500660868163,-11.086437035678266
room_acoustic_data_room_2815.mat,2.988235294117647,-1.5,32.646684356430576,34.27180743853411,33.945766312487436,-10.478594935436366
room_acoustic_data_room_2816.mat,3.0,-1.5,32.27771288264779,33.74916306811231,33.83693749712994,-9.960585094537342
room_acoustic_data_room_2817.mat,0.0,4.5,32.336057628006714,34.55410894488873,33.91875946305911,-10.01706219499624
room_acoustic_data_room_2818.mat,0.011764705882352941,4.5,32.74906296509539,35.15190104694939,34.07742391557072,-10.577915665381683
room_acoustic_data_room_2819.mat,0.023529411764705882,4.5,33.21535896179365,35.78912291479004,34.26702324527313,-11.231044598951565
room_acoustic_data_room_2820.mat,0.03529411764705882,4.5,33.69072214882526,36.379142264307184,34.451037466931425,-11.942063432956365
room_acoustic_data_room_2821.mat,0.047058823529411764,4.5,34.18126081494381,36.8326754621899,34.65994036445802,-12.7288498095807
room_acoustic_data_room_2822.mat,0.058823529411764705,4.5,34.61283854114921,36.95306766539699,34.853324106314844,-13.530944660542817
room_acoustic_data_room_2823.mat,0.07058823529411765,4.5,34.870367158434156,36.60961724771504,34.995008326916,-14.248576449415998
room_acoustic_data_room_2824.mat,0.08235294117647059,4.5,34.87034911519254,35.787957295067784,35.05109256793666,-14.814617533214442
room_acoustic_data_room_2825.mat,0.09411764705882353,4.5,34.523431311996625,34.629433901579624,34.97553292161582,-15.15615417987509
room_acoustic_data_room_2826.mat,0.10588235294117647,4.5,33.724653265307595,33.6244108664421,34.64287178168292,-15.183182691605715
room_acoustic_data_room_2827.mat,0.11764705882352941,4.5,33.78156567981479,33.20034888828826,34.960867570095175,-15.519396782957875
room_acoustic_data_room_2828.mat,0.12941176470588237,4.5,33.673239060345324,32.87535109066918,35.132824944028286,-15.75974570298046
room_acoustic_data_room_2829.mat,0.1411764705882353,4.5,33.23585741404867,32.44135226657649,34.995035113277524,-15.802367986856803
room_acoustic_data_room_2830.mat,0.15294117647058825,4.5,32.28757613399762,31.86138842036318,34.4412783675054,-15.45868580412511
room_acoustic_data_room_2831.mat,0.16470588235294117,4.5,32.8173196918862,32.13139450577944,35.29189799933337,-15.790170031393211
room_acoustic_data_room_2832.mat,0.17647058823529413,4.5,33.1467380768657,32.38704813801751,35.89314031425427,-15.983203953177592
room_acoustic_data_room_2833.mat,0.18823529411764706,4.5,33.28924054182575,32.647086075757315,36.2126011240805,-16.112411755489106
room_acoustic_data_room_2834.mat,0.2,4.5,33.48053677388586,32.98939475713731,36.38835117686755,-16.405619884676124
room_acoustic_data_room_2835.mat,0.21176470588235294,4.5,33.509787068522876,33.31305654963407,36.17993059604913,-16.64569527945344
room_acoustic_data_room_2836.mat,0.2235294117647059,4.5,33.3522247499336,33.58327193578382,35.65909596280492,-16.802695125770907
room_acoustic_data_room_2837.mat,0.23529411764705882,4.5,32.79875768654557,33.46665703138677,34.88732619506439,-16.661330839114562
room_acoustic_data_room_2838.mat,0.24705882352941178,4.5,33.399139999413336,34.05094980674333,35.45885333367267,-17.058066055458724
room_acoustic_data_room_2839.mat,0.25882352941176473,4.5,33.736237254945166,34.3408481675127,35.90311404331252,-17.187381999360603
room_acoustic_data_room_2840.mat,0.27058823529411763,4.5,33.78470670517857,34.351324318249794,36.107474261780006,-17.123466715713857
room_acoustic_data_room_2841.mat,0.2823529411764706,4.5,33.725721654038765,34.29272476218703,36.114733604468896,-17.045837186291255
room_acoustic_data_room_2842.mat,0.29411764705882354,4.5,33.574602520670396,34.22286490277902,35.91629022125269,-16.96784033189203
room_acoustic_data_room_2843.mat,0.3058823529411765,4.5,33.317464815061015,34.102759918420524,35.54370744669108,-16.87417116884886
room_acoustic_data_room_2844.mat,0.3176470588235294,4.5,32.83083052666691,33.78131455459634,34.99450331976314,-16.640230035437142
room_acoustic_data_room_2845.mat,0.32941176470588235,4.5,32.14766958680974,33.28475278605508,34.29953618394626,-16.297031444539357
room_acoustic_data_room_2846.mat,0.3411764705882353,4.5,31.952043232105595,33.09803501444066,34.12434510220083,-16.21490580391062
room_acoustic_data_room_2847.mat,0.35294117647058826,4.5,32.55878727208449,33.49011021380157,34.768939507332604,-16.58194811337689
room_acoustic_data_room_2848.mat,0.36470588235294116,4.5,32.942571687319095,33.660330003682304,35.25166408732785,-16.811579362232834
room_acoustic_data_room_2849.mat,0.3764705882352941,4.5,33.1763097617234,33.75481082555702,35.591192557845865,-16.979174438198815
room_acoustic_data_room_2850.mat,0.38823529411764707,4.5,33.297912227667354,33.863126812265484,35.750689672097174,-17.12381429634864
room_acoustic_data_room_2851.mat,0.4,4.5,33.25258159983526,33.92360806647495,35.68746319264414,-17.191392024075242
room_acoustic_data_room_2852.mat,0.4117647058823529,4.5,33.05374779279672,33.902954655271245,35.3892653425069,-17.195697202378195
room_acoustic_data_room_2853.mat,0.4235294117647059,4.5,32.64976561930758,33.65677001762091,34.89481354337531,-17.084481437999163
room_acoustic_data_room_2854.mat,0.43529411764705883,4.5,31.967440166018676,33.10531057176901,34.19741138186411,-16.781947520230254
room_acoustic_data_room_2855.mat,0.4470588235294118,4.5,32.51527696102504,33.509199049849144,34.793028790418916,-17.06803546922698
room_acoustic_data_room_2856.mat,0.4588235294117647,4.5,32.77022952204261,33.58024490286609,35.177255128639956,-17.11854894963666
room_acoustic_data_room_2857.mat,0.47058823529411764,4.5,32.80545395450054,33.446455152945546,35.32836747865301,-17.039704903074274
room_acoustic_data_room_2858.mat,0.4823529411764706,4.5,32.733496036203306,33.28043478987115,35.316640263987715,-16.9458542594947
room_acoustic_data_room_2859.mat,0.49411764705882355,4.5,32.60614436566972,33.15163090264056,35.16360900666313,-16.889430954067297
room_acoustic_data_room_2860.mat,0.5058823529411764,4.5,32.35965116859751,32.98830039380083,34.844450032520314,-16.80655391899389
room_acoustic_data_room_2861.mat,0.5176470588235295,4.5,31.919091033852837,32.67551703491115,34.33905018989508,-16.62109525730747
room_acoustic_data_room_2862.mat,0.5294117647058824,4.5,31.211091431308997,32.12933745731646,33.61098998748614,-16.256683716086304
room_acoustic_data_room_2863.mat,0.5411764705882353,4.5,31.514912691339084,32.3419104373011,33.969454661265274,-16.417479820832273
room_acoustic_data_room_2864.mat,0.5529411764705883,4.5,31.982891606773155,32.66218956410039,34.539880641245716,-16.639069243294994
room_acoustic_data_room_2865.mat,0.5647058823529412,4.5,32.22462564712388,32.80499262245457,34.88896810149923,-16.72544829239746
room_acoustic_data_room_2866.mat,0.5764705882352941,4.5,32.33839513115197,32.88730887166738,35.07375009234944,-16.776747053121937
room_acoustic_data_room_2867.mat,0.5882352941176471,4.5,32.37570550411426,32.9733519038114,35.08811403026657,-16.84532449783654
room_acoustic_data_room_2868.mat,0.6,4.5,32.283895733566524,33.00530502244622,34.88840531795135,-16.878836877517237
room_acoustic_data_room_2869.mat,0.611764705882353,4.5,32.02011947344129,32.92728749501366,34.49541976149804,-16.8339851220273
room_acoustic_data_room_2870.mat,0.6235294117647059,4.5,31.525527129986894,32.66546861696907,33.905089767050626,-16.64989823809508
room_acoustic_data_room_2871.mat,0.6352941176470588,4.5,31.57485348343127,32.783042623340755,33.89175674051022,-16.698672648477984
room_acoustic_data_room_2872.mat,0.6470588235294118,4.5,32.13645465069461,33.223156549127964,34.42879746357517,-16.974378845515492
room_acoustic_data_room_2873.mat,0.6588235294117647,4.5,32.3628311512303,33.280645178090914,34.758988179308254,-17.00745384108138
room_acoustic_data_room_2874.mat,0.6705882352941176,4.5,32.45211252908321,33.23023838718424,34.94840427228993,-16.998410903736097
room_acoustic_data_room_2875.mat,0.6823529411764706,4.5,32.44567525971543,33.17311399128698,34.978224166658045,-16.989565643083107
room_acoustic_data_room_2876.mat,0.6941176470588235,4.5,32.27995387479509,33.03876139584732,34.79050038452384,-16.91753395722714
room_acoustic_data_room_2877.mat,0.7058823529411765,4.5,31.924855271483704,32.77522803642168,34.3950555080246,-16.751689280987563
room_acoustic_data_room_2878.mat,0.7176470588235294,4.5,31.331788152220156,32.31618550958507,33.82400530488975,-16.441567295410373
room_acoustic_data_room_2879.mat,0.7294117647058823,4.5,30.97000738954653,32.05864658138625,33.49700956559647,-16.204764780746213
room_acoustic_data_room_2880.mat,0.7411764705882353,4.5,31.570787581604705,32.53864085283083,34.11736218454529,-16.494358086935616
room_acoustic_data_room_2881.mat,0.7529411764705882,4.5,31.978077350255113,32.808467586547366,34.610194443775804,-16.683175140951988
room_acoustic_data_room_2882.mat,0.7647058823529411,4.5,32.238330747890366,32.98426958230757,34.93399160298849,-16.82034640040484
room_acoustic_data_room_2883.mat,0.7764705882352941,4.5,32.394452999229195,33.14822943629313,35.089673893047056,-16.949813611623988
room_acoustic_data_room_2884.mat,0.788235294117647,4.5,32.41824133064745,33.26958039158746,35.049100482825935,-17.04354382210639
room_acoustic_data_room_2885.mat,0.8,4.5,32.258176570390084,33.27350509827487,34.77371632117402,-17.04954003108426
room_acoustic_data_room_2886.mat,0.8117647058823529,4.5,31.86548715933673,33.053004964838266,34.286361638339116,-16.917421882812466
room_acoustic_data_room_2887.mat,0.8235294117647058,4.5,31.334010486071495,32.60894569720054,33.76115029569527,-16.66171061094775
room_acoustic_data_room_2888.mat,0.8352941176470589,4.5,32.03233312940169,33.09998350612515,34.42175658129075,-17.03115514924366
room_acoustic_data_room_2889.mat,0.8470588235294118,4.5,32.39847231781453,33.2613976827101,34.84230137295978,-17.159952758721907
room_acoustic_data_room_2890.mat,0.8588235294117647,4.5,32.47009166549483,33.16730809062707,35.03676336906275,-17.08894844684234
room_acoustic_data_room_2891.mat,0.8705882352941177,4.5,32.40543719328823,33.02409921962288,35.00910232563775,-16.977722530570734
room_acoustic_data_room_2892.mat,0.8823529411764706,4.5,32.254271568340485,32.88929609334308,34.81098010588073,-16.87634351349672
room_acoustic_data_room_2893.mat,0.8941176470588236,4.5,31.990966539076414,32.72207277419017,34.45904733869161,-16.758841884280255
room_acoustic_data_room_2894.mat,0.9058823529411765,4.5,31.554771629655075,32.45679415619569,33.93724682935792,-16.56316111814907
room_acoustic_data_room_2895.mat,0.9176470588235294,4.5,30.923328827033036,32.00983176072634,33.28218375107848,-16.263873441314946
room_acoustic_data_room_2896.mat,0.9294117647058824,4.5,31.26618475221523,32.29757233809081,33.66485547237832,-16.372633325471178
room_acoustic_data_room_2897.mat,0.9411764705882353,4.5,31.624610685965628,32.58709598377602,34.08971052130144,-16.47531786398706
room_acoustic_data_room_2898.mat,0.9529411764705882,4.5,31.804179647333946,32.75182870086264,34.34635801826693,-16.49276004416772
room_acoustic_data_room_2899.mat,0.9647058823529412,4.5,31.90796580643537,32.915432260028766,34.4903726605495,-16.529821482248487
room_acoustic_data_room_2900.mat,0.9764705882352941,4.5,31.94360173087877,33.073044378168106,34.48829892323994,-16.594698492956073
room_acoustic_data_room_2901.mat,0.9882352941176471,4.5,31.857379535470393,33.161392000906716,34.28597333520483,-16.63354012239809
room_acoustic_data_room_2902.mat,1.0,4.5,31.605991005126207,33.11232178423049,33.90578105106844,-16.602045260317656
room_acoustic_data_room_2903.mat,1.011764705882353,4.5,31.15975527528501,32.85815302834901,33.358213140582805,-16.467984902225336
room_acoustic_data_room_2904.mat,1.0235294117647058,4.5,31.34213014005479,33.013270725946484,33.535658634572144,-16.584696399909305
room_acoustic_data_room_2905.mat,1.035294117647059,4.5,31.847032580706834,33.320993228912634,34.094500127657355,-16.812790395536744
room_acoustic_data_room_2906.mat,1.0470588235294118,4.5,32.10284873236316,33.34922267909397,34.447568574192275,-16.88439891077078
room_acoustic_data_room_2907.mat,1.0588235294117647,4.5,32.11602938315629,33.229458527040364,34.560066763858174,-16.808283230281873
room_acoustic_data_room_2908.mat,1.0705882352941176,4.5,31.97309589662305,33.03660473436055,34.48196460280264,-16.671840449469272
room_acoustic_data_room_2909.mat,1.0823529411764705,4.5,31.718702296987132,32.80915201099565,34.21264362053392,-16.519787164443425
room_acoustic_data_room_2910.mat,1.0941176470588236,4.5,31.308550385813483,32.45259643274939,33.7867918677171,-16.30710245882778
room_acoustic_data_room_2911.mat,1.1058823529411765,4.5,30.717564904006988,31.962959355495858,33.20306397108559,-16.00661641176123
room_acoustic_data_room_2912.mat,1.1176470588235294,4.5,30.43929977230516,31.73560511383984,32.99032836227275,-15.81911401895862
room_acoustic_data_room_2913.mat,1.1294117647058823,4.5,30.83802902374634,32.05384687852763,33.49878266770378,-15.91767061455364
room_acoustic_data_room_2914.mat,1.1411764705882352,4.5,31.140751417120892,32.23985846434739,33.88995166463912,-16.012037557830293
room_acoustic_data_room_2915.mat,1.1529411764705881,4.5,31.426649740026665,32.423894981084295,34.2313646667436,-16.184230580190725
room_acoustic_data_room_2916.mat,1.1647058823529413,4.5,31.56676213539611,32.5771534156778,34.37718024262091,-16.3064772209766
room_acoustic_data_room_2917.mat,1.1764705882352942,4.5,31.576022141876248,32.69040915677462,34.31286703684355,-16.39395212402097
room_acoustic_data_room_2918.mat,1.188235294117647,4.5,31.41667789195943,32.71027734365227,34.02370632570016,-16.40838185518138
room_acoustic_data_room_2919.mat,1.2,4.5,31.026624175682613,32.533893828645205,33.53978470963065,-16.285921250792
room_acoustic_data_room_2920.mat,1.2117647058823529,4.5,30.60412242903588,32.24791486725654,33.07980595762065,-16.10002975395718
room_acoustic_data_room_2921.mat,1.223529411764706,4.5,31.30428894085505,32.75144544820685,33.80493536411061,-16.476497298820682
room_acoustic_data_room_2922.mat,1.2352941176470589,4.5,31.66119998591484,32.86658736879432,34.27559960184982,-16.60082700066286
room_acoustic_data_room_2923.mat,1.2470588235294118,4.5,31.757990592517427,32.79002771124653,34.470875791220685,-16.559494752974196
room_acoustic_data_room_2924.mat,1.2588235294117647,4.5,31.690365944737326,32.652668422471116,34.44260000291984,-16.449707261243624
room_acoustic_data_room_2925.mat,1.2705882352941176,4.5,31.533627805207203,32.52721726050688,34.22702446819486,-16.347168931980416
room_acoustic_data_room_2926.mat,1.2823529411764707,4.5,31.244737293133184,32.31177489024837,33.85425916690712,-16.208470517909568
room_acoustic_data_room_2927.mat,1.2941176470588236,4.5,30.791545020988757,31.94959671945321,33.3500447286379,-15.999997455002251
room_acoustic_data_room_2928.mat,1.3058823529411765,4.5,30.073776679248382,31.409026053104743,32.61575865596903,-15.618169842758478
room_acoustic_data_room_2929.mat,1.3176470588235294,4.5,30.68676309490361,31.86652345060278,33.22110350778421,-15.929235457630623
room_acoustic_data_room_2930.mat,1.3294117647058823,4.5,31.206739122476034,32.22257847801906,33.759177370642995,-16.193841713490073
room_acoustic_data_room_2931.mat,1.3411764705882352,4.5,31.536192530130638,32.4599368882648,34.150557211950925,-16.362116102196133
room_acoustic_data_room_2932.mat,1.3529411764705883,4.5,31.71177802937857,32.656308129885396,34.366214152757195,-16.472554753632007
room_acoustic_data_room_2933.mat,1.3647058823529412,4.5,31.74943718698791,32.79916952572771,34.3661233439242,-16.541681294244924
room_acoustic_data_room_2934.mat,1.3764705882352941,4.5,31.63619004041005,32.84933879101147,34.16009028344842,-16.556287555520942
room_acoustic_data_room_2935.mat,1.388235294117647,4.5,31.333858398456094,32.793273286880904,33.69844682037351,-16.47696751579208
room_acoustic_data_room_2936.mat,1.4,4.5,30.756339322889396,32.473636948622264,33.00379224991189,-16.214692853100654
room_acoustic_data_room_2937.mat,1.411764705882353,4.5,31.21140029657365,32.8831509738499,33.36576426344732,-16.515363885633423
room_acoustic_data_room_2938.mat,1.423529411764706,4.5,31.798219635366994,33.33816281898827,33.933698835839614,-16.825553296928007
room_acoustic_data_room_2939.mat,1.4352941176470588,4.5,32.05817065111551,33.438316050687234,34.2715737468505,-16.902741775468712
room_acoustic_data_room_2940.mat,1.4470588235294117,4.5,32.11398346550925,33.41985006575146,34.38473831840203,-16.871902315891372
room_acoustic_data_room_2941.mat,1.4588235294117646,4.5,32.004825199198635,33.309670356546995,34.287766427668394,-16.773006883666657
room_acoustic_data_room_2942.mat,1.4705882352941178,4.5,31.735652031804054,33.10595799477343,33.98358444431378,-16.610931133659868
room_acoustic_data_room_2943.mat,1.4823529411764707,4.5,31.311546020987194,32.77659308842469,33.52760023710849,-16.389729802224473
room_acoustic_data_room_2944.mat,1.4941176470588236,4.5,30.70299361581756,32.29644609808276,32.92293090476449,-16.077281808247243
room_acoustic_data_room_2945.mat,1.5058823529411764,4.5,30.659432321750213,32.249406598469996,32.90521361533033,-16.033720524776395
room_acoustic_data_room_2946.mat,1.5176470588235293,4.5,31.176279548581213,32.624527607428384,33.47292473501058,-16.254463390950477
room_acoustic_data_room_2947.mat,1.5294117647058822,4.5,31.519591575381384,32.82264670578163,33.921431877556145,-16.3948707887867
room_acoustic_data_room_2948.mat,1.5411764705882354,4.5,31.75508815791474,32.977660205198795,34.228403663875085,-16.523270004173337
room_acoustic_data_room_2949.mat,1.5529411764705883,4.5,31.876989012202912,33.13393508485457,34.344900358869864,-16.63490807445624
room_acoustic_data_room_2950.mat,1.5647058823529412,4.5,31.846582382809785,33.238837064426406,34.248629520145315,-16.691153768946407
room_acoustic_data_room_2951.mat,1.576470588235294,4.5,31.633504079512246,33.18434875607869,33.95038252309447,-16.660838052468566
room_acoustic_data_room_2952.mat,1.588235294117647,4.5,31.186970757972325,32.8869013713038,33.45059882020425,-16.49093470745536
room_acoustic_data_room_2953.mat,1.6,4.5,30.883636810714417,32.60683275014496,33.150274785560605,-16.34199072185752
room_acoustic_data_room_2954.mat,1.611764705882353,4.5,31.475060148271574,32.95939477888244,33.81329208564371,-16.61816969884436
room_acoustic_data_room_2955.mat,1.6235294117647059,4.5,31.799214633463006,33.035461392543176,34.27811533839429,-16.71931263311326
room_acoustic_data_room_2956.mat,1.6352941176470588,4.5,31.90477213782788,32.946219196673276,34.536684802799925,-16.69701678002425
room_acoustic_data_room_2957.mat,1.6470588235294117,4.5,31.90765085550669,32.85142742868648,34.593239923208436,-16.668428164332667
room_acoustic_data_room_2958.mat,1.6588235294117648,4.5,31.814863660831357,32.76644439604691,34.44258219615588,-16.640787866320068
room_acoustic_data_room_2959.mat,1.6705882352941177,4.5,31.605179109797916,32.645152946108745,34.13010934769889,-16.59228238200731
room_acoustic_data_room_2960.mat,1.6823529411764706,4.5,31.161941027301758,32.34055793791419,33.604550871932915,-16.404414117359224
room_acoustic_data_room_2961.mat,1.6941176470588235,4.5,30.494460431394646,31.82701333433264,32.934557399236965,-16.038854338242974
room_acoustic_data_room_2962.mat,1.7058823529411764,4.5,31.16058991705526,32.346726925639416,33.65110245355098,-16.369043145921356
room_acoustic_data_room_2963.mat,1.7176470588235293,4.5,31.630696002550096,32.68163558077697,34.2003616982308,-16.594430071094216
room_acoustic_data_room_2964.mat,1.7294117647058824,4.5,31.90477988624519,32.88849362665654,34.546938845167304,-16.718321903271914
room_acoustic_data_room_2965.mat,1.7411764705882353,4.5,32.002817146543194,32.98891050020002,34.721252195800744,-16.76215939756655
room_acoustic_data_room_2966.mat,1.7529411764705882,4.5,32.00963260221398,33.101976318696,34.690747608221514,-16.811137739185927
room_acoustic_data_room_2967.mat,1.7647058823529411,4.5,31.84529663699186,33.11185363845396,34.40756519628479,-16.784924667512882
room_acoustic_data_room_2968.mat,1.776470588235294,4.5,31.442672832844,32.91695853033879,33.86869597985854,-16.61488224223279
room_acoustic_data_room_2969.mat,1.7882352941176471,4.5,30.774249322860513,32.46329973082668,33.10205308141439,-16.2701577302428
room_acoustic_data_room_2970.mat,1.8,4.5,31.320447346389123,32.88510459949646,33.63335490331631,-16.579745514134746
room_acoustic_data_room_2971.mat,1.811764705882353,4.5,31.824072602973253,33.2074501946408,34.18640301619859,-16.81577769434542
room_acoustic_data_room_2972.mat,1.8235294117647058,4.5,32.039972252103595,33.26241073704545,34.48975612582999,-16.85790339264616
room_acoustic_data_room_2973.mat,1.8352941176470587,4.5,32.07499952520464,33.21727756160729,34.57140450034791,-16.814715794376337
room_acoustic_data_room_2974.mat,1.8470588235294119,4.5,31.979046037493724,33.14250846468375,34.43671270285409,-16.736628081292487
room_acoustic_data_room_2975.mat,1.8588235294117648,4.5,31.707834061314042,32.953563905955875,34.09918520682916,-16.579121419910344
room_acoustic_data_room_2976.mat,1.8705882352941177,4.5,31.221534156376013,32.591536208070664,33.569106631845685,-16.301176972389186
room_acoustic_data_room_2977.mat,1.8823529411764706,4.5,30.537177405807995,32.05191840670817,32.875441451204935,-15.916992876725152
room_acoustic_data_room_2978.mat,1.8941176470588235,4.5,30.667712794657547,32.12517734111155,33.05701124116033,-15.956765500342744
room_acoustic_data_room_2979.mat,1.9058823529411764,4.5,31.225229148623207,32.51727954693117,33.70004905834934,-16.223782420033032
room_acoustic_data_room_2980.mat,1.9176470588235295,4.5,31.617217243657542,32.771762096368114,34.18376972994866,-16.418303300481433
room_acoustic_data_room_2981.mat,1.9294117647058824,4.5,31.863086116911354,32.96842974775935,34.461334138794484,-16.561831840778726
room_acoustic_data_room_2982.mat,1.9411764705882353,4.5,31.981792721319977,33.13083998026512,34.544423433342686,-16.674047711668806
room_acoustic_data_room_2983.mat,1.9529411764705882,4.5,31.92463880056546,33.238027061510934,34.379558296812284,-16.70619008425637
room_acoustic_data_room_2984.mat,1.964705882352941,4.5,31.66033125813521,33.17902675440863,33.99591903800891,-16.626090128983012
room_acoustic_data_room_2985.mat,1.9764705882352942,4.5,31.09902677163271,32.83178414054877,33.379960802801556,-16.34159402558042
room_acoustic_data_room_2986.mat,1.988235294117647,4.5,30.971057860245047,32.694431675309154,33.27071577203689,-16.279288390848684
room_acoustic_data_room_2987.mat,2.0,4.5,31.683644698128003,33.11996095141855,34.05263321086019,-16.67969979328447
room_acoustic_data_room_2988.mat,2.011764705882353,4.5,32.07615122054496,33.20884051378772,34.58833686506867,-16.85231257003196
room_acoustic_data_room_2989.mat,2.023529411764706,4.5,32.20517861743513,33.13461084952816,34.83513420956634,-16.856276051233728
room_acoustic_data_room_2990.mat,2.0352941176470587,4.5,32.20395289798004,33.04991885008888,34.85370249428594,-16.825809141276135
room_acoustic_data_room_2991.mat,2.0470588235294116,4.5,32.041634108599574,32.901718476997544,34.6350760681384,-16.730214954924335
room_acoustic_data_room_2992.mat,2.0588235294117645,4.5,31.70524919467312,32.684157767795575,34.21927807695528,-16.555956689854103
room_acoustic_data_room_2993.mat,2.070588235294118,4.5,31.14387324754531,32.2709404457676,33.61282784630411,-16.250321990808267
room_acoustic_data_room_2994.mat,2.0823529411764707,4.5,30.513436242327316,31.773595983596813,33.01877553379859,-15.853980864218062
room_acoustic_data_room_2995.mat,2.0941176470588236,4.5,31.180761947411014,32.29065776554332,33.68237166701758,-16.189151297670566
room_acoustic_data_room_2996.mat,2.1058823529411765,4.5,31.618900796665542,32.60427685259812,34.18106953742219,-16.386775844382292
room_acoustic_data_room_2997.mat,2.1176470588235294,4.5,31.900524482747926,32.80929100997777,34.535726513688296,-16.522595958637147
room_acoustic_data_room_2998.mat,2.1294117647058823,4.5,32.065103824768066,32.98194002939573,34.72624486154844,-16.63738850916416
room_acoustic_data_room_2999.mat,2.1411764705882352,4.5,32.16738461083478,33.13516168168798,34.759152408979006,-16.78624054447994
room_acoustic_data_room_3000.mat,2.152941176470588,4.5,32.099687862715356,33.199623039543404,34.57588164569335,-16.86116725085077
room_acoustic_data_room_3001.mat,2.164705882352941,4.5,31.820311108970415,33.12788337460702,34.15472592743643,-16.819131862245463
room_acoustic_data_room_3002.mat,2.176470588235294,4.5,31.20484640835769,32.743331699178846,33.47641300261575,-16.532545046239974
room_acoustic_data_room_3003.mat,2.1882352941176473,4.5,32.02770197790234,33.43588443026522,34.14289456402146,-17.079635048618737
room_acoustic_data_room_3004.mat,2.2,4.5,32.62072472434688,33.83446908865502,34.68749173628002,-17.412086333701076
room_acoustic_data_room_3005.mat,2.211764705882353,4.5,32.898591760432396,33.92445754863169,34.976174863629,-17.52389220129468
room_acoustic_data_room_3006.mat,2.223529411764706,4.5,32.9562055234654,33.871624514136705,35.05306410914216,-17.51156388733602
room_acoustic_data_room_3007.mat,2.235294117647059,4.5,32.86830777356861,33.779966983048176,34.96910606194611,-17.450320985161934
room_acoustic_data_room_3008.mat,2.2470588235294118,4.5,32.592424940549634,33.55585267471702,34.6598235199011,-17.297520115248844
room_acoustic_data_room_3009.mat,2.2588235294117647,4.5,32.10741605806454,33.17550703754136,34.17754118406809,-17.030983824073573
room_acoustic_data_room_3010.mat,2.2705882352941176,4.5,31.341791699411495,32.57929847478686,33.48932956104531,-16.576546379556355
room_acoustic_data_room_3011.mat,2.2823529411764705,4.5,31.492702484081775,32.67098392274966,33.71128663056337,-16.602478957247463
room_acoustic_data_room_3012.mat,2.2941176470588234,4.5,31.9901346892414,33.00229499439139,34.30776480801238,-16.816966970132945
room_acoustic_data_room_3013.mat,2.3058823529411763,4.5,32.28763614747649,33.142660912252126,34.75593317017143,-16.925217429265132
room_acoustic_data_room_3014.mat,2.3176470588235296,4.5,32.46066056288356,33.24970289050237,35.036131889266116,-17.004560111977177
room_acoustic_data_room_3015.mat,2.3294117647058825,4.5,32.51667372537913,33.32915445735069,35.13207339500625,-17.063001197899986
room_acoustic_data_room_3016.mat,2.3411764705882354,4.5,32.41452275986053,33.37687956597717,34.94790447401058,-17.05922100996998
room_acoustic_data_room_3017.mat,2.3529411764705883,4.5,32.11474907668661,33.30343741953198,34.52166916633263,-16.952850037145954
room_acoustic_data_room_3018.mat,2.364705882352941,4.5,31.523478578141454,32.91761512418877,33.892890944225854,-16.647680490671494
room_acoustic_data_room_3019.mat,2.376470588235294,4.5,31.51251542651236,32.8897402699199,33.90178289740152,-16.637009140208743
room_acoustic_data_room_3020.mat,2.388235294117647,4.5,32.09596707813712,33.27688636113889,34.53821634167073,-16.91020404744743
room_acoustic_data_room_3021.mat,2.4,4.5,32.384156382113936,33.34274928892058,34.95469714767103,-16.97995957006211
room_acoustic_data_room_3022.mat,2.411764705882353,4.5,32.4298900811725,33.24259847411281,35.122926279884645,-16.90122936814163
room_acoustic_data_room_3023.mat,2.4235294117647057,4.5,32.34989999747764,33.129767965817855,35.07028323294388,-16.79132296872127
room_acoustic_data_room_3024.mat,2.4352941176470586,4.5,32.18842761034794,33.0153772424739,34.85103168161637,-16.694238305881154
room_acoustic_data_room_3025.mat,2.447058823529412,4.5,31.831146678349928,32.822369514762634,34.39288467946276,-16.49474375423643
room_acoustic_data_room_3026.mat,2.458823529411765,4.5,31.21090756163916,32.37455982230625,33.72751629586826,-16.123586360668586
room_acoustic_data_room_3027.mat,2.4705882352941178,4.5,30.89096688146124,32.11957532576395,33.41078775131799,-15.92301868064682
room_acoustic_data_room_3028.mat,2.4823529411764707,4.5,31.603016195701578,32.638545328150975,34.13587121451892,-16.292164913669456
room_acoustic_data_room_3029.mat,2.4941176470588236,4.5,32.03938189050855,32.90679619842133,34.656469966432816,-16.4745207712425
room_acoustic_data_room_3030.mat,2.5058823529411764,4.5,32.261793166759,33.05275514270181,34.9526726266106,-16.53436219957158
room_acoustic_data_room_3031.mat,2.5176470588235293,4.5,32.37986323411818,33.168156238568535,35.05572976547515,-16.58210025739803
room_acoustic_data_room_3032.mat,2.5294117647058822,4.5,32.38424346027606,33.251371240969895,34.973704317191846,-16.608310448659658
room_acoustic_data_room_3033.mat,2.541176470588235,4.5,32.22686519688354,33.27113313765362,34.65158951886808,-16.56435015020826
room_acoustic_data_room_3034.mat,2.552941176470588,4.5,31.850814097687316,33.1401435904979,34.12736857330185,-16.391844642071852
room_acoustic_data_room_3035.mat,2.5647058823529414,4.5,31.217931555970182,32.777361326284016,33.42009697494345,-16.044241187388007
room_acoustic_data_room_3036.mat,2.5764705882352943,4.5,32.15996941182023,33.527781348482534,34.23852582615817,-16.605049380834892
room_acoustic_data_room_3037.mat,2.588235294117647,4.5,32.7254811072403,33.885863216194466,34.78197093742548,-16.8756888156452
room_acoustic_data_room_3038.mat,2.6,4.5,32.995635792235035,34.03151245778809,35.09130717111201,-16.9406164766538
room_acoustic_data_room_3039.mat,2.611764705882353,4.5,33.09846993492564,34.02846169971901,35.20176353751107,-16.928955440244874
room_acoustic_data_room_3040.mat,2.623529411764706,4.5,33.076220595616306,33.97000065383148,35.105964179340305,-16.882831223108784
room_acoustic_data_room_3041.mat,2.635294117647059,4.5,32.88280663602861,33.78103786799373,34.83397581352138,-16.755529966070025
room_acoustic_data_room_3042.mat,2.6470588235294117,4.5,32.48698944153675,33.460439341765166,34.38634065737955,-16.514574353813423
room_acoustic_data_room_3043.mat,2.6588235294117646,4.5,31.89426529134063,32.9925408005441,33.84996742075931,-16.16284744229294
room_acoustic_data_room_3044.mat,2.6705882352941175,4.5,32.103072590293436,33.08502562715569,34.1169902227626,-16.24617749169062
room_acoustic_data_room_3045.mat,2.6823529411764704,4.5,32.75942601125741,33.39458456090108,34.867000267816096,-16.56311664528841
room_acoustic_data_room_3046.mat,2.6941176470588237,4.5,33.18736530662016,33.52906363354405,35.472995256348405,-16.73921339006279
room_acoustic_data_room_3047.mat,2.7058823529411766,4.5,33.4996311963115,33.6616118163234,35.931841785348134,-16.888867606507798
room_acoustic_data_room_3048.mat,2.7176470588235295,4.5,33.72425663748178,33.82310708872915,36.18947600594642,-17.040864026110558
room_acoustic_data_room_3049.mat,2.7294117647058824,4.5,33.81785781868747,33.969386836574856,36.22829950936599,-17.15281202378848
room_acoustic_data_room_3050.mat,2.7411764705882353,4.5,33.72274116509151,34.01181729444512,36.07193207017592,-17.168584840648712
room_acoustic_data_room_3051.mat,2.7529411764705882,4.5,33.298042700686544,33.761710331464315,35.63392986987642,-16.948749299103604
room_acoustic_data_room_3052.mat,2.764705882352941,4.5,32.70133291524862,33.290750554326785,35.127167666329065,-16.57100489570314
room_acoustic_data_room_3053.mat,2.776470588235294,4.5,33.45973933538368,33.54155101849096,35.927694209302324,-16.91976513215868
room_acoustic_data_room_3054.mat,2.788235294117647,4.5,33.76889705823339,33.363731620802916,36.34250367729451,-16.91510388857694
room_acoustic_data_room_3055.mat,2.8,4.5,33.74621434350694,33.01090724971625,36.42119568811425,-16.681080122188497
room_acoustic_data_room_3056.mat,2.8117647058823527,4.5,33.58022918035077,32.54100776672372,36.16642833126236,-16.41217692875839
room_acoustic_data_room_3057.mat,2.823529411764706,4.5,33.31335339102329,32.10896794888027,35.62914448164981,-16.157858140559984
room_acoustic_data_room_3058.mat,2.835294117647059,4.5,32.790766280140566,31.63580779339607,34.90348933147109,-15.77161081338276
room_acoustic_data_room_3059.mat,2.847058823529412,4.5,32.187235533060615,31.231767664135614,34.13358600372814,-15.354336109110891
room_acoustic_data_room_3060.mat,2.8588235294117648,4.5,33.14527275040682,31.654106101349328,34.776837687295036,-15.705908064315317
room_acoustic_data_room_3061.mat,2.8705882352941177,4.5,33.703873244339924,31.980457369063426,35.1470122364294,-15.784785785064235
room_acoustic_data_room_3062.mat,2.8823529411764706,4.5,33.966850769129195,32.31516573732194,35.22378731779915,-15.700344258811842
room_acoustic_data_room_3063.mat,2.8941176470588235,4.5,34.097269903132876,32.75647504377669,35.13696220629912,-15.558725000510199
room_acoustic_data_room_3064.mat,2.9058823529411764,4.5,35.36302838444004,33.90230034472892,35.92814852280335,-16.0004003147393
room_acoustic_data_room_3065.mat,2.9176470588235293,4.5,36.11844847572084,34.929257858181245,36.3365914620691,-16.067879967824044
room_acoustic_data_room_3066.mat,2.929411764705882,4.5,36.368823445186734,35.70825244994066,36.4779821961769,-15.751854169791573
room_acoustic_data_room_3067.mat,2.9411764705882355,4.5,36.223887374562885,36.12268839344048,36.44331302089824,-15.146035618023008
room_acoustic_data_room_3068.mat,2.9529411764705884,4.5,35.85884452705197,36.14530451633032,36.33249722826401,-14.409580380890558
room_acoustic_data_room_3069.mat,2.9647058823529413,4.5,35.40237171029604,35.874129100195155,36.19399823281065,-13.656036767984869
room_acoustic_data_room_3070.mat,2.976470588235294,4.5,34.91022418040973,35.44292014386314,36.03595145564931,-12.927562334646183
room_acoustic_data_room_3071.mat,2.988235294117647,4.5,34.42505509327668,34.94952519797678,35.87328242800188,-12.255053212863201
room_acoustic_data_room_3072.mat,3.0,4.5,33.97275517438671,34.45420603909146,35.717337566748064,-11.654541833984752
room_acoustic_data_room_3073.mat,-2.0,0.0,44.48523582392265,47.330300142063024,47.66730769384317,0.0
room_acoustic_data_room_3074.mat,-2.0,0.011764705882352941,44.48523582392265,47.330300142063024,47.66730769384317,0.0
room_acoustic_data_room_3075.mat,-2.0,0.023529411764705882,44.48523582392265,47.330300142063024,47.66730769384317,0.0
room_acoustic_data_room_3076.mat,-2.0,0.03529411764705882,44.48523582392265,47.330300142063024,47.66730769384317,0.0
room_acoustic_data_room_3077.mat,-2.0,0.047058823529411764,44.48523582392265,47.330300142063024,47.66730769384317,0.0
room_acoustic_data_room_3078.mat,-2.0,0.058823529411764705,44.48523582392265,47.330300142063024,47.66730769384317,0.0
room_acoustic_data_room_3079.mat,-2.0,0.07058823529411765,44.48523582392265,47.330300142063024,47.66730769384317,0.0
room_acoustic_data_room_3080.mat,-2.0,0.08235294117647059,44.48523582392265,47.330300142063024,47.66730769384317,0.0
room_acoustic_data_room_3081.mat,-2.0,0.09411764705882353,44.48523582392265,47.330300142063024,47.66730769384317,0.0
room_acoustic_data_room_3082.mat,-2.0,0.10588235294117647,44.48523582392265,47.330300142063024,47.66730769384317,0.0
room_acoustic_data_room_3083.mat,-2.0,0.11764705882352941,44.48523582392265,47.330300142063024,47.66730769384317,0.0
room_acoustic_data_room_3084.mat,-2.0,0.12941176470588237,44.48523582392265,47.330300142063024,47.66730769384317,0.0
room_acoustic_data_room_3085.mat,-2.0,0.1411764705882353,44.48523582392265,47.330300142063024,47.66730769384317,0.0
room_acoustic_data_room_3086.mat,-2.0,0.15294117647058825,44.48523582392265,47.330300142063024,47.66730769384317,0.0
room_acoustic_data_room_3087.mat,-2.0,0.16470588235294117,44.48523582392265,47.330300142063024,47.66730769384317,0.0
room_acoustic_data_room_3088.mat,-2.0,0.17647058823529413,44.48523582392265,47.330300142063024,47.66730769384317,0.0
room_acoustic_data_room_3089.mat,-2.0,0.18823529411764706,44.48523582392265,47.330300142063024,47.66730769384317,0.0
room_acoustic_data_room_3090.mat,-2.0,0.2,44.48523582392265,47.330300142063024,47.66730769384317,0.0
room_acoustic_data_room_3091.mat,-2.0,0.21176470588235294,44.48523582392265,47.330300142063024,47.66730769384317,0.0
room_acoustic_data_room_3092.mat,-2.0,0.2235294117647059,44.48523582392265,47.330300142063024,47.66730769384317,0.0
room_acoustic_data_room_3093.mat,-2.0,0.23529411764705882,44.48523582392265,47.330300142063024,47.66730769384317,0.0
room_acoustic_data_room_3094.mat,-2.0,0.24705882352941178,44.48523582392265,47.330300142063024,47.66730769384317,0.0
room_acoustic_data_room_3095.mat,-2.0,0.25882352941176473,44.48523582392265,47.330300142063024,47.66730769384317,0.0
room_acoustic_data_room_3096.mat,-2.0,0.27058823529411763,44.48523582392265,47.330300142063024,47.66730769384317,0.0
room_acoustic_data_room_3097.mat,-2.0,0.2823529411764706,44.48523582392265,47.330300142063024,47.66730769384317,0.0
room_acoustic_data_room_3098.mat,-2.0,0.29411764705882354,44.48523582392265,47.330300142063024,47.66730769384317,0.0
room_acoustic_data_room_3099.mat,-2.0,0.3058823529411765,44.48523582392265,47.330300142063024,47.66730769384317,0.0
room_acoustic_data_room_3100.mat,-2.0,0.3176470588235294,44.48523582392265,47.330300142063024,47.66730769384317,0.0
room_acoustic_data_room_3101.mat,-2.0,0.32941176470588235,44.48523582392265,47.330300142063024,47.66730769384317,0.0
room_acoustic_data_room_3102.mat,-2.0,0.3411764705882353,44.48523582392265,47.330300142063024,47.66730769384317,0.0
room_acoustic_data_room_3103.mat,-2.0,0.35294117647058826,44.48523582392265,47.330300142063024,47.66730769384317,0.0
room_acoustic_data_room_3104.mat,-2.0,0.36470588235294116,44.48523582392265,47.330300142063024,47.66730769384317,0.0
room_acoustic_data_room_3105.mat,-2.0,0.3764705882352941,44.48523582392265,47.330300142063024,47.66730769384317,0.0
room_acoustic_data_room_3106.mat,-2.0,0.38823529411764707,44.48523582392265,47.330300142063024,47.66730769384317,0.0
room_acoustic_data_room_3107.mat,-2.0,0.4,44.48523582392265,47.330300142063024,47.66730769384317,0.0
room_acoustic_data_room_3108.mat,-2.0,0.4117647058823529,44.48523582392265,47.330300142063024,47.66730769384317,0.0
room_acoustic_data_room_3109.mat,-2.0,0.4235294117647059,44.48523582392265,47.330300142063024,47.66730769384317,0.0
room_acoustic_data_room_3110.mat,-2.0,0.43529411764705883,44.48523582392265,47.330300142063024,47.66730769384317,0.0
room_acoustic_data_room_3111.mat,-2.0,0.4470588235294118,44.48523582392265,47.330300142063024,47.66730769384317,0.0
room_acoustic_data_room_3112.mat,-2.0,0.4588235294117647,44.48523582392265,47.330300142063024,47.66730769384317,0.0
room_acoustic_data_room_3113.mat,-2.0,0.47058823529411764,44.48523582392265,47.330300142063024,47.66730769384317,0.0
room_acoustic_data_room_3114.mat,-2.0,0.4823529411764706,44.48523582392265,47.330300142063024,47.66730769384317,0.0
room_acoustic_data_room_3115.mat,-2.0,0.49411764705882355,44.48523582392265,47.330300142063024,47.66730769384317,0.0
room_acoustic_data_room_3116.mat,-2.0,0.5058823529411764,44.48523582392265,47.330300142063024,47.66730769384317,0.0
room_acoustic_data_room_3117.mat,-2.0,0.5176470588235295,44.48523582392265,47.330300142063024,47.66730769384317,0.0
room_acoustic_data_room_3118.mat,-2.0,0.5294117647058824,44.48523582392265,47.330300142063024,47.66730769384317,0.0
room_acoustic_data_room_3119.mat,-2.0,0.5411764705882353,44.48523582392265,47.330300142063024,47.66730769384317,0.0
room_acoustic_data_room_3120.mat,-2.0,0.5529411764705883,44.48523582392265,47.330300142063024,47.66730769384317,0.0
room_acoustic_data_room_3121.mat,-2.0,0.5647058823529412,44.48523582392265,47.330300142063024,47.66730769384317,0.0
room_acoustic_data_room_3122.mat,-2.0,0.5764705882352941,44.48523582392265,47.330300142063024,47.66730769384317,0.0
room_acoustic_data_room_3123.mat,-2.0,0.5882352941176471,44.48523582392265,47.330300142063024,47.66730769384317,0.0
room_acoustic_data_room_3124.mat,-2.0,0.6,44.48523582392265,47.330300142063024,47.66730769384317,0.0
room_acoustic_data_room_3125.mat,-2.0,0.611764705882353,44.48523582392265,47.330300142063024,47.66730769384317,0.0
room_acoustic_data_room_3126.mat,-2.0,0.6235294117647059,44.48523582392265,47.330300142063024,47.66730769384317,0.0
room_acoustic_data_room_3127.mat,-2.0,0.6352941176470588,44.48523582392265,47.330300142063024,47.66730769384317,0.0
room_acoustic_data_room_3128.mat,-2.0,0.6470588235294118,44.48523582392265,47.330300142063024,47.66730769384317,0.0
room_acoustic_data_room_3129.mat,-2.0,0.6588235294117647,44.48523582392265,47.330300142063024,47.66730769384317,0.0
room_acoustic_data_room_3130.mat,-2.0,0.6705882352941176,44.48523582392265,47.330300142063024,47.66730769384317,0.0
room_acoustic_data_room_3131.mat,-2.0,0.6823529411764706,44.48523582392265,47.330300142063024,47.66730769384317,0.0
room_acoustic_data_room_3132.mat,-2.0,0.6941176470588235,44.48523582392265,47.330300142063024,47.66730769384317,0.0
room_acoustic_data_room_3133.mat,-2.0,0.7058823529411765,44.48523582392265,47.330300142063024,47.66730769384317,0.0
room_acoustic_data_room_3134.mat,-2.0,0.7176470588235294,44.48523582392265,47.330300142063024,47.66730769384317,0.0
room_acoustic_data_room_3135.mat,-2.0,0.7294117647058823,44.48523582392265,47.330300142063024,47.66730769384317,0.0
room_acoustic_data_room_3136.mat,-2.0,0.7411764705882353,44.48523582392265,47.330300142063024,47.66730769384317,0.0
room_acoustic_data_room_3137.mat,-2.0,0.7529411764705882,44.48523582392265,47.330300142063024,47.66730769384317,0.0
room_acoustic_data_room_3138.mat,-2.0,0.7647058823529411,44.48523582392265,47.330300142063024,47.66730769384317,0.0
room_acoustic_data_room_3139.mat,-2.0,0.7764705882352941,44.48523582392265,47.330300142063024,47.66730769384317,0.0
room_acoustic_data_room_3140.mat,-2.0,0.788235294117647,44.48523582392265,47.330300142063024,47.66730769384317,0.0
room_acoustic_data_room_3141.mat,-2.0,0.8,44.48523582392265,47.330300142063024,47.66730769384317,0.0
room_acoustic_data_room_3142.mat,-2.0,0.8117647058823529,44.48523582392265,47.330300142063024,47.66730769384317,0.0
room_acoustic_data_room_3143.mat,-2.0,0.8235294117647058,44.48523582392265,47.330300142063024,47.66730769384317,0.0
room_acoustic_data_room_3144.mat,-2.0,0.8352941176470589,44.48523582392265,47.330300142063024,47.66730769384317,0.0
room_acoustic_data_room_3145.mat,-2.0,0.8470588235294118,44.48523582392265,47.330300142063024,47.66730769384317,0.0
room_acoustic_data_room_3146.mat,-2.0,0.8588235294117647,44.48523582392265,47.330300142063024,47.66730769384317,0.0
room_acoustic_data_room_3147.mat,-2.0,0.8705882352941177,44.48523582392265,47.330300142063024,47.66730769384317,0.0
room_acoustic_data_room_3148.mat,-2.0,0.8823529411764706,44.48523582392265,47.330300142063024,47.66730769384317,0.0
room_acoustic_data_room_3149.mat,-2.0,0.8941176470588236,44.48523582392265,47.330300142063024,47.66730769384317,0.0
room_acoustic_data_room_3150.mat,-2.0,0.9058823529411765,44.48523582392265,47.330300142063024,47.66730769384317,0.0
room_acoustic_data_room_3151.mat,-2.0,0.9176470588235294,44.48523582392265,47.330300142063024,47.66730769384317,0.0
room_acoustic_data_room_3152.mat,-2.0,0.9294117647058824,44.48523582392265,47.330300142063024,47.66730769384317,0.0
room_acoustic_data_room_3153.mat,-2.0,0.9411764705882353,44.48523582392265,47.330300142063024,47.66730769384317,0.0
room_acoustic_data_room_3154.mat,-2.0,0.9529411764705882,44.48523582392265,47.330300142063024,47.66730769384317,0.0
room_acoustic_data_room_3155.mat,-2.0,0.9647058823529412,44.48523582392265,47.330300142063024,47.66730769384317,0.0
room_acoustic_data_room_3156.mat,-2.0,0.9764705882352941,44.48523582392265,47.330300142063024,47.66730769384317,0.0
room_acoustic_data_room_3157.mat,-2.0,0.9882352941176471,44.48523582392265,47.330300142063024,47.66730769384317,0.0
room_acoustic_data_room_3158.mat,-2.0,1.0,44.48523582392265,47.330300142063024,47.66730769384317,0.0
room_acoustic_data_room_3159.mat,-2.0,1.011764705882353,44.48523582392265,47.330300142063024,47.66730769384317,0.0
room_acoustic_data_room_3160.mat,-2.0,1.0235294117647058,44.48523582392265,47.330300142063024,47.66730769384317,0.0
room_acoustic_data_room_3161.mat,-2.0,1.035294117647059,44.48523582392265,47.330300142063024,47.66730769384317,0.0
room_acoustic_data_room_3162.mat,-2.0,1.0470588235294118,44.48523582392265,47.330300142063024,47.66730769384317,0.0
room_acoustic_data_room_3163.mat,-2.0,1.0588235294117647,44.48523582392265,47.330300142063024,47.66730769384317,0.0
room_acoustic_data_room_3164.mat,-2.0,1.0705882352941176,44.48523582392265,47.330300142063024,47.66730769384317,0.0
room_acoustic_data_room_3165.mat,-2.0,1.0823529411764705,44.48523582392265,47.330300142063024,47.66730769384317,0.0
room_acoustic_data_room_3166.mat,-2.0,1.0941176470588236,44.48523582392265,47.330300142063024,47.66730769384317,0.0
room_acoustic_data_room_3167.mat,-2.0,1.1058823529411765,44.48523582392265,47.330300142063024,47.66730769384317,0.0
room_acoustic_data_room_3168.mat,-2.0,1.1176470588235294,44.48523582392265,47.330300142063024,47.66730769384317,0.0
room_acoustic_data_room_3169.mat,-2.0,1.1294117647058823,44.48523582392265,47.330300142063024,47.66730769384317,0.0
room_acoustic_data_room_3170.mat,-2.0,1.1411764705882352,44.48523582392265,47.330300142063024,47.66730769384317,0.0
room_acoustic_data_room_3171.mat,-2.0,1.1529411764705881,44.48523582392265,47.330300142063024,47.66730769384317,0.0
room_acoustic_data_room_3172.mat,-2.0,1.1647058823529413,44.48523582392265,47.330300142063024,47.66730769384317,0.0
room_acoustic_data_room_3173.mat,-2.0,1.1764705882352942,44.48523582392265,47.330300142063024,47.66730769384317,0.0
room_acoustic_data_room_3174.mat,-2.0,1.188235294117647,44.48523582392265,47.330300142063024,47.66730769384317,0.0
room_acoustic_data_room_3175.mat,-2.0,1.2,44.48523582392265,47.330300142063024,47.66730769384317,0.0
room_acoustic_data_room_3176.mat,-2.0,1.2117647058823529,44.48523582392265,47.330300142063024,47.66730769384317,0.0
room_acoustic_data_room_3177.mat,-2.0,1.223529411764706,44.48523582392265,47.330300142063024,47.66730769384317,0.0
room_acoustic_data_room_3178.mat,-2.0,1.2352941176470589,44.48523582392265,47.330300142063024,47.66730769384317,0.0
room_acoustic_data_room_3179.mat,-2.0,1.2470588235294118,44.48523582392265,47.330300142063024,47.66730769384317,0.0
room_acoustic_data_room_3180.mat,-2.0,1.2588235294117647,44.48523582392265,47.330300142063024,47.66730769384317,0.0
room_acoustic_data_room_3181.mat,-2.0,1.2705882352941176,44.48523582392265,47.330300142063024,47.66730769384317,0.0
room_acoustic_data_room_3182.mat,-2.0,1.2823529411764707,44.48523582392265,47.330300142063024,47.66730769384317,0.0
room_acoustic_data_room_3183.mat,-2.0,1.2941176470588236,44.48523582392265,47.330300142063024,47.66730769384317,0.0
room_acoustic_data_room_3184.mat,-2.0,1.3058823529411765,44.48523582392265,47.330300142063024,47.66730769384317,0.0
room_acoustic_data_room_3185.mat,-2.0,1.3176470588235294,44.48523582392265,47.330300142063024,47.66730769384317,0.0
room_acoustic_data_room_3186.mat,-2.0,1.3294117647058823,44.48523582392265,47.330300142063024,47.66730769384317,0.0
room_acoustic_data_room_3187.mat,-2.0,1.3411764705882352,44.48523582392265,47.330300142063024,47.66730769384317,0.0
room_acoustic_data_room_3188.mat,-2.0,1.3529411764705883,44.48523582392265,47.330300142063024,47.66730769384317,0.0
room_acoustic_data_room_3189.mat,-2.0,1.3647058823529412,44.48523582392265,47.330300142063024,47.66730769384317,0.0
room_acoustic_data_room_3190.mat,-2.0,1.3764705882352941,44.48523582392265,47.330300142063024,47.66730769384317,0.0
room_acoustic_data_room_3191.mat,-2.0,1.388235294117647,44.48523582392265,47.330300142063024,47.66730769384317,0.0
room_acoustic_data_room_3192.mat,-2.0,1.4,44.48523582392265,47.330300142063024,47.66730769384317,0.0
room_acoustic_data_room_3193.mat,-2.0,1.411764705882353,44.48523582392265,47.330300142063024,47.66730769384317,0.0
room_acoustic_data_room_3194.mat,-2.0,1.423529411764706,44.48523582392265,47.330300142063024,47.66730769384317,0.0
room_acoustic_data_room_3195.mat,-2.0,1.4352941176470588,44.48523582392265,47.330300142063024,47.66730769384317,0.0
room_acoustic_data_room_3196.mat,-2.0,1.4470588235294117,44.48523582392265,47.330300142063024,47.66730769384317,0.0
room_acoustic_data_room_3197.mat,-2.0,1.4588235294117646,44.48523582392265,47.330300142063024,47.66730769384317,0.0
room_acoustic_data_room_3198.mat,-2.0,1.4705882352941178,44.48523582392265,47.330300142063024,47.66730769384317,0.0
room_acoustic_data_room_3199.mat,-2.0,1.4823529411764707,44.48523582392265,47.330300142063024,47.66730769384317,0.0
room_acoustic_data_room_3200.mat,-2.0,1.4941176470588236,44.48523582392265,47.330300142063024,47.66730769384317,0.0
room_acoustic_data_room_3201.mat,-2.0,1.5058823529411764,44.48523582392265,47.330300142063024,47.66730769384317,0.0
room_acoustic_data_room_3202.mat,-2.0,1.5176470588235293,44.48523582392265,47.330300142063024,47.66730769384317,0.0
room_acoustic_data_room_3203.mat,-2.0,1.5294117647058822,44.48523582392265,47.330300142063024,47.66730769384317,0.0
room_acoustic_data_room_3204.mat,-2.0,1.5411764705882354,44.48523582392265,47.330300142063024,47.66730769384317,0.0
room_acoustic_data_room_3205.mat,-2.0,1.5529411764705883,44.48523582392265,47.330300142063024,47.66730769384317,0.0
room_acoustic_data_room_3206.mat,-2.0,1.5647058823529412,44.48523582392265,47.330300142063024,47.66730769384317,0.0
room_acoustic_data_room_3207.mat,-2.0,1.576470588235294,44.48523582392265,47.330300142063024,47.66730769384317,0.0
room_acoustic_data_room_3208.mat,-2.0,1.588235294117647,44.48523582392265,47.330300142063024,47.66730769384317,0.0
room_acoustic_data_room_3209.mat,-2.0,1.6,44.48523582392265,47.330300142063024,47.66730769384317,0.0
room_acoustic_data_room_3210.mat,-2.0,1.611764705882353,44.48523582392265,47.330300142063024,47.66730769384317,0.0
room_acoustic_data_room_3211.mat,-2.0,1.6235294117647059,44.48523582392265,47.330300142063024,47.66730769384317,0.0
room_acoustic_data_room_3212.mat,-2.0,1.6352941176470588,44.48523582392265,47.330300142063024,47.66730769384317,0.0
room_acoustic_data_room_3213.mat,-2.0,1.6470588235294117,44.48523582392265,47.330300142063024,47.66730769384317,0.0
room_acoustic_data_room_3214.mat,-2.0,1.6588235294117648,44.48523582392265,47.330300142063024,47.66730769384317,0.0
room_acoustic_data_room_3215.mat,-2.0,1.6705882352941177,44.48523582392265,47.330300142063024,47.66730769384317,0.0
room_acoustic_data_room_3216.mat,-2.0,1.6823529411764706,44.48523582392265,47.330300142063024,47.66730769384317,0.0
room_acoustic_data_room_3217.mat,-2.0,1.6941176470588235,44.48523582392265,47.330300142063024,47.66730769384317,0.0
room_acoustic_data_room_3218.mat,-2.0,1.7058823529411764,44.48523582392265,47.330300142063024,47.66730769384317,0.0
room_acoustic_data_room_3219.mat,-2.0,1.7176470588235293,44.48523582392265,47.330300142063024,47.66730769384317,0.0
room_acoustic_data_room_3220.mat,-2.0,1.7294117647058824,44.48523582392265,47.330300142063024,47.66730769384317,0.0
room_acoustic_data_room_3221.mat,-2.0,1.7411764705882353,44.48523582392265,47.330300142063024,47.66730769384317,0.0
room_acoustic_data_room_3222.mat,-2.0,1.7529411764705882,44.48523582392265,47.330300142063024,47.66730769384317,0.0
room_acoustic_data_room_3223.mat,-2.0,1.7647058823529411,44.48523582392265,47.330300142063024,47.66730769384317,0.0
room_acoustic_data_room_3224.mat,-2.0,1.776470588235294,44.48523582392265,47.330300142063024,47.66730769384317,0.0
room_acoustic_data_room_3225.mat,-2.0,1.7882352941176471,44.48523582392265,47.330300142063024,47.66730769384317,0.0
room_acoustic_data_room_3226.mat,-2.0,1.8,44.48523582392265,47.330300142063024,47.66730769384317,0.0
room_acoustic_data_room_3227.mat,-2.0,1.811764705882353,44.48523582392265,47.330300142063024,47.66730769384317,0.0
room_acoustic_data_room_3228.mat,-2.0,1.8235294117647058,44.48523582392265,47.330300142063024,47.66730769384317,0.0
room_acoustic_data_room_3229.mat,-2.0,1.8352941176470587,44.48523582392265,47.330300142063024,47.66730769384317,0.0
room_acoustic_data_room_3230.mat,-2.0,1.8470588235294119,44.48523582392265,47.330300142063024,47.66730769384317,0.0
room_acoustic_data_room_3231.mat,-2.0,1.8588235294117648,44.48523582392265,47.330300142063024,47.66730769384317,0.0
room_acoustic_data_room_3232.mat,-2.0,1.8705882352941177,44.48523582392265,47.330300142063024,47.66730769384317,0.0
room_acoustic_data_room_3233.mat,-2.0,1.8823529411764706,44.48523582392265,47.330300142063024,47.66730769384317,0.0
room_acoustic_data_room_3234.mat,-2.0,1.8941176470588235,44.48523582392265,47.330300142063024,47.66730769384317,0.0
room_acoustic_data_room_3235.mat,-2.0,1.9058823529411764,44.48523582392265,47.330300142063024,47.66730769384317,0.0
room_acoustic_data_room_3236.mat,-2.0,1.9176470588235295,44.48523582392265,47.330300142063024,47.66730769384317,0.0
room_acoustic_data_room_3237.mat,-2.0,1.9294117647058824,44.48523582392265,47.330300142063024,47.66730769384317,0.0
room_acoustic_data_room_3238.mat,-2.0,1.9411764705882353,44.48523582392265,47.330300142063024,47.66730769384317,0.0
room_acoustic_data_room_3239.mat,-2.0,1.9529411764705882,44.48523582392265,47.330300142063024,47.66730769384317,0.0
room_acoustic_data_room_3240.mat,-2.0,1.964705882352941,44.48523582392265,47.330300142063024,47.66730769384317,0.0
room_acoustic_data_room_3241.mat,-2.0,1.9764705882352942,44.48523582392265,47.330300142063024,47.66730769384317,0.0
room_acoustic_data_room_3242.mat,-2.0,1.988235294117647,44.48523582392265,47.330300142063024,47.66730769384317,0.0
room_acoustic_data_room_3243.mat,-2.0,2.0,44.48523582392265,47.330300142063024,47.66730769384317,0.0
room_acoustic_data_room_3244.mat,-2.0,2.011764705882353,44.48523582392265,47.330300142063024,47.66730769384317,0.0
room_acoustic_data_room_3245.mat,-2.0,2.023529411764706,44.48523582392265,47.330300142063024,47.66730769384317,0.0
room_acoustic_data_room_3246.mat,-2.0,2.0352941176470587,44.48523582392265,47.330300142063024,47.66730769384317,0.0
room_acoustic_data_room_3247.mat,-2.0,2.0470588235294116,44.48523582392265,47.330300142063024,47.66730769384317,0.0
room_acoustic_data_room_3248.mat,-2.0,2.0588235294117645,44.48523582392265,47.330300142063024,47.66730769384317,0.0
room_acoustic_data_room_3249.mat,-2.0,2.070588235294118,44.48523582392265,47.330300142063024,47.66730769384317,0.0
room_acoustic_data_room_3250.mat,-2.0,2.0823529411764707,44.48523582392265,47.330300142063024,47.66730769384317,0.0
room_acoustic_data_room_3251.mat,-2.0,2.0941176470588236,44.48523582392265,47.330300142063024,47.66730769384317,0.0
room_acoustic_data_room_3252.mat,-2.0,2.1058823529411765,44.48523582392265,47.330300142063024,47.66730769384317,0.0
room_acoustic_data_room_3253.mat,-2.0,2.1176470588235294,44.48523582392265,47.330300142063024,47.66730769384317,0.0
room_acoustic_data_room_3254.mat,-2.0,2.1294117647058823,44.48523582392265,47.330300142063024,47.66730769384317,0.0
room_acoustic_data_room_3255.mat,-2.0,2.1411764705882352,44.48523582392265,47.330300142063024,47.66730769384317,0.0
room_acoustic_data_room_3256.mat,-2.0,2.152941176470588,44.48523582392265,47.330300142063024,47.66730769384317,0.0
room_acoustic_data_room_3257.mat,-2.0,2.164705882352941,44.48523582392265,47.330300142063024,47.66730769384317,0.0
room_acoustic_data_room_3258.mat,-2.0,2.176470588235294,44.48523582392265,47.330300142063024,47.66730769384317,0.0
room_acoustic_data_room_3259.mat,-2.0,2.1882352941176473,44.48523582392265,47.330300142063024,47.66730769384317,0.0
room_acoustic_data_room_3260.mat,-2.0,2.2,44.48523582392265,47.330300142063024,47.66730769384317,0.0
room_acoustic_data_room_3261.mat,-2.0,2.211764705882353,44.48523582392265,47.330300142063024,47.66730769384317,0.0
room_acoustic_data_room_3262.mat,-2.0,2.223529411764706,44.48523582392265,47.330300142063024,47.66730769384317,0.0
room_acoustic_data_room_3263.mat,-2.0,2.235294117647059,44.48523582392265,47.330300142063024,47.66730769384317,0.0
room_acoustic_data_room_3264.mat,-2.0,2.2470588235294118,44.48523582392265,47.330300142063024,47.66730769384317,0.0
room_acoustic_data_room_3265.mat,-2.0,2.2588235294117647,44.48523582392265,47.330300142063024,47.66730769384317,0.0
room_acoustic_data_room_3266.mat,-2.0,2.2705882352941176,44.48523582392265,47.330300142063024,47.66730769384317,0.0
room_acoustic_data_room_3267.mat,-2.0,2.2823529411764705,44.48523582392265,47.330300142063024,47.66730769384317,0.0
room_acoustic_data_room_3268.mat,-2.0,2.2941176470588234,44.48523582392265,47.330300142063024,47.66730769384317,0.0
room_acoustic_data_room_3269.mat,-2.0,2.3058823529411763,44.48523582392265,47.330300142063024,47.66730769384317,0.0
room_acoustic_data_room_3270.mat,-2.0,2.3176470588235296,44.48523582392265,47.330300142063024,47.66730769384317,0.0
room_acoustic_data_room_3271.mat,-2.0,2.3294117647058825,44.48523582392265,47.330300142063024,47.66730769384317,0.0
room_acoustic_data_room_3272.mat,-2.0,2.3411764705882354,44.48523582392265,47.330300142063024,47.66730769384317,0.0
room_acoustic_data_room_3273.mat,-2.0,2.3529411764705883,44.48523582392265,47.330300142063024,47.66730769384317,0.0
room_acoustic_data_room_3274.mat,-2.0,2.364705882352941,44.48523582392265,47.330300142063024,47.66730769384317,0.0
room_acoustic_data_room_3275.mat,-2.0,2.376470588235294,44.48523582392265,47.330300142063024,47.66730769384317,0.0
room_acoustic_data_room_3276.mat,-2.0,2.388235294117647,44.48523582392265,47.330300142063024,47.66730769384317,0.0
room_acoustic_data_room_3277.mat,-2.0,2.4,44.48523582392265,47.330300142063024,47.66730769384317,0.0
room_acoustic_data_room_3278.mat,-2.0,2.411764705882353,44.48523582392265,47.330300142063024,47.66730769384317,0.0
room_acoustic_data_room_3279.mat,-2.0,2.4235294117647057,44.48523582392265,47.330300142063024,47.66730769384317,0.0
room_acoustic_data_room_3280.mat,-2.0,2.4352941176470586,44.48523582392265,47.330300142063024,47.66730769384317,0.0
room_acoustic_data_room_3281.mat,-2.0,2.447058823529412,44.48523582392265,47.330300142063024,47.66730769384317,0.0
room_acoustic_data_room_3282.mat,-2.0,2.458823529411765,44.48523582392265,47.330300142063024,47.66730769384317,0.0
room_acoustic_data_room_3283.mat,-2.0,2.4705882352941178,44.48523582392265,47.330300142063024,47.66730769384317,0.0
room_acoustic_data_room_3284.mat,-2.0,2.4823529411764707,44.48523582392265,47.330300142063024,47.66730769384317,0.0
room_acoustic_data_room_3285.mat,-2.0,2.4941176470588236,44.48523582392265,47.330300142063024,47.66730769384317,0.0
room_acoustic_data_room_3286.mat,-2.0,2.5058823529411764,44.48523582392265,47.330300142063024,47.66730769384317,0.0
room_acoustic_data_room_3287.mat,-2.0,2.5176470588235293,44.48523582392265,47.330300142063024,47.66730769384317,0.0
room_acoustic_data_room_3288.mat,-2.0,2.5294117647058822,44.48523582392265,47.330300142063024,47.66730769384317,0.0
room_acoustic_data_room_3289.mat,-2.0,2.541176470588235,44.48523582392265,47.330300142063024,47.66730769384317,0.0
room_acoustic_data_room_3290.mat,-2.0,2.552941176470588,44.48523582392265,47.330300142063024,47.66730769384317,0.0
room_acoustic_data_room_3291.mat,-2.0,2.5647058823529414,44.48523582392265,47.330300142063024,47.66730769384317,0.0
room_acoustic_data_room_3292.mat,-2.0,2.5764705882352943,44.48523582392265,47.330300142063024,47.66730769384317,0.0
room_acoustic_data_room_3293.mat,-2.0,2.588235294117647,44.48523582392265,47.330300142063024,47.66730769384317,0.0
room_acoustic_data_room_3294.mat,-2.0,2.6,44.48523582392265,47.330300142063024,47.66730769384317,0.0
room_acoustic_data_room_3295.mat,-2.0,2.611764705882353,44.48523582392265,47.330300142063024,47.66730769384317,0.0
room_acoustic_data_room_3296.mat,-2.0,2.623529411764706,44.48523582392265,47.330300142063024,47.66730769384317,0.0
room_acoustic_data_room_3297.mat,-2.0,2.635294117647059,44.48523582392265,47.330300142063024,47.66730769384317,0.0
room_acoustic_data_room_3298.mat,-2.0,2.6470588235294117,44.48523582392265,47.330300142063024,47.66730769384317,0.0
room_acoustic_data_room_3299.mat,-2.0,2.6588235294117646,44.48523582392265,47.330300142063024,47.66730769384317,0.0
room_acoustic_data_room_3300.mat,-2.0,2.6705882352941175,44.48523582392265,47.330300142063024,47.66730769384317,0.0
room_acoustic_data_room_3301.mat,-2.0,2.6823529411764704,44.48523582392265,47.330300142063024,47.66730769384317,0.0
room_acoustic_data_room_3302.mat,-2.0,2.6941176470588237,44.48523582392265,47.330300142063024,47.66730769384317,0.0
room_acoustic_data_room_3303.mat,-2.0,2.7058823529411766,44.48523582392265,47.330300142063024,47.66730769384317,0.0
room_acoustic_data_room_3304.mat,-2.0,2.7176470588235295,44.48523582392265,47.330300142063024,47.66730769384317,0.0
room_acoustic_data_room_3305.mat,-2.0,2.7294117647058824,44.48523582392265,47.330300142063024,47.66730769384317,0.0
room_acoustic_data_room_3306.mat,-2.0,2.7411764705882353,44.48523582392265,47.330300142063024,47.66730769384317,0.0
room_acoustic_data_room_3307.mat,-2.0,2.7529411764705882,44.48523582392265,47.330300142063024,47.66730769384317,0.0
room_acoustic_data_room_3308.mat,-2.0,2.764705882352941,44.48523582392265,47.330300142063024,47.66730769384317,0.0
room_acoustic_data_room_3309.mat,-2.0,2.776470588235294,44.48523582392265,47.330300142063024,47.66730769384317,0.0
room_acoustic_data_room_3310.mat,-2.0,2.788235294117647,44.48523582392265,47.330300142063024,47.66730769384317,0.0
room_acoustic_data_room_3311.mat,-2.0,2.8,44.48523582392265,47.330300142063024,47.66730769384317,0.0
room_acoustic_data_room_3312.mat,-2.0,2.8117647058823527,44.48523582392265,47.330300142063024,47.66730769384317,0.0
room_acoustic_data_room_3313.mat,-2.0,2.823529411764706,44.48523582392265,47.330300142063024,47.66730769384317,0.0
room_acoustic_data_room_3314.mat,-2.0,2.835294117647059,44.48523582392265,47.330300142063024,47.66730769384317,0.0
room_acoustic_data_room_3315.mat,-2.0,2.847058823529412,44.48523582392265,47.330300142063024,47.66730769384317,0.0
room_acoustic_data_room_3316.mat,-2.0,2.8588235294117648,44.48523582392265,47.330300142063024,47.66730769384317,0.0
room_acoustic_data_room_3317.mat,-2.0,2.8705882352941177,44.48523582392265,47.330300142063024,47.66730769384317,0.0
room_acoustic_data_room_3318.mat,-2.0,2.8823529411764706,44.48523582392265,47.330300142063024,47.66730769384317,0.0
room_acoustic_data_room_3319.mat,-2.0,2.8941176470588235,44.48523582392265,47.330300142063024,47.66730769384317,0.0
room_acoustic_data_room_3320.mat,-2.0,2.9058823529411764,44.48523582392265,47.330300142063024,47.66730769384317,0.0
room_acoustic_data_room_3321.mat,-2.0,2.9176470588235293,44.48523582392265,47.330300142063024,47.66730769384317,0.0
room_acoustic_data_room_3322.mat,-2.0,2.929411764705882,44.48523582392265,47.330300142063024,47.66730769384317,0.0
room_acoustic_data_room_3323.mat,-2.0,2.9411764705882355,44.48523582392265,47.330300142063024,47.66730769384317,0.0
room_acoustic_data_room_3324.mat,-2.0,2.9529411764705884,44.48523582392265,47.330300142063024,47.66730769384317,0.0
room_acoustic_data_room_3325.mat,-2.0,2.9647058823529413,44.48523582392265,47.330300142063024,47.66730769384317,0.0
room_acoustic_data_room_3326.mat,-2.0,2.976470588235294,44.48523582392265,47.330300142063024,47.66730769384317,0.0
room_acoustic_data_room_3327.mat,-2.0,2.988235294117647,44.48523582392265,47.330300142063024,47.66730769384317,0.0
room_acoustic_data_room_3328.mat,-2.0,3.0,44.48523582392265,47.330300142063024,47.66730769384317,0.0
room_acoustic_data_room_3329.mat,5.0,0.0,44.48523582392265,47.330300142063024,47.66730769384317,0.0
room_acoustic_data_room_3330.mat,5.0,0.011764705882352941,44.48523582392265,47.330300142063024,47.66730769384317,0.0
room_acoustic_data_room_3331.mat,5.0,0.023529411764705882,44.48523582392265,47.330300142063024,47.66730769384317,0.0
room_acoustic_data_room_3332.mat,5.0,0.03529411764705882,44.48523582392265,47.330300142063024,47.66730769384317,0.0
room_acoustic_data_room_3333.mat,5.0,0.047058823529411764,44.48523582392265,47.330300142063024,47.66730769384317,0.0
room_acoustic_data_room_3334.mat,5.0,0.058823529411764705,44.48523582392265,47.330300142063024,47.66730769384317,0.0
room_acoustic_data_room_3335.mat,5.0,0.07058823529411765,44.48523582392265,47.330300142063024,47.66730769384317,0.0
room_acoustic_data_room_3336.mat,5.0,0.08235294117647059,44.48523582392265,47.330300142063024,47.66730769384317,0.0
room_acoustic_data_room_3337.mat,5.0,0.09411764705882353,44.48523582392265,47.330300142063024,47.66730769384317,0.0
room_acoustic_data_room_3338.mat,5.0,0.10588235294117647,44.48523582392265,47.330300142063024,47.66730769384317,0.0
room_acoustic_data_room_3339.mat,5.0,0.11764705882352941,44.48523582392265,47.330300142063024,47.66730769384317,0.0
room_acoustic_data_room_3340.mat,5.0,0.12941176470588237,44.48523582392265,47.330300142063024,47.66730769384317,0.0
room_acoustic_data_room_3341.mat,5.0,0.1411764705882353,44.48523582392265,47.330300142063024,47.66730769384317,0.0
room_acoustic_data_room_3342.mat,5.0,0.15294117647058825,44.48523582392265,47.330300142063024,47.66730769384317,0.0
room_acoustic_data_room_3343.mat,5.0,0.16470588235294117,44.48523582392265,47.330300142063024,47.66730769384317,0.0
room_acoustic_data_room_3344.mat,5.0,0.17647058823529413,44.48523582392265,47.330300142063024,47.66730769384317,0.0
room_acoustic_data_room_3345.mat,5.0,0.18823529411764706,44.48523582392265,47.330300142063024,47.66730769384317,0.0
room_acoustic_data_room_3346.mat,5.0,0.2,44.48523582392265,47.330300142063024,47.66730769384317,0.0
room_acoustic_data_room_3347.mat,5.0,0.21176470588235294,44.48523582392265,47.330300142063024,47.66730769384317,0.0
room_acoustic_data_room_3348.mat,5.0,0.2235294117647059,44.48523582392265,47.330300142063024,47.66730769384317,0.0
room_acoustic_data_room_3349.mat,5.0,0.23529411764705882,44.48523582392265,47.330300142063024,47.66730769384317,0.0
room_acoustic_data_room_3350.mat,5.0,0.24705882352941178,44.48523582392265,47.330300142063024,47.66730769384317,0.0
room_acoustic_data_room_3351.mat,5.0,0.25882352941176473,44.48523582392265,47.330300142063024,47.66730769384317,0.0
room_acoustic_data_room_3352.mat,5.0,0.27058823529411763,44.48523582392265,47.330300142063024,47.66730769384317,0.0
room_acoustic_data_room_3353.mat,5.0,0.2823529411764706,44.48523582392265,47.330300142063024,47.66730769384317,0.0
room_acoustic_data_room_3354.mat,5.0,0.29411764705882354,44.48523582392265,47.330300142063024,47.66730769384317,0.0
room_acoustic_data_room_3355.mat,5.0,0.3058823529411765,44.48523582392265,47.330300142063024,47.66730769384317,0.0
room_acoustic_data_room_3356.mat,5.0,0.3176470588235294,44.48523582392265,47.330300142063024,47.66730769384317,0.0
room_acoustic_data_room_3357.mat,5.0,0.32941176470588235,44.48523582392265,47.330300142063024,47.66730769384317,0.0
room_acoustic_data_room_3358.mat,5.0,0.3411764705882353,44.48523582392265,47.330300142063024,47.66730769384317,0.0
room_acoustic_data_room_3359.mat,5.0,0.35294117647058826,44.48523582392265,47.330300142063024,47.66730769384317,0.0
room_acoustic_data_room_3360.mat,5.0,0.36470588235294116,44.48523582392265,47.330300142063024,47.66730769384317,0.0
room_acoustic_data_room_3361.mat,5.0,0.3764705882352941,44.48523582392265,47.330300142063024,47.66730769384317,0.0
room_acoustic_data_room_3362.mat,5.0,0.38823529411764707,44.48523582392265,47.330300142063024,47.66730769384317,0.0
room_acoustic_data_room_3363.mat,5.0,0.4,44.48523582392265,47.330300142063024,47.66730769384317,0.0
room_acoustic_data_room_3364.mat,5.0,0.4117647058823529,44.48523582392265,47.330300142063024,47.66730769384317,0.0
room_acoustic_data_room_3365.mat,5.0,0.4235294117647059,44.48523582392265,47.330300142063024,47.66730769384317,0.0
room_acoustic_data_room_3366.mat,5.0,0.43529411764705883,44.48523582392265,47.330300142063024,47.66730769384317,0.0
room_acoustic_data_room_3367.mat,5.0,0.4470588235294118,44.48523582392265,47.330300142063024,47.66730769384317,0.0
room_acoustic_data_room_3368.mat,5.0,0.4588235294117647,44.48523582392265,47.330300142063024,47.66730769384317,0.0
room_acoustic_data_room_3369.mat,5.0,0.47058823529411764,44.48523582392265,47.330300142063024,47.66730769384317,0.0
room_acoustic_data_room_3370.mat,5.0,0.4823529411764706,44.48523582392265,47.330300142063024,47.66730769384317,0.0
room_acoustic_data_room_3371.mat,5.0,0.49411764705882355,44.48523582392265,47.330300142063024,47.66730769384317,0.0
room_acoustic_data_room_3372.mat,5.0,0.5058823529411764,44.48523582392265,47.330300142063024,47.66730769384317,0.0
room_acoustic_data_room_3373.mat,5.0,0.5176470588235295,44.48523582392265,47.330300142063024,47.66730769384317,0.0
room_acoustic_data_room_3374.mat,5.0,0.5294117647058824,44.48523582392265,47.330300142063024,47.66730769384317,0.0
room_acoustic_data_room_3375.mat,5.0,0.5411764705882353,44.48523582392265,47.330300142063024,47.66730769384317,0.0
room_acoustic_data_room_3376.mat,5.0,0.5529411764705883,44.48523582392265,47.330300142063024,47.66730769384317,0.0
room_acoustic_data_room_3377.mat,5.0,0.5647058823529412,44.48523582392265,47.330300142063024,47.66730769384317,0.0
room_acoustic_data_room_3378.mat,5.0,0.5764705882352941,44.48523582392265,47.330300142063024,47.66730769384317,0.0
room_acoustic_data_room_3379.mat,5.0,0.5882352941176471,44.48523582392265,47.330300142063024,47.66730769384317,0.0
room_acoustic_data_room_3380.mat,5.0,0.6,44.48523582392265,47.330300142063024,47.66730769384317,0.0
room_acoustic_data_room_3381.mat,5.0,0.611764705882353,44.48523582392265,47.330300142063024,47.66730769384317,0.0
room_acoustic_data_room_3382.mat,5.0,0.6235294117647059,44.48523582392265,47.330300142063024,47.66730769384317,0.0
room_acoustic_data_room_3383.mat,5.0,0.6352941176470588,44.48523582392265,47.330300142063024,47.66730769384317,0.0
room_acoustic_data_room_3384.mat,5.0,0.6470588235294118,44.48523582392265,47.330300142063024,47.66730769384317,0.0
room_acoustic_data_room_3385.mat,5.0,0.6588235294117647,44.48523582392265,47.330300142063024,47.66730769384317,0.0
room_acoustic_data_room_3386.mat,5.0,0.6705882352941176,44.48523582392265,47.330300142063024,47.66730769384317,0.0
room_acoustic_data_room_3387.mat,5.0,0.6823529411764706,44.48523582392265,47.330300142063024,47.66730769384317,0.0
room_acoustic_data_room_3388.mat,5.0,0.6941176470588235,44.48523582392265,47.330300142063024,47.66730769384317,0.0
room_acoustic_data_room_3389.mat,5.0,0.7058823529411765,44.48523582392265,47.330300142063024,47.66730769384317,0.0
room_acoustic_data_room_3390.mat,5.0,0.7176470588235294,44.48523582392265,47.330300142063024,47.66730769384317,0.0
room_acoustic_data_room_3391.mat,5.0,0.7294117647058823,44.48523582392265,47.330300142063024,47.66730769384317,0.0
room_acoustic_data_room_3392.mat,5.0,0.7411764705882353,44.48523582392265,47.330300142063024,47.66730769384317,0.0
room_acoustic_data_room_3393.mat,5.0,0.7529411764705882,44.48523582392265,47.330300142063024,47.66730769384317,0.0
room_acoustic_data_room_3394.mat,5.0,0.7647058823529411,44.48523582392265,47.330300142063024,47.66730769384317,0.0
room_acoustic_data_room_3395.mat,5.0,0.7764705882352941,44.48523582392265,47.330300142063024,47.66730769384317,0.0
room_acoustic_data_room_3396.mat,5.0,0.788235294117647,44.48523582392265,47.330300142063024,47.66730769384317,0.0
room_acoustic_data_room_3397.mat,5.0,0.8,44.48523582392265,47.330300142063024,47.66730769384317,0.0
room_acoustic_data_room_3398.mat,5.0,0.8117647058823529,44.48523582392265,47.330300142063024,47.66730769384317,0.0
room_acoustic_data_room_3399.mat,5.0,0.8235294117647058,44.48523582392265,47.330300142063024,47.66730769384317,0.0
room_acoustic_data_room_3400.mat,5.0,0.8352941176470589,44.48523582392265,47.330300142063024,47.66730769384317,0.0
room_acoustic_data_room_3401.mat,5.0,0.8470588235294118,44.48523582392265,47.330300142063024,47.66730769384317,0.0
room_acoustic_data_room_3402.mat,5.0,0.8588235294117647,44.48523582392265,47.330300142063024,47.66730769384317,0.0
room_acoustic_data_room_3403.mat,5.0,0.8705882352941177,44.48523582392265,47.330300142063024,47.66730769384317,0.0
room_acoustic_data_room_3404.mat,5.0,0.8823529411764706,44.48523582392265,47.330300142063024,47.66730769384317,0.0
room_acoustic_data_room_3405.mat,5.0,0.8941176470588236,44.48523582392265,47.330300142063024,47.66730769384317,0.0
room_acoustic_data_room_3406.mat,5.0,0.9058823529411765,44.48523582392265,47.330300142063024,47.66730769384317,0.0
room_acoustic_data_room_3407.mat,5.0,0.9176470588235294,44.48523582392265,47.330300142063024,47.66730769384317,0.0
room_acoustic_data_room_3408.mat,5.0,0.9294117647058824,44.48523582392265,47.330300142063024,47.66730769384317,0.0
room_acoustic_data_room_3409.mat,5.0,0.9411764705882353,44.48523582392265,47.330300142063024,47.66730769384317,0.0
room_acoustic_data_room_3410.mat,5.0,0.9529411764705882,44.48523582392265,47.330300142063024,47.66730769384317,0.0
room_acoustic_data_room_3411.mat,5.0,0.9647058823529412,44.48523582392265,47.330300142063024,47.66730769384317,0.0
room_acoustic_data_room_3412.mat,5.0,0.9764705882352941,44.48523582392265,47.330300142063024,47.66730769384317,0.0
room_acoustic_data_room_3413.mat,5.0,0.9882352941176471,44.48523582392265,47.330300142063024,47.66730769384317,0.0
room_acoustic_data_room_3414.mat,5.0,1.0,44.48523582392265,47.330300142063024,47.66730769384317,0.0
room_acoustic_data_room_3415.mat,5.0,1.011764705882353,44.48523582392265,47.330300142063024,47.66730769384317,0.0
room_acoustic_data_room_3416.mat,5.0,1.0235294117647058,44.48523582392265,47.330300142063024,47.66730769384317,0.0
room_acoustic_data_room_3417.mat,5.0,1.035294117647059,44.48523582392265,47.330300142063024,47.66730769384317,0.0
room_acoustic_data_room_3418.mat,5.0,1.0470588235294118,44.48523582392265,47.330300142063024,47.66730769384317,0.0
room_acoustic_data_room_3419.mat,5.0,1.0588235294117647,44.48523582392265,47.330300142063024,47.66730769384317,0.0
room_acoustic_data_room_3420.mat,5.0,1.0705882352941176,44.48523582392265,47.330300142063024,47.66730769384317,0.0
room_acoustic_data_room_3421.mat,5.0,1.0823529411764705,44.48523582392265,47.330300142063024,47.66730769384317,0.0
room_acoustic_data_room_3422.mat,5.0,1.0941176470588236,44.48523582392265,47.330300142063024,47.66730769384317,0.0
room_acoustic_data_room_3423.mat,5.0,1.1058823529411765,44.48523582392265,47.330300142063024,47.66730769384317,0.0
room_acoustic_data_room_3424.mat,5.0,1.1176470588235294,44.48523582392265,47.330300142063024,47.66730769384317,0.0
room_acoustic_data_room_3425.mat,5.0,1.1294117647058823,44.48523582392265,47.330300142063024,47.66730769384317,0.0
room_acoustic_data_room_3426.mat,5.0,1.1411764705882352,44.48523582392265,47.330300142063024,47.66730769384317,0.0
room_acoustic_data_room_3427.mat,5.0,1.1529411764705881,44.48523582392265,47.330300142063024,47.66730769384317,0.0
room_acoustic_data_room_3428.mat,5.0,1.1647058823529413,44.48523582392265,47.330300142063024,47.66730769384317,0.0
room_acoustic_data_room_3429.mat,5.0,1.1764705882352942,44.48523582392265,47.330300142063024,47.66730769384317,0.0
room_acoustic_data_room_3430.mat,5.0,1.188235294117647,44.48523582392265,47.330300142063024,47.66730769384317,0.0
room_acoustic_data_room_3431.mat,5.0,1.2,44.48523582392265,47.330300142063024,47.66730769384317,0.0
room_acoustic_data_room_3432.mat,5.0,1.2117647058823529,44.48523582392265,47.330300142063024,47.66730769384317,0.0
room_acoustic_data_room_3433.mat,5.0,1.223529411764706,44.48523582392265,47.330300142063024,47.66730769384317,0.0
room_acoustic_data_room_3434.mat,5.0,1.2352941176470589,44.48523582392265,47.330300142063024,47.66730769384317,0.0
room_acoustic_data_room_3435.mat,5.0,1.2470588235294118,44.48523582392265,47.330300142063024,47.66730769384317,0.0
room_acoustic_data_room_3436.mat,5.0,1.2588235294117647,44.48523582392265,47.330300142063024,47.66730769384317,0.0
room_acoustic_data_room_3437.mat,5.0,1.2705882352941176,44.48523582392265,47.330300142063024,47.66730769384317,0.0
room_acoustic_data_room_3438.mat,5.0,1.2823529411764707,44.48523582392265,47.330300142063024,47.66730769384317,0.0
room_acoustic_data_room_3439.mat,5.0,1.2941176470588236,44.48523582392265,47.330300142063024,47.66730769384317,0.0
room_acoustic_data_room_3440.mat,5.0,1.3058823529411765,44.48523582392265,47.330300142063024,47.66730769384317,0.0
room_acoustic_data_room_3441.mat,5.0,1.3176470588235294,44.48523582392265,47.330300142063024,47.66730769384317,0.0
room_acoustic_data_room_3442.mat,5.0,1.3294117647058823,44.48523582392265,47.330300142063024,47.66730769384317,0.0
room_acoustic_data_room_3443.mat,5.0,1.3411764705882352,44.48523582392265,47.330300142063024,47.66730769384317,0.0
room_acoustic_data_room_3444.mat,5.0,1.3529411764705883,44.48523582392265,47.330300142063024,47.66730769384317,0.0
room_acoustic_data_room_3445.mat,5.0,1.3647058823529412,44.48523582392265,47.330300142063024,47.66730769384317,0.0
room_acoustic_data_room_3446.mat,5.0,1.3764705882352941,44.48523582392265,47.330300142063024,47.66730769384317,0.0
room_acoustic_data_room_3447.mat,5.0,1.388235294117647,44.48523582392265,47.330300142063024,47.66730769384317,0.0
room_acoustic_data_room_3448.mat,5.0,1.4,44.48523582392265,47.330300142063024,47.66730769384317,0.0
room_acoustic_data_room_3449.mat,5.0,1.411764705882353,44.48523582392265,47.330300142063024,47.66730769384317,0.0
room_acoustic_data_room_3450.mat,5.0,1.423529411764706,44.48523582392265,47.330300142063024,47.66730769384317,0.0
room_acoustic_data_room_3451.mat,5.0,1.4352941176470588,44.48523582392265,47.330300142063024,47.66730769384317,0.0
room_acoustic_data_room_3452.mat,5.0,1.4470588235294117,44.48523582392265,47.330300142063024,47.66730769384317,0.0
room_acoustic_data_room_3453.mat,5.0,1.4588235294117646,44.48523582392265,47.330300142063024,47.66730769384317,0.0
room_acoustic_data_room_3454.mat,5.0,1.4705882352941178,44.48523582392265,47.330300142063024,47.66730769384317,0.0
room_acoustic_data_room_3455.mat,5.0,1.4823529411764707,44.48523582392265,47.330300142063024,47.66730769384317,0.0
room_acoustic_data_room_3456.mat,5.0,1.4941176470588236,44.48523582392265,47.330300142063024,47.66730769384317,0.0
room_acoustic_data_room_3457.mat,5.0,1.5058823529411764,44.48523582392265,47.330300142063024,47.66730769384317,0.0
room_acoustic_data_room_3458.mat,5.0,1.5176470588235293,44.48523582392265,47.330300142063024,47.66730769384317,0.0
room_acoustic_data_room_3459.mat,5.0,1.5294117647058822,44.48523582392265,47.330300142063024,47.66730769384317,0.0
room_acoustic_data_room_3460.mat,5.0,1.5411764705882354,44.48523582392265,47.330300142063024,47.66730769384317,0.0
room_acoustic_data_room_3461.mat,5.0,1.5529411764705883,44.48523582392265,47.330300142063024,47.66730769384317,0.0
room_acoustic_data_room_3462.mat,5.0,1.5647058823529412,44.48523582392265,47.330300142063024,47.66730769384317,0.0
room_acoustic_data_room_3463.mat,5.0,1.576470588235294,44.48523582392265,47.330300142063024,47.66730769384317,0.0
room_acoustic_data_room_3464.mat,5.0,1.588235294117647,44.48523582392265,47.330300142063024,47.66730769384317,0.0
room_acoustic_data_room_3465.mat,5.0,1.6,44.48523582392265,47.330300142063024,47.66730769384317,0.0
room_acoustic_data_room_3466.mat,5.0,1.611764705882353,44.48523582392265,47.330300142063024,47.66730769384317,0.0
room_acoustic_data_room_3467.mat,5.0,1.6235294117647059,44.48523582392265,47.330300142063024,47.66730769384317,0.0
room_acoustic_data_room_3468.mat,5.0,1.6352941176470588,44.48523582392265,47.330300142063024,47.66730769384317,0.0
room_acoustic_data_room_3469.mat,5.0,1.6470588235294117,44.48523582392265,47.330300142063024,47.66730769384317,0.0
room_acoustic_data_room_3470.mat,5.0,1.6588235294117648,44.48523582392265,47.330300142063024,47.66730769384317,0.0
room_acoustic_data_room_3471.mat,5.0,1.6705882352941177,44.48523582392265,47.330300142063024,47.66730769384317,0.0
room_acoustic_data_room_3472.mat,5.0,1.6823529411764706,44.48523582392265,47.330300142063024,47.66730769384317,0.0
room_acoustic_data_room_3473.mat,5.0,1.6941176470588235,44.48523582392265,47.330300142063024,47.66730769384317,0.0
room_acoustic_data_room_3474.mat,5.0,1.7058823529411764,44.48523582392265,47.330300142063024,47.66730769384317,0.0
room_acoustic_data_room_3475.mat,5.0,1.7176470588235293,44.48523582392265,47.330300142063024,47.66730769384317,0.0
room_acoustic_data_room_3476.mat,5.0,1.7294117647058824,44.48523582392265,47.330300142063024,47.66730769384317,0.0
room_acoustic_data_room_3477.mat,5.0,1.7411764705882353,44.48523582392265,47.330300142063024,47.66730769384317,0.0
room_acoustic_data_room_3478.mat,5.0,1.7529411764705882,44.48523582392265,47.330300142063024,47.66730769384317,0.0
room_acoustic_data_room_3479.mat,5.0,1.7647058823529411,44.48523582392265,47.330300142063024,47.66730769384317,0.0
room_acoustic_data_room_3480.mat,5.0,1.776470588235294,44.48523582392265,47.330300142063024,47.66730769384317,0.0
room_acoustic_data_room_3481.mat,5.0,1.7882352941176471,44.48523582392265,47.330300142063024,47.66730769384317,0.0
room_acoustic_data_room_3482.mat,5.0,1.8,44.48523582392265,47.330300142063024,47.66730769384317,0.0
room_acoustic_data_room_3483.mat,5.0,1.811764705882353,44.48523582392265,47.330300142063024,47.66730769384317,0.0
room_acoustic_data_room_3484.mat,5.0,1.8235294117647058,44.48523582392265,47.330300142063024,47.66730769384317,0.0
room_acoustic_data_room_3485.mat,5.0,1.8352941176470587,44.48523582392265,47.330300142063024,47.66730769384317,0.0
room_acoustic_data_room_3486.mat,5.0,1.8470588235294119,44.48523582392265,47.330300142063024,47.66730769384317,0.0
room_acoustic_data_room_3487.mat,5.0,1.8588235294117648,44.48523582392265,47.330300142063024,47.66730769384317,0.0
room_acoustic_data_room_3488.mat,5.0,1.8705882352941177,44.48523582392265,47.330300142063024,47.66730769384317,0.0
room_acoustic_data_room_3489.mat,5.0,1.8823529411764706,44.48523582392265,47.330300142063024,47.66730769384317,0.0
room_acoustic_data_room_3490.mat,5.0,1.8941176470588235,44.48523582392265,47.330300142063024,47.66730769384317,0.0
room_acoustic_data_room_3491.mat,5.0,1.9058823529411764,44.48523582392265,47.330300142063024,47.66730769384317,0.0
room_acoustic_data_room_3492.mat,5.0,1.9176470588235295,44.48523582392265,47.330300142063024,47.66730769384317,0.0
room_acoustic_data_room_3493.mat,5.0,1.9294117647058824,44.48523582392265,47.330300142063024,47.66730769384317,0.0
room_acoustic_data_room_3494.mat,5.0,1.9411764705882353,44.48523582392265,47.330300142063024,47.66730769384317,0.0
room_acoustic_data_room_3495.mat,5.0,1.9529411764705882,44.48523582392265,47.330300142063024,47.66730769384317,0.0
room_acoustic_data_room_3496.mat,5.0,1.964705882352941,44.48523582392265,47.330300142063024,47.66730769384317,0.0
room_acoustic_data_room_3497.mat,5.0,1.9764705882352942,44.48523582392265,47.330300142063024,47.66730769384317,0.0
room_acoustic_data_room_3498.mat,5.0,1.988235294117647,44.48523582392265,47.330300142063024,47.66730769384317,0.0
room_acoustic_data_room_3499.mat,5.0,2.0,44.48523582392265,47.330300142063024,47.66730769384317,0.0
room_acoustic_data_room_3500.mat,5.0,2.011764705882353,44.48523582392265,47.330300142063024,47.66730769384317,0.0
room_acoustic_data_room_3501.mat,5.0,2.023529411764706,44.48523582392265,47.330300142063024,47.66730769384317,0.0
room_acoustic_data_room_3502.mat,5.0,2.0352941176470587,44.48523582392265,47.330300142063024,47.66730769384317,0.0
room_acoustic_data_room_3503.mat,5.0,2.0470588235294116,44.48523582392265,47.330300142063024,47.66730769384317,0.0
room_acoustic_data_room_3504.mat,5.0,2.0588235294117645,44.48523582392265,47.330300142063024,47.66730769384317,0.0
room_acoustic_data_room_3505.mat,5.0,2.070588235294118,44.48523582392265,47.330300142063024,47.66730769384317,0.0
room_acoustic_data_room_3506.mat,5.0,2.0823529411764707,44.48523582392265,47.330300142063024,47.66730769384317,0.0
room_acoustic_data_room_3507.mat,5.0,2.0941176470588236,44.48523582392265,47.330300142063024,47.66730769384317,0.0
room_acoustic_data_room_3508.mat,5.0,2.1058823529411765,44.48523582392265,47.330300142063024,47.66730769384317,0.0
room_acoustic_data_room_3509.mat,5.0,2.1176470588235294,44.48523582392265,47.330300142063024,47.66730769384317,0.0
room_acoustic_data_room_3510.mat,5.0,2.1294117647058823,44.48523582392265,47.330300142063024,47.66730769384317,0.0
room_acoustic_data_room_3511.mat,5.0,2.1411764705882352,44.48523582392265,47.330300142063024,47.66730769384317,0.0
room_acoustic_data_room_3512.mat,5.0,2.152941176470588,44.48523582392265,47.330300142063024,47.66730769384317,0.0
room_acoustic_data_room_3513.mat,5.0,2.164705882352941,44.48523582392265,47.330300142063024,47.66730769384317,0.0
room_acoustic_data_room_3514.mat,5.0,2.176470588235294,44.48523582392265,47.330300142063024,47.66730769384317,0.0
room_acoustic_data_room_3515.mat,5.0,2.1882352941176473,44.48523582392265,47.330300142063024,47.66730769384317,0.0
room_acoustic_data_room_3516.mat,5.0,2.2,44.48523582392265,47.330300142063024,47.66730769384317,0.0
room_acoustic_data_room_3517.mat,5.0,2.211764705882353,44.48523582392265,47.330300142063024,47.66730769384317,0.0
room_acoustic_data_room_3518.mat,5.0,2.223529411764706,44.48523582392265,47.330300142063024,47.66730769384317,0.0
room_acoustic_data_room_3519.mat,5.0,2.235294117647059,44.48523582392265,47.330300142063024,47.66730769384317,0.0
room_acoustic_data_room_3520.mat,5.0,2.2470588235294118,44.48523582392265,47.330300142063024,47.66730769384317,0.0
room_acoustic_data_room_3521.mat,5.0,2.2588235294117647,44.48523582392265,47.330300142063024,47.66730769384317,0.0
room_acoustic_data_room_3522.mat,5.0,2.2705882352941176,44.48523582392265,47.330300142063024,47.66730769384317,0.0
room_acoustic_data_room_3523.mat,5.0,2.2823529411764705,44.48523582392265,47.330300142063024,47.66730769384317,0.0
room_acoustic_data_room_3524.mat,5.0,2.2941176470588234,44.48523582392265,47.330300142063024,47.66730769384317,0.0
room_acoustic_data_room_3525.mat,5.0,2.3058823529411763,44.48523582392265,47.330300142063024,47.66730769384317,0.0
room_acoustic_data_room_3526.mat,5.0,2.3176470588235296,44.48523582392265,47.330300142063024,47.66730769384317,0.0
room_acoustic_data_room_3527.mat,5.0,2.3294117647058825,44.48523582392265,47.330300142063024,47.66730769384317,0.0
room_acoustic_data_room_3528.mat,5.0,2.3411764705882354,44.48523582392265,47.330300142063024,47.66730769384317,0.0
room_acoustic_data_room_3529.mat,5.0,2.3529411764705883,44.48523582392265,47.330300142063024,47.66730769384317,0.0
room_acoustic_data_room_3530.mat,5.0,2.364705882352941,44.48523582392265,47.330300142063024,47.66730769384317,0.0
room_acoustic_data_room_3531.mat,5.0,2.376470588235294,44.48523582392265,47.330300142063024,47.66730769384317,0.0
room_acoustic_data_room_3532.mat,5.0,2.388235294117647,44.48523582392265,47.330300142063024,47.66730769384317,0.0
room_acoustic_data_room_3533.mat,5.0,2.4,44.48523582392265,47.330300142063024,47.66730769384317,0.0
room_acoustic_data_room_3534.mat,5.0,2.411764705882353,44.48523582392265,47.330300142063024,47.66730769384317,0.0
room_acoustic_data_room_3535.mat,5.0,2.4235294117647057,44.48523582392265,47.330300142063024,47.66730769384317,0.0
room_acoustic_data_room_3536.mat,5.0,2.4352941176470586,44.48523582392265,47.330300142063024,47.66730769384317,0.0
room_acoustic_data_room_3537.mat,5.0,2.447058823529412,44.48523582392265,47.330300142063024,47.66730769384317,0.0
room_acoustic_data_room_3538.mat,5.0,2.458823529411765,44.48523582392265,47.330300142063024,47.66730769384317,0.0
room_acoustic_data_room_3539.mat,5.0,2.4705882352941178,44.48523582392265,47.330300142063024,47.66730769384317,0.0
room_acoustic_data_room_3540.mat,5.0,2.4823529411764707,44.48523582392265,47.330300142063024,47.66730769384317,0.0
room_acoustic_data_room_3541.mat,5.0,2.4941176470588236,44.48523582392265,47.330300142063024,47.66730769384317,0.0
room_acoustic_data_room_3542.mat,5.0,2.5058823529411764,44.48523582392265,47.330300142063024,47.66730769384317,0.0
room_acoustic_data_room_3543.mat,5.0,2.5176470588235293,44.48523582392265,47.330300142063024,47.66730769384317,0.0
room_acoustic_data_room_3544.mat,5.0,2.5294117647058822,44.48523582392265,47.330300142063024,47.66730769384317,0.0
room_acoustic_data_room_3545.mat,5.0,2.541176470588235,44.48523582392265,47.330300142063024,47.66730769384317,0.0
room_acoustic_data_room_3546.mat,5.0,2.552941176470588,44.48523582392265,47.330300142063024,47.66730769384317,0.0
room_acoustic_data_room_3547.mat,5.0,2.5647058823529414,44.48523582392265,47.330300142063024,47.66730769384317,0.0
room_acoustic_data_room_3548.mat,5.0,2.5764705882352943,44.48523582392265,47.330300142063024,47.66730769384317,0.0
room_acoustic_data_room_3549.mat,5.0,2.588235294117647,44.48523582392265,47.330300142063024,47.66730769384317,0.0
room_acoustic_data_room_3550.mat,5.0,2.6,44.48523582392265,47.330300142063024,47.66730769384317,0.0
room_acoustic_data_room_3551.mat,5.0,2.611764705882353,44.48523582392265,47.330300142063024,47.66730769384317,0.0
room_acoustic_data_room_3552.mat,5.0,2.623529411764706,44.48523582392265,47.330300142063024,47.66730769384317,0.0
room_acoustic_data_room_3553.mat,5.0,2.635294117647059,44.48523582392265,47.330300142063024,47.66730769384317,0.0
room_acoustic_data_room_3554.mat,5.0,2.6470588235294117,44.48523582392265,47.330300142063024,47.66730769384317,0.0
room_acoustic_data_room_3555.mat,5.0,2.6588235294117646,44.48523582392265,47.330300142063024,47.66730769384317,0.0
room_acoustic_data_room_3556.mat,5.0,2.6705882352941175,44.48523582392265,47.330300142063024,47.66730769384317,0.0
room_acoustic_data_room_3557.mat,5.0,2.6823529411764704,44.48523582392265,47.330300142063024,47.66730769384317,0.0
room_acoustic_data_room_3558.mat,5.0,2.6941176470588237,44.48523582392265,47.330300142063024,47.66730769384317,0.0
room_acoustic_data_room_3559.mat,5.0,2.7058823529411766,44.48523582392265,47.330300142063024,47.66730769384317,0.0
room_acoustic_data_room_3560.mat,5.0,2.7176470588235295,44.48523582392265,47.330300142063024,47.66730769384317,0.0
room_acoustic_data_room_3561.mat,5.0,2.7294117647058824,44.48523582392265,47.330300142063024,47.66730769384317,0.0
room_acoustic_data_room_3562.mat,5.0,2.7411764705882353,44.48523582392265,47.330300142063024,47.66730769384317,0.0
room_acoustic_data_room_3563.mat,5.0,2.7529411764705882,44.48523582392265,47.330300142063024,47.66730769384317,0.0
room_acoustic_data_room_3564.mat,5.0,2.764705882352941,44.48523582392265,47.330300142063024,47.66730769384317,0.0
room_acoustic_data_room_3565.mat,5.0,2.776470588235294,44.48523582392265,47.330300142063024,47.66730769384317,0.0
room_acoustic_data_room_3566.mat,5.0,2.788235294117647,44.48523582392265,47.330300142063024,47.66730769384317,0.0
room_acoustic_data_room_3567.mat,5.0,2.8,44.48523582392265,47.330300142063024,47.66730769384317,0.0
room_acoustic_data_room_3568.mat,5.0,2.8117647058823527,44.48523582392265,47.330300142063024,47.66730769384317,0.0
room_acoustic_data_room_3569.mat,5.0,2.823529411764706,44.48523582392265,47.330300142063024,47.66730769384317,0.0
room_acoustic_data_room_3570.mat,5.0,2.835294117647059,44.48523582392265,47.330300142063024,47.66730769384317,0.0
room_acoustic_data_room_3571.mat,5.0,2.847058823529412,44.48523582392265,47.330300142063024,47.66730769384317,0.0
room_acoustic_data_room_3572.mat,5.0,2.8588235294117648,44.48523582392265,47.330300142063024,47.66730769384317,0.0
room_acoustic_data_room_3573.mat,5.0,2.8705882352941177,44.48523582392265,47.330300142063024,47.66730769384317,0.0
room_acoustic_data_room_3574.mat,5.0,2.8823529411764706,44.48523582392265,47.330300142063024,47.66730769384317,0.0
room_acoustic_data_room_3575.mat,5.0,2.8941176470588235,44.48523582392265,47.330300142063024,47.66730769384317,0.0
room_acoustic_data_room_3576.mat,5.0,2.9058823529411764,44.48523582392265,47.330300142063024,47.66730769384317,0.0
room_acoustic_data_room_3577.mat,5.0,2.9176470588235293,44.48523582392265,47.330300142063024,47.66730769384317,0.0
room_acoustic_data_room_3578.mat,5.0,2.929411764705882,44.48523582392265,47.330300142063024,47.66730769384317,0.0
room_acoustic_data_room_3579.mat,5.0,2.9411764705882355,44.48523582392265,47.330300142063024,47.66730769384317,0.0
room_acoustic_data_room_3580.mat,5.0,2.9529411764705884,44.48523582392265,47.330300142063024,47.66730769384317,0.0
room_acoustic_data_room_3581.mat,5.0,2.9647058823529413,44.48523582392265,47.330300142063024,47.66730769384317,0.0
room_acoustic_data_room_3582.mat,5.0,2.976470588235294,44.48523582392265,47.330300142063024,47.66730769384317,0.0
room_acoustic_data_room_3583.mat,5.0,2.988235294117647,44.48523582392265,47.330300142063024,47.66730769384317,0.0
room_acoustic_data_room_3584.mat,5.0,3.0,44.48523582392265,47.330300142063024,47.66730769384317,0.0
room_acoustic_data_room_3585.mat,0.0,-2.0,44.48523582392265,47.330300142063024,47.66730769384317,0.0
room_acoustic_data_room_3586.mat,0.011764705882352941,-2.0,44.48523582392265,47.330300142063024,47.66730769384317,0.0
room_acoustic_data_room_3587.mat,0.023529411764705882,-2.0,44.48523582392265,47.330300142063024,47.66730769384317,0.0
room_acoustic_data_room_3588.mat,0.03529411764705882,-2.0,44.48523582392265,47.330300142063024,47.66730769384317,0.0
room_acoustic_data_room_3589.mat,0.047058823529411764,-2.0,44.48523582392265,47.330300142063024,47.66730769384317,0.0
room_acoustic_data_room_3590.mat,0.058823529411764705,-2.0,44.48523582392265,47.330300142063024,47.66730769384317,0.0
room_acoustic_data_room_3591.mat,0.07058823529411765,-2.0,44.48523582392265,47.330300142063024,47.66730769384317,0.0
room_acoustic_data_room_3592.mat,0.08235294117647059,-2.0,44.48523582392265,47.330300142063024,47.66730769384317,0.0
room_acoustic_data_room_3593.mat,0.09411764705882353,-2.0,44.48523582392265,47.330300142063024,47.66730769384317,0.0
room_acoustic_data_room_3594.mat,0.10588235294117647,-2.0,44.48523582392265,47.330300142063024,47.66730769384317,0.0
room_acoustic_data_room_3595.mat,0.11764705882352941,-2.0,44.48523582392265,47.330300142063024,47.66730769384317,0.0
room_acoustic_data_room_3596.mat,0.12941176470588237,-2.0,44.48523582392265,47.330300142063024,47.66730769384317,0.0
room_acoustic_data_room_3597.mat,0.1411764705882353,-2.0,44.48523582392265,47.330300142063024,47.66730769384317,0.0
room_acoustic_data_room_3598.mat,0.15294117647058825,-2.0,44.48523582392265,47.330300142063024,47.66730769384317,0.0
room_acoustic_data_room_3599.mat,0.16470588235294117,-2.0,44.48523582392265,47.330300142063024,47.66730769384317,0.0
room_acoustic_data_room_3600.mat,0.17647058823529413,-2.0,44.48523582392265,47.330300142063024,47.66730769384317,0.0
room_acoustic_data_room_3601.mat,0.18823529411764706,-2.0,44.48523582392265,47.330300142063024,47.66730769384317,0.0
room_acoustic_data_room_3602.mat,0.2,-2.0,44.48523582392265,47.330300142063024,47.66730769384317,0.0
room_acoustic_data_room_3603.mat,0.21176470588235294,-2.0,44.48523582392265,47.330300142063024,47.66730769384317,0.0
room_acoustic_data_room_3604.mat,0.2235294117647059,-2.0,44.48523582392265,47.330300142063024,47.66730769384317,0.0
room_acoustic_data_room_3605.mat,0.23529411764705882,-2.0,44.48523582392265,47.330300142063024,47.66730769384317,0.0
room_acoustic_data_room_3606.mat,0.24705882352941178,-2.0,44.48523582392265,47.330300142063024,47.66730769384317,0.0
room_acoustic_data_room_3607.mat,0.25882352941176473,-2.0,44.48523582392265,47.330300142063024,47.66730769384317,0.0
room_acoustic_data_room_3608.mat,0.27058823529411763,-2.0,44.48523582392265,47.330300142063024,47.66730769384317,0.0
room_acoustic_data_room_3609.mat,0.2823529411764706,-2.0,44.48523582392265,47.330300142063024,47.66730769384317,0.0
room_acoustic_data_room_3610.mat,0.29411764705882354,-2.0,44.48523582392265,47.330300142063024,47.66730769384317,0.0
room_acoustic_data_room_3611.mat,0.3058823529411765,-2.0,44.48523582392265,47.330300142063024,47.66730769384317,0.0
room_acoustic_data_room_3612.mat,0.3176470588235294,-2.0,44.48523582392265,47.330300142063024,47.66730769384317,0.0
room_acoustic_data_room_3613.mat,0.32941176470588235,-2.0,44.48523582392265,47.330300142063024,47.66730769384317,0.0
room_acoustic_data_room_3614.mat,0.3411764705882353,-2.0,44.48523582392265,47.330300142063024,47.66730769384317,0.0
room_acoustic_data_room_3615.mat,0.35294117647058826,-2.0,44.48523582392265,47.330300142063024,47.66730769384317,0.0
room_acoustic_data_room_3616.mat,0.36470588235294116,-2.0,44.48523582392265,47.330300142063024,47.66730769384317,0.0
room_acoustic_data_room_3617.mat,0.3764705882352941,-2.0,44.48523582392265,47.330300142063024,47.66730769384317,0.0
room_acoustic_data_room_3618.mat,0.38823529411764707,-2.0,44.48523582392265,47.330300142063024,47.66730769384317,0.0
room_acoustic_data_room_3619.mat,0.4,-2.0,44.48523582392265,47.330300142063024,47.66730769384317,0.0
room_acoustic_data_room_3620.mat,0.4117647058823529,-2.0,44.48523582392265,47.330300142063024,47.66730769384317,0.0
room_acoustic_data_room_3621.mat,0.4235294117647059,-2.0,44.48523582392265,47.330300142063024,47.66730769384317,0.0
room_acoustic_data_room_3622.mat,0.43529411764705883,-2.0,44.48523582392265,47.330300142063024,47.66730769384317,0.0
room_acoustic_data_room_3623.mat,0.4470588235294118,-2.0,44.48523582392265,47.330300142063024,47.66730769384317,0.0
room_acoustic_data_room_3624.mat,0.4588235294117647,-2.0,44.48523582392265,47.330300142063024,47.66730769384317,0.0
room_acoustic_data_room_3625.mat,0.47058823529411764,-2.0,44.48523582392265,47.330300142063024,47.66730769384317,0.0
room_acoustic_data_room_3626.mat,0.4823529411764706,-2.0,44.48523582392265,47.330300142063024,47.66730769384317,0.0
room_acoustic_data_room_3627.mat,0.49411764705882355,-2.0,44.48523582392265,47.330300142063024,47.66730769384317,0.0
room_acoustic_data_room_3628.mat,0.5058823529411764,-2.0,44.48523582392265,47.330300142063024,47.66730769384317,0.0
room_acoustic_data_room_3629.mat,0.5176470588235295,-2.0,44.48523582392265,47.330300142063024,47.66730769384317,0.0
room_acoustic_data_room_3630.mat,0.5294117647058824,-2.0,44.48523582392265,47.330300142063024,47.66730769384317,0.0
room_acoustic_data_room_3631.mat,0.5411764705882353,-2.0,44.48523582392265,47.330300142063024,47.66730769384317,0.0
room_acoustic_data_room_3632.mat,0.5529411764705883,-2.0,44.48523582392265,47.330300142063024,47.66730769384317,0.0
room_acoustic_data_room_3633.mat,0.5647058823529412,-2.0,44.48523582392265,47.330300142063024,47.66730769384317,0.0
room_acoustic_data_room_3634.mat,0.5764705882352941,-2.0,44.48523582392265,47.330300142063024,47.66730769384317,0.0
room_acoustic_data_room_3635.mat,0.5882352941176471,-2.0,44.48523582392265,47.330300142063024,47.66730769384317,0.0
room_acoustic_data_room_3636.mat,0.6,-2.0,44.48523582392265,47.330300142063024,47.66730769384317,0.0
room_acoustic_data_room_3637.mat,0.611764705882353,-2.0,44.48523582392265,47.330300142063024,47.66730769384317,0.0
room_acoustic_data_room_3638.mat,0.6235294117647059,-2.0,44.48523582392265,47.330300142063024,47.66730769384317,0.0
room_acoustic_data_room_3639.mat,0.6352941176470588,-2.0,44.48523582392265,47.330300142063024,47.66730769384317,0.0
room_acoustic_data_room_3640.mat,0.6470588235294118,-2.0,44.48523582392265,47.330300142063024,47.66730769384317,0.0
room_acoustic_data_room_3641.mat,0.6588235294117647,-2.0,44.48523582392265,47.330300142063024,47.66730769384317,0.0
room_acoustic_data_room_3642.mat,0.6705882352941176,-2.0,44.48523582392265,47.330300142063024,47.66730769384317,0.0
room_acoustic_data_room_3643.mat,0.6823529411764706,-2.0,44.48523582392265,47.330300142063024,47.66730769384317,0.0
room_acoustic_data_room_3644.mat,0.6941176470588235,-2.0,44.48523582392265,47.330300142063024,47.66730769384317,0.0
room_acoustic_data_room_3645.mat,0.7058823529411765,-2.0,44.48523582392265,47.330300142063024,47.66730769384317,0.0
room_acoustic_data_room_3646.mat,0.7176470588235294,-2.0,44.48523582392265,47.330300142063024,47.66730769384317,0.0
room_acoustic_data_room_3647.mat,0.7294117647058823,-2.0,44.48523582392265,47.330300142063024,47.66730769384317,0.0
room_acoustic_data_room_3648.mat,0.7411764705882353,-2.0,44.48523582392265,47.330300142063024,47.66730769384317,0.0
room_acoustic_data_room_3649.mat,0.7529411764705882,-2.0,44.48523582392265,47.330300142063024,47.66730769384317,0.0
room_acoustic_data_room_3650.mat,0.7647058823529411,-2.0,44.48523582392265,47.330300142063024,47.66730769384317,0.0
room_acoustic_data_room_3651.mat,0.7764705882352941,-2.0,44.48523582392265,47.330300142063024,47.66730769384317,0.0
room_acoustic_data_room_3652.mat,0.788235294117647,-2.0,44.48523582392265,47.330300142063024,47.66730769384317,0.0
room_acoustic_data_room_3653.mat,0.8,-2.0,44.48523582392265,47.330300142063024,47.66730769384317,0.0
room_acoustic_data_room_3654.mat,0.8117647058823529,-2.0,44.48523582392265,47.330300142063024,47.66730769384317,0.0
room_acoustic_data_room_3655.mat,0.8235294117647058,-2.0,44.48523582392265,47.330300142063024,47.66730769384317,0.0
room_acoustic_data_room_3656.mat,0.8352941176470589,-2.0,44.48523582392265,47.330300142063024,47.66730769384317,0.0
room_acoustic_data_room_3657.mat,0.8470588235294118,-2.0,44.48523582392265,47.330300142063024,47.66730769384317,0.0
room_acoustic_data_room_3658.mat,0.8588235294117647,-2.0,44.48523582392265,47.330300142063024,47.66730769384317,0.0
room_acoustic_data_room_3659.mat,0.8705882352941177,-2.0,44.48523582392265,47.330300142063024,47.66730769384317,0.0
room_acoustic_data_room_3660.mat,0.8823529411764706,-2.0,44.48523582392265,47.330300142063024,47.66730769384317,0.0
room_acoustic_data_room_3661.mat,0.8941176470588236,-2.0,44.48523582392265,47.330300142063024,47.66730769384317,0.0
room_acoustic_data_room_3662.mat,0.9058823529411765,-2.0,44.48523582392265,47.330300142063024,47.66730769384317,0.0
room_acoustic_data_room_3663.mat,0.9176470588235294,-2.0,44.48523582392265,47.330300142063024,47.66730769384317,0.0
room_acoustic_data_room_3664.mat,0.9294117647058824,-2.0,44.48523582392265,47.330300142063024,47.66730769384317,0.0
room_acoustic_data_room_3665.mat,0.9411764705882353,-2.0,44.48523582392265,47.330300142063024,47.66730769384317,0.0
room_acoustic_data_room_3666.mat,0.9529411764705882,-2.0,44.48523582392265,47.330300142063024,47.66730769384317,0.0
room_acoustic_data_room_3667.mat,0.9647058823529412,-2.0,44.48523582392265,47.330300142063024,47.66730769384317,0.0
room_acoustic_data_room_3668.mat,0.9764705882352941,-2.0,44.48523582392265,47.330300142063024,47.66730769384317,0.0
room_acoustic_data_room_3669.mat,0.9882352941176471,-2.0,44.48523582392265,47.330300142063024,47.66730769384317,0.0
room_acoustic_data_room_3670.mat,1.0,-2.0,44.48523582392265,47.330300142063024,47.66730769384317,0.0
room_acoustic_data_room_3671.mat,1.011764705882353,-2.0,44.48523582392265,47.330300142063024,47.66730769384317,0.0
room_acoustic_data_room_3672.mat,1.0235294117647058,-2.0,44.48523582392265,47.330300142063024,47.66730769384317,0.0
room_acoustic_data_room_3673.mat,1.035294117647059,-2.0,44.48523582392265,47.330300142063024,47.66730769384317,0.0
room_acoustic_data_room_3674.mat,1.0470588235294118,-2.0,44.48523582392265,47.330300142063024,47.66730769384317,0.0
room_acoustic_data_room_3675.mat,1.0588235294117647,-2.0,44.48523582392265,47.330300142063024,47.66730769384317,0.0
room_acoustic_data_room_3676.mat,1.0705882352941176,-2.0,44.48523582392265,47.330300142063024,47.66730769384317,0.0
room_acoustic_data_room_3677.mat,1.0823529411764705,-2.0,44.48523582392265,47.330300142063024,47.66730769384317,0.0
room_acoustic_data_room_3678.mat,1.0941176470588236,-2.0,44.48523582392265,47.330300142063024,47.66730769384317,0.0
room_acoustic_data_room_3679.mat,1.1058823529411765,-2.0,44.48523582392265,47.330300142063024,47.66730769384317,0.0
room_acoustic_data_room_3680.mat,1.1176470588235294,-2.0,44.48523582392265,47.330300142063024,47.66730769384317,0.0
room_acoustic_data_room_3681.mat,1.1294117647058823,-2.0,44.48523582392265,47.330300142063024,47.66730769384317,0.0
room_acoustic_data_room_3682.mat,1.1411764705882352,-2.0,44.48523582392265,47.330300142063024,47.66730769384317,0.0
room_acoustic_data_room_3683.mat,1.1529411764705881,-2.0,44.48523582392265,47.330300142063024,47.66730769384317,0.0
room_acoustic_data_room_3684.mat,1.1647058823529413,-2.0,44.48523582392265,47.330300142063024,47.66730769384317,0.0
room_acoustic_data_room_3685.mat,1.1764705882352942,-2.0,44.48523582392265,47.330300142063024,47.66730769384317,0.0
room_acoustic_data_room_3686.mat,1.188235294117647,-2.0,44.48523582392265,47.330300142063024,47.66730769384317,0.0
room_acoustic_data_room_3687.mat,1.2,-2.0,44.48523582392265,47.330300142063024,47.66730769384317,0.0
room_acoustic_data_room_3688.mat,1.2117647058823529,-2.0,44.48523582392265,47.330300142063024,47.66730769384317,0.0
room_acoustic_data_room_3689.mat,1.223529411764706,-2.0,44.48523582392265,47.330300142063024,47.66730769384317,0.0
room_acoustic_data_room_3690.mat,1.2352941176470589,-2.0,44.48523582392265,47.330300142063024,47.66730769384317,0.0
room_acoustic_data_room_3691.mat,1.2470588235294118,-2.0,44.48523582392265,47.330300142063024,47.66730769384317,0.0
room_acoustic_data_room_3692.mat,1.2588235294117647,-2.0,44.48523582392265,47.330300142063024,47.66730769384317,0.0
room_acoustic_data_room_3693.mat,1.2705882352941176,-2.0,44.48523582392265,47.330300142063024,47.66730769384317,0.0
room_acoustic_data_room_3694.mat,1.2823529411764707,-2.0,44.48523582392265,47.330300142063024,47.66730769384317,0.0
room_acoustic_data_room_3695.mat,1.2941176470588236,-2.0,44.48523582392265,47.330300142063024,47.66730769384317,0.0
room_acoustic_data_room_3696.mat,1.3058823529411765,-2.0,44.48523582392265,47.330300142063024,47.66730769384317,0.0
room_acoustic_data_room_3697.mat,1.3176470588235294,-2.0,44.48523582392265,47.330300142063024,47.66730769384317,0.0
room_acoustic_data_room_3698.mat,1.3294117647058823,-2.0,44.48523582392265,47.330300142063024,47.66730769384317,0.0
room_acoustic_data_room_3699.mat,1.3411764705882352,-2.0,44.48523582392265,47.330300142063024,47.66730769384317,0.0
room_acoustic_data_room_3700.mat,1.3529411764705883,-2.0,44.48523582392265,47.330300142063024,47.66730769384317,0.0
room_acoustic_data_room_3701.mat,1.3647058823529412,-2.0,44.48523582392265,47.330300142063024,47.66730769384317,0.0
room_acoustic_data_room_3702.mat,1.3764705882352941,-2.0,44.48523582392265,47.330300142063024,47.66730769384317,0.0
room_acoustic_data_room_3703.mat,1.388235294117647,-2.0,44.48523582392265,47.330300142063024,47.66730769384317,0.0
room_acoustic_data_room_3704.mat,1.4,-2.0,44.48523582392265,47.330300142063024,47.66730769384317,0.0
room_acoustic_data_room_3705.mat,1.411764705882353,-2.0,44.48523582392265,47.330300142063024,47.66730769384317,0.0
room_acoustic_data_room_3706.mat,1.423529411764706,-2.0,44.48523582392265,47.330300142063024,47.66730769384317,0.0
room_acoustic_data_room_3707.mat,1.4352941176470588,-2.0,44.48523582392265,47.330300142063024,47.66730769384317,0.0
room_acoustic_data_room_3708.mat,1.4470588235294117,-2.0,44.48523582392265,47.330300142063024,47.66730769384317,0.0
room_acoustic_data_room_3709.mat,1.4588235294117646,-2.0,44.48523582392265,47.330300142063024,47.66730769384317,0.0
room_acoustic_data_room_3710.mat,1.4705882352941178,-2.0,44.48523582392265,47.330300142063024,47.66730769384317,0.0
room_acoustic_data_room_3711.mat,1.4823529411764707,-2.0,44.48523582392265,47.330300142063024,47.66730769384317,0.0
room_acoustic_data_room_3712.mat,1.4941176470588236,-2.0,44.48523582392265,47.330300142063024,47.66730769384317,0.0
room_acoustic_data_room_3713.mat,1.5058823529411764,-2.0,44.48523582392265,47.330300142063024,47.66730769384317,0.0
room_acoustic_data_room_3714.mat,1.5176470588235293,-2.0,44.48523582392265,47.330300142063024,47.66730769384317,0.0
room_acoustic_data_room_3715.mat,1.5294117647058822,-2.0,44.48523582392265,47.330300142063024,47.66730769384317,0.0
room_acoustic_data_room_3716.mat,1.5411764705882354,-2.0,44.48523582392265,47.330300142063024,47.66730769384317,0.0
room_acoustic_data_room_3717.mat,1.5529411764705883,-2.0,44.48523582392265,47.330300142063024,47.66730769384317,0.0
room_acoustic_data_room_3718.mat,1.5647058823529412,-2.0,44.48523582392265,47.330300142063024,47.66730769384317,0.0
room_acoustic_data_room_3719.mat,1.576470588235294,-2.0,44.48523582392265,47.330300142063024,47.66730769384317,0.0
room_acoustic_data_room_3720.mat,1.588235294117647,-2.0,44.48523582392265,47.330300142063024,47.66730769384317,0.0
room_acoustic_data_room_3721.mat,1.6,-2.0,44.48523582392265,47.330300142063024,47.66730769384317,0.0
room_acoustic_data_room_3722.mat,1.611764705882353,-2.0,44.48523582392265,47.330300142063024,47.66730769384317,0.0
room_acoustic_data_room_3723.mat,1.6235294117647059,-2.0,44.48523582392265,47.330300142063024,47.66730769384317,0.0
room_acoustic_data_room_3724.mat,1.6352941176470588,-2.0,44.48523582392265,47.330300142063024,47.66730769384317,0.0
room_acoustic_data_room_3725.mat,1.6470588235294117,-2.0,44.48523582392265,47.330300142063024,47.66730769384317,0.0
room_acoustic_data_room_3726.mat,1.6588235294117648,-2.0,44.48523582392265,47.330300142063024,47.66730769384317,0.0
room_acoustic_data_room_3727.mat,1.6705882352941177,-2.0,44.48523582392265,47.330300142063024,47.66730769384317,0.0
room_acoustic_data_room_3728.mat,1.6823529411764706,-2.0,44.48523582392265,47.330300142063024,47.66730769384317,0.0
room_acoustic_data_room_3729.mat,1.6941176470588235,-2.0,44.48523582392265,47.330300142063024,47.66730769384317,0.0
room_acoustic_data_room_3730.mat,1.7058823529411764,-2.0,44.48523582392265,47.330300142063024,47.66730769384317,0.0
room_acoustic_data_room_3731.mat,1.7176470588235293,-2.0,44.48523582392265,47.330300142063024,47.66730769384317,0.0
room_acoustic_data_room_3732.mat,1.7294117647058824,-2.0,44.48523582392265,47.330300142063024,47.66730769384317,0.0
room_acoustic_data_room_3733.mat,1.7411764705882353,-2.0,44.48523582392265,47.330300142063024,47.66730769384317,0.0
room_acoustic_data_room_3734.mat,1.7529411764705882,-2.0,44.48523582392265,47.330300142063024,47.66730769384317,0.0
room_acoustic_data_room_3735.mat,1.7647058823529411,-2.0,44.48523582392265,47.330300142063024,47.66730769384317,0.0
room_acoustic_data_room_3736.mat,1.776470588235294,-2.0,44.48523582392265,47.330300142063024,47.66730769384317,0.0
room_acoustic_data_room_3737.mat,1.7882352941176471,-2.0,44.48523582392265,47.330300142063024,47.66730769384317,0.0
room_acoustic_data_room_3738.mat,1.8,-2.0,44.48523582392265,47.330300142063024,47.66730769384317,0.0
room_acoustic_data_room_3739.mat,1.811764705882353,-2.0,44.48523582392265,47.330300142063024,47.66730769384317,0.0
room_acoustic_data_room_3740.mat,1.8235294117647058,-2.0,44.48523582392265,47.330300142063024,47.66730769384317,0.0
room_acoustic_data_room_3741.mat,1.8352941176470587,-2.0,44.48523582392265,47.330300142063024,47.66730769384317,0.0
room_acoustic_data_room_3742.mat,1.8470588235294119,-2.0,44.48523582392265,47.330300142063024,47.66730769384317,0.0
room_acoustic_data_room_3743.mat,1.8588235294117648,-2.0,44.48523582392265,47.330300142063024,47.66730769384317,0.0
room_acoustic_data_room_3744.mat,1.8705882352941177,-2.0,44.48523582392265,47.330300142063024,47.66730769384317,0.0
room_acoustic_data_room_3745.mat,1.8823529411764706,-2.0,44.48523582392265,47.330300142063024,47.66730769384317,0.0
room_acoustic_data_room_3746.mat,1.8941176470588235,-2.0,44.48523582392265,47.330300142063024,47.66730769384317,0.0
room_acoustic_data_room_3747.mat,1.9058823529411764,-2.0,44.48523582392265,47.330300142063024,47.66730769384317,0.0
room_acoustic_data_room_3748.mat,1.9176470588235295,-2.0,44.48523582392265,47.330300142063024,47.66730769384317,0.0
room_acoustic_data_room_3749.mat,1.9294117647058824,-2.0,44.48523582392265,47.330300142063024,47.66730769384317,0.0
room_acoustic_data_room_3750.mat,1.9411764705882353,-2.0,44.48523582392265,47.330300142063024,47.66730769384317,0.0
room_acoustic_data_room_3751.mat,1.9529411764705882,-2.0,44.48523582392265,47.330300142063024,47.66730769384317,0.0
room_acoustic_data_room_3752.mat,1.964705882352941,-2.0,44.48523582392265,47.330300142063024,47.66730769384317,0.0
room_acoustic_data_room_3753.mat,1.9764705882352942,-2.0,44.48523582392265,47.330300142063024,47.66730769384317,0.0
room_acoustic_data_room_3754.mat,1.988235294117647,-2.0,44.48523582392265,47.330300142063024,47.66730769384317,0.0
room_acoustic_data_room_3755.mat,2.0,-2.0,44.48523582392265,47.330300142063024,47.66730769384317,0.0
room_acoustic_data_room_3756.mat,2.011764705882353,-2.0,44.48523582392265,47.330300142063024,47.66730769384317,0.0
room_acoustic_data_room_3757.mat,2.023529411764706,-2.0,44.48523582392265,47.330300142063024,47.66730769384317,0.0
room_acoustic_data_room_3758.mat,2.0352941176470587,-2.0,44.48523582392265,47.330300142063024,47.66730769384317,0.0
room_acoustic_data_room_3759.mat,2.0470588235294116,-2.0,44.48523582392265,47.330300142063024,47.66730769384317,0.0
room_acoustic_data_room_3760.mat,2.0588235294117645,-2.0,44.48523582392265,47.330300142063024,47.66730769384317,0.0
room_acoustic_data_room_3761.mat,2.070588235294118,-2.0,44.48523582392265,47.330300142063024,47.66730769384317,0.0
room_acoustic_data_room_3762.mat,2.0823529411764707,-2.0,44.48523582392265,47.330300142063024,47.66730769384317,0.0
room_acoustic_data_room_3763.mat,2.0941176470588236,-2.0,44.48523582392265,47.330300142063024,47.66730769384317,0.0
room_acoustic_data_room_3764.mat,2.1058823529411765,-2.0,44.48523582392265,47.330300142063024,47.66730769384317,0.0
room_acoustic_data_room_3765.mat,2.1176470588235294,-2.0,44.48523582392265,47.330300142063024,47.66730769384317,0.0
room_acoustic_data_room_3766.mat,2.1294117647058823,-2.0,44.48523582392265,47.330300142063024,47.66730769384317,0.0
room_acoustic_data_room_3767.mat,2.1411764705882352,-2.0,44.48523582392265,47.330300142063024,47.66730769384317,0.0
room_acoustic_data_room_3768.mat,2.152941176470588,-2.0,44.48523582392265,47.330300142063024,47.66730769384317,0.0
room_acoustic_data_room_3769.mat,2.164705882352941,-2.0,44.48523582392265,47.330300142063024,47.66730769384317,0.0
room_acoustic_data_room_3770.mat,2.176470588235294,-2.0,44.48523582392265,47.330300142063024,47.66730769384317,0.0
room_acoustic_data_room_3771.mat,2.1882352941176473,-2.0,44.48523582392265,47.330300142063024,47.66730769384317,0.0
room_acoustic_data_room_3772.mat,2.2,-2.0,44.48523582392265,47.330300142063024,47.66730769384317,0.0
room_acoustic_data_room_3773.mat,2.211764705882353,-2.0,44.48523582392265,47.330300142063024,47.66730769384317,0.0
room_acoustic_data_room_3774.mat,2.223529411764706,-2.0,44.48523582392265,47.330300142063024,47.66730769384317,0.0
room_acoustic_data_room_3775.mat,2.235294117647059,-2.0,44.48523582392265,47.330300142063024,47.66730769384317,0.0
room_acoustic_data_room_3776.mat,2.2470588235294118,-2.0,44.48523582392265,47.330300142063024,47.66730769384317,0.0
room_acoustic_data_room_3777.mat,2.2588235294117647,-2.0,44.48523582392265,47.330300142063024,47.66730769384317,0.0
room_acoustic_data_room_3778.mat,2.2705882352941176,-2.0,44.48523582392265,47.330300142063024,47.66730769384317,0.0
room_acoustic_data_room_3779.mat,2.2823529411764705,-2.0,44.48523582392265,47.330300142063024,47.66730769384317,0.0
room_acoustic_data_room_3780.mat,2.2941176470588234,-2.0,44.48523582392265,47.330300142063024,47.66730769384317,0.0
room_acoustic_data_room_3781.mat,2.3058823529411763,-2.0,44.48523582392265,47.330300142063024,47.66730769384317,0.0
room_acoustic_data_room_3782.mat,2.3176470588235296,-2.0,44.48523582392265,47.330300142063024,47.66730769384317,0.0
room_acoustic_data_room_3783.mat,2.3294117647058825,-2.0,44.48523582392265,47.330300142063024,47.66730769384317,0.0
room_acoustic_data_room_3784.mat,2.3411764705882354,-2.0,44.48523582392265,47.330300142063024,47.66730769384317,0.0
room_acoustic_data_room_3785.mat,2.3529411764705883,-2.0,44.48523582392265,47.330300142063024,47.66730769384317,0.0
room_acoustic_data_room_3786.mat,2.364705882352941,-2.0,44.48523582392265,47.330300142063024,47.66730769384317,0.0
room_acoustic_data_room_3787.mat,2.376470588235294,-2.0,44.48523582392265,47.330300142063024,47.66730769384317,0.0
room_acoustic_data_room_3788.mat,2.388235294117647,-2.0,44.48523582392265,47.330300142063024,47.66730769384317,0.0
room_acoustic_data_room_3789.mat,2.4,-2.0,44.48523582392265,47.330300142063024,47.66730769384317,0.0
room_acoustic_data_room_3790.mat,2.411764705882353,-2.0,44.48523582392265,47.330300142063024,47.66730769384317,0.0
room_acoustic_data_room_3791.mat,2.4235294117647057,-2.0,44.48523582392265,47.330300142063024,47.66730769384317,0.0
room_acoustic_data_room_3792.mat,2.4352941176470586,-2.0,44.48523582392265,47.330300142063024,47.66730769384317,0.0
room_acoustic_data_room_3793.mat,2.447058823529412,-2.0,44.48523582392265,47.330300142063024,47.66730769384317,0.0
room_acoustic_data_room_3794.mat,2.458823529411765,-2.0,44.48523582392265,47.330300142063024,47.66730769384317,0.0
room_acoustic_data_room_3795.mat,2.4705882352941178,-2.0,44.48523582392265,47.330300142063024,47.66730769384317,0.0
room_acoustic_data_room_3796.mat,2.4823529411764707,-2.0,44.48523582392265,47.330300142063024,47.66730769384317,0.0
room_acoustic_data_room_3797.mat,2.4941176470588236,-2.0,44.48523582392265,47.330300142063024,47.66730769384317,0.0
room_acoustic_data_room_3798.mat,2.5058823529411764,-2.0,44.48523582392265,47.330300142063024,47.66730769384317,0.0
room_acoustic_data_room_3799.mat,2.5176470588235293,-2.0,44.48523582392265,47.330300142063024,47.66730769384317,0.0
room_acoustic_data_room_3800.mat,2.5294117647058822,-2.0,44.48523582392265,47.330300142063024,47.66730769384317,0.0
room_acoustic_data_room_3801.mat,2.541176470588235,-2.0,44.48523582392265,47.330300142063024,47.66730769384317,0.0
room_acoustic_data_room_3802.mat,2.552941176470588,-2.0,44.48523582392265,47.330300142063024,47.66730769384317,0.0
room_acoustic_data_room_3803.mat,2.5647058823529414,-2.0,44.48523582392265,47.330300142063024,47.66730769384317,0.0
room_acoustic_data_room_3804.mat,2.5764705882352943,-2.0,44.48523582392265,47.330300142063024,47.66730769384317,0.0
room_acoustic_data_room_3805.mat,2.588235294117647,-2.0,44.48523582392265,47.330300142063024,47.66730769384317,0.0
room_acoustic_data_room_3806.mat,2.6,-2.0,44.48523582392265,47.330300142063024,47.66730769384317,0.0
room_acoustic_data_room_3807.mat,2.611764705882353,-2.0,44.48523582392265,47.330300142063024,47.66730769384317,0.0
room_acoustic_data_room_3808.mat,2.623529411764706,-2.0,44.48523582392265,47.330300142063024,47.66730769384317,0.0
room_acoustic_data_room_3809.mat,2.635294117647059,-2.0,44.48523582392265,47.330300142063024,47.66730769384317,0.0
room_acoustic_data_room_3810.mat,2.6470588235294117,-2.0,44.48523582392265,47.330300142063024,47.66730769384317,0.0
room_acoustic_data_room_3811.mat,2.6588235294117646,-2.0,44.48523582392265,47.330300142063024,47.66730769384317,0.0
room_acoustic_data_room_3812.mat,2.6705882352941175,-2.0,44.48523582392265,47.330300142063024,47.66730769384317,0.0
room_acoustic_data_room_3813.mat,2.6823529411764704,-2.0,44.48523582392265,47.330300142063024,47.66730769384317,0.0
room_acoustic_data_room_3814.mat,2.6941176470588237,-2.0,44.48523582392265,47.330300142063024,47.66730769384317,0.0
room_acoustic_data_room_3815.mat,2.7058823529411766,-2.0,44.48523582392265,47.330300142063024,47.66730769384317,0.0
room_acoustic_data_room_3816.mat,2.7176470588235295,-2.0,44.48523582392265,47.330300142063024,47.66730769384317,0.0
room_acoustic_data_room_3817.mat,2.7294117647058824,-2.0,44.48523582392265,47.330300142063024,47.66730769384317,0.0
room_acoustic_data_room_3818.mat,2.7411764705882353,-2.0,44.48523582392265,47.330300142063024,47.66730769384317,0.0
room_acoustic_data_room_3819.mat,2.7529411764705882,-2.0,44.48523582392265,47.330300142063024,47.66730769384317,0.0
room_acoustic_data_room_3820.mat,2.764705882352941,-2.0,44.48523582392265,47.330300142063024,47.66730769384317,0.0
room_acoustic_data_room_3821.mat,2.776470588235294,-2.0,44.48523582392265,47.330300142063024,47.66730769384317,0.0
room_acoustic_data_room_3822.mat,2.788235294117647,-2.0,44.48523582392265,47.330300142063024,47.66730769384317,0.0
room_acoustic_data_room_3823.mat,2.8,-2.0,44.48523582392265,47.330300142063024,47.66730769384317,0.0
room_acoustic_data_room_3824.mat,2.8117647058823527,-2.0,44.48523582392265,47.330300142063024,47.66730769384317,0.0
room_acoustic_data_room_3825.mat,2.823529411764706,-2.0,44.48523582392265,47.330300142063024,47.66730769384317,0.0
room_acoustic_data_room_3826.mat,2.835294117647059,-2.0,44.48523582392265,47.330300142063024,47.66730769384317,0.0
room_acoustic_data_room_3827.mat,2.847058823529412,-2.0,44.48523582392265,47.330300142063024,47.66730769384317,0.0
room_acoustic_data_room_3828.mat,2.8588235294117648,-2.0,44.48523582392265,47.330300142063024,47.66730769384317,0.0
room_acoustic_data_room_3829.mat,2.8705882352941177,-2.0,44.48523582392265,47.330300142063024,47.66730769384317,0.0
room_acoustic_data_room_3830.mat,2.8823529411764706,-2.0,44.48523582392265,47.330300142063024,47.66730769384317,0.0
room_acoustic_data_room_3831.mat,2.8941176470588235,-2.0,44.48523582392265,47.330300142063024,47.66730769384317,0.0
room_acoustic_data_room_3832.mat,2.9058823529411764,-2.0,44.48523582392265,47.330300142063024,47.66730769384317,0.0
room_acoustic_data_room_3833.mat,2.9176470588235293,-2.0,44.48523582392265,47.330300142063024,47.66730769384317,0.0
room_acoustic_data_room_3834.mat,2.929411764705882,-2.0,44.48523582392265,47.330300142063024,47.66730769384317,0.0
room_acoustic_data_room_3835.mat,2.9411764705882355,-2.0,44.48523582392265,47.330300142063024,47.66730769384317,0.0
room_acoustic_data_room_3836.mat,2.9529411764705884,-2.0,44.48523582392265,47.330300142063024,47.66730769384317,0.0
room_acoustic_data_room_3837.mat,2.9647058823529413,-2.0,44.48523582392265,47.330300142063024,47.66730769384317,0.0
room_acoustic_data_room_3838.mat,2.976470588235294,-2.0,44.48523582392265,47.330300142063024,47.66730769384317,0.0
room_acoustic_data_room_3839.mat,2.988235294117647,-2.0,44.48523582392265,47.330300142063024,47.66730769384317,0.0
room_acoustic_data_room_3840.mat,3.0,-2.0,44.48523582392265,47.330300142063024,47.66730769384317,0.0
room_acoustic_data_room_3841.mat,0.0,5.0,44.48523582392265,47.330300142063024,47.66730769384317,0.0
room_acoustic_data_room_3842.mat,0.011764705882352941,5.0,44.48523582392265,47.330300142063024,47.66730769384317,0.0
room_acoustic_data_room_3843.mat,0.023529411764705882,5.0,44.48523582392265,47.330300142063024,47.66730769384317,0.0
room_acoustic_data_room_3844.mat,0.03529411764705882,5.0,44.48523582392265,47.330300142063024,47.66730769384317,0.0
room_acoustic_data_room_3845.mat,0.047058823529411764,5.0,44.48523582392265,47.330300142063024,47.66730769384317,0.0
room_acoustic_data_room_3846.mat,0.058823529411764705,5.0,44.48523582392265,47.330300142063024,47.66730769384317,0.0
room_acoustic_data_room_3847.mat,0.07058823529411765,5.0,44.48523582392265,47.330300142063024,47.66730769384317,0.0
room_acoustic_data_room_3848.mat,0.08235294117647059,5.0,44.48523582392265,47.330300142063024,47.66730769384317,0.0
room_acoustic_data_room_3849.mat,0.09411764705882353,5.0,44.48523582392265,47.330300142063024,47.66730769384317,0.0
room_acoustic_data_room_3850.mat,0.10588235294117647,5.0,44.48523582392265,47.330300142063024,47.66730769384317,0.0
room_acoustic_data_room_3851.mat,0.11764705882352941,5.0,44.48523582392265,47.330300142063024,47.66730769384317,0.0
room_acoustic_data_room_3852.mat,0.12941176470588237,5.0,44.48523582392265,47.330300142063024,47.66730769384317,0.0
room_acoustic_data_room_3853.mat,0.1411764705882353,5.0,44.48523582392265,47.330300142063024,47.66730769384317,0.0
room_acoustic_data_room_3854.mat,0.15294117647058825,5.0,44.48523582392265,47.330300142063024,47.66730769384317,0.0
room_acoustic_data_room_3855.mat,0.16470588235294117,5.0,44.48523582392265,47.330300142063024,47.66730769384317,0.0
room_acoustic_data_room_3856.mat,0.17647058823529413,5.0,44.48523582392265,47.330300142063024,47.66730769384317,0.0
room_acoustic_data_room_3857.mat,0.18823529411764706,5.0,44.48523582392265,47.330300142063024,47.66730769384317,0.0
room_acoustic_data_room_3858.mat,0.2,5.0,44.48523582392265,47.330300142063024,47.66730769384317,0.0
room_acoustic_data_room_3859.mat,0.21176470588235294,5.0,44.48523582392265,47.330300142063024,47.66730769384317,0.0
room_acoustic_data_room_3860.mat,0.2235294117647059,5.0,44.48523582392265,47.330300142063024,47.66730769384317,0.0
room_acoustic_data_room_3861.mat,0.23529411764705882,5.0,44.48523582392265,47.330300142063024,47.66730769384317,0.0
room_acoustic_data_room_3862.mat,0.24705882352941178,5.0,44.48523582392265,47.330300142063024,47.66730769384317,0.0
room_acoustic_data_room_3863.mat,0.25882352941176473,5.0,44.48523582392265,47.330300142063024,47.66730769384317,0.0
room_acoustic_data_room_3864.mat,0.27058823529411763,5.0,44.48523582392265,47.330300142063024,47.66730769384317,0.0
room_acoustic_data_room_3865.mat,0.2823529411764706,5.0,44.48523582392265,47.330300142063024,47.66730769384317,0.0
room_acoustic_data_room_3866.mat,0.29411764705882354,5.0,44.48523582392265,47.330300142063024,47.66730769384317,0.0
room_acoustic_data_room_3867.mat,0.3058823529411765,5.0,44.48523582392265,47.330300142063024,47.66730769384317,0.0
room_acoustic_data_room_3868.mat,0.3176470588235294,5.0,44.48523582392265,47.330300142063024,47.66730769384317,0.0
room_acoustic_data_room_3869.mat,0.32941176470588235,5.0,44.48523582392265,47.330300142063024,47.66730769384317,0.0
room_acoustic_data_room_3870.mat,0.3411764705882353,5.0,44.48523582392265,47.330300142063024,47.66730769384317,0.0
room_acoustic_data_room_3871.mat,0.35294117647058826,5.0,44.48523582392265,47.330300142063024,47.66730769384317,0.0
room_acoustic_data_room_3872.mat,0.36470588235294116,5.0,44.48523582392265,47.330300142063024,47.66730769384317,0.0
room_acoustic_data_room_3873.mat,0.3764705882352941,5.0,44.48523582392265,47.330300142063024,47.66730769384317,0.0
room_acoustic_data_room_3874.mat,0.38823529411764707,5.0,44.48523582392265,47.330300142063024,47.66730769384317,0.0
room_acoustic_data_room_3875.mat,0.4,5.0,44.48523582392265,47.330300142063024,47.66730769384317,0.0
room_acoustic_data_room_3876.mat,0.4117647058823529,5.0,44.48523582392265,47.330300142063024,47.66730769384317,0.0
room_acoustic_data_room_3877.mat,0.4235294117647059,5.0,44.48523582392265,47.330300142063024,47.66730769384317,0.0
room_acoustic_data_room_3878.mat,0.43529411764705883,5.0,44.48523582392265,47.330300142063024,47.66730769384317,0.0
room_acoustic_data_room_3879.mat,0.4470588235294118,5.0,44.48523582392265,47.330300142063024,47.66730769384317,0.0
room_acoustic_data_room_3880.mat,0.4588235294117647,5.0,44.48523582392265,47.330300142063024,47.66730769384317,0.0
room_acoustic_data_room_3881.mat,0.47058823529411764,5.0,44.48523582392265,47.330300142063024,47.66730769384317,0.0
room_acoustic_data_room_3882.mat,0.4823529411764706,5.0,44.48523582392265,47.330300142063024,47.66730769384317,0.0
room_acoustic_data_room_3883.mat,0.49411764705882355,5.0,44.48523582392265,47.330300142063024,47.66730769384317,0.0
room_acoustic_data_room_3884.mat,0.5058823529411764,5.0,44.48523582392265,47.330300142063024,47.66730769384317,0.0
room_acoustic_data_room_3885.mat,0.5176470588235295,5.0,44.48523582392265,47.330300142063024,47.66730769384317,0.0
room_acoustic_data_room_3886.mat,0.5294117647058824,5.0,44.48523582392265,47.330300142063024,47.66730769384317,0.0
room_acoustic_data_room_3887.mat,0.5411764705882353,5.0,44.48523582392265,47.330300142063024,47.66730769384317,0.0
room_acoustic_data_room_3888.mat,0.5529411764705883,5.0,44.48523582392265,47.330300142063024,47.66730769384317,0.0
room_acoustic_data_room_3889.mat,0.5647058823529412,5.0,44.48523582392265,47.330300142063024,47.66730769384317,0.0
room_acoustic_data_room_3890.mat,0.5764705882352941,5.0,44.48523582392265,47.330300142063024,47.66730769384317,0.0
room_acoustic_data_room_3891.mat,0.5882352941176471,5.0,44.48523582392265,47.330300142063024,47.66730769384317,0.0
room_acoustic_data_room_3892.mat,0.6,5.0,44.48523582392265,47.330300142063024,47.66730769384317,0.0
room_acoustic_data_room_3893.mat,0.611764705882353,5.0,44.48523582392265,47.330300142063024,47.66730769384317,0.0
room_acoustic_data_room_3894.mat,0.6235294117647059,5.0,44.48523582392265,47.330300142063024,47.66730769384317,0.0
room_acoustic_data_room_3895.mat,0.6352941176470588,5.0,44.48523582392265,47.330300142063024,47.66730769384317,0.0
room_acoustic_data_room_3896.mat,0.6470588235294118,5.0,44.48523582392265,47.330300142063024,47.66730769384317,0.0
room_acoustic_data_room_3897.mat,0.6588235294117647,5.0,44.48523582392265,47.330300142063024,47.66730769384317,0.0
room_acoustic_data_room_3898.mat,0.6705882352941176,5.0,44.48523582392265,47.330300142063024,47.66730769384317,0.0
room_acoustic_data_room_3899.mat,0.6823529411764706,5.0,44.48523582392265,47.330300142063024,47.66730769384317,0.0
room_acoustic_data_room_3900.mat,0.6941176470588235,5.0,44.48523582392265,47.330300142063024,47.66730769384317,0.0
room_acoustic_data_room_3901.mat,0.7058823529411765,5.0,44.48523582392265,47.330300142063024,47.66730769384317,0.0
room_acoustic_data_room_3902.mat,0.7176470588235294,5.0,44.48523582392265,47.330300142063024,47.66730769384317,0.0
room_acoustic_data_room_3903.mat,0.7294117647058823,5.0,44.48523582392265,47.330300142063024,47.66730769384317,0.0
room_acoustic_data_room_3904.mat,0.7411764705882353,5.0,44.48523582392265,47.330300142063024,47.66730769384317,0.0
room_acoustic_data_room_3905.mat,0.7529411764705882,5.0,44.48523582392265,47.330300142063024,47.66730769384317,0.0
room_acoustic_data_room_3906.mat,0.7647058823529411,5.0,44.48523582392265,47.330300142063024,47.66730769384317,0.0
room_acoustic_data_room_3907.mat,0.7764705882352941,5.0,44.48523582392265,47.330300142063024,47.66730769384317,0.0
room_acoustic_data_room_3908.mat,0.788235294117647,5.0,44.48523582392265,47.330300142063024,47.66730769384317,0.0
room_acoustic_data_room_3909.mat,0.8,5.0,44.48523582392265,47.330300142063024,47.66730769384317,0.0
room_acoustic_data_room_3910.mat,0.8117647058823529,5.0,44.48523582392265,47.330300142063024,47.66730769384317,0.0
room_acoustic_data_room_3911.mat,0.8235294117647058,5.0,44.48523582392265,47.330300142063024,47.66730769384317,0.0
room_acoustic_data_room_3912.mat,0.8352941176470589,5.0,44.48523582392265,47.330300142063024,47.66730769384317,0.0
room_acoustic_data_room_3913.mat,0.8470588235294118,5.0,44.48523582392265,47.330300142063024,47.66730769384317,0.0
room_acoustic_data_room_3914.mat,0.8588235294117647,5.0,44.48523582392265,47.330300142063024,47.66730769384317,0.0
room_acoustic_data_room_3915.mat,0.8705882352941177,5.0,44.48523582392265,47.330300142063024,47.66730769384317,0.0
room_acoustic_data_room_3916.mat,0.8823529411764706,5.0,44.48523582392265,47.330300142063024,47.66730769384317,0.0
room_acoustic_data_room_3917.mat,0.8941176470588236,5.0,44.48523582392265,47.330300142063024,47.66730769384317,0.0
room_acoustic_data_room_3918.mat,0.9058823529411765,5.0,44.48523582392265,47.330300142063024,47.66730769384317,0.0
room_acoustic_data_room_3919.mat,0.9176470588235294,5.0,44.48523582392265,47.330300142063024,47.66730769384317,0.0
room_acoustic_data_room_3920.mat,0.9294117647058824,5.0,44.48523582392265,47.330300142063024,47.66730769384317,0.0
room_acoustic_data_room_3921.mat,0.9411764705882353,5.0,44.48523582392265,47.330300142063024,47.66730769384317,0.0
room_acoustic_data_room_3922.mat,0.9529411764705882,5.0,44.48523582392265,47.330300142063024,47.66730769384317,0.0
room_acoustic_data_room_3923.mat,0.9647058823529412,5.0,44.48523582392265,47.330300142063024,47.66730769384317,0.0
room_acoustic_data_room_3924.mat,0.9764705882352941,5.0,44.48523582392265,47.330300142063024,47.66730769384317,0.0
room_acoustic_data_room_3925.mat,0.9882352941176471,5.0,44.48523582392265,47.330300142063024,47.66730769384317,0.0
room_acoustic_data_room_3926.mat,1.0,5.0,44.48523582392265,47.330300142063024,47.66730769384317,0.0
room_acoustic_data_room_3927.mat,1.011764705882353,5.0,44.48523582392265,47.330300142063024,47.66730769384317,0.0
room_acoustic_data_room_3928.mat,1.0235294117647058,5.0,44.48523582392265,47.330300142063024,47.66730769384317,0.0
room_acoustic_data_room_3929.mat,1.035294117647059,5.0,44.48523582392265,47.330300142063024,47.66730769384317,0.0
room_acoustic_data_room_3930.mat,1.0470588235294118,5.0,44.48523582392265,47.330300142063024,47.66730769384317,0.0
room_acoustic_data_room_3931.mat,1.0588235294117647,5.0,44.48523582392265,47.330300142063024,47.66730769384317,0.0
room_acoustic_data_room_3932.mat,1.0705882352941176,5.0,44.48523582392265,47.330300142063024,47.66730769384317,0.0
room_acoustic_data_room_3933.mat,1.0823529411764705,5.0,44.48523582392265,47.330300142063024,47.66730769384317,0.0
room_acoustic_data_room_3934.mat,1.0941176470588236,5.0,44.48523582392265,47.330300142063024,47.66730769384317,0.0
room_acoustic_data_room_3935.mat,1.1058823529411765,5.0,44.48523582392265,47.330300142063024,47.66730769384317,0.0
room_acoustic_data_room_3936.mat,1.1176470588235294,5.0,44.48523582392265,47.330300142063024,47.66730769384317,0.0
room_acoustic_data_room_3937.mat,1.1294117647058823,5.0,44.48523582392265,47.330300142063024,47.66730769384317,0.0
room_acoustic_data_room_3938.mat,1.1411764705882352,5.0,44.48523582392265,47.330300142063024,47.66730769384317,0.0
room_acoustic_data_room_3939.mat,1.1529411764705881,5.0,44.48523582392265,47.330300142063024,47.66730769384317,0.0
room_acoustic_data_room_3940.mat,1.1647058823529413,5.0,44.48523582392265,47.330300142063024,47.66730769384317,0.0
room_acoustic_data_room_3941.mat,1.1764705882352942,5.0,44.48523582392265,47.330300142063024,47.66730769384317,0.0
room_acoustic_data_room_3942.mat,1.188235294117647,5.0,44.48523582392265,47.330300142063024,47.66730769384317,0.0
room_acoustic_data_room_3943.mat,1.2,5.0,44.48523582392265,47.330300142063024,47.66730769384317,0.0
room_acoustic_data_room_3944.mat,1.2117647058823529,5.0,44.48523582392265,47.330300142063024,47.66730769384317,0.0
room_acoustic_data_room_3945.mat,1.223529411764706,5.0,44.48523582392265,47.330300142063024,47.66730769384317,0.0
room_acoustic_data_room_3946.mat,1.2352941176470589,5.0,44.48523582392265,47.330300142063024,47.66730769384317,0.0
room_acoustic_data_room_3947.mat,1.2470588235294118,5.0,44.48523582392265,47.330300142063024,47.66730769384317,0.0
room_acoustic_data_room_3948.mat,1.2588235294117647,5.0,44.48523582392265,47.330300142063024,47.66730769384317,0.0
room_acoustic_data_room_3949.mat,1.2705882352941176,5.0,44.48523582392265,47.330300142063024,47.66730769384317,0.0
room_acoustic_data_room_3950.mat,1.2823529411764707,5.0,44.48523582392265,47.330300142063024,47.66730769384317,0.0
room_acoustic_data_room_3951.mat,1.2941176470588236,5.0,44.48523582392265,47.330300142063024,47.66730769384317,0.0
room_acoustic_data_room_3952.mat,1.3058823529411765,5.0,44.48523582392265,47.330300142063024,47.66730769384317,0.0
room_acoustic_data_room_3953.mat,1.3176470588235294,5.0,44.48523582392265,47.330300142063024,47.66730769384317,0.0
room_acoustic_data_room_3954.mat,1.3294117647058823,5.0,44.48523582392265,47.330300142063024,47.66730769384317,0.0
room_acoustic_data_room_3955.mat,1.3411764705882352,5.0,44.48523582392265,47.330300142063024,47.66730769384317,0.0
room_acoustic_data_room_3956.mat,1.3529411764705883,5.0,44.48523582392265,47.330300142063024,47.66730769384317,0.0
room_acoustic_data_room_3957.mat,1.3647058823529412,5.0,44.48523582392265,47.330300142063024,47.66730769384317,0.0
room_acoustic_data_room_3958.mat,1.3764705882352941,5.0,44.48523582392265,47.330300142063024,47.66730769384317,0.0
room_acoustic_data_room_3959.mat,1.388235294117647,5.0,44.48523582392265,47.330300142063024,47.66730769384317,0.0
room_acoustic_data_room_3960.mat,1.4,5.0,44.48523582392265,47.330300142063024,47.66730769384317,0.0
room_acoustic_data_room_3961.mat,1.411764705882353,5.0,44.48523582392265,47.330300142063024,47.66730769384317,0.0
room_acoustic_data_room_3962.mat,1.423529411764706,5.0,44.48523582392265,47.330300142063024,47.66730769384317,0.0
room_acoustic_data_room_3963.mat,1.4352941176470588,5.0,44.48523582392265,47.330300142063024,47.66730769384317,0.0
room_acoustic_data_room_3964.mat,1.4470588235294117,5.0,44.48523582392265,47.330300142063024,47.66730769384317,0.0
room_acoustic_data_room_3965.mat,1.4588235294117646,5.0,44.48523582392265,47.330300142063024,47.66730769384317,0.0
room_acoustic_data_room_3966.mat,1.4705882352941178,5.0,44.48523582392265,47.330300142063024,47.66730769384317,0.0
room_acoustic_data_room_3967.mat,1.4823529411764707,5.0,44.48523582392265,47.330300142063024,47.66730769384317,0.0
room_acoustic_data_room_3968.mat,1.4941176470588236,5.0,44.48523582392265,47.330300142063024,47.66730769384317,0.0
room_acoustic_data_room_3969.mat,1.5058823529411764,5.0,44.48523582392265,47.330300142063024,47.66730769384317,0.0
room_acoustic_data_room_3970.mat,1.5176470588235293,5.0,44.48523582392265,47.330300142063024,47.66730769384317,0.0
room_acoustic_data_room_3971.mat,1.5294117647058822,5.0,44.48523582392265,47.330300142063024,47.66730769384317,0.0
room_acoustic_data_room_3972.mat,1.5411764705882354,5.0,44.48523582392265,47.330300142063024,47.66730769384317,0.0
room_acoustic_data_room_3973.mat,1.5529411764705883,5.0,44.48523582392265,47.330300142063024,47.66730769384317,0.0
room_acoustic_data_room_3974.mat,1.5647058823529412,5.0,44.48523582392265,47.330300142063024,47.66730769384317,0.0
room_acoustic_data_room_3975.mat,1.576470588235294,5.0,44.48523582392265,47.330300142063024,47.66730769384317,0.0
room_acoustic_data_room_3976.mat,1.588235294117647,5.0,44.48523582392265,47.330300142063024,47.66730769384317,0.0
room_acoustic_data_room_3977.mat,1.6,5.0,44.48523582392265,47.330300142063024,47.66730769384317,0.0
room_acoustic_data_room_3978.mat,1.611764705882353,5.0,44.48523582392265,47.330300142063024,47.66730769384317,0.0
room_acoustic_data_room_3979.mat,1.6235294117647059,5.0,44.48523582392265,47.330300142063024,47.66730769384317,0.0
room_acoustic_data_room_3980.mat,1.6352941176470588,5.0,44.48523582392265,47.330300142063024,47.66730769384317,0.0
room_acoustic_data_room_3981.mat,1.6470588235294117,5.0,44.48523582392265,47.330300142063024,47.66730769384317,0.0
room_acoustic_data_room_3982.mat,1.6588235294117648,5.0,44.48523582392265,47.330300142063024,47.66730769384317,0.0
room_acoustic_data_room_3983.mat,1.6705882352941177,5.0,44.48523582392265,47.330300142063024,47.66730769384317,0.0
room_acoustic_data_room_3984.mat,1.6823529411764706,5.0,44.48523582392265,47.330300142063024,47.66730769384317,0.0
room_acoustic_data_room_3985.mat,1.6941176470588235,5.0,44.48523582392265,47.330300142063024,47.66730769384317,0.0
room_acoustic_data_room_3986.mat,1.7058823529411764,5.0,44.48523582392265,47.330300142063024,47.66730769384317,0.0
room_acoustic_data_room_3987.mat,1.7176470588235293,5.0,44.48523582392265,47.330300142063024,47.66730769384317,0.0
room_acoustic_data_room_3988.mat,1.7294117647058824,5.0,44.48523582392265,47.330300142063024,47.66730769384317,0.0
room_acoustic_data_room_3989.mat,1.7411764705882353,5.0,44.48523582392265,47.330300142063024,47.66730769384317,0.0
room_acoustic_data_room_3990.mat,1.7529411764705882,5.0,44.48523582392265,47.330300142063024,47.66730769384317,0.0
room_acoustic_data_room_3991.mat,1.7647058823529411,5.0,44.48523582392265,47.330300142063024,47.66730769384317,0.0
room_acoustic_data_room_3992.mat,1.776470588235294,5.0,44.48523582392265,47.330300142063024,47.66730769384317,0.0
room_acoustic_data_room_3993.mat,1.7882352941176471,5.0,44.48523582392265,47.330300142063024,47.66730769384317,0.0
room_acoustic_data_room_3994.mat,1.8,5.0,44.48523582392265,47.330300142063024,47.66730769384317,0.0
room_acoustic_data_room_3995.mat,1.811764705882353,5.0,44.48523582392265,47.330300142063024,47.66730769384317,0.0
room_acoustic_data_room_3996.mat,1.8235294117647058,5.0,44.48523582392265,47.330300142063024,47.66730769384317,0.0
room_acoustic_data_room_3997.mat,1.8352941176470587,5.0,44.48523582392265,47.330300142063024,47.66730769384317,0.0
room_acoustic_data_room_3998.mat,1.8470588235294119,5.0,44.48523582392265,47.330300142063024,47.66730769384317,0.0
room_acoustic_data_room_3999.mat,1.8588235294117648,5.0,44.48523582392265,47.330300142063024,47.66730769384317,0.0
room_acoustic_data_room_4000.mat,1.8705882352941177,5.0,44.48523582392265,47.330300142063024,47.66730769384317,0.0
room_acoustic_data_room_4001.mat,1.8823529411764706,5.0,44.48523582392265,47.330300142063024,47.66730769384317,0.0
room_acoustic_data_room_4002.mat,1.8941176470588235,5.0,44.48523582392265,47.330300142063024,47.66730769384317,0.0
room_acoustic_data_room_4003.mat,1.9058823529411764,5.0,44.48523582392265,47.330300142063024,47.66730769384317,0.0
room_acoustic_data_room_4004.mat,1.9176470588235295,5.0,44.48523582392265,47.330300142063024,47.66730769384317,0.0
room_acoustic_data_room_4005.mat,1.9294117647058824,5.0,44.48523582392265,47.330300142063024,47.66730769384317,0.0
room_acoustic_data_room_4006.mat,1.9411764705882353,5.0,44.48523582392265,47.330300142063024,47.66730769384317,0.0
room_acoustic_data_room_4007.mat,1.9529411764705882,5.0,44.48523582392265,47.330300142063024,47.66730769384317,0.0
room_acoustic_data_room_4008.mat,1.964705882352941,5.0,44.48523582392265,47.330300142063024,47.66730769384317,0.0
room_acoustic_data_room_4009.mat,1.9764705882352942,5.0,44.48523582392265,47.330300142063024,47.66730769384317,0.0
room_acoustic_data_room_4010.mat,1.988235294117647,5.0,44.48523582392265,47.330300142063024,47.66730769384317,0.0
room_acoustic_data_room_4011.mat,2.0,5.0,44.48523582392265,47.330300142063024,47.66730769384317,0.0
room_acoustic_data_room_4012.mat,2.011764705882353,5.0,44.48523582392265,47.330300142063024,47.66730769384317,0.0
room_acoustic_data_room_4013.mat,2.023529411764706,5.0,44.48523582392265,47.330300142063024,47.66730769384317,0.0
room_acoustic_data_room_4014.mat,2.0352941176470587,5.0,44.48523582392265,47.330300142063024,47.66730769384317,0.0
room_acoustic_data_room_4015.mat,2.0470588235294116,5.0,44.48523582392265,47.330300142063024,47.66730769384317,0.0
room_acoustic_data_room_4016.mat,2.0588235294117645,5.0,44.48523582392265,47.330300142063024,47.66730769384317,0.0
room_acoustic_data_room_4017.mat,2.070588235294118,5.0,44.48523582392265,47.330300142063024,47.66730769384317,0.0
room_acoustic_data_room_4018.mat,2.0823529411764707,5.0,44.48523582392265,47.330300142063024,47.66730769384317,0.0
room_acoustic_data_room_4019.mat,2.0941176470588236,5.0,44.48523582392265,47.330300142063024,47.66730769384317,0.0
room_acoustic_data_room_4020.mat,2.1058823529411765,5.0,44.48523582392265,47.330300142063024,47.66730769384317,0.0
room_acoustic_data_room_4021.mat,2.1176470588235294,5.0,44.48523582392265,47.330300142063024,47.66730769384317,0.0
room_acoustic_data_room_4022.mat,2.1294117647058823,5.0,44.48523582392265,47.330300142063024,47.66730769384317,0.0
room_acoustic_data_room_4023.mat,2.1411764705882352,5.0,44.48523582392265,47.330300142063024,47.66730769384317,0.0
room_acoustic_data_room_4024.mat,2.152941176470588,5.0,44.48523582392265,47.330300142063024,47.66730769384317,0.0
room_acoustic_data_room_4025.mat,2.164705882352941,5.0,44.48523582392265,47.330300142063024,47.66730769384317,0.0
room_acoustic_data_room_4026.mat,2.176470588235294,5.0,44.48523582392265,47.330300142063024,47.66730769384317,0.0
room_acoustic_data_room_4027.mat,2.1882352941176473,5.0,44.48523582392265,47.330300142063024,47.66730769384317,0.0
room_acoustic_data_room_4028.mat,2.2,5.0,44.48523582392265,47.330300142063024,47.66730769384317,0.0
room_acoustic_data_room_4029.mat,2.211764705882353,5.0,44.48523582392265,47.330300142063024,47.66730769384317,0.0
room_acoustic_data_room_4030.mat,2.223529411764706,5.0,44.48523582392265,47.330300142063024,47.66730769384317,0.0
room_acoustic_data_room_4031.mat,2.235294117647059,5.0,44.48523582392265,47.330300142063024,47.66730769384317,0.0
room_acoustic_data_room_4032.mat,2.2470588235294118,5.0,44.48523582392265,47.330300142063024,47.66730769384317,0.0
room_acoustic_data_room_4033.mat,2.2588235294117647,5.0,44.48523582392265,47.330300142063024,47.66730769384317,0.0
room_acoustic_data_room_4034.mat,2.2705882352941176,5.0,44.48523582392265,47.330300142063024,47.66730769384317,0.0
room_acoustic_data_room_4035.mat,2.2823529411764705,5.0,44.48523582392265,47.330300142063024,47.66730769384317,0.0
room_acoustic_data_room_4036.mat,2.2941176470588234,5.0,44.48523582392265,47.330300142063024,47.66730769384317,0.0
room_acoustic_data_room_4037.mat,2.3058823529411763,5.0,44.48523582392265,47.330300142063024,47.66730769384317,0.0
room_acoustic_data_room_4038.mat,2.3176470588235296,5.0,44.48523582392265,47.330300142063024,47.66730769384317,0.0
room_acoustic_data_room_4039.mat,2.3294117647058825,5.0,44.48523582392265,47.330300142063024,47.66730769384317,0.0
room_acoustic_data_room_4040.mat,2.3411764705882354,5.0,44.48523582392265,47.330300142063024,47.66730769384317,0.0
room_acoustic_data_room_4041.mat,2.3529411764705883,5.0,44.48523582392265,47.330300142063024,47.66730769384317,0.0
room_acoustic_data_room_4042.mat,2.364705882352941,5.0,44.48523582392265,47.330300142063024,47.66730769384317,0.0
room_acoustic_data_room_4043.mat,2.376470588235294,5.0,44.48523582392265,47.330300142063024,47.66730769384317,0.0
room_acoustic_data_room_4044.mat,2.388235294117647,5.0,44.48523582392265,47.330300142063024,47.66730769384317,0.0
room_acoustic_data_room_4045.mat,2.4,5.0,44.48523582392265,47.330300142063024,47.66730769384317,0.0
room_acoustic_data_room_4046.mat,2.411764705882353,5.0,44.48523582392265,47.330300142063024,47.66730769384317,0.0
room_acoustic_data_room_4047.mat,2.4235294117647057,5.0,44.48523582392265,47.330300142063024,47.66730769384317,0.0
room_acoustic_data_room_4048.mat,2.4352941176470586,5.0,44.48523582392265,47.330300142063024,47.66730769384317,0.0
room_acoustic_data_room_4049.mat,2.447058823529412,5.0,44.48523582392265,47.330300142063024,47.66730769384317,0.0
room_acoustic_data_room_4050.mat,2.458823529411765,5.0,44.48523582392265,47.330300142063024,47.66730769384317,0.0
room_acoustic_data_room_4051.mat,2.4705882352941178,5.0,44.48523582392265,47.330300142063024,47.66730769384317,0.0
room_acoustic_data_room_4052.mat,2.4823529411764707,5.0,44.48523582392265,47.330300142063024,47.66730769384317,0.0
room_acoustic_data_room_4053.mat,2.4941176470588236,5.0,44.48523582392265,47.330300142063024,47.66730769384317,0.0
room_acoustic_data_room_4054.mat,2.5058823529411764,5.0,44.48523582392265,47.330300142063024,47.66730769384317,0.0
room_acoustic_data_room_4055.mat,2.5176470588235293,5.0,44.48523582392265,47.330300142063024,47.66730769384317,0.0
room_acoustic_data_room_4056.mat,2.5294117647058822,5.0,44.48523582392265,47.330300142063024,47.66730769384317,0.0
room_acoustic_data_room_4057.mat,2.541176470588235,5.0,44.48523582392265,47.330300142063024,47.66730769384317,0.0
room_acoustic_data_room_4058.mat,2.552941176470588,5.0,44.48523582392265,47.330300142063024,47.66730769384317,0.0
room_acoustic_data_room_4059.mat,2.5647058823529414,5.0,44.48523582392265,47.330300142063024,47.66730769384317,0.0
room_acoustic_data_room_4060.mat,2.5764705882352943,5.0,44.48523582392265,47.330300142063024,47.66730769384317,0.0
room_acoustic_data_room_4061.mat,2.588235294117647,5.0,44.48523582392265,47.330300142063024,47.66730769384317,0.0
room_acoustic_data_room_4062.mat,2.6,5.0,44.48523582392265,47.330300142063024,47.66730769384317,0.0
room_acoustic_data_room_4063.mat,2.611764705882353,5.0,44.48523582392265,47.330300142063024,47.66730769384317,0.0
room_acoustic_data_room_4064.mat,2.623529411764706,5.0,44.48523582392265,47.330300142063024,47.66730769384317,0.0
room_acoustic_data_room_4065.mat,2.635294117647059,5.0,44.48523582392265,47.330300142063024,47.66730769384317,0.0
room_acoustic_data_room_4066.mat,2.6470588235294117,5.0,44.48523582392265,47.330300142063024,47.66730769384317,0.0
room_acoustic_data_room_4067.mat,2.6588235294117646,5.0,44.48523582392265,47.330300142063024,47.66730769384317,0.0
room_acoustic_data_room_4068.mat,2.6705882352941175,5.0,44.48523582392265,47.330300142063024,47.66730769384317,0.0
room_acoustic_data_room_4069.mat,2.6823529411764704,5.0,44.48523582392265,47.330300142063024,47.66730769384317,0.0
room_acoustic_data_room_4070.mat,2.6941176470588237,5.0,44.48523582392265,47.330300142063024,47.66730769384317,0.0
room_acoustic_data_room_4071.mat,2.7058823529411766,5.0,44.48523582392265,47.330300142063024,47.66730769384317,0.0
room_acoustic_data_room_4072.mat,2.7176470588235295,5.0,44.48523582392265,47.330300142063024,47.66730769384317,0.0
room_acoustic_data_room_4073.mat,2.7294117647058824,5.0,44.48523582392265,47.330300142063024,47.66730769384317,0.0
room_acoustic_data_room_4074.mat,2.7411764705882353,5.0,44.48523582392265,47.330300142063024,47.66730769384317,0.0
room_acoustic_data_room_4075.mat,2.7529411764705882,5.0,44.48523582392265,47.330300142063024,47.66730769384317,0.0
room_acoustic_data_room_4076.mat,2.764705882352941,5.0,44.48523582392265,47.330300142063024,47.66730769384317,0.0
room_acoustic_data_room_4077.mat,2.776470588235294,5.0,44.48523582392265,47.330300142063024,47.66730769384317,0.0
room_acoustic_data_room_4078.mat,2.788235294117647,5.0,44.48523582392265,47.330300142063024,47.66730769384317,0.0
room_acoustic_data_room_4079.mat,2.8,5.0,44.48523582392265,47.330300142063024,47.66730769384317,0.0
room_acoustic_data_room_4080.mat,2.8117647058823527,5.0,44.48523582392265,47.330300142063024,47.66730769384317,0.0
room_acoustic_data_room_4081.mat,2.823529411764706,5.0,44.48523582392265,47.330300142063024,47.66730769384317,0.0
room_acoustic_data_room_4082.mat,2.835294117647059,5.0,44.48523582392265,47.330300142063024,47.66730769384317,0.0
room_acoustic_data_room_4083.mat,2.847058823529412,5.0,44.48523582392265,47.330300142063024,47.66730769384317,0.0
room_acoustic_data_room_4084.mat,2.8588235294117648,5.0,44.48523582392265,47.330300142063024,47.66730769384317,0.0
room_acoustic_data_room_4085.mat,2.8705882352941177,5.0,44.48523582392265,47.330300142063024,47.66730769384317,0.0
room_acoustic_data_room_4086.mat,2.8823529411764706,5.0,44.48523582392265,47.330300142063024,47.66730769384317,0.0
room_acoustic_data_room_4087.mat,2.8941176470588235,5.0,44.48523582392265,47.330300142063024,47.66730769384317,0.0
room_acoustic_data_room_4088.mat,2.9058823529411764,5.0,44.48523582392265,47.330300142063024,47.66730769384317,0.0
room_acoustic_data_room_4089.mat,2.9176470588235293,5.0,44.48523582392265,47.330300142063024,47.66730769384317,0.0
room_acoustic_data_room_4090.mat,2.929411764705882,5.0,44.48523582392265,47.330300142063024,47.66730769384317,0.0
room_acoustic_data_room_4091.mat,2.9411764705882355,5.0,44.48523582392265,47.330300142063024,47.66730769384317,0.0
room_acoustic_data_room_4092.mat,2.9529411764705884,5.0,44.48523582392265,47.330300142063024,47.66730769384317,0.0
room_acoustic_data_room_4093.mat,2.9647058823529413,5.0,44.48523582392265,47.330300142063024,47.66730769384317,0.0
room_acoustic_data_room_4094.mat,2.976470588235294,5.0,44.48523582392265,47.330300142063024,47.66730769384317,0.0
room_acoustic_data_room_4095.mat,2.988235294117647,5.0,44.48523582392265,47.330300142063024,47.66730769384317,0.0
room_acoustic_data_room_4096.mat,3.0,5.0,44.48523582392265,47.330300142063024,47.66730769384317,0.0
