filename,source_x,source_y,PSNR_Mag,PSNR_Real,PSNR_Imag,NMSE_dB
room_acoustic_data_room_0001.mat,-0.5,0.0,29.93920279456082,31.679344223151436,30.81631887288455,-7.839023859488074
room_acoustic_data_room_0002.mat,-0.5,0.011764705882352941,30.111933986345317,31.93941588254511,30.857711385935794,-8.22433310630196
room_acoustic_data_room_0003.mat,-0.5,0.023529411764705882,30.242457910361754,32.122886108440944,30.86879081394268,-8.621487306360455
room_acoustic_data_room_0004.mat,-0.5,0.03529411764705882,30.304083188059895,32.18137936955986,30.796050361235125,-9.014213820953431
room_acoustic_data_room_0005.mat,-0.5,0.047058823529411764,30.250292581710845,32.03221069369889,30.651718785065363,-9.36634057167109
room_acoustic_data_room_0006.mat,-0.5,0.058823529411764705,30.05218890085503,31.652103373118223,30.40265674367729,-9.65822191666754
room_acoustic_data_room_0007.mat,-0.5,0.07058823529411765,29.64369293139816,31.053591259215313,30.031253155785528,-9.830928225071236
room_acoustic_data_room_0008.mat,-0.5,0.08235294117647059,29.051128666029836,30.29014548818187,29.513796958894446,-9.915225973559075
room_acoustic_data_room_0009.mat,-0.5,0.09411764705882353,28.478324679168846,29.571717392384965,29.110976891033964,-9.954070529948703
room_acoustic_data_room_0010.mat,-0.5,0.10588235294117647,28.497442173484092,29.300047760732344,29.238112025780005,-10.15812455078249
room_acoustic_data_room_0011.mat,-0.5,0.11764705882352941,28.3927584957817,28.960819748598254,29.18296803029206,-10.332701007216674
room_acoustic_data_room_0012.mat,-0.5,0.12941176470588237,28.10670577156491,28.52515228607356,28.94296311707852,-10.426529369558462
room_acoustic_data_room_0013.mat,-0.5,0.1411764705882353,27.63187712106926,28.024606893102696,28.604638845296133,-10.433676136960612
room_acoustic_data_room_0014.mat,-0.5,0.15294117647058825,27.3255420341849,27.677403958458417,28.444506217453768,-10.437881078240999
room_acoustic_data_room_0015.mat,-0.5,0.16470588235294117,27.674282407003513,27.809928199855527,28.89773694908194,-10.584447790223216
room_acoustic_data_room_0016.mat,-0.5,0.17647058823529413,27.83382949021629,27.854630545802653,29.182663892315,-10.644972656302885
room_acoustic_data_room_0017.mat,-0.5,0.18823529411764706,27.824668739332246,27.819047607836787,29.278159466555724,-10.638416064681408
room_acoustic_data_room_0018.mat,-0.5,0.2,27.71614526549866,27.765605725372374,29.225773435845724,-10.631774123040522
room_acoustic_data_room_0019.mat,-0.5,0.21176470588235294,27.527040777653472,27.693592973605444,29.062841643067703,-10.64197815131902
room_acoustic_data_room_0020.mat,-0.5,0.2235294117647059,27.19715162968244,27.534009463938464,28.760631300123194,-10.607226140128876
room_acoustic_data_room_0021.mat,-0.5,0.23529411764705882,26.729730732213348,27.263028128484915,28.306527486014893,-10.52807228127219
room_acoustic_data_room_0022.mat,-0.5,0.24705882352941178,26.907203529984912,27.44860531204674,28.483118739512292,-10.632069346638955
room_acoustic_data_room_0023.mat,-0.5,0.25882352941176473,27.239413704659032,27.725819691457488,28.83141575055745,-10.74888377881509
room_acoustic_data_room_0024.mat,-0.5,0.27058823529411763,27.40614319959411,27.86160115208038,29.036146663356387,-10.792415882986518
room_acoustic_data_room_0025.mat,-0.5,0.2823529411764706,27.448130931727924,27.89608278121872,29.12200909127182,-10.803903573696807
room_acoustic_data_room_0026.mat,-0.5,0.29411764705882354,27.387422072801474,27.882194468119067,29.084557167367713,-10.80500285313822
room_acoustic_data_room_0027.mat,-0.5,0.3058823529411765,27.218758545788383,27.796843430506296,28.91203410155822,-10.789938436982636
room_acoustic_data_room_0028.mat,-0.5,0.3176470588235294,26.92828964271653,27.608190410734895,28.61023352353306,-10.744095028828651
room_acoustic_data_room_0029.mat,-0.5,0.32941176470588235,26.509651714888676,27.314195779806212,28.24145045679971,-10.65918474324264
room_acoustic_data_room_0030.mat,-0.5,0.3411764705882353,26.261968764800244,27.108977436705803,28.011018332755306,-10.573381953440384
room_acoustic_data_room_0031.mat,-0.5,0.35294117647058826,26.56695783325536,27.31522819626786,28.281394912702584,-10.632559527287928
room_acoustic_data_room_0032.mat,-0.5,0.36470588235294116,26.70418349023464,27.381850280837703,28.416726536801725,-10.611169157946382
room_acoustic_data_room_0033.mat,-0.5,0.3764705882352941,26.71236424185098,27.349851309247086,28.437865952496185,-10.5501256804986
room_acoustic_data_room_0034.mat,-0.5,0.38823529411764707,26.643253265025372,27.289184039955696,28.393730547620997,-10.50198159551618
room_acoustic_data_room_0035.mat,-0.5,0.4,26.484702108448115,27.18299015767804,28.258970291624266,-10.454801240998329
room_acoustic_data_room_0036.mat,-0.5,0.4117647058823529,26.239149981016116,27.023754374062825,28.039174492651064,-10.410809359949766
room_acoustic_data_room_0037.mat,-0.5,0.4235294117647059,25.87986802936877,26.80042983657134,27.73811694545237,-10.342051025012136
room_acoustic_data_room_0038.mat,-0.5,0.43529411764705883,25.388394310000724,26.461835693592548,27.369425213835292,-10.226889993759677
room_acoustic_data_room_0039.mat,-0.5,0.4470588235294118,25.69797619825915,26.68205359270086,27.613932446349224,-10.270452396755658
room_acoustic_data_room_0040.mat,-0.5,0.4588235294117647,25.895265301590342,26.80655586555674,27.78829039102312,-10.264898263797207
room_acoustic_data_room_0041.mat,-0.5,0.47058823529411764,25.960723655870737,26.835448827149374,27.861366409882095,-10.21687173113455
room_acoustic_data_room_0042.mat,-0.5,0.4823529411764706,25.939719215358785,26.80452102430778,27.875807266555455,-10.173395686095292
room_acoustic_data_room_0043.mat,-0.5,0.49411764705882355,25.83982561099959,26.72082937831508,27.798274613890822,-10.142713435868643
room_acoustic_data_room_0044.mat,-0.5,0.5058823529411764,25.626667483753568,26.5510299441336,27.61441061852164,-10.090490915550532
room_acoustic_data_room_0045.mat,-0.5,0.5176470588235295,25.30041827456765,26.288492577368757,27.342463444536264,-10.015987988865698
room_acoustic_data_room_0046.mat,-0.5,0.5294117647058824,24.854472656975002,25.95759232746554,27.013195610726175,-9.90995235247722
room_acoustic_data_room_0047.mat,-0.5,0.5411764705882353,24.9394504464709,26.05307188448556,27.104886292898946,-9.876347740957849
room_acoustic_data_room_0048.mat,-0.5,0.5529411764705883,25.162308207359324,26.266630204066566,27.334998520710563,-9.852182256367772
room_acoustic_data_room_0049.mat,-0.5,0.5647058823529412,25.283129786490687,26.39692597445816,27.487392928184594,-9.816588813731304
room_acoustic_data_room_0050.mat,-0.5,0.5764705882352941,25.305256586727687,26.45096222205547,27.54833859560223,-9.774983714154262
room_acoustic_data_room_0051.mat,-0.5,0.5882352941176471,25.24290468313589,26.444101009644776,27.507159518798936,-9.742463640678478
room_acoustic_data_room_0052.mat,-0.5,0.6,25.10244840261641,26.40680474820231,27.38277359524604,-9.725588132006262
room_acoustic_data_room_0053.mat,-0.5,0.611764705882353,24.859399736877478,26.281967833808825,27.13626746145342,-9.69921382243653
room_acoustic_data_room_0054.mat,-0.5,0.6235294117647059,24.51687507637702,26.04782164858618,26.80992243073318,-9.664271490109615
room_acoustic_data_room_0055.mat,-0.5,0.6352941176470588,24.549759363370182,26.099889174424145,26.841424455157465,-9.697677258142466
room_acoustic_data_room_0056.mat,-0.5,0.6470588235294118,24.931366497181585,26.43409493327789,27.208445328637655,-9.79571453739272
room_acoustic_data_room_0057.mat,-0.5,0.6588235294117647,25.174817139984963,26.64304492719343,27.473071611447764,-9.847392464146713
room_acoustic_data_room_0058.mat,-0.5,0.6705882352941176,25.29872793040021,26.75588180714759,27.606508463512192,-9.873732693273784
room_acoustic_data_room_0059.mat,-0.5,0.6823529411764706,25.316264428001666,26.778132424442255,27.623047670383357,-9.888873452275806
room_acoustic_data_room_0060.mat,-0.5,0.6941176470588235,25.231443210209257,26.704612015454178,27.558404135369482,-9.896997622955162
room_acoustic_data_room_0061.mat,-0.5,0.7058823529411765,25.025235584285515,26.510941906722497,27.4000532269954,-9.878476355043297
room_acoustic_data_room_0062.mat,-0.5,0.7176470588235294,24.67631723587392,26.19910008719316,27.118144546074138,-9.810047385009149
room_acoustic_data_room_0063.mat,-0.5,0.7294117647058823,24.513349297881067,26.03733328104672,26.982280131121072,-9.770998418923796
room_acoustic_data_room_0064.mat,-0.5,0.7411764705882353,24.922248660832963,26.37608827108901,27.35215822846724,-9.871477512376035
room_acoustic_data_room_0065.mat,-0.5,0.7529411764705882,25.187188229526576,26.59233752760677,27.612159311232016,-9.919815072150344
room_acoustic_data_room_0066.mat,-0.5,0.7647058823529411,25.333735253562114,26.716133368232327,27.773266334224562,-9.94430218031408
room_acoustic_data_room_0067.mat,-0.5,0.7764705882352941,25.394586043671865,26.780132487113775,27.85714050000079,-9.97874094897685
room_acoustic_data_room_0068.mat,-0.5,0.788235294117647,25.381342546378804,26.7878746407608,27.8499750470298,-10.034926365583893
room_acoustic_data_room_0069.mat,-0.5,0.8,25.24504884346818,26.694490890746483,27.721836268770037,-10.063381909826138
room_acoustic_data_room_0070.mat,-0.5,0.8117647058823529,24.971532720362376,26.459404614138016,27.477739255909704,-10.048256714177143
room_acoustic_data_room_0071.mat,-0.5,0.8235294117647058,24.656456464632708,26.149857220435656,27.197665198500886,-10.005994304008592
room_acoustic_data_room_0072.mat,-0.5,0.8352941176470589,25.074730472961836,26.494331182613365,27.585632057499566,-10.098410425067385
room_acoustic_data_room_0073.mat,-0.5,0.8470588235294118,25.305832042209193,26.676143957232878,27.82345107506155,-10.094308181268051
room_acoustic_data_room_0074.mat,-0.5,0.8588235294117647,25.426551532037948,26.756831466279145,27.96301218426134,-10.073675107243321
room_acoustic_data_room_0075.mat,-0.5,0.8705882352941177,25.4738631438857,26.767152402283237,28.037012578926305,-10.074886297464033
room_acoustic_data_room_0076.mat,-0.5,0.8823529411764706,25.445544805987996,26.728790466878568,28.0307337346381,-10.096068852768035
room_acoustic_data_room_0077.mat,-0.5,0.8941176470588236,25.310906743970403,26.614449540004475,27.906499935621227,-10.106172899529541
room_acoustic_data_room_0078.mat,-0.5,0.9058823529411765,24.998006351115286,26.373321809378986,27.597443190698176,-10.031886448281032
room_acoustic_data_room_0079.mat,-0.5,0.9176470588235294,24.517662639976464,25.984964387845693,27.12204153147324,-9.880915116130362
room_acoustic_data_room_0080.mat,-0.5,0.9294117647058824,24.814660236500956,26.26274603377862,27.402878503700432,-9.94517739967293
room_acoustic_data_room_0081.mat,-0.5,0.9411764705882353,25.132832720015234,26.548475517788155,27.69852288256248,-10.010005237671404
room_acoustic_data_room_0082.mat,-0.5,0.9529411764705882,25.332731823605755,26.73318732727494,27.88467516313481,-10.04930342486986
room_acoustic_data_room_0083.mat,-0.5,0.9647058823529412,25.415990331714163,26.825839546578045,27.95529533329195,-10.066542011869315
room_acoustic_data_room_0084.mat,-0.5,0.9764705882352941,25.394000412348646,26.83569163615195,27.92035336349507,-10.073730349218504
room_acoustic_data_room_0085.mat,-0.5,0.9882352941176471,25.259811145570616,26.75586917050382,27.7695922050302,-10.063779776037649
room_acoustic_data_room_0086.mat,-0.5,1.0,24.98667325146167,26.561064876357218,27.480650091846748,-10.00890206977262
room_acoustic_data_room_0087.mat,-0.5,1.011764705882353,24.546164938877652,26.219525539175862,27.035591431150582,-9.878076449553971
room_acoustic_data_room_0088.mat,-0.5,1.0235294117647058,24.625249919167153,26.296549575999567,27.102350056424612,-9.89122369918366
room_acoustic_data_room_0089.mat,-0.5,1.035294117647059,24.99811379056848,26.592048569475647,27.469164981436283,-9.989901839553909
room_acoustic_data_room_0090.mat,-0.5,1.0470588235294118,25.216673213004512,26.74437249008227,27.68449812067093,-10.02601937642698
room_acoustic_data_room_0091.mat,-0.5,1.0588235294117647,25.288984338695684,26.780886412652507,27.75543625100491,-10.009965487195222
room_acoustic_data_room_0092.mat,-0.5,1.0705882352941176,25.21005029429329,26.708503160886444,27.673764955887528,-9.937670840759987
room_acoustic_data_room_0093.mat,-0.5,1.0823529411764705,25.017034867306922,26.559440244939573,27.463447666948678,-9.846386198399243
room_acoustic_data_room_0094.mat,-0.5,1.0941176470588236,24.68269252444796,26.307061288339778,27.121048948787575,-9.708119972026543
room_acoustic_data_room_0095.mat,-0.5,1.1058823529411765,24.206902572670963,25.923564074169434,26.641571394576758,-9.52061253373276
room_acoustic_data_room_0096.mat,-0.5,1.1176470588235294,24.006727346554882,25.74376467013163,26.4440442936925,-9.4094281173564
room_acoustic_data_room_0097.mat,-0.5,1.1294117647058823,24.35794224386662,26.012360141877338,26.806936288203637,-9.463267288113919
room_acoustic_data_room_0098.mat,-0.5,1.1411764705882352,24.613706769173422,26.20095251240645,27.092648745362684,-9.512648782447922
room_acoustic_data_room_0099.mat,-0.5,1.1529411764705881,24.738546740363102,26.291288049199583,27.240618628285745,-9.524921331092298
room_acoustic_data_room_0100.mat,-0.5,1.1647058823529413,24.74373599496054,26.30101120813439,27.255392389900237,-9.512587340272802
room_acoustic_data_room_0101.mat,-0.5,1.1764705882352942,24.624573179421358,26.22920696399962,27.138734540877824,-9.471221244190302
room_acoustic_data_room_0102.mat,-0.5,1.188235294117647,24.391653724628103,26.073151003091716,26.89472597833756,-9.410896191837281
room_acoustic_data_room_0103.mat,-0.5,1.2,24.03212932128673,25.795187596808574,26.527304852159162,-9.316996390580124
room_acoustic_data_room_0104.mat,-0.5,1.2117647058823529,23.69207201100782,25.514810732467733,26.17878431381334,-9.210451274654742
room_acoustic_data_room_0105.mat,-0.5,1.223529411764706,24.099235084485752,25.867806871236816,26.566884980530126,-9.296828978717498
room_acoustic_data_room_0106.mat,-0.5,1.2352941176470589,24.355968765300993,26.06965807911861,26.828250183025474,-9.323117587014648
room_acoustic_data_room_0107.mat,-0.5,1.2470588235294118,24.4566576374139,26.12109892913729,26.93323703463145,-9.28700028884261
room_acoustic_data_room_0108.mat,-0.5,1.2588235294117647,24.450945931114486,26.08861645812397,26.913869518601302,-9.239640810177272
room_acoustic_data_room_0109.mat,-0.5,1.2705882352941176,24.343169879130965,25.984534534428203,26.78536292650619,-9.1858123024258
room_acoustic_data_room_0110.mat,-0.5,1.2823529411764707,24.13123160653857,25.806032094361683,26.568321645519536,-9.123063452070365
room_acoustic_data_room_0111.mat,-0.5,1.2941176470588236,23.79805947712283,25.534691792066432,26.232381802556645,-9.03285212777704
room_acoustic_data_room_0112.mat,-0.5,1.3058823529411765,23.31845556449005,25.139257588756276,25.75224204314333,-8.886672373001467
room_acoustic_data_room_0113.mat,-0.5,1.3176470588235294,23.681395897771008,25.47475424597003,26.112167138357258,-8.949002180591535
room_acoustic_data_room_0114.mat,-0.5,1.3294117647058823,23.9409655337524,25.702043202842972,26.377337821915333,-8.955458684710319
room_acoustic_data_room_0115.mat,-0.5,1.3411764705882352,24.07388102949993,25.830512085935226,26.51750224810501,-8.928660566937054
room_acoustic_data_room_0116.mat,-0.5,1.3529411764705883,24.12128113640877,25.918368866967928,26.55594371379031,-8.911580100016247
room_acoustic_data_room_0117.mat,-0.5,1.3647058823529412,24.074308403838423,25.935876106616487,26.494567149317454,-8.89596505869801
room_acoustic_data_room_0118.mat,-0.5,1.3764705882352941,23.936881988452345,25.88072088493279,26.33355424983678,-8.885532127128196
room_acoustic_data_room_0119.mat,-0.5,1.388235294117647,23.669097143796503,25.7019679060377,26.039797442817736,-8.83916572845145
room_acoustic_data_room_0120.mat,-0.5,1.4,23.248360834360735,25.377319394842907,25.607402744213456,-8.73136590379191
room_acoustic_data_room_0121.mat,-0.5,1.411764705882353,23.465219449855418,25.59465493207426,25.802713513586994,-8.794167817100076
room_acoustic_data_room_0122.mat,-0.5,1.423529411764706,23.80581780306525,25.893856165342232,26.13224588496433,-8.860472892497558
room_acoustic_data_room_0123.mat,-0.5,1.4352941176470588,24.013056975613672,26.064450627718756,26.32837335899703,-8.886526450825144
room_acoustic_data_room_0124.mat,-0.5,1.4470588235294117,24.089434509846214,26.12638418412874,26.394141570439924,-8.877029787423304
room_acoustic_data_room_0125.mat,-0.5,1.4588235294117646,24.048402348938463,26.10229567357209,26.33892009904294,-8.84623508612536
room_acoustic_data_room_0126.mat,-0.5,1.4705882352941178,23.920401948079068,26.011976225194914,26.198604077118812,-8.824517685327963
room_acoustic_data_room_0127.mat,-0.5,1.4823529411764707,23.67590083123406,25.825161678480498,25.946757633188682,-8.781344836371256
room_acoustic_data_room_0128.mat,-0.5,1.4941176470588236,23.271338476338173,25.482808955961545,25.54665703614456,-8.670593337523288
room_acoustic_data_room_0129.mat,-0.5,1.5058823529411764,23.26736536579029,25.460634209799885,25.537578402033706,-8.666620292912185
room_acoustic_data_room_0130.mat,-0.5,1.5176470588235293,23.639046555529106,25.755505518279513,25.884332559172016,-8.744490703924045
room_acoustic_data_room_0131.mat,-0.5,1.5294117647058822,23.86940706679496,25.928282355324438,26.09846753062351,-8.77352302423352
room_acoustic_data_room_0132.mat,-0.5,1.5411764705882354,24.008401364932197,26.041421236225794,26.220962917543076,-8.80623439893942
room_acoustic_data_room_0133.mat,-0.5,1.5529411764705883,24.07513713384281,26.096603900107294,26.268054896936547,-8.862732784757313
room_acoustic_data_room_0134.mat,-0.5,1.5647058823529412,24.037325945267384,26.07043129900734,26.229363173692093,-8.91079587037911
room_acoustic_data_room_0135.mat,-0.5,1.576470588235294,23.882078613135917,25.925072318125544,26.08372096695273,-8.93673422907886
room_acoustic_data_room_0136.mat,-0.5,1.588235294117647,23.57868932015161,25.633276742185313,25.808495050943648,-8.907638290381021
room_acoustic_data_room_0137.mat,-0.5,1.6,23.436526790468925,25.460719303162946,25.689494248192663,-8.919532585166376
room_acoustic_data_room_0138.mat,-0.5,1.611764705882353,23.90968116114238,25.812292090086757,26.148840758056867,-9.079750536522779
room_acoustic_data_room_0139.mat,-0.5,1.6235294117647059,24.260456945467503,26.057707872168447,26.50764256049328,-9.209107939266858
room_acoustic_data_room_0140.mat,-0.5,1.6352941176470588,24.4619309641529,26.17975685625796,26.73500326082978,-9.283588537721403
room_acoustic_data_room_0141.mat,-0.5,1.6470588235294117,24.551111051621945,26.217109406863038,26.84539307649836,-9.341410997018482
room_acoustic_data_room_0142.mat,-0.5,1.6588235294117648,24.535849433581227,26.178008446675058,26.846131709105165,-9.390630015513654
room_acoustic_data_room_0143.mat,-0.5,1.6705882352941177,24.377741963651673,26.04598222667485,26.703872064953092,-9.392236221242356
room_acoustic_data_room_0144.mat,-0.5,1.6823529411764706,24.059031754809684,25.79055586080703,26.409951162970508,-9.32663920535194
room_acoustic_data_room_0145.mat,-0.5,1.6941176470588235,23.647874774626757,25.445944952615452,26.0259505881514,-9.216092843911404
room_acoustic_data_room_0146.mat,-0.5,1.7058823529411764,24.121014749237993,25.86186693782824,26.480478386542977,-9.355808700639784
room_acoustic_data_room_0147.mat,-0.5,1.7176470588235293,24.444033370396504,26.140146153517083,26.795401855801423,-9.435866554344223
room_acoustic_data_room_0148.mat,-0.5,1.7294117647058824,24.63433910324671,26.306564156122526,26.980707846366418,-9.476982900595702
room_acoustic_data_room_0149.mat,-0.5,1.7411764705882353,24.707930531992147,26.38877051161942,27.05350366510806,-9.496626819055795
room_acoustic_data_room_0150.mat,-0.5,1.7529411764705882,24.672036864701603,26.383511674497623,27.012674604305417,-9.502380956466693
room_acoustic_data_room_0151.mat,-0.5,1.7647058823529411,24.523323828144242,26.28724103731662,26.848719251702427,-9.49047412056373
room_acoustic_data_room_0152.mat,-0.5,1.776470588235294,24.24406039094481,26.077818467085606,26.562809269389657,-9.44165578357416
room_acoustic_data_room_0153.mat,-0.5,1.7882352941176471,23.82585252760864,25.70620786704092,26.168031141963368,-9.344233313900567
room_acoustic_data_room_0154.mat,-0.5,1.8,24.17979097907081,26.00786542624543,26.49366875754863,-9.464659587022435
room_acoustic_data_room_0155.mat,-0.5,1.811764705882353,24.555310272187967,26.306034090051735,26.838370627323854,-9.574554272012497
room_acoustic_data_room_0156.mat,-0.5,1.8235294117647058,24.79443598968409,26.473711580401606,27.070471388846244,-9.641085577028296
room_acoustic_data_room_0157.mat,-0.5,1.8352941176470587,24.90633500861157,26.543093423020558,27.185240627985664,-9.67518786275918
room_acoustic_data_room_0158.mat,-0.5,1.8470588235294119,24.898201249656324,26.518693093360575,27.1830497484083,-9.684577331810537
room_acoustic_data_room_0159.mat,-0.5,1.8588235294117648,24.796380989501372,26.41940467646173,27.09540341277027,-9.695324472706048
room_acoustic_data_room_0160.mat,-0.5,1.8705882352941177,24.559317089894744,26.207004013224285,26.879063561166404,-9.664643577736483
room_acoustic_data_room_0161.mat,-0.5,1.8823529411764706,24.19226908809618,25.873566374396315,26.553034477736837,-9.594971270534344
room_acoustic_data_room_0162.mat,-0.5,1.8941176470588235,24.343121658704646,25.99572093526158,26.698299324861104,-9.656832968064219
room_acoustic_data_room_0163.mat,-0.5,1.9058823529411764,24.769071597551676,26.347448142943954,27.11018627588767,-9.794500326481813
room_acoustic_data_room_0164.mat,-0.5,1.9176470588235295,25.071153484382783,26.5860428587194,27.41889486778473,-9.900506023973461
room_acoustic_data_room_0165.mat,-0.5,1.9294117647058824,25.25384493247482,26.737528979058784,27.61378860792341,-9.98146660892777
room_acoustic_data_room_0166.mat,-0.5,1.9411764705882353,25.304926505744298,26.799500899054415,27.679036633392226,-10.02590870008863
room_acoustic_data_room_0167.mat,-0.5,1.9529411764705882,25.236127608346166,26.77137237498973,27.619440703724326,-10.045474727555836
room_acoustic_data_room_0168.mat,-0.5,1.964705882352941,25.009855803543545,26.608609829028623,27.40011178161236,-10.001644711881008
room_acoustic_data_room_0169.mat,-0.5,1.9764705882352942,24.615533544355962,26.26343182907393,27.03619370389381,-9.88150808055224
room_acoustic_data_room_0170.mat,-0.5,1.988235294117647,24.5020194506225,26.121729229480614,26.9559712763766,-9.833931558526439
room_acoustic_data_room_0171.mat,-0.5,2.0,24.945469316372076,26.432164608041802,27.42240347603762,-9.96769859757132
room_acoustic_data_room_0172.mat,-0.5,2.011764705882353,25.238233929227732,26.613755384278072,27.744791487384003,-10.042202882532159
room_acoustic_data_room_0173.mat,-0.5,2.023529411764706,25.378092063638572,26.683692061497176,27.91950056285071,-10.05782217787294
room_acoustic_data_room_0174.mat,-0.5,2.0352941176470587,25.401828904731833,26.665651619842997,27.98511430570677,-10.052380611479673
room_acoustic_data_room_0175.mat,-0.5,2.0470588235294116,25.321796306444746,26.573427032660817,27.938463340389042,-10.038367778282705
room_acoustic_data_room_0176.mat,-0.5,2.0588235294117645,25.087207395262464,26.367045653463748,27.735517150073203,-9.964379622440836
room_acoustic_data_room_0177.mat,-0.5,2.070588235294118,24.699484617452665,26.029598447483394,27.39964552469191,-9.830001324627812
room_acoustic_data_room_0178.mat,-0.5,2.0823529411764707,24.32678975915548,25.707240476262683,27.075320432004442,-9.690041538805056
room_acoustic_data_room_0179.mat,-0.5,2.0941176470588236,24.76198683886536,26.080632514076214,27.492111322142286,-9.795866061437792
room_acoustic_data_room_0180.mat,-0.5,2.1058823529411765,25.086135014888136,26.345436904944954,27.812635832677838,-9.881400116751802
room_acoustic_data_room_0181.mat,-0.5,2.1176470588235294,25.260119766665603,26.49137119102719,27.99201881181748,-9.910642579979218
room_acoustic_data_room_0182.mat,-0.5,2.1294117647058823,25.32786082764654,26.557039618048314,28.055219239937482,-9.928882567442729
room_acoustic_data_room_0183.mat,-0.5,2.1411764705882352,25.2870775694185,26.53537023111122,27.99994530409739,-9.934199550283138
room_acoustic_data_room_0184.mat,-0.5,2.152941176470588,25.13477669053909,26.40846629175201,27.82704208626887,-9.923251055318016
room_acoustic_data_room_0185.mat,-0.5,2.164705882352941,24.849567318898664,26.160613339532826,27.52873438419073,-9.873245318909486
room_acoustic_data_room_0186.mat,-0.5,2.176470588235294,24.373109628823805,25.739418927452853,27.05856100096017,-9.722645342217081
room_acoustic_data_room_0187.mat,-0.5,2.1882352941176473,24.797850895996298,26.080715010543635,27.45302110155511,-9.874572535384376
room_acoustic_data_room_0188.mat,-0.5,2.2,25.173889714800907,26.386109296363017,27.80051767088694,-9.9922202760066
room_acoustic_data_room_0189.mat,-0.5,2.211764705882353,25.37333531249111,26.547335239285044,27.99365541429879,-10.02691648289257
room_acoustic_data_room_0190.mat,-0.5,2.223529411764706,25.43505605906259,26.579263326306297,28.0527987357711,-10.019208178584979
room_acoustic_data_room_0191.mat,-0.5,2.235294117647059,25.371056402228128,26.51619829214248,27.977128323245935,-9.981620413298378
room_acoustic_data_room_0192.mat,-0.5,2.2470588235294118,25.210587634751892,26.35095295099508,27.78995924604957,-9.943211441866287
room_acoustic_data_room_0193.mat,-0.5,2.2588235294117647,24.903673744938683,26.074005983477736,27.465883085224796,-9.852899460355015
room_acoustic_data_room_0194.mat,-0.5,2.2705882352941176,24.443424286649908,25.673944958545857,27.014183538585407,-9.701070214528265
room_acoustic_data_room_0195.mat,-0.5,2.2823529411764705,24.63508745937268,25.824083709931518,27.18806119425967,-9.76881433078537
room_acoustic_data_room_0196.mat,-0.5,2.2941176470588234,25.06367683523271,26.165701763606826,27.60687139080851,-9.91691448138957
room_acoustic_data_room_0197.mat,-0.5,2.3058823529411763,25.330102126800348,26.373887676943347,27.885483703196343,-9.995653978152081
room_acoustic_data_room_0198.mat,-0.5,2.3176470588235296,25.46987263332747,26.492759660344312,28.03946913200949,-10.04248064304945
room_acoustic_data_room_0199.mat,-0.5,2.3294117647058825,25.49993832807727,26.540630381218758,28.074962638295812,-10.074945844948262
room_acoustic_data_room_0200.mat,-0.5,2.3411764705882354,25.428289790969572,26.5163734879266,28.009443255418738,-10.100876329402798
room_acoustic_data_room_0201.mat,-0.5,2.3529411764705883,25.218240710700872,26.374090768561317,27.811023578915943,-10.082617646596596
room_acoustic_data_room_0202.mat,-0.5,2.364705882352941,24.83758594559726,26.073755426029134,27.46015360562239,-9.985567221016035
room_acoustic_data_room_0203.mat,-0.5,2.376470588235294,24.860444829151955,26.097429960308062,27.48025128208777,-10.007848537929219
room_acoustic_data_room_0204.mat,-0.5,2.388235294117647,25.32018554356309,26.49890844222461,27.911140034940626,-10.160040540017985
room_acoustic_data_room_0205.mat,-0.5,2.4,25.59643341256432,26.74615924041566,28.17639761273053,-10.219679947740289
room_acoustic_data_room_0206.mat,-0.5,2.411764705882353,25.730261645227316,26.874343136127656,28.296120480128423,-10.230040247532683
room_acoustic_data_room_0207.mat,-0.5,2.4235294117647057,25.755601663060617,26.91767579223685,28.29646164927869,-10.225720983056492
room_acoustic_data_room_0208.mat,-0.5,2.4352941176470586,25.65987375235722,26.87438697860437,28.160061958016605,-10.193961535907965
room_acoustic_data_room_0209.mat,-0.5,2.447058823529412,25.446277844205408,26.745454346310513,27.893037901951235,-10.137068521105807
room_acoustic_data_room_0210.mat,-0.5,2.458823529411765,25.083041494636376,26.48843061065623,27.49371054146713,-10.021157391263866
room_acoustic_data_room_0211.mat,-0.5,2.4705882352941178,24.89729797600026,26.375844175132748,27.269767755695256,-9.950733100707826
room_acoustic_data_room_0212.mat,-0.5,2.4823529411764707,25.357249135515723,26.814593763499555,27.629176036862447,-10.070835185596337
room_acoustic_data_room_0213.mat,-0.5,2.4941176470588236,25.64070707271093,27.090110436932953,27.8572233863977,-10.1026536414359
room_acoustic_data_room_0214.mat,-0.5,2.5058823529411764,25.814183517196703,27.263335938932993,28.003006943702168,-10.115292118002664
room_acoustic_data_room_0215.mat,-0.5,2.5176470588235293,25.89617366258626,27.360720387385754,28.063722891250723,-10.128112570130927
room_acoustic_data_room_0216.mat,-0.5,2.5294117647058822,25.88773380037106,27.394852139346927,28.020134157673326,-10.14210759557823
room_acoustic_data_room_0217.mat,-0.5,2.541176470588235,25.756004154565066,27.33312682020378,27.85672965148401,-10.123758621589175
room_acoustic_data_room_0218.mat,-0.5,2.552941176470588,25.49733073917806,27.15619445481662,27.57483994990579,-10.067800087690717
room_acoustic_data_room_0219.mat,-0.5,2.5647058823529414,25.110395067488827,26.858728437420424,27.19525737578654,-9.950706372650792
room_acoustic_data_room_0220.mat,-0.5,2.5764705882352943,25.612370577198405,27.3198160431027,27.603488157563287,-10.07617368860318
room_acoustic_data_room_0221.mat,-0.5,2.588235294117647,25.93852261096522,27.611904626299143,27.88661996341508,-10.11152013114714
room_acoustic_data_room_0222.mat,-0.5,2.6,26.148774155527672,27.791015888843727,28.076713626581626,-10.119927292078989
room_acoustic_data_room_0223.mat,-0.5,2.611764705882353,26.269167664024266,27.876138579624552,28.169629886554027,-10.12872518953248
room_acoustic_data_room_0224.mat,-0.5,2.623529411764706,26.267697615440888,27.855159921900572,28.145384281577886,-10.106154427109558
room_acoustic_data_room_0225.mat,-0.5,2.635294117647059,26.166118016321477,27.755684573139575,28.033120389858674,-10.073760345317345
room_acoustic_data_room_0226.mat,-0.5,2.6470588235294117,25.96292479615952,27.561308302936297,27.837342464317878,-10.029223072158173
room_acoustic_data_room_0227.mat,-0.5,2.6588235294117646,25.61003685797495,27.2320911102659,27.51844997223206,-9.922236781280617
room_acoustic_data_room_0228.mat,-0.5,2.6705882352941175,25.809029186550415,27.34477487617411,27.745221196126572,-9.957645792428478
room_acoustic_data_room_0229.mat,-0.5,2.6823529411764704,26.226927451349265,27.608915873274608,28.18277249372214,-10.04191540412198
room_acoustic_data_room_0230.mat,-0.5,2.6941176470588237,26.512661001328503,27.757760291653693,28.49724402596045,-10.083179541689448
room_acoustic_data_room_0231.mat,-0.5,2.7058823529411766,26.68812636391997,27.834379454441248,28.69906045226312,-10.105243246846783
room_acoustic_data_room_0232.mat,-0.5,2.7176470588235295,26.768280310629315,27.867574428677294,28.786944312055176,-10.123834168749573
room_acoustic_data_room_0233.mat,-0.5,2.7294117647058824,26.737881537631463,27.845643974654383,28.736933686076785,-10.124259515489815
room_acoustic_data_room_0234.mat,-0.5,2.7411764705882353,26.578851516671676,27.741816713500537,28.578347391068554,-10.088885242106379
room_acoustic_data_room_0235.mat,-0.5,2.7529411764705882,26.289987097863744,27.516114112138304,28.313978610095543,-10.016081576341435
room_acoustic_data_room_0236.mat,-0.5,2.764705882352941,26.132987720936065,27.33806197801139,28.178508110921197,-9.92933179522883
room_acoustic_data_room_0237.mat,-0.5,2.776470588235294,26.584396773227343,27.564398631127336,28.670240430893625,-9.992541376011479
room_acoustic_data_room_0238.mat,-0.5,2.788235294117647,26.912993493580416,27.676586128376815,29.023382867530927,-10.026272150960507
room_acoustic_data_room_0239.mat,-0.5,2.8,27.1366532180625,27.696413875517827,29.25674414059423,-10.051138108047688
room_acoustic_data_room_0240.mat,-0.5,2.8117647058823527,27.270571022137638,27.64452864445974,29.35735410893885,-10.083909780555164
room_acoustic_data_room_0241.mat,-0.5,2.823529411764706,27.29404651537036,27.564841280711132,29.281682250551203,-10.105618584173166
room_acoustic_data_room_0242.mat,-0.5,2.835294117647059,27.172247047709295,27.446835304594025,29.027185894891044,-10.083547679406614
room_acoustic_data_room_0243.mat,-0.5,2.847058823529412,26.872902862790017,27.25135016419799,28.575745357079164,-9.986629472035295
room_acoustic_data_room_0244.mat,-0.5,2.8588235294117648,27.33793314621638,27.6667228804735,28.895298857498723,-10.13212072060389
room_acoustic_data_room_0245.mat,-0.5,2.8705882352941177,28.010373085169654,28.287642309959104,29.423145762886207,-10.325259126969947
room_acoustic_data_room_0246.mat,-0.5,2.8823529411764706,28.42788909171108,28.786360561474527,29.702447649442565,-10.364963946690544
room_acoustic_data_room_0247.mat,-0.5,2.8941176470588235,28.66519204518118,29.210237369873077,29.81279009389404,-10.324243465086791
room_acoustic_data_room_0248.mat,-0.5,2.9058823529411764,28.75567648054938,29.596220029746352,29.77570114692596,-10.230227409123314
room_acoustic_data_room_0249.mat,-0.5,2.9176470588235293,29.397406413339944,30.494121243622697,30.233695203712195,-10.277088886649828
room_acoustic_data_room_0250.mat,-0.5,2.929411764705882,30.105877963439042,31.499504123176457,30.711812008879793,-10.30708248885592
room_acoustic_data_room_0251.mat,-0.5,2.9411764705882355,30.621204379955653,32.404262415667475,31.000859351119896,-10.238949028354433
room_acoustic_data_room_0252.mat,-0.5,2.9529411764705884,30.878187537232247,33.04933016284734,31.134756104685746,-10.003524378495502
room_acoustic_data_room_0253.mat,-0.5,2.9647058823529413,30.92233354756882,33.39042140044934,31.14914186215757,-9.639497869748947
room_acoustic_data_room_0254.mat,-0.5,2.976470588235294,30.845919567291006,33.45306060254462,31.118707092238154,-9.23007357072932
room_acoustic_data_room_0255.mat,-0.5,2.988235294117647,30.68521139231589,33.30364006625087,31.053270243034458,-8.801226679307634
room_acoustic_data_room_0256.mat,-0.5,3.0,30.48834969291448,33.027964985276945,30.986660647298457,-8.390655256070502
room_acoustic_data_room_0257.mat,3.5,0.0,29.73324267902264,32.153339575052414,30.390328561631677,-7.63253575928729
room_acoustic_data_room_0258.mat,3.5,0.011764705882352941,29.832987172209364,32.40957362810335,30.37056149269319,-7.9445716194768625
room_acoustic_data_room_0259.mat,3.5,0.023529411764705882,29.876223738144123,32.587791590252564,30.325947295068843,-8.254003470100438
room_acoustic_data_room_0260.mat,3.5,0.03529411764705882,29.83830192133352,32.62228694960045,30.2378290328517,-8.546533567884879
room_acoustic_data_room_0261.mat,3.5,0.047058823529411764,29.67827091274774,32.43926911453001,30.06255860172959,-8.79147051526114
room_acoustic_data_room_0262.mat,3.5,0.058823529411764705,29.39687553940008,32.02410550035957,29.786456456876913,-8.998706276347331
room_acoustic_data_room_0263.mat,3.5,0.07058823529411765,28.961539655078703,31.37062488412097,29.40615552858035,-9.142697175798661
room_acoustic_data_room_0264.mat,3.5,0.08235294117647059,28.360760858016654,30.56360233187741,28.915657210469405,-9.216266705266513
room_acoustic_data_room_0265.mat,3.5,0.09411764705882353,27.81002623685744,29.823890414140543,28.481248214603806,-9.282085600934215
room_acoustic_data_room_0266.mat,3.5,0.10588235294117647,27.83987420552352,29.557187723354996,28.527599432437647,-9.494652364561839
room_acoustic_data_room_0267.mat,3.5,0.11764705882352941,27.705273881241375,29.224176949574627,28.438334784287903,-9.636541594526676
room_acoustic_data_room_0268.mat,3.5,0.12941176470588237,27.379737650301806,28.808070729339825,28.188360196832356,-9.687758195274775
room_acoustic_data_room_0269.mat,3.5,0.1411764705882353,26.815697557752692,28.26245590101504,27.770722837593198,-9.6025975265643
room_acoustic_data_room_0270.mat,3.5,0.15294117647058825,26.391800262762143,27.86020569921957,27.501849383025526,-9.51563025115674
room_acoustic_data_room_0271.mat,3.5,0.16470588235294117,26.72660270480746,28.036752568092822,27.871589329532394,-9.64672167840186
room_acoustic_data_room_0272.mat,3.5,0.17647058823529413,26.902393192501727,28.10282043415897,28.089957241074764,-9.72229604098413
room_acoustic_data_room_0273.mat,3.5,0.18823529411764706,26.950014429360756,28.12708811968607,28.16386823626263,-9.772057252569873
room_acoustic_data_room_0274.mat,3.5,0.2,26.866595199224037,28.071716943180288,28.11362173494084,-9.791037396594708
room_acoustic_data_room_0275.mat,3.5,0.21176470588235294,26.679343384892164,27.992426520666186,27.97341562448195,-9.804671811052057
room_acoustic_data_room_0276.mat,3.5,0.2235294117647059,26.411934849444336,27.892352427680983,27.73934313403067,-9.834910844393153
room_acoustic_data_room_0277.mat,3.5,0.23529411764705882,25.987463156578894,27.668404994892825,27.336666953563608,-9.801806273987149
room_acoustic_data_room_0278.mat,3.5,0.24705882352941178,26.234132224217053,27.979770515489633,27.540540850216537,-9.955497260062906
room_acoustic_data_room_0279.mat,3.5,0.25882352941176473,26.58200647574503,28.365002815242764,27.83393600694737,-10.088876323540815
room_acoustic_data_room_0280.mat,3.5,0.27058823529411763,26.768119166100295,28.585784512757513,28.011951825627342,-10.153229215475283
room_acoustic_data_room_0281.mat,3.5,0.2823529411764706,26.823702705996926,28.67793993799918,28.080557955188073,-10.179917973399839
room_acoustic_data_room_0282.mat,3.5,0.29411764705882354,26.743129584109795,28.664579755276264,28.020248691163854,-10.16263375852465
room_acoustic_data_room_0283.mat,3.5,0.3058823529411765,26.525213811091334,28.52237574080481,27.843231107556036,-10.099490092075838
room_acoustic_data_room_0284.mat,3.5,0.3176470588235294,26.167545354366375,28.249398126192983,27.5472558427237,-9.987232547981256
room_acoustic_data_room_0285.mat,3.5,0.32941176470588235,25.677271472419015,27.84375767629012,27.126173976405866,-9.831087976502047
room_acoustic_data_room_0286.mat,3.5,0.3411764705882353,25.446960063178427,27.63144784750299,26.94654431846326,-9.75435043279717
room_acoustic_data_room_0287.mat,3.5,0.35294117647058826,25.790894528292505,27.895421455862312,27.306015737883698,-9.853929075566272
room_acoustic_data_room_0288.mat,3.5,0.36470588235294116,26.03050171458781,28.047178009307224,27.589792050413223,-9.936004249252514
room_acoustic_data_room_0289.mat,3.5,0.3764705882352941,26.144113745753824,28.08438265436766,27.758218949429462,-9.981185858232138
room_acoustic_data_room_0290.mat,3.5,0.38823529411764707,26.154827281659927,28.047211771568815,27.803855969730016,-10.013451457637792
room_acoustic_data_room_0291.mat,3.5,0.4,26.05597716279061,27.947219219764918,27.714984317897628,-10.026407949948418
room_acoustic_data_room_0292.mat,3.5,0.4117647058823529,25.821621196774714,27.75630431103795,27.483935693730825,-9.99392434096496
room_acoustic_data_room_0293.mat,3.5,0.4235294117647059,25.45211818534647,27.451127233936322,27.127950992767712,-9.915125752450574
room_acoustic_data_room_0294.mat,3.5,0.43529411764705883,24.929737250515807,26.99340209389007,26.643906116468465,-9.769077314098375
room_acoustic_data_room_0295.mat,3.5,0.4470588235294118,25.30445257987246,27.30737432924302,27.00652897671722,-9.875100585006523
room_acoustic_data_room_0296.mat,3.5,0.4588235294117647,25.5757763693223,27.50780730247655,27.297503365702877,-9.943724976226653
room_acoustic_data_room_0297.mat,3.5,0.47058823529411764,25.721842235793314,27.595808313934892,27.478903498593183,-9.97636545622861
room_acoustic_data_room_0298.mat,3.5,0.4823529411764706,25.73132952885501,27.582889222196776,27.51485818735263,-9.963347152122005
room_acoustic_data_room_0299.mat,3.5,0.49411764705882355,25.625666196997628,27.483992543280934,27.4340719023898,-9.926783413145625
room_acoustic_data_room_0300.mat,3.5,0.5058823529411764,25.407110303725588,27.308831755133486,27.233865196592557,-9.869012690660432
room_acoustic_data_room_0301.mat,3.5,0.5176470588235295,25.028752312266015,26.99259202857081,26.882767338822248,-9.74226565003373
room_acoustic_data_room_0302.mat,3.5,0.5294117647058824,24.528168320168984,26.55815620124536,26.428289967359234,-9.581525518216004
room_acoustic_data_room_0303.mat,3.5,0.5411764705882353,24.683478281570444,26.680457709372586,26.59898035241444,-9.621769660924679
room_acoustic_data_room_0304.mat,3.5,0.5529411764705883,25.016989207634804,26.944461536714254,26.94894976663431,-9.70788086248469
room_acoustic_data_room_0305.mat,3.5,0.5647058823529412,25.215477035233953,27.077480642531828,27.17714681204653,-9.749620606683663
room_acoustic_data_room_0306.mat,3.5,0.5764705882352941,25.292314434842602,27.10676523101787,27.286444285824135,-9.762464938624504
room_acoustic_data_room_0307.mat,3.5,0.5882352941176471,25.25656585523059,27.057914944291454,27.270888643749913,-9.756363924972963
room_acoustic_data_room_0308.mat,3.5,0.6,25.112517791524933,26.936069501379684,27.129773186706522,-9.735779238882802
room_acoustic_data_room_0309.mat,3.5,0.611764705882353,24.839194001962813,26.712917941872544,26.86123752098358,-9.679062763916658
room_acoustic_data_room_0310.mat,3.5,0.6235294117647059,24.420546784068378,26.36642267059624,26.464644765530142,-9.567964312767073
room_acoustic_data_room_0311.mat,3.5,0.6352941176470588,24.426076953976036,26.380406867283043,26.46762193458696,-9.574053730260516
room_acoustic_data_room_0312.mat,3.5,0.6470588235294118,24.829632040324164,26.7180193828675,26.8559474287288,-9.694007092195305
room_acoustic_data_room_0313.mat,3.5,0.6588235294117647,25.092284933494867,26.923353122934085,27.131510895228132,-9.764871845206502
room_acoustic_data_room_0314.mat,3.5,0.6705882352941176,25.21272798835488,27.01850697770217,27.271705317440784,-9.787737604431001
room_acoustic_data_room_0315.mat,3.5,0.6823529411764706,25.20791852358467,27.024481017040273,27.283636910027973,-9.780529826027877
room_acoustic_data_room_0316.mat,3.5,0.6941176470588235,25.061793170262444,26.921589619623827,27.152189585063784,-9.727349053614539
room_acoustic_data_room_0317.mat,3.5,0.7058823529411765,24.767664389324636,26.703172982632996,26.857717757395463,-9.62090645552879
room_acoustic_data_room_0318.mat,3.5,0.7176470588235294,24.313188626691872,26.332911571564345,26.415226352809682,-9.446920054273258
room_acoustic_data_room_0319.mat,3.5,0.7294117647058823,24.104431907912055,26.152525703425695,26.214877955630215,-9.362081577364094
room_acoustic_data_room_0320.mat,3.5,0.7411764705882353,24.58147022902701,26.53305071210571,26.68549421749527,-9.530699789238746
room_acoustic_data_room_0321.mat,3.5,0.7529411764705882,24.897852827802044,26.764757521006693,27.020292696502285,-9.630480445504684
room_acoustic_data_room_0322.mat,3.5,0.7647058823529411,25.076266825022056,26.881666637646656,27.222207437390395,-9.686834526558702
room_acoustic_data_room_0323.mat,3.5,0.7764705882352941,25.13144011450523,26.91080811834768,27.292344258203745,-9.715595752113229
room_acoustic_data_room_0324.mat,3.5,0.788235294117647,25.058108820502383,26.84613451358759,27.227028483478385,-9.711693303987458
room_acoustic_data_room_0325.mat,3.5,0.8,24.851272119898038,26.68305469307039,27.01306084396442,-9.669605766668766
room_acoustic_data_room_0326.mat,3.5,0.8117647058823529,24.48842600507313,26.404000583783088,26.63947191806166,-9.565150484779952
room_acoustic_data_room_0327.mat,3.5,0.8235294117647058,24.072901073172122,26.075836042495514,26.225169091948324,-9.422439249831898
room_acoustic_data_room_0328.mat,3.5,0.8352941176470589,24.611269539223525,26.535616971901295,26.69811727336642,-9.634949754367359
room_acoustic_data_room_0329.mat,3.5,0.8470588235294118,24.964450182493152,26.813810576054728,27.02712476805127,-9.75292650555451
room_acoustic_data_room_0330.mat,3.5,0.8588235294117647,25.165223602460145,26.97374747199333,27.204239395378337,-9.812347279402584
room_acoustic_data_room_0331.mat,3.5,0.8705882352941177,25.21620347852325,27.014965571026146,27.243879088312084,-9.817226649453685
room_acoustic_data_room_0332.mat,3.5,0.8823529411764706,25.14606977003605,26.963207577995707,27.164862567311907,-9.796593748373123
room_acoustic_data_room_0333.mat,3.5,0.8941176470588236,24.948663192359255,26.811580679775023,26.952517975463252,-9.743929192717347
room_acoustic_data_room_0334.mat,3.5,0.9058823529411765,24.60281091516997,26.538248968598612,26.607434537397424,-9.636690769768778
room_acoustic_data_room_0335.mat,3.5,0.9176470588235294,24.10498646325366,26.11591837132394,26.135742798609062,-9.468238609231388
room_acoustic_data_room_0336.mat,3.5,0.9294117647058824,24.485806802352435,26.452087221145767,26.485883287421924,-9.616323584987613
room_acoustic_data_room_0337.mat,3.5,0.9411764705882353,24.880550004043446,26.78488745740661,26.86329054654316,-9.75772207996414
room_acoustic_data_room_0338.mat,3.5,0.9529411764705882,25.105043674495345,26.96907312052188,27.079308275310865,-9.821614773167624
room_acoustic_data_room_0339.mat,3.5,0.9647058823529412,25.194409656114246,27.038282957437247,27.16608451635663,-9.844960773135142
room_acoustic_data_room_0340.mat,3.5,0.9764705882352941,25.16582685687016,27.023822621491888,27.129561371913695,-9.845556170207576
room_acoustic_data_room_0341.mat,3.5,0.9882352941176471,25.021035716138602,26.92786943042352,26.967062223373645,-9.825003662664146
room_acoustic_data_room_0342.mat,3.5,1.0,24.735950006670862,26.727744642581218,26.67408677983009,-9.758178080578956
room_acoustic_data_room_0343.mat,3.5,1.011764705882353,24.275577026543136,26.37613242609874,26.217278149736217,-9.607487732350204
room_acoustic_data_room_0344.mat,3.5,1.0235294117647058,24.372790736832467,26.49202755499737,26.28442065553179,-9.638763681989445
room_acoustic_data_room_0345.mat,3.5,1.035294117647059,24.76307596955662,26.851263705660052,26.65107713807503,-9.754863143221895
room_acoustic_data_room_0346.mat,3.5,1.0470588235294118,25.011238038327317,27.07783538154338,26.897354008190938,-9.820583285377307
room_acoustic_data_room_0347.mat,3.5,1.0588235294117647,25.117162205748986,27.18496528696707,27.007415329747527,-9.838142395744967
room_acoustic_data_room_0348.mat,3.5,1.0705882352941176,25.09140072152534,27.18460773887202,26.9839372377322,-9.819020265797441
room_acoustic_data_room_0349.mat,3.5,1.0823529411764705,24.919495587517247,27.06595132578599,26.81993646291151,-9.748845870885207
room_acoustic_data_room_0350.mat,3.5,1.0941176470588236,24.608664012090244,26.82396150640091,26.520136861137047,-9.634090364580754
room_acoustic_data_room_0351.mat,3.5,1.1058823529411765,24.16741970091415,26.45640015464128,26.09522701609031,-9.48112851788715
room_acoustic_data_room_0352.mat,3.5,1.1176470588235294,24.018317964311855,26.321199061585524,25.972157175716198,-9.421017554420589
room_acoustic_data_room_0353.mat,3.5,1.1294117647058823,24.46644574462898,26.6927320667561,26.41808383868871,-9.571769574898786
room_acoustic_data_room_0354.mat,3.5,1.1411764705882352,24.757765286910697,26.915441734218103,26.723029811220947,-9.656706051145713
room_acoustic_data_room_0355.mat,3.5,1.1529411764705881,24.92336397460134,27.02057199973584,26.919875825007985,-9.709737278911257
room_acoustic_data_room_0356.mat,3.5,1.1647058823529413,24.967401925000633,27.029798995604466,26.991800706497266,-9.736251943665778
room_acoustic_data_room_0357.mat,3.5,1.1764705882352942,24.88465487918333,26.951516599964226,26.92978658879406,-9.7313015739762
room_acoustic_data_room_0358.mat,3.5,1.188235294117647,24.66002616506072,26.768446400117988,26.711792934303734,-9.679267216009551
room_acoustic_data_room_0359.mat,3.5,1.2,24.268475466903674,26.44154440450844,26.337783345866193,-9.55334107113766
room_acoustic_data_room_0360.mat,3.5,1.2117647058823529,23.895856774716215,26.130089400425636,25.979337256303403,-9.41423453149092
room_acoustic_data_room_0361.mat,3.5,1.223529411764706,24.37102100517116,26.570467638425907,26.400812980223026,-9.568613358509058
room_acoustic_data_room_0362.mat,3.5,1.2352941176470589,24.68694826595112,26.860945599764076,26.670266819397163,-9.654095510650784
room_acoustic_data_room_0363.mat,3.5,1.2470588235294118,24.849435779245653,27.010452495917402,26.819787311249836,-9.679776814879377
room_acoustic_data_room_0364.mat,3.5,1.2588235294117647,24.876859162369044,27.047411181400566,26.837865469826077,-9.665552383573296
room_acoustic_data_room_0365.mat,3.5,1.2705882352941176,24.771140337385333,26.980748630798598,26.71827789848255,-9.613781057158903
room_acoustic_data_room_0366.mat,3.5,1.2823529411764707,24.510461802646187,26.789203539784538,26.442527432459016,-9.502291895585598
room_acoustic_data_room_0367.mat,3.5,1.2941176470588236,24.099453762423913,26.472879751840996,26.02765292777513,-9.334244608621859
room_acoustic_data_room_0368.mat,3.5,1.3058823529411765,23.533508916661493,25.984989275055156,25.481417676874244,-9.101723866757213
room_acoustic_data_room_0369.mat,3.5,1.3176470588235294,23.981310263172464,26.390309321967038,25.8682853520112,-9.248914659928
room_acoustic_data_room_0370.mat,3.5,1.3294117647058823,24.35440926925166,26.72024274882976,26.18893245802638,-9.368900493669987
room_acoustic_data_room_0371.mat,3.5,1.3411764705882352,24.594155586924526,26.922884973159682,26.402291039361835,-9.448933154712671
room_acoustic_data_room_0372.mat,3.5,1.3529411764705883,24.698684042418407,27.021248656396615,26.481019376088465,-9.488980989813566
room_acoustic_data_room_0373.mat,3.5,1.3647058823529412,24.670271639419795,27.00681150714672,26.421866773832313,-9.491926227542802
room_acoustic_data_room_0374.mat,3.5,1.3764705882352941,24.503556413502118,26.88294211491978,26.22561287521433,-9.45220443107908
room_acoustic_data_room_0375.mat,3.5,1.388235294117647,24.185710072837814,26.6362353583231,25.89867747203008,-9.355776478914546
room_acoustic_data_room_0376.mat,3.5,1.4,23.726727642389417,26.253532240832158,25.449676792251097,-9.209730473576831
room_acoustic_data_room_0377.mat,3.5,1.411764705882353,24.020384381496985,26.522371820704326,25.698702744846248,-9.349330470689601
room_acoustic_data_room_0378.mat,3.5,1.423529411764706,24.485925926344517,26.924161373852378,26.124522981510662,-9.540578689198679
room_acoustic_data_room_0379.mat,3.5,1.4352941176470588,24.750060907991752,27.140339050415857,26.372407740441552,-9.62352800554661
room_acoustic_data_room_0380.mat,3.5,1.4470588235294117,24.861270437830147,27.23352956149604,26.48807969595306,-9.64886328303223
room_acoustic_data_room_0381.mat,3.5,1.4588235294117646,24.836550692858385,27.227437086140583,26.46708531568133,-9.634380938518895
room_acoustic_data_room_0382.mat,3.5,1.4705882352941178,24.666381071540698,27.11844323555018,26.29704947865867,-9.570494253651221
room_acoustic_data_room_0383.mat,3.5,1.4823529411764707,24.33815336939494,26.872562142180392,25.99168707305566,-9.443594752115066
room_acoustic_data_room_0384.mat,3.5,1.4941176470588236,23.854874324926406,26.45991722368258,25.557104349367204,-9.254126493948583
room_acoustic_data_room_0385.mat,3.5,1.5058823529411764,23.834463582131058,26.423982712349662,25.55752147884038,-9.233715753972056
room_acoustic_data_room_0386.mat,3.5,1.5176470588235293,24.273088417854893,26.74431068285676,25.9876896070746,-9.378529751370836
room_acoustic_data_room_0387.mat,3.5,1.5294117647058822,24.567529275818607,26.94207959464322,26.28389680503144,-9.471642356580254
room_acoustic_data_room_0388.mat,3.5,1.5411764705882354,24.727501977655347,27.01848909546068,26.453582425770588,-9.525332069687328
room_acoustic_data_room_0389.mat,3.5,1.5529411764705883,24.758949985545478,27.009653338521034,26.494288409720596,-9.546542624610527
room_acoustic_data_room_0390.mat,3.5,1.5647058823529412,24.656256834403422,26.91790085735072,26.39801878735493,-9.529723673015217
room_acoustic_data_room_0391.mat,3.5,1.576470588235294,24.405944370472486,26.714202887580456,26.167522396984776,-9.46059682134756
room_acoustic_data_room_0392.mat,3.5,1.588235294117647,24.017094959079692,26.394804686061764,25.803807258987955,-9.346040683267084
room_acoustic_data_room_0393.mat,3.5,1.6,23.79814889692589,26.214145968546255,25.604574431677737,-9.281151360835175
room_acoustic_data_room_0394.mat,3.5,1.611764705882353,24.299358918322135,26.65327116268619,26.062985998107546,-9.4694248944836
room_acoustic_data_room_0395.mat,3.5,1.6235294117647059,24.62638090253593,26.915217723450535,26.380260447624337,-9.575028427636298
room_acoustic_data_room_0396.mat,3.5,1.6352941176470588,24.811905445720257,27.049398660238314,26.57292450380725,-9.633559478704651
room_acoustic_data_room_0397.mat,3.5,1.6470588235294117,24.86445287254195,27.082743320461454,26.63650700005009,-9.65474920180699
room_acoustic_data_room_0398.mat,3.5,1.6588235294117648,24.78887102020495,27.021450962590446,26.562454993208576,-9.643647906470727
room_acoustic_data_room_0399.mat,3.5,1.6705882352941177,24.569035780477986,26.84080340777768,26.347714625157316,-9.583526259826451
room_acoustic_data_room_0400.mat,3.5,1.6823529411764706,24.193179630666286,26.54389998533594,25.983395099689556,-9.460783219211272
room_acoustic_data_room_0401.mat,3.5,1.6941176470588235,23.728116737428394,26.148614071974883,25.54972045498404,-9.296330857362973
room_acoustic_data_room_0402.mat,3.5,1.7058823529411764,24.259577030423007,26.597951117311702,26.037583057154116,-9.494366967088427
room_acoustic_data_room_0403.mat,3.5,1.7176470588235293,24.634434515438336,26.898319543867753,26.390410213766952,-9.626263620746654
room_acoustic_data_room_0404.mat,3.5,1.7294117647058824,24.861755046062303,27.05636710345104,26.61115412409057,-9.704394701070916
room_acoustic_data_room_0405.mat,3.5,1.7411764705882353,24.944285106565847,27.110240399291268,26.69862291497717,-9.73297718643369
room_acoustic_data_room_0406.mat,3.5,1.7529411764705882,24.910362367172866,27.08489682882388,26.67446883270926,-9.740702185315138
room_acoustic_data_room_0407.mat,3.5,1.7647058823529411,24.744035053208783,26.9693767633534,26.527310446053946,-9.711181005043127
room_acoustic_data_room_0408.mat,3.5,1.776470588235294,24.42794744503116,26.7499718501665,26.239649067221453,-9.62553843178268
room_acoustic_data_room_0409.mat,3.5,1.7882352941176471,23.931088805088706,26.366204566771735,25.793488175422766,-9.449465124296376
room_acoustic_data_room_0410.mat,3.5,1.8,24.307268454459134,26.682628904737356,26.168283544231127,-9.592132558373603
room_acoustic_data_room_0411.mat,3.5,1.811764705882353,24.72892491545149,27.002162657701973,26.589090952927563,-9.748164377657195
room_acoustic_data_room_0412.mat,3.5,1.8235294117647058,24.992324865643504,27.190885264000357,26.873074773150133,-9.838969886312666
room_acoustic_data_room_0413.mat,3.5,1.8352941176470587,25.11096623096659,27.274901209012604,27.014287214568693,-9.879814492491585
room_acoustic_data_room_0414.mat,3.5,1.8470588235294119,25.082818139971344,27.256992516559485,27.010309365150338,-9.869189606122355
room_acoustic_data_room_0415.mat,3.5,1.8588235294117648,24.895821815207903,27.131245466685023,26.84673685070431,-9.79476066260173
room_acoustic_data_room_0416.mat,3.5,1.8705882352941177,24.559645755383634,26.8724579953902,26.54077407408957,-9.664967593540158
room_acoustic_data_room_0417.mat,3.5,1.8823529411764706,24.081226044680427,26.463836106309685,26.111429835487844,-9.483923572239135
room_acoustic_data_room_0418.mat,3.5,1.8941176470588235,24.23164221607374,26.55414619731293,26.281375293201464,-9.545348901173817
room_acoustic_data_room_0419.mat,3.5,1.9058823529411764,24.7060417455755,26.892803918727033,26.778428699500417,-9.73146588060829
room_acoustic_data_room_0420.mat,3.5,1.9176470588235295,25.035078945435536,27.096675037975814,27.14279784718559,-9.864426931282793
room_acoustic_data_room_0421.mat,3.5,1.9294117647058824,25.227540612127196,27.19254973922205,27.36820299922944,-9.955157783301937
room_acoustic_data_room_0422.mat,3.5,1.9411764705882353,25.288407593643765,27.19516434637535,27.447026043117457,-10.009385338727956
room_acoustic_data_room_0423.mat,3.5,1.9529411764705882,25.20051492679533,27.108463910072935,27.361335032649414,-10.009857661029422
room_acoustic_data_room_0424.mat,3.5,1.964705882352941,24.96949324098988,26.92676594717299,27.13061115001374,-9.96127783897179
room_acoustic_data_room_0425.mat,3.5,1.9764705882352942,24.567893780964898,26.606036014893757,26.742392148175725,-9.833864094276585
room_acoustic_data_room_0426.mat,3.5,1.988235294117647,24.494006051918426,26.53998599697627,26.67047264096236,-9.825914066427334
room_acoustic_data_room_0427.mat,3.5,2.0,25.032061188881045,26.96377021331233,27.193175283652234,-10.054286503223569
room_acoustic_data_room_0428.mat,3.5,2.011764705882353,25.40375833238961,27.239894604844043,27.569655233520383,-10.207723458873323
room_acoustic_data_room_0429.mat,3.5,2.023529411764706,25.606427152547973,27.382980761009883,27.78757802843206,-10.286153591805654
room_acoustic_data_room_0430.mat,3.5,2.0352941176470587,25.65976505823191,27.4310264754953,27.84434056740875,-10.310313252467067
room_acoustic_data_room_0431.mat,3.5,2.0470588235294116,25.54292043931991,27.34796675445173,27.733604350095902,-10.259488571702605
room_acoustic_data_room_0432.mat,3.5,2.0588235294117645,25.267482542275445,27.144961650458676,27.461150417438184,-10.144651614669606
room_acoustic_data_room_0433.mat,3.5,2.070588235294118,24.83394527028526,26.79969147501659,27.040835178550942,-9.964459020251342
room_acoustic_data_room_0434.mat,3.5,2.0823529411764707,24.419111450969556,26.45669019072524,26.658762215189714,-9.782360505983876
room_acoustic_data_room_0435.mat,3.5,2.0941176470588236,24.980409143732217,26.9085739983232,27.21050222973561,-10.014285869718826
room_acoustic_data_room_0436.mat,3.5,2.1058823529411765,25.381869586589954,27.210236212844926,27.627406944321887,-10.17713243070297
room_acoustic_data_room_0437.mat,3.5,2.1176470588235294,25.603052751859792,27.367332964954297,27.87243050798313,-10.253573554850096
room_acoustic_data_room_0438.mat,3.5,2.1294117647058823,25.679941372471745,27.417928422992077,27.96147829477535,-10.280961356098334
room_acoustic_data_room_0439.mat,3.5,2.1411764705882352,25.62147082929171,27.372641559103723,27.904173841962532,-10.268591313640428
room_acoustic_data_room_0440.mat,3.5,2.152941176470588,25.41664595595047,27.22638335986887,27.68805603026168,-10.205119088430344
room_acoustic_data_room_0441.mat,3.5,2.164705882352941,25.04115802965075,26.950759145678273,27.319858064857712,-10.064835064543205
room_acoustic_data_room_0442.mat,3.5,2.176470588235294,24.460667217532173,26.48943187128417,26.767270474328537,-9.810202232169138
room_acoustic_data_room_0443.mat,3.5,2.1882352941176473,24.9492039674829,26.93117481115811,27.2045936755272,-10.025925181333022
room_acoustic_data_room_0444.mat,3.5,2.2,25.39631849940676,27.32118942758317,27.61808775029146,-10.214648884305262
room_acoustic_data_room_0445.mat,3.5,2.211764705882353,25.672442587240344,27.548774208080452,27.88696011790543,-10.326023785808275
room_acoustic_data_room_0446.mat,3.5,2.223529411764706,25.782489830070187,27.642692863911428,27.990711449920198,-10.366642078176259
room_acoustic_data_room_0447.mat,3.5,2.235294117647059,25.729496859109155,27.61033118586751,27.93576077221099,-10.340060871273309
room_acoustic_data_room_0448.mat,3.5,2.2470588235294118,25.517822917385544,27.443526453761436,27.72894978417684,-10.25044612633893
room_acoustic_data_room_0449.mat,3.5,2.2588235294117647,25.128090494402965,27.107944882522172,27.36810406998299,-10.07731409266883
room_acoustic_data_room_0450.mat,3.5,2.2705882352941176,24.58261359526889,26.60729144609494,26.884182458729104,-9.840254201239002
room_acoustic_data_room_0451.mat,3.5,2.2823529411764705,24.78206316254422,26.73432383692672,27.09341825551501,-9.915789853318788
room_acoustic_data_room_0452.mat,3.5,2.2941176470588234,25.2370226913238,27.062065887830332,27.54341105903025,-10.090256232101918
room_acoustic_data_room_0453.mat,3.5,2.3058823529411763,25.534552604532262,27.250300616973174,27.853240894570718,-10.20009226997447
room_acoustic_data_room_0454.mat,3.5,2.3176470588235296,25.677328316863335,27.31918047345286,28.00154991929913,-10.249909302876654
room_acoustic_data_room_0455.mat,3.5,2.3294117647058825,25.671406242408388,27.277793609067338,27.999364075910087,-10.246361585713178
room_acoustic_data_room_0456.mat,3.5,2.3411764705882354,25.534760964628575,27.155528722472717,27.8541521020443,-10.207255318109167
room_acoustic_data_room_0457.mat,3.5,2.3529411764705883,25.24940054923639,26.935716025458632,27.562335986706785,-10.113625009954866
room_acoustic_data_room_0458.mat,3.5,2.364705882352941,24.822429838275262,26.601202328808355,27.137298560387947,-9.970172093737835
room_acoustic_data_room_0459.mat,3.5,2.376470588235294,24.85532916363674,26.658424016574294,27.129629458117638,-10.002911142191627
room_acoustic_data_room_0460.mat,3.5,2.388235294117647,25.367823431696536,27.10645918559003,27.5776610154159,-10.207817648229051
room_acoustic_data_room_0461.mat,3.5,2.4,25.70917587928317,27.40175769908985,27.86840812488663,-10.332486694346724
room_acoustic_data_room_0462.mat,3.5,2.411764705882353,25.886832946868257,27.56217375123053,28.022063275146575,-10.38655877604883
room_acoustic_data_room_0463.mat,3.5,2.4235294117647057,25.922859586422472,27.615825779233187,28.046504428171836,-10.392764104932635
room_acoustic_data_room_0464.mat,3.5,2.4352941176470586,25.814284666505635,27.568425056230495,27.911586810424772,-10.347954669396264
room_acoustic_data_room_0465.mat,3.5,2.447058823529412,25.540831838586687,27.372686718771785,27.623018616406846,-10.230976149302972
room_acoustic_data_room_0466.mat,3.5,2.458823529411765,25.131904159705364,27.062082623565303,27.20638714127196,-10.069149317310247
room_acoustic_data_room_0467.mat,3.5,2.4705882352941178,24.929652549755588,26.912479088486077,26.995987897655414,-9.98483931520165
room_acoustic_data_room_0468.mat,3.5,2.4823529411764707,25.472552658701723,27.35301308420548,27.510319910963958,-10.1877715980359
room_acoustic_data_room_0469.mat,3.5,2.4941176470588236,25.880330647025808,27.64180498886858,27.89871988162989,-10.343770956968834
room_acoustic_data_room_0470.mat,3.5,2.5058823529411764,26.14802959842749,27.82295505215798,28.148376408753567,-10.450507547162239
room_acoustic_data_room_0471.mat,3.5,2.5176470588235293,26.287972688310216,27.929717667828218,28.267856096549373,-10.52119676526978
room_acoustic_data_room_0472.mat,3.5,2.5294117647058822,26.297782054483108,27.970917239889296,28.234586261458624,-10.553405090751886
room_acoustic_data_room_0473.mat,3.5,2.541176470588235,26.182363285552693,27.944595401695857,28.07865030232195,-10.551367876498592
room_acoustic_data_room_0474.mat,3.5,2.552941176470588,25.895323931935856,27.78073337143381,27.748598805548855,-10.467054491752508
room_acoustic_data_room_0475.mat,3.5,2.5647058823529414,25.485072079382963,27.50086417197961,27.323336160013824,-10.324675994038003
room_acoustic_data_room_0476.mat,3.5,2.5764705882352943,26.170282909160534,28.08498843934411,27.8938856490327,-10.633539409587943
room_acoustic_data_room_0477.mat,3.5,2.588235294117647,26.69699994824675,28.518997916336126,28.33860120835828,-10.869657809064748
room_acoustic_data_room_0478.mat,3.5,2.6,27.034406503365865,28.765650108477804,28.636943201830285,-11.005437417386485
room_acoustic_data_room_0479.mat,3.5,2.611764705882353,27.214680725707186,28.9003166455704,28.79337125106676,-11.0743306121081
room_acoustic_data_room_0480.mat,3.5,2.623529411764706,27.258783496632738,28.949782864193917,28.814058923946426,-11.097554827334315
room_acoustic_data_room_0481.mat,3.5,2.635294117647059,27.166800017103256,28.93109958096931,28.71166137932411,-11.075016532370853
room_acoustic_data_room_0482.mat,3.5,2.6470588235294117,26.930624190282117,28.783769036842205,28.487778833533653,-10.997836498752589
room_acoustic_data_room_0483.mat,3.5,2.6588235294117646,26.554363130656917,28.45924344729756,28.17254022224832,-10.867945616646281
room_acoustic_data_room_0484.mat,3.5,2.6705882352941175,26.83264020418011,28.622883786713036,28.477501098243252,-10.980381696340606
room_acoustic_data_room_0485.mat,3.5,2.6823529411764704,27.383160037795996,28.973280243039614,29.039020650873333,-11.197438588014371
room_acoustic_data_room_0486.mat,3.5,2.6941176470588237,27.781651807706048,29.180001048238296,29.472551213747135,-11.351836992501338
room_acoustic_data_room_0487.mat,3.5,2.7058823529411766,28.060251290811916,29.28689046384243,29.776957638336903,-11.477681980250056
room_acoustic_data_room_0488.mat,3.5,2.7176470588235295,28.219370183421553,29.33284789574238,29.948617842677834,-11.576200409578767
room_acoustic_data_room_0489.mat,3.5,2.7294117647058824,28.25154552964124,29.341320361111116,29.96241365144722,-11.640476656140148
room_acoustic_data_room_0490.mat,3.5,2.7411764705882353,28.12214611996918,29.266751096709914,29.802696115984904,-11.636230381539432
room_acoustic_data_room_0491.mat,3.5,2.7529411764705882,27.77578417635719,29.020348219702154,29.457653027405403,-11.507411701272858
room_acoustic_data_room_0492.mat,3.5,2.764705882352941,27.65390408165797,28.870432553093387,29.33377536330491,-11.437600442432299
room_acoustic_data_room_0493.mat,3.5,2.776470588235294,28.305094094066657,29.260495150083035,29.906265220076413,-11.701527944854277
room_acoustic_data_room_0494.mat,3.5,2.788235294117647,28.735246378906176,29.445976311397956,30.302919239169533,-11.837777692219566
room_acoustic_data_room_0495.mat,3.5,2.8,28.970432546341268,29.46563945012783,30.531189077571888,-11.874730294252503
room_acoustic_data_room_0496.mat,3.5,2.8117647058823527,29.04865760710114,29.37437702355681,30.57313502225857,-11.85160915536647
room_acoustic_data_room_0497.mat,3.5,2.823529411764706,28.950361704117753,29.194091321976238,30.441459401508002,-11.750440296085085
room_acoustic_data_room_0498.mat,3.5,2.835294117647059,28.697219048680243,28.96656742591435,30.131500900954148,-11.595195841051886
room_acoustic_data_room_0499.mat,3.5,2.847058823529412,28.226628612114876,28.672493602456694,29.619414116353315,-11.325028707732166
room_acoustic_data_room_0500.mat,3.5,2.8588235294117648,28.601389989808908,28.990918756314613,29.868702367060923,-11.417812731180867
room_acoustic_data_room_0501.mat,3.5,2.8705882352941177,29.270518992527343,29.528115517868947,30.42433741153217,-11.603247700532062
room_acoustic_data_room_0502.mat,3.5,2.8823529411764706,29.708267367746323,29.968696377400374,30.801069910962102,-11.65848520402671
room_acoustic_data_room_0503.mat,3.5,2.8941176470588235,29.94174881324939,30.353463948693236,30.967549144162692,-11.6098869233881
room_acoustic_data_room_0504.mat,3.5,2.9058823529411764,30.00382592227158,30.723757332059005,30.923279207879016,-11.484529507069759
room_acoustic_data_room_0505.mat,3.5,2.9176470588235293,30.770000838325636,31.667368539003526,31.490638600668348,-11.642933044252157
room_acoustic_data_room_0506.mat,3.5,2.929411764705882,31.637719539552958,32.72034496712073,32.11797825210492,-11.830723581025289
room_acoustic_data_room_0507.mat,3.5,2.9411764705882355,32.31589208327097,33.644263399317865,32.55659424749483,-11.925528498140814
room_acoustic_data_room_0508.mat,3.5,2.9529411764705884,32.73200328545415,34.301272441491335,32.81494979238286,-11.85021731189136
room_acoustic_data_room_0509.mat,3.5,2.9647058823529413,32.90624236058249,34.6361931294912,32.94516840840056,-11.61763425270123
room_acoustic_data_room_0510.mat,3.5,2.976470588235294,32.89583515075917,34.68449947449783,32.9946641220659,-11.27558134844439
room_acoustic_data_room_0511.mat,3.5,2.988235294117647,32.75329091793757,34.49930740014072,32.99282745154259,-10.866091171362061
room_acoustic_data_room_0512.mat,3.5,3.0,32.554260778329024,34.19157360894801,32.97453659424917,-10.454305283032728
room_acoustic_data_room_0513.mat,0.0,-0.5,29.927960812566713,31.670246351000074,30.82899839957287,-7.822001490910409
room_acoustic_data_room_0514.mat,0.011764705882352941,-0.5,30.101386456941785,31.93972871198486,30.877864534450595,-8.206588003556712
room_acoustic_data_room_0515.mat,0.023529411764705882,-0.5,30.238453457979354,32.14221623353478,30.906782784566474,-8.608692178994001
room_acoustic_data_room_0516.mat,0.03529411764705882,-0.5,30.304343417099414,32.224607792146415,30.85242550670546,-9.003982142632289
room_acoustic_data_room_0517.mat,0.047058823529411764,-0.5,30.257402745948472,32.11911057302099,30.73393005060282,-9.361253896656018
room_acoustic_data_room_0518.mat,0.058823529411764705,-0.5,30.07952298444888,31.80884719043773,30.53734886927583,-9.671774524083826
room_acoustic_data_room_0519.mat,0.07058823529411765,-0.5,29.6873627673259,31.268464344366315,30.209824221162535,-9.859458983354392
room_acoustic_data_room_0520.mat,0.08235294117647059,-0.5,29.104850276094844,30.55374917640734,29.70526653239329,-9.952720269052678
room_acoustic_data_room_0521.mat,0.09411764705882353,-0.5,28.51240579072499,29.8194749672744,29.283882254487047,-9.98869477424303
room_acoustic_data_room_0522.mat,0.10588235294117647,-0.5,28.5860162555347,29.602685840711082,29.487328907286123,-10.24568298064744
room_acoustic_data_room_0523.mat,0.11764705882352941,-0.5,28.524558174972622,29.34257450386955,29.55474863801413,-10.461801374478117
room_acoustic_data_room_0524.mat,0.12941176470588237,-0.5,28.288457545590337,28.98735704941783,29.435067731940833,-10.60385888070108
room_acoustic_data_room_0525.mat,0.1411764705882353,-0.5,27.842606035524902,28.47440128543162,29.137362906328676,-10.638437036578646
room_acoustic_data_room_0526.mat,0.15294117647058825,-0.5,27.533884152679313,28.099064864636123,29.01139268230324,-10.655197182255039
room_acoustic_data_room_0527.mat,0.16470588235294117,-0.5,27.952500599320036,28.303511289822385,29.571803232411888,-10.871242320854664
room_acoustic_data_room_0528.mat,0.17647058823529413,-0.5,28.182520551133955,28.39668115968953,29.94017789371049,-11.002150563354506
room_acoustic_data_room_0529.mat,0.18823529411764706,-0.5,28.24637183827539,28.415509608768744,30.125860720067998,-11.069042495819037
room_acoustic_data_room_0530.mat,0.2,-0.5,28.177896379917186,28.397231836635047,30.11692962976965,-11.103537131328782
room_acoustic_data_room_0531.mat,0.21176470588235294,-0.5,27.98386006648478,28.316692287326926,29.936093889148623,-11.11054547454697
room_acoustic_data_room_0532.mat,0.2235294117647059,-0.5,27.63150378387751,28.141496072687893,29.57195350426052,-11.05555869937594
room_acoustic_data_room_0533.mat,0.23529411764705882,-0.5,27.100949074770874,27.83384476826474,29.063170109640197,-10.91571211636958
room_acoustic_data_room_0534.mat,0.24705882352941178,-0.5,27.29176861902513,28.021875084828082,29.268208487613737,-11.012256124234769
room_acoustic_data_room_0535.mat,0.25882352941176473,-0.5,27.621117918093027,28.29355164105113,29.615339797184475,-11.127801387881668
room_acoustic_data_room_0536.mat,0.27058823529411763,-0.5,27.78759433678173,28.438458893904848,29.817629529924922,-11.172873677281546
room_acoustic_data_room_0537.mat,0.2823529411764706,-0.5,27.81788741379444,28.478699340983958,29.868261864207962,-11.17439584500454
room_acoustic_data_room_0538.mat,0.29411764705882354,-0.5,27.731086195410583,28.434499804915745,29.784339261736392,-11.15087723909008
room_acoustic_data_room_0539.mat,0.3058823529411765,-0.5,27.538183393218798,28.322853699074933,29.564547535972167,-11.112681391682155
room_acoustic_data_room_0540.mat,0.3176470588235294,-0.5,27.23263878403761,28.103036878717276,29.23153692393344,-11.052457478571956
room_acoustic_data_room_0541.mat,0.32941176470588235,-0.5,26.761184373103177,27.736173691029208,28.757009693497384,-10.915022070349247
room_acoustic_data_room_0542.mat,0.3411764705882353,-0.5,26.557427034270667,27.551003432289498,28.551655050265495,-10.86511228107952
room_acoustic_data_room_0543.mat,0.35294117647058826,-0.5,26.94630265551477,27.81067541846573,28.90440569828168,-11.009545107343845
room_acoustic_data_room_0544.mat,0.36470588235294116,-0.5,27.169503522011734,27.930166438082836,29.119848556545396,-11.075158961765982
room_acoustic_data_room_0545.mat,0.3764705882352941,-0.5,27.259510858547653,27.957561553803288,29.216616390686823,-11.096701736456449
room_acoustic_data_room_0546.mat,0.38823529411764707,-0.5,27.22659803045306,27.92377572542349,29.17105551184358,-11.08532857306065
room_acoustic_data_room_0547.mat,0.4,-0.5,27.083861453802367,27.83213377335133,28.994881966563874,-11.054418659916774
room_acoustic_data_room_0548.mat,0.4117647058823529,-0.5,26.804847398286785,27.662580366450875,28.692218339857284,-10.97734296680991
room_acoustic_data_room_0549.mat,0.4235294117647059,-0.5,26.358232645334926,27.370269004907254,28.26392523493039,-10.821551966286327
room_acoustic_data_room_0550.mat,0.43529411764705883,-0.5,25.70797841058925,26.906537387126864,27.68828275703475,-10.547796671388529
room_acoustic_data_room_0551.mat,0.4470588235294118,-0.5,26.098775216492932,27.16285552592103,28.015351703083816,-10.669530415342333
room_acoustic_data_room_0552.mat,0.4588235294117647,-0.5,26.33949416568267,27.284342454496322,28.219961068384585,-10.707504432291868
room_acoustic_data_room_0553.mat,0.47058823529411764,-0.5,26.41741519403483,27.276955057114073,28.268698096223567,-10.67199828669563
room_acoustic_data_room_0554.mat,0.4823529411764706,-0.5,26.38089304541655,27.189448555983926,28.206371112574598,-10.61299482774592
room_acoustic_data_room_0555.mat,0.49411764705882355,-0.5,26.236805793750584,27.051022717597398,28.047144983584474,-10.538037825198106
room_acoustic_data_room_0556.mat,0.5058823529411764,-0.5,25.970668307569337,26.86350108862461,27.799815763050795,-10.432706721056102
room_acoustic_data_room_0557.mat,0.5176470588235295,-0.5,25.571851939586804,26.564966356647666,27.45182598647089,-10.285504554889766
room_acoustic_data_room_0558.mat,0.5294117647058824,-0.5,25.009596311322024,26.115871161700674,26.98480735581105,-10.063077843545358
room_acoustic_data_room_0559.mat,0.5411764705882353,-0.5,25.137701078697013,26.19548321238932,27.095034410810314,-10.075910975917111
room_acoustic_data_room_0560.mat,0.5529411764705883,-0.5,25.44228855544052,26.41171914529121,27.353972502457733,-10.13317918296657
room_acoustic_data_room_0561.mat,0.5647058823529412,-0.5,25.605391153522636,26.531066516345536,27.501065469475925,-10.13958795907879
room_acoustic_data_room_0562.mat,0.5764705882352941,-0.5,25.64796817945025,26.58194874256722,27.53466085014913,-10.118208503294984
room_acoustic_data_room_0563.mat,0.5882352941176471,-0.5,25.579136267073523,26.564759461145147,27.44829278946229,-10.079051041652885
room_acoustic_data_room_0564.mat,0.6,-0.5,25.39987905987871,26.45679378396959,27.25879565689414,-10.02327972482628
room_acoustic_data_room_0565.mat,0.611764705882353,-0.5,25.09015537175065,26.241741835428382,26.950464642072916,-9.93018352769833
room_acoustic_data_room_0566.mat,0.6235294117647059,-0.5,24.621190974705872,25.87787135274369,26.509130165846383,-9.768785011427761
room_acoustic_data_room_0567.mat,0.6352941176470588,-0.5,24.57562991687248,25.847137155076467,26.43890312899221,-9.723503507327301
room_acoustic_data_room_0568.mat,0.6470588235294118,-0.5,24.918855956254514,26.127611234149406,26.731327590175766,-9.783150487769634
room_acoustic_data_room_0569.mat,0.6588235294117647,-0.5,25.113187522216876,26.27488307334233,26.88718444476299,-9.785718456911674
room_acoustic_data_room_0570.mat,0.6705882352941176,-0.5,25.174370590044713,26.319849032508614,26.92900975679473,-9.74934730913607
room_acoustic_data_room_0571.mat,0.6823529411764706,-0.5,25.1273476958854,26.281587450457483,26.88012399699355,-9.699945568621871
room_acoustic_data_room_0572.mat,0.6941176470588235,-0.5,24.977359949354852,26.18295070171542,26.78357466803442,-9.64291728938978
room_acoustic_data_room_0573.mat,0.7058823529411765,-0.5,24.69289724895953,25.991856826517665,26.57060358486462,-9.546150966460571
room_acoustic_data_room_0574.mat,0.7176470588235294,-0.5,24.264291922333573,25.67326378405894,26.235782167611738,-9.398040905765491
room_acoustic_data_room_0575.mat,0.7294117647058823,-0.5,24.059009232034523,25.507749454870364,26.094292453386778,-9.316618965084574
room_acoustic_data_room_0576.mat,0.7411764705882353,-0.5,24.431962558923207,25.80198821960031,26.43710150715725,-9.381164292277438
room_acoustic_data_room_0577.mat,0.7529411764705882,-0.5,24.6608808418984,25.98328165344711,26.673952558118067,-9.393489420096218
room_acoustic_data_room_0578.mat,0.7647058823529411,-0.5,24.772498773698672,26.074242112024827,26.819885649193612,-9.383053534414874
room_acoustic_data_room_0579.mat,0.7764705882352941,-0.5,24.791692252922783,26.10407656756641,26.895199547209913,-9.375838999920274
room_acoustic_data_room_0580.mat,0.788235294117647,-0.5,24.729214896861237,26.08904382065606,26.899012115900625,-9.382793072462626
room_acoustic_data_room_0581.mat,0.8,-0.5,24.542123107223937,25.971461785142015,26.76909046969297,-9.360452042080672
room_acoustic_data_room_0582.mat,0.8117647058823529,-0.5,24.204184294970634,25.73086239548978,26.474897165173033,-9.280905039365075
room_acoustic_data_room_0583.mat,0.8235294117647058,-0.5,23.847362176504223,25.466393753140977,26.148889686677094,-9.196896194208845
room_acoustic_data_room_0584.mat,0.8352941176470589,-0.5,24.23698879805353,25.881832598875935,26.516484899721057,-9.260665722741212
room_acoustic_data_room_0585.mat,0.8470588235294118,-0.5,24.462353421570945,26.12939453248419,26.749388658880683,-9.250827061318857
room_acoustic_data_room_0586.mat,0.8588235294117647,-0.5,24.57202358174307,26.256998782110912,26.873165499419237,-9.21914503569986
room_acoustic_data_room_0587.mat,0.8705882352941177,-0.5,24.571562331821298,26.3041400236779,26.881392474026796,-9.172583661592004
room_acoustic_data_room_0588.mat,0.8823529411764706,-0.5,24.505078696250795,26.28119945175826,26.803647745530725,-9.155601174931006
room_acoustic_data_room_0589.mat,0.8941176470588236,-0.5,24.318959720785358,26.160749965006996,26.607922281095817,-9.114224542645438
room_acoustic_data_room_0590.mat,0.9058823529411765,-0.5,23.994426785390598,25.908240358366008,26.27347947128301,-9.028305771858262
room_acoustic_data_room_0591.mat,0.9176470588235294,-0.5,23.547085299950602,25.53259339230665,25.815004954721225,-8.910336881116729
room_acoustic_data_room_0592.mat,0.9294117647058824,-0.5,23.8493132442666,25.80509096258652,26.10867109141136,-8.979829764743073
room_acoustic_data_room_0593.mat,0.9411764705882353,-0.5,24.15247044740297,26.08099929744149,26.415517876023852,-9.029642520359385
room_acoustic_data_room_0594.mat,0.9529411764705882,-0.5,24.330529178152563,26.229053616502615,26.611270024710553,-9.04710052443402
room_acoustic_data_room_0595.mat,0.9647058823529412,-0.5,24.39420213159611,26.28511880628125,26.69372555438525,-9.044753737817965
room_acoustic_data_room_0596.mat,0.9764705882352941,-0.5,24.350324742004595,26.273678186267464,26.646566452980274,-9.030054777245489
room_acoustic_data_room_0597.mat,0.9882352941176471,-0.5,24.192130539555322,26.180821914709284,26.46360819308829,-8.996099432026663
room_acoustic_data_room_0598.mat,1.0,-0.5,23.912560245140916,25.988050615825745,26.149625502926988,-8.934789480391155
room_acoustic_data_room_0599.mat,1.011764705882353,-0.5,23.50211835549358,25.66213872732675,25.71106197744303,-8.834030429114009
room_acoustic_data_room_0600.mat,1.0235294117647058,-0.5,23.587433619467447,25.759404878777058,25.786380507546774,-8.853408099891011
room_acoustic_data_room_0601.mat,1.035294117647059,-0.5,23.97713978317336,26.100078507852626,26.16242668196402,-8.968928647773032
room_acoustic_data_room_0602.mat,1.0470588235294118,-0.5,24.233294533919736,26.32048933509239,26.42257591246167,-9.04264161879235
room_acoustic_data_room_0603.mat,1.0588235294117647,-0.5,24.352673406369124,26.429488129960443,26.55185561946865,-9.073655573302306
room_acoustic_data_room_0604.mat,1.0705882352941176,-0.5,24.342098735469293,26.434514077159072,26.53878087830349,-9.069720389109309
room_acoustic_data_room_0605.mat,1.0823529411764705,-0.5,24.196826252418656,26.32868358411396,26.38765651432599,-9.026178771563421
room_acoustic_data_room_0606.mat,1.0941176470588236,-0.5,23.914488789532065,26.09042328250352,26.106439752180094,-8.939917498180304
room_acoustic_data_room_0607.mat,1.1058823529411765,-0.5,23.426230423250875,25.667793273879155,25.63181360365747,-8.739941710261553
room_acoustic_data_room_0608.mat,1.1176470588235294,-0.5,23.2550709549163,25.497851649194182,25.476012342895086,-8.657773073160325
room_acoustic_data_room_0609.mat,1.1294117647058823,-0.5,23.70263504288332,25.83713229082702,25.936097970068765,-8.80796147434453
room_acoustic_data_room_0610.mat,1.1411764705882352,-0.5,24.009202935993574,26.055317860997484,26.247408500136213,-8.9081463689773
room_acoustic_data_room_0611.mat,1.1529411764705881,-0.5,24.1460475189824,26.156650065925213,26.394036142110906,-8.93242355554418
room_acoustic_data_room_0612.mat,1.1647058823529413,-0.5,24.17609639061018,26.193655297806416,26.41796651497429,-8.944949202364427
room_acoustic_data_room_0613.mat,1.1764705882352942,-0.5,24.09253848007169,26.145056412684408,26.308339329994233,-8.939188026830788
room_acoustic_data_room_0614.mat,1.188235294117647,-0.5,23.88799378220698,25.982684109111027,26.080345097113128,-8.907237741819443
room_acoustic_data_room_0615.mat,1.2,-0.5,23.506491399758396,25.670712589268334,25.698787777926558,-8.791359966320808
room_acoustic_data_room_0616.mat,1.2117647058823529,-0.5,23.169127621175125,25.37959042807956,25.37143221587925,-8.687508339777777
room_acoustic_data_room_0617.mat,1.223529411764706,-0.5,23.750473450599223,25.851750877229804,25.92716853753213,-8.948068793060322
room_acoustic_data_room_0618.mat,1.2352941176470589,-0.5,24.157911336221982,26.157936851603914,26.332642411878737,-9.125061594645667
room_acoustic_data_room_0619.mat,1.2470588235294118,-0.5,24.396013107135172,26.321461253135247,26.57686227618918,-9.226357179864836
room_acoustic_data_room_0620.mat,1.2588235294117647,-0.5,24.471774337306044,26.36361501977202,26.654295314042983,-9.260470619219555
room_acoustic_data_room_0621.mat,1.2705882352941176,-0.5,24.413142641778563,26.309392821602575,26.5868815510275,-9.255786446864313
room_acoustic_data_room_0622.mat,1.2823529411764707,-0.5,24.220363049520657,26.14964974603687,26.37277190508893,-9.212196253067638
room_acoustic_data_room_0623.mat,1.2941176470588236,-0.5,23.898161842501963,25.87765706301791,26.04773251365154,-9.132955824214767
room_acoustic_data_room_0624.mat,1.3058823529411765,-0.5,23.400610900628543,25.453645292932286,25.570862186835566,-8.968829009611493
room_acoustic_data_room_0625.mat,1.3176470588235294,-0.5,23.812510607310735,25.80474549871893,25.96405329502709,-9.080118138265805
room_acoustic_data_room_0626.mat,1.3294117647058823,-0.5,24.136784276322775,26.063151784746168,26.28822007317661,-9.15127864500134
room_acoustic_data_room_0627.mat,1.3411764705882352,-0.5,24.306814199542202,26.201056582483023,26.468051237159816,-9.161594922034059
room_acoustic_data_room_0628.mat,1.3529411764705883,-0.5,24.346348102138727,26.247532155960293,26.509642908691834,-9.136648216632308
room_acoustic_data_room_0629.mat,1.3647058823529412,-0.5,24.2764432517864,26.22439833345453,26.415823473933212,-9.098101022261691
room_acoustic_data_room_0630.mat,1.3764705882352941,-0.5,24.08119702321425,26.108552539829823,26.185336717816035,-9.029848241060417
room_acoustic_data_room_0631.mat,1.388235294117647,-0.5,23.760623636374937,25.883326020429,25.830634690624763,-8.930693262168864
room_acoustic_data_room_0632.mat,1.4,-0.5,23.308646959162683,25.522724828561735,25.371483656138665,-8.791653029679537
room_acoustic_data_room_0633.mat,1.411764705882353,-0.5,23.47343665739303,25.69072515925109,25.512560309837756,-8.80238598766809
room_acoustic_data_room_0634.mat,1.423529411764706,-0.5,23.79120983684494,25.96984516843754,25.813811119161166,-8.845865853989478
room_acoustic_data_room_0635.mat,1.4352941176470588,-0.5,23.955307062944847,26.114731819037292,26.000332533632076,-8.828777429257428
room_acoustic_data_room_0636.mat,1.4470588235294117,-0.5,24.003551692095396,26.166730511843515,26.073485262434954,-8.791147823495365
room_acoustic_data_room_0637.mat,1.4588235294117646,-0.5,23.945360686227254,26.12387443323698,26.038728091617035,-8.743194239663815
room_acoustic_data_room_0638.mat,1.4705882352941178,-0.5,23.759653293112464,25.97547467778734,25.866330431910548,-8.663769808740474
room_acoustic_data_room_0639.mat,1.4823529411764707,-0.5,23.45916220294224,25.717541875378544,25.574704703201334,-8.564606948002925
room_acoustic_data_room_0640.mat,1.4941176470588236,-0.5,23.048032015289813,25.33996749430333,25.181157429799473,-8.447287577020546
room_acoustic_data_room_0641.mat,1.5058823529411764,-0.5,23.02122485193829,25.2940605140097,25.16476212030668,-8.42048045391399
room_acoustic_data_room_0642.mat,1.5176470588235293,-0.5,23.371598967570172,25.55627883092476,25.536638938507338,-8.477043756532312
room_acoustic_data_room_0643.mat,1.5294117647058822,-0.5,23.60519871537821,25.724195021898293,25.80074910500105,-8.509315278513004
room_acoustic_data_room_0644.mat,1.5411764705882354,-0.5,23.718945825161835,25.809908506112905,25.934098938960144,-8.516779429897065
room_acoustic_data_room_0645.mat,1.5529411764705883,-0.5,23.72015619284533,25.806509630197453,25.94037564117084,-8.50775237975265
room_acoustic_data_room_0646.mat,1.5647058823529412,-0.5,23.605323460266526,25.7159616391598,25.813233941943135,-8.478793886944088
room_acoustic_data_room_0647.mat,1.576470588235294,-0.5,23.35808712086028,25.511547767378904,25.552294718552552,-8.412743204121215
room_acoustic_data_room_0648.mat,1.588235294117647,-0.5,22.957072927194897,25.168389924030144,25.146906971494705,-8.286022330495957
room_acoustic_data_room_0649.mat,1.6,-0.5,22.70170015814102,24.945571294121276,24.896074838307634,-8.184706368166271
room_acoustic_data_room_0650.mat,1.611764705882353,-0.5,23.068474013605723,25.267016172184846,25.261622441500016,-8.238543774444253
room_acoustic_data_room_0651.mat,1.6235294117647059,-0.5,23.302005969683552,25.44951341424307,25.509739513821216,-8.250657319317463
room_acoustic_data_room_0652.mat,1.6352941176470588,-0.5,23.406917561999716,25.5145400252226,25.63767734865784,-8.228575462383244
room_acoustic_data_room_0653.mat,1.6470588235294117,-0.5,23.407116664559847,25.49423638202015,25.655809654206134,-8.197416908632288
room_acoustic_data_room_0654.mat,1.6588235294117648,-0.5,23.30119423914119,25.402876135259874,25.542892593365785,-8.155975092622704
room_acoustic_data_room_0655.mat,1.6705882352941177,-0.5,23.07425969611799,25.216854024373397,25.308715312385953,-8.088754199157473
room_acoustic_data_room_0656.mat,1.6823529411764706,-0.5,22.706401988989885,24.91210047148551,24.945966427823283,-7.974009659891683
room_acoustic_data_room_0657.mat,1.6941176470588235,-0.5,22.267405333478937,24.533728574282826,24.52425175095959,-7.835623616935592
room_acoustic_data_room_0658.mat,1.7058823529411764,-0.5,22.68497145514786,24.91308847414696,24.936179784723606,-7.919765599642858
room_acoustic_data_room_0659.mat,1.7176470588235293,-0.5,22.962028436215096,25.162359601201313,25.216409796593457,-7.953861793468587
room_acoustic_data_room_0660.mat,1.7294117647058824,-0.5,23.08764396442669,25.27696966876345,25.35855329962866,-7.930287916840259
room_acoustic_data_room_0661.mat,1.7411764705882353,-0.5,23.11599003766338,25.307191616772833,25.388379435518765,-7.904686463314298
room_acoustic_data_room_0662.mat,1.7529411764705882,-0.5,23.05847006918412,25.275464892310705,25.322420265970997,-7.888814284972852
room_acoustic_data_room_0663.mat,1.7647058823529411,-0.5,22.900269052373364,25.171643787081486,25.14184357859378,-7.867419456259731
room_acoustic_data_room_0664.mat,1.776470588235294,-0.5,22.614164178032144,24.972437545829894,24.81449974484174,-7.81175967165424
room_acoustic_data_room_0665.mat,1.7882352941176471,-0.5,22.164454872233623,24.610154816214642,24.33926327178967,-7.682835751225532
room_acoustic_data_room_0666.mat,1.8,-0.5,22.470328912668588,24.891926836219255,24.61577469242009,-7.7551976294769265
room_acoustic_data_room_0667.mat,1.811764705882353,-0.5,22.831138068015658,25.193656788469426,24.96589347718309,-7.8503821716112
room_acoustic_data_room_0668.mat,1.8235294117647058,-0.5,23.072105125526917,25.38695443338053,25.20171144258534,-7.918754813958477
room_acoustic_data_room_0669.mat,1.8352941176470587,-0.5,23.204734694484674,25.48959338968064,25.337017943816306,-7.9735876495730675
room_acoustic_data_room_0670.mat,1.8470588235294119,-0.5,23.221418260409624,25.50373746501328,25.35705718481326,-8.007794446002427
room_acoustic_data_room_0671.mat,1.8588235294117648,-0.5,23.109661008516976,25.41322777129882,25.239110770506414,-8.008604600375941
room_acoustic_data_room_0672.mat,1.8705882352941177,-0.5,22.84765320657701,25.174963572207965,24.969378112215985,-7.952979811050045
room_acoustic_data_room_0673.mat,1.8823529411764706,-0.5,22.459915915636714,24.80209930555606,24.59760290586791,-7.862618225471481
room_acoustic_data_room_0674.mat,1.8941176470588235,-0.5,22.60705391618256,24.897484858516783,24.748517767129123,-7.9207653931044675
room_acoustic_data_room_0675.mat,1.9058823529411764,-0.5,23.025619134656008,25.227261356988052,25.163711417933378,-8.051048041500547
room_acoustic_data_room_0676.mat,1.9176470588235295,-0.5,23.319347054815438,25.45220263403094,25.45753800100229,-8.148699785213
room_acoustic_data_room_0677.mat,1.9294117647058824,-0.5,23.48460400643798,25.585304169617743,25.63290887363161,-8.212225889155848
room_acoustic_data_room_0678.mat,1.9411764705882353,-0.5,23.530374811528688,25.63122184571111,25.691148306904182,-8.251357230181808
room_acoustic_data_room_0679.mat,1.9529411764705882,-0.5,23.450662527098913,25.589989351139494,25.61935655279901,-8.260009891227721
room_acoustic_data_room_0680.mat,1.964705882352941,-0.5,23.24548918499376,25.43729463617973,25.425089975769236,-8.237278361348212
room_acoustic_data_room_0681.mat,1.9764705882352942,-0.5,22.89462121300682,25.13850431228603,25.115194167384203,-8.160596042681261
room_acoustic_data_room_0682.mat,1.988235294117647,-0.5,22.820615524057736,25.05738452211358,25.072351215051928,-8.152527983037363
room_acoustic_data_room_0683.mat,2.0,-0.5,23.2826720803935,25.436860229357954,25.53108496602354,-8.304901730787378
room_acoustic_data_room_0684.mat,2.011764705882353,-0.5,23.595400640073706,25.68483988510154,25.85278609553361,-8.399369982427357
room_acoustic_data_room_0685.mat,2.023529411764706,-0.5,23.76285053933312,25.805120486764945,26.036380242734708,-8.44258106423731
room_acoustic_data_room_0686.mat,2.0352941176470587,-0.5,23.816158940271546,25.845226515771685,26.104943715765394,-8.466711081152367
room_acoustic_data_room_0687.mat,2.0470588235294116,-0.5,23.731647664424965,25.769303068637047,26.042000919757395,-8.448219595756578
room_acoustic_data_room_0688.mat,2.0588235294117645,-0.5,23.510703189516093,25.574683717826723,25.847718688483774,-8.387875903447005
room_acoustic_data_room_0689.mat,2.070588235294118,-0.5,23.15114259580742,25.245192169149355,25.52577497740877,-8.281659818874548
room_acoustic_data_room_0690.mat,2.0823529411764707,-0.5,22.82052750816535,24.923242469954108,25.24299193345478,-8.1837798679863
room_acoustic_data_room_0691.mat,2.0941176470588236,-0.5,23.32649678069103,25.34052867541412,25.737427365793476,-8.36037659817988
room_acoustic_data_room_0692.mat,2.1058823529411765,-0.5,23.661571305358397,25.599248446932176,26.08906201912334,-8.456837018914538
room_acoustic_data_room_0693.mat,2.1176470588235294,-0.5,23.854246720261038,25.753267307741226,26.292460232207482,-8.504770164611864
room_acoustic_data_room_0694.mat,2.1294117647058823,-0.5,23.927168817853183,25.828233902612652,26.352197649617946,-8.528191211295153
room_acoustic_data_room_0695.mat,2.1411764705882352,-0.5,23.874521318973343,25.802853055874667,26.277260271744687,-8.521643980102473
room_acoustic_data_room_0696.mat,2.152941176470588,-0.5,23.681519641609434,25.659183811276144,26.059258324478417,-8.469994718018228
room_acoustic_data_room_0697.mat,2.164705882352941,-0.5,23.360301901281083,25.40082512353438,25.713478548102138,-8.383980649782112
room_acoustic_data_room_0698.mat,2.176470588235294,-0.5,22.885246621348333,24.994645782915033,25.23438854225035,-8.234783126448527
room_acoustic_data_room_0699.mat,2.1882352941176473,-0.5,23.340772594828266,25.38033319648742,25.62572976307937,-8.417495077560154
room_acoustic_data_room_0700.mat,2.2,-0.5,23.771039655524476,25.728362508945878,26.03782775534135,-8.589371091253229
room_acoustic_data_room_0701.mat,2.211764705882353,-0.5,24.038033145133724,25.929558331155214,26.292048508437446,-8.691615230501537
room_acoustic_data_room_0702.mat,2.223529411764706,-0.5,24.165145913102542,26.01060519694712,26.417891015439324,-8.74929899874066
room_acoustic_data_room_0703.mat,2.235294117647059,-0.5,24.1442039330863,25.957604627693932,26.398579362611414,-8.754768973486144
room_acoustic_data_room_0704.mat,2.2470588235294118,-0.5,23.98197794941224,25.772871326001624,26.237286920306907,-8.714602862189354
room_acoustic_data_room_0705.mat,2.2588235294117647,-0.5,23.66984839353144,25.45456183805543,25.952801863790622,-8.619075304675746
room_acoustic_data_room_0706.mat,2.2705882352941176,-0.5,23.212816922953124,25.01313763651845,25.53173131495029,-8.470464150556149
room_acoustic_data_room_0707.mat,2.2823529411764705,-0.5,23.41322250749265,25.163350117504958,25.727716635332243,-8.546950727054444
room_acoustic_data_room_0708.mat,2.2941176470588234,-0.5,23.86243222667282,25.533556969431732,26.16730010660708,-8.715671316387027
room_acoustic_data_room_0709.mat,2.3058823529411763,-0.5,24.171117053256815,25.783391553076818,26.483533848682363,-8.836670457756103
room_acoustic_data_room_0710.mat,2.3176470588235296,-0.5,24.343039461968573,25.9187125658407,26.668239321360407,-8.915649153773982
room_acoustic_data_room_0711.mat,2.3294117647058825,-0.5,24.377791068972638,25.9594652371376,26.709852934191325,-8.95280043300475
room_acoustic_data_room_0712.mat,2.3411764705882354,-0.5,24.28119961910859,25.900005951555546,26.61694084617234,-8.953788252767453
room_acoustic_data_room_0713.mat,2.3529411764705883,-0.5,24.053748193947627,25.733641312307082,26.3940088459675,-8.918127674729265
room_acoustic_data_room_0714.mat,2.364705882352941,-0.5,23.676725405513658,25.424278415458694,26.02510980741613,-8.824710153370946
room_acoustic_data_room_0715.mat,2.376470588235294,-0.5,23.71291385304727,25.467936489120216,26.052626581538647,-8.860320443899905
room_acoustic_data_room_0716.mat,2.388235294117647,-0.5,24.196967926467966,25.89425165303655,26.514406643383197,-9.036827774150915
room_acoustic_data_room_0717.mat,2.4,-0.5,24.534317287442686,26.183729110814653,26.84233155310697,-9.157573125291018
room_acoustic_data_room_0718.mat,2.411764705882353,-0.5,24.739635444457043,26.347541985666854,27.048464349347825,-9.23943263100906
room_acoustic_data_room_0719.mat,2.4235294117647057,-0.5,24.82225738838428,26.413087173216013,27.125844470082228,-9.292413204516345
room_acoustic_data_room_0720.mat,2.4352941176470586,-0.5,24.756670211211528,26.36931722651608,27.045038498046225,-9.290826526289235
room_acoustic_data_room_0721.mat,2.447058823529412,-0.5,24.559779294357437,26.229393612956603,26.830916725818096,-9.25069153306574
room_acoustic_data_room_0722.mat,2.458823529411765,-0.5,24.214009631078426,25.94435397606139,26.478990152379716,-9.15232805346237
room_acoustic_data_room_0723.mat,2.4705882352941178,-0.5,24.049675119654342,25.81029809918838,26.30229253321801,-9.102971614046764
room_acoustic_data_room_0724.mat,2.4823529411764707,-0.5,24.553014968540097,26.24153734096,26.769331007976316,-9.266468058286916
room_acoustic_data_room_0725.mat,2.4941176470588236,-0.5,24.92745153006939,26.54592518106929,27.124848893091304,-9.389291137649536
room_acoustic_data_room_0726.mat,2.5058823529411764,-0.5,25.173876047822233,26.75003670382061,27.343388438522997,-9.474921489516989
room_acoustic_data_room_0727.mat,2.5176470588235293,-0.5,25.293187569658908,26.8681884588161,27.425303367407736,-9.525115161152
room_acoustic_data_room_0728.mat,2.5294117647058822,-0.5,25.283714107185396,26.908966555101586,27.369190496350818,-9.53811978444137
room_acoustic_data_room_0729.mat,2.541176470588235,-0.5,25.118905044990157,26.83041142343474,27.17563975499627,-9.486705205798797
room_acoustic_data_room_0730.mat,2.552941176470588,-0.5,24.81380436413739,26.619025989117123,26.841557938571277,-9.384284946641344
room_acoustic_data_room_0731.mat,2.5647058823529414,-0.5,24.40182258644739,26.294943873218664,26.416594035892015,-9.241556442434277
room_acoustic_data_room_0732.mat,2.5764705882352943,-0.5,24.974346528860792,26.80672295999212,26.896437371173107,-9.437776908054365
room_acoustic_data_room_0733.mat,2.588235294117647,-0.5,25.404714363873108,27.175823489803076,27.26806213072164,-9.577498606967003
room_acoustic_data_room_0734.mat,2.6,-0.5,25.698416275574925,27.417935238580895,27.5122594561083,-9.669465538406957
room_acoustic_data_room_0735.mat,2.611764705882353,-0.5,25.85283859133137,27.540023165302742,27.631387344728637,-9.712365595116816
room_acoustic_data_room_0736.mat,2.623529411764706,-0.5,25.865636545829318,27.547680459356407,27.615496650778553,-9.704127226080136
room_acoustic_data_room_0737.mat,2.635294117647059,-0.5,25.741039063365932,27.446440210876446,27.467247133201713,-9.64880331444543
room_acoustic_data_room_0738.mat,2.6470588235294117,-0.5,25.471777934931545,27.206881598616675,27.19892736184405,-9.538340775354449
room_acoustic_data_room_0739.mat,2.6588235294117646,-0.5,25.044096323133157,26.803156488571563,26.8198217256015,-9.356781193894522
room_acoustic_data_room_0740.mat,2.6705882352941175,-0.5,25.25772615733905,26.894443475433228,27.038911668525756,-9.405904650834659
room_acoustic_data_room_0741.mat,2.6823529411764704,-0.5,25.718056523051583,27.160667253269246,27.49677389415178,-9.532557884785444
room_acoustic_data_room_0742.mat,2.6941176470588237,-0.5,26.04064710355331,27.32443677784172,27.823922733448295,-9.610735104232575
room_acoustic_data_room_0743.mat,2.7058823529411766,-0.5,26.240967266149617,27.409076069613842,28.017396926952358,-9.657803335304537
room_acoustic_data_room_0744.mat,2.7176470588235295,-0.5,26.351533801121462,27.436306238781533,28.114613667843216,-9.707014643193409
room_acoustic_data_room_0745.mat,2.7294117647058824,-0.5,26.32454246550877,27.383727202091123,28.061401149797668,-9.711040637292394
room_acoustic_data_room_0746.mat,2.7411764705882353,-0.5,26.144196090412045,27.246709225744013,27.86249995241329,-9.654403091307627
room_acoustic_data_room_0747.mat,2.7529411764705882,-0.5,25.79454534111665,27.006019828783067,27.525953568721988,-9.520538454308902
room_acoustic_data_room_0748.mat,2.764705882352941,-0.5,25.649516471784363,26.889440676234003,27.39674846121474,-9.442996690633853
room_acoustic_data_room_0749.mat,2.776470588235294,-0.5,26.178308538815436,27.267485089762292,27.893776156594555,-9.583999936756259
room_acoustic_data_room_0750.mat,2.788235294117647,-0.5,26.5217242824448,27.491567827107033,28.202108795197223,-9.632595404240242
room_acoustic_data_room_0751.mat,2.8,-0.5,26.68879847033444,27.591849697708387,28.342563759086367,-9.600321156134916
room_acoustic_data_room_0752.mat,2.8117647058823527,-0.5,26.757299509082223,27.631303044827295,28.360723464275097,-9.566372620565533
room_acoustic_data_room_0753.mat,2.823529411764706,-0.5,26.731477834906762,27.63648692290996,28.263297313184456,-9.53675589433228
room_acoustic_data_room_0754.mat,2.835294117647059,-0.5,26.589752062869717,27.57716874186926,28.04418883113486,-9.49228451726954
room_acoustic_data_room_0755.mat,2.847058823529412,-0.5,26.278334883773145,27.3743868437803,27.660194703140185,-9.380939649440386
room_acoustic_data_room_0756.mat,2.8588235294117648,-0.5,26.639002861565302,27.749008986070358,27.901420342034292,-9.457132926356175
room_acoustic_data_room_0757.mat,2.8705882352941177,-0.5,27.254307154622282,28.3266501537407,28.409243915551293,-9.58817153822295
room_acoustic_data_room_0758.mat,2.8823529411764706,-0.5,27.652521717616043,28.75819956564374,28.75315298924747,-9.603803849701645
room_acoustic_data_room_0759.mat,2.8941176470588235,-0.5,27.82973743067341,29.09293885581056,28.900041760361898,-9.499223629138129
room_acoustic_data_room_0760.mat,2.9058823529411764,-0.5,27.819246385473726,29.361190921757125,28.845329791846698,-9.301830846838454
room_acoustic_data_room_0761.mat,2.9176470588235293,-0.5,28.430287864243763,30.15588097997064,29.33929979195903,-9.29125074774731
room_acoustic_data_room_0762.mat,2.929411764705882,-0.5,29.06327565163445,31.002043596338765,29.808274570074982,-9.244357726089973
room_acoustic_data_room_0763.mat,2.9411764705882355,-0.5,29.479296377252254,31.64132334731454,30.11234973034818,-9.07754314029994
room_acoustic_data_room_0764.mat,2.9529411764705884,-0.5,29.737483959633852,32.07311829995302,30.301152353647996,-8.845244788205333
room_acoustic_data_room_0765.mat,2.9647058823529413,-0.5,29.88978046404744,32.30834243808301,30.42256615347384,-8.591924680593706
room_acoustic_data_room_0766.mat,2.976470588235294,-0.5,29.910565424761252,32.33047895857762,30.471896270925992,-8.282389796138823
room_acoustic_data_room_0767.mat,2.988235294117647,-0.5,29.859911518690126,32.20949892219254,30.488807474187457,-7.96610814629007
room_acoustic_data_room_0768.mat,3.0,-0.5,29.75309534889403,31.997807061405247,30.48376968336222,-7.647756967933137
room_acoustic_data_room_0769.mat,0.0,3.5,30.534462987129704,33.31915467147088,30.971722050100325,-8.428257019265212
room_acoustic_data_room_0770.mat,0.011764705882352941,3.5,30.75177387817768,33.7314766625523,31.041079861865168,-8.856623671435699
room_acoustic_data_room_0771.mat,0.023529411764705882,3.5,30.940658925090418,34.066969234548445,31.10777759256793,-9.310399756797608
room_acoustic_data_room_0772.mat,0.03529411764705882,3.5,31.065122973862927,34.2535093022975,31.15321794206324,-9.76407324381743
room_acoustic_data_room_0773.mat,0.047058823529411764,3.5,31.083115612137227,34.2168094430155,31.159240060929637,-10.186049837439683
room_acoustic_data_room_0774.mat,0.058823529411764705,3.5,30.903272485269508,33.83004002889529,31.07642236313555,-10.494362775175265
room_acoustic_data_room_0775.mat,0.07058823529411765,3.5,30.46217461781501,33.10003272954785,30.837652126631983,-10.632888518508777
room_acoustic_data_room_0776.mat,0.08235294117647059,3.5,29.830972770865536,32.18719804348059,30.427189654452256,-10.677310173366628
room_acoustic_data_room_0777.mat,0.09411764705882353,3.5,29.227532080873914,31.31911356629542,30.021181285995553,-10.704093553011699
room_acoustic_data_room_0778.mat,0.10588235294117647,3.5,29.18068111845846,30.95048378588148,30.121359093392787,-10.840630401602318
room_acoustic_data_room_0779.mat,0.11764705882352941,3.5,28.965728844906895,30.529594572277233,30.020428136355655,-10.903186982416672
room_acoustic_data_room_0780.mat,0.12941176470588237,3.5,28.54755164434872,30.00948912850212,29.735133209994938,-10.862892897521926
room_acoustic_data_room_0781.mat,0.1411764705882353,3.5,27.914827451821157,29.355524746297682,29.27313210084561,-10.709956854347872
room_acoustic_data_room_0782.mat,0.15294117647058825,3.5,27.44891145466348,28.860763661838487,28.982147958661276,-10.569582255838153
room_acoustic_data_room_0783.mat,0.16470588235294117,3.5,27.763754510394307,28.968888802620043,29.40749614471654,-10.681777020974737
room_acoustic_data_room_0784.mat,0.17647058823529413,3.5,27.889154250505925,28.98765451545527,29.62644003609878,-10.70791528369475
room_acoustic_data_room_0785.mat,0.18823529411764706,3.5,27.890139061849723,28.96215375923722,29.680273472941572,-10.711783705640121
room_acoustic_data_room_0786.mat,0.2,3.5,27.79843921075273,28.933114620940707,29.601463469389778,-10.723029290134075
room_acoustic_data_room_0787.mat,0.21176470588235294,3.5,27.61669072797978,28.896305113710245,29.385509112752324,-10.742597170949509
room_acoustic_data_room_0788.mat,0.2235294117647059,3.5,27.30493166577558,28.715676657410604,29.017410073473428,-10.728894370738843
room_acoustic_data_room_0789.mat,0.23529411764705882,3.5,26.846078647876112,28.379580514158885,28.537932529870147,-10.661858252567189
room_acoustic_data_room_0790.mat,0.24705882352941178,3.5,27.02386771336542,28.539711311892134,28.680938332482672,-10.7458047685964
room_acoustic_data_room_0791.mat,0.25882352941176473,3.5,27.267892507504797,28.735948748539894,28.907966254082083,-10.775413967375522
room_acoustic_data_room_0792.mat,0.27058823529411763,3.5,27.347247397417416,28.801451974702342,28.99339030490651,-10.73313938946497
room_acoustic_data_room_0793.mat,0.2823529411764706,3.5,27.30605819279838,28.796251379497185,28.960725112023276,-10.663232195997686
room_acoustic_data_room_0794.mat,0.29411764705882354,3.5,27.13866414735382,28.71332057469802,28.788264365362714,-10.559324527856695
room_acoustic_data_room_0795.mat,0.3058823529411765,3.5,26.884327273652325,28.57592156916104,28.513210988559386,-10.459945826739666
room_acoustic_data_room_0796.mat,0.3176470588235294,3.5,26.504295635612518,28.319808000129044,28.110721167512946,-10.325468512124074
room_acoustic_data_room_0797.mat,0.32941176470588235,3.5,25.9946497005815,27.918182341036196,27.604884856983528,-10.150023550598908
room_acoustic_data_room_0798.mat,0.3411764705882353,3.5,25.762511597871868,27.71416318238879,27.3891895959065,-10.069549341461016
room_acoustic_data_room_0799.mat,0.35294117647058826,3.5,26.118228532009404,27.98307075251688,27.730933243318162,-10.181156421369595
room_acoustic_data_room_0800.mat,0.36470588235294116,3.5,26.34897962741167,28.132070568643435,27.959381217791748,-10.25452953373736
room_acoustic_data_room_0801.mat,0.3764705882352941,3.5,26.473311488727663,28.18835736338633,28.075723753054778,-10.310481115373697
room_acoustic_data_room_0802.mat,0.38823529411764707,3.5,26.473873534001182,28.158341393707154,28.05679195931957,-10.33254217124604
room_acoustic_data_room_0803.mat,0.4,3.5,26.36009984027161,28.04051003364426,27.910311015708746,-10.330438061140711
room_acoustic_data_room_0804.mat,0.4117647058823529,3.5,26.138954826550084,27.830853254562573,27.659457511933798,-10.310988531385288
room_acoustic_data_room_0805.mat,0.4235294117647059,3.5,25.792975519084376,27.513047647123265,27.296913585301994,-10.25556818234686
room_acoustic_data_room_0806.mat,0.43529411764705883,3.5,25.264392103957963,27.02608329121858,26.795690914968798,-10.103293655321522
room_acoustic_data_room_0807.mat,0.4470588235294118,3.5,25.699229436367787,27.344490960893516,27.185757347928895,-10.272054214800281
room_acoustic_data_room_0808.mat,0.4588235294117647,3.5,25.99601778763531,27.537588718474353,27.48123694738556,-10.36618562076011
room_acoustic_data_room_0809.mat,0.47058823529411764,3.5,26.163374141610216,27.620366520752487,27.669388753383608,-10.420201488043748
room_acoustic_data_room_0810.mat,0.4823529411764706,3.5,26.202442332751417,27.614026644072126,27.737769907768715,-10.436925202287473
room_acoustic_data_room_0811.mat,0.49411764705882355,3.5,26.120052757148123,27.531528370049244,27.687831454347688,-10.423867345369498
room_acoustic_data_room_0812.mat,0.5058823529411764,3.5,25.9275353805193,27.375881806788776,27.52347814781674,-10.392394161626617
room_acoustic_data_room_0813.mat,0.5176470588235295,3.5,25.605978519549417,27.12865493233746,27.24087164010917,-10.32266376944204
room_acoustic_data_room_0814.mat,0.5294117647058824,3.5,25.115982143586315,26.749224984198182,26.841684206941906,-10.172609083076505
room_acoustic_data_room_0815.mat,0.5411764705882353,3.5,25.329015366380418,26.91980840572195,27.074895817688382,-10.265161003787831
room_acoustic_data_room_0816.mat,0.5529411764705883,3.5,25.72518003647665,27.22901560999442,27.480184872993277,-10.414512148595316
room_acoustic_data_room_0817.mat,0.5647058823529412,3.5,25.972539901472587,27.41316325930031,27.773960256525413,-10.505638179923881
room_acoustic_data_room_0818.mat,0.5764705882352941,3.5,26.095611157066564,27.491864191080904,27.948675426740287,-10.565117416508985
room_acoustic_data_room_0819.mat,0.5882352941176471,3.5,26.09736801244688,27.484952846337308,27.989274050087793,-10.596803690892763
room_acoustic_data_room_0820.mat,0.6,3.5,25.97002451676428,27.391106001630785,27.902846767676927,-10.593102641372909
room_acoustic_data_room_0821.mat,0.611764705882353,3.5,25.713651902699986,27.20357953324026,27.692748970118263,-10.55343942274262
room_acoustic_data_room_0822.mat,0.6235294117647059,3.5,25.289954707783803,26.862827155970606,27.341308505491643,-10.437342034878714
room_acoustic_data_room_0823.mat,0.6352941176470588,3.5,25.320059654469485,26.88551818157147,27.402778173304647,-10.46794283446787
room_acoustic_data_room_0824.mat,0.6470588235294118,3.5,25.77914761402361,27.254659656504934,27.866268295607448,-10.643477699921908
room_acoustic_data_room_0825.mat,0.6588235294117647,3.5,26.07789147928502,27.484088969733257,28.193898092166133,-10.750457287879293
room_acoustic_data_room_0826.mat,0.6705882352941176,3.5,26.22322112725034,27.588781978644583,28.384693147294705,-10.798220355463775
room_acoustic_data_room_0827.mat,0.6823529411764706,3.5,26.236545781776705,27.606541729892868,28.44209845112949,-10.809151033998281
room_acoustic_data_room_0828.mat,0.6941176470588235,3.5,26.113073935777443,27.528772925375947,28.351553345562785,-10.778625311669096
room_acoustic_data_room_0829.mat,0.7058823529411765,3.5,25.85411599663393,27.328264953379183,28.132959737351925,-10.70735402313537
room_acoustic_data_room_0830.mat,0.7176470588235294,3.5,25.44198088705256,26.985007436284786,27.769324677726694,-10.575708408707499
room_acoustic_data_room_0831.mat,0.7294117647058823,3.5,25.275433368722982,26.82768748262799,27.63354396104312,-10.533079911859941
room_acoustic_data_room_0832.mat,0.7411764705882353,3.5,25.79045062032155,27.23912699358928,28.127425589774447,-10.739676939651728
room_acoustic_data_room_0833.mat,0.7529411764705882,3.5,26.14110219393619,27.50359495140802,28.481569034654793,-10.873726541840991
room_acoustic_data_room_0834.mat,0.7647058823529411,3.5,26.343122137625766,27.639038985724184,28.70770860955367,-10.953686607338947
room_acoustic_data_room_0835.mat,0.7764705882352941,3.5,26.419628325861222,27.6928122861589,28.796620447467156,-11.003780814011774
room_acoustic_data_room_0836.mat,0.788235294117647,3.5,26.37720992207281,27.663708440069335,28.762952172989955,-11.03079136665071
room_acoustic_data_room_0837.mat,0.8,3.5,26.20978509331071,27.550979569618512,28.59337893049068,-11.028115830718141
room_acoustic_data_room_0838.mat,0.8117647058823529,3.5,25.886206190783998,27.301743064878544,28.280339856528297,-10.962927905211577
room_acoustic_data_room_0839.mat,0.8235294117647058,3.5,25.503390361450414,26.990281389713658,27.927784175738676,-10.852926036781657
room_acoustic_data_room_0840.mat,0.8352941176470589,3.5,26.07798451260664,27.46092551789042,28.44170081334614,-11.101662359568746
room_acoustic_data_room_0841.mat,0.8470588235294118,3.5,26.462845776995234,27.756987439540474,28.798946683124555,-11.251319872330505
room_acoustic_data_room_0842.mat,0.8588235294117647,3.5,26.683670311477663,27.924907391957756,29.005703361469955,-11.330791905554205
room_acoustic_data_room_0843.mat,0.8705882352941177,3.5,26.757441425843904,27.982614396005097,29.06744788217893,-11.358462660903959
room_acoustic_data_room_0844.mat,0.8823529411764706,3.5,26.70330290854871,27.9686402701167,28.97446986641185,-11.35382509894079
room_acoustic_data_room_0845.mat,0.8941176470588236,3.5,26.51016318149425,27.867645446147744,28.740431232277306,-11.30542754260742
room_acoustic_data_room_0846.mat,0.9058823529411765,3.5,26.167824880940707,27.626921188680292,28.379478875147832,-11.201703246224469
room_acoustic_data_room_0847.mat,0.9176470588235294,3.5,25.667423461876858,27.23243555089017,27.890657876381763,-11.03067427016424
room_acoustic_data_room_0848.mat,0.9294117647058824,3.5,25.986259276145873,27.529918701763968,28.156184925935758,-11.116774873339821
room_acoustic_data_room_0849.mat,0.9411764705882353,3.5,26.317370090477034,27.83075085487717,28.44859307104972,-11.194541096462451
room_acoustic_data_room_0850.mat,0.9529411764705882,3.5,26.52618778078022,28.020238705423615,28.623327347065562,-11.242757924873512
room_acoustic_data_room_0851.mat,0.9647058823529412,3.5,26.616581640581064,28.131132750206227,28.680881940843577,-11.267131917532796
room_acoustic_data_room_0852.mat,0.9764705882352941,3.5,26.58357677562335,28.154299655941696,28.607648668525215,-11.263305362410529
room_acoustic_data_room_0853.mat,0.9882352941176471,3.5,26.429760460895523,28.0909479405225,28.406454593835036,-11.233727793805494
room_acoustic_data_room_0854.mat,1.0,3.5,26.158865240958015,27.92581189841702,28.09630343763656,-11.181092814311997
room_acoustic_data_room_0855.mat,1.011764705882353,3.5,25.732755535042898,27.603894058420767,27.65495093246784,-11.064665854172125
room_acoustic_data_room_0856.mat,1.0235294117647058,3.5,25.845374237116474,27.73193655753081,27.729656883290264,-11.111346866125682
room_acoustic_data_room_0857.mat,1.035294117647059,3.5,26.2402084885006,28.06665356503446,28.10417294906693,-11.231995425008625
room_acoustic_data_room_0858.mat,1.0470588235294118,3.5,26.43662628585957,28.21447315862095,28.308013592394566,-11.245971375880643
room_acoustic_data_room_0859.mat,1.0588235294117647,3.5,26.484595273994174,28.23118909330194,28.383714708462197,-11.205575388057884
room_acoustic_data_room_0860.mat,1.0705882352941176,3.5,26.410078216395917,28.14979516110531,28.333998044141183,-11.13769776686351
room_acoustic_data_room_0861.mat,1.0823529411764705,3.5,26.213689848675834,27.981708643201767,28.156832608063198,-11.04304022165608
room_acoustic_data_room_0862.mat,1.0941176470588236,3.5,25.88675032599305,27.704156320152734,27.84485071997947,-10.912176853109703
room_acoustic_data_room_0863.mat,1.1058823529411765,3.5,25.417760924681666,27.289879389819838,27.4163204956869,-10.731470003103247
room_acoustic_data_room_0864.mat,1.1176470588235294,3.5,25.24426749147157,27.116043805730712,27.279493003780097,-10.646967363339325
room_acoustic_data_room_0865.mat,1.1294117647058823,3.5,25.657288261187926,27.441141108594707,27.700929796023203,-10.762612433869489
room_acoustic_data_room_0866.mat,1.1411764705882352,3.5,25.95035726762024,27.65457499190657,27.998731762891804,-10.849298436916657
room_acoustic_data_room_0867.mat,1.1529411764705881,3.5,26.109438183676406,27.759240233987956,28.165252449114302,-10.895811957563913
room_acoustic_data_room_0868.mat,1.1647058823529413,3.5,26.15106188260494,27.777565088575503,28.204176282669987,-10.919912437220617
room_acoustic_data_room_0869.mat,1.1764705882352942,3.5,26.067788542174007,27.72210087753696,28.101669741216952,-10.91443584113474
room_acoustic_data_room_0870.mat,1.188235294117647,3.5,25.85420114357509,27.570533631218225,27.866378456764053,-10.873442868601465
room_acoustic_data_room_0871.mat,1.2,3.5,25.485307538646403,27.273520172805313,27.49622152233192,-10.77017388821892
room_acoustic_data_room_0872.mat,1.2117647058823529,3.5,25.141976850554165,26.9681943238379,27.17980787802153,-10.66035534324558
room_acoustic_data_room_0873.mat,1.223529411764706,3.5,25.660712519466248,27.40202430067503,27.655463610506466,-10.858305664006613
room_acoustic_data_room_0874.mat,1.2352941176470589,3.5,25.997852233774132,27.66800706498783,27.96794451494258,-10.965000325935732
room_acoustic_data_room_0875.mat,1.2470588235294118,3.5,26.166984652731223,27.78398988105614,28.126146953957956,-10.997326593001915
room_acoustic_data_room_0876.mat,1.2588235294117647,3.5,26.204338922308175,27.80338988572609,28.15513662699488,-10.99303310630319
room_acoustic_data_room_0877.mat,1.2705882352941176,3.5,26.106628400828214,27.748981728051923,28.037231100515456,-10.94927014246555
room_acoustic_data_room_0878.mat,1.2823529411764707,3.5,25.870775674548085,27.59221302607021,27.78441926622977,-10.862606848972069
room_acoustic_data_room_0879.mat,1.2941176470588236,3.5,25.481383034019892,27.303734218583774,27.398659101835587,-10.716175021179001
room_acoustic_data_room_0880.mat,1.3058823529411765,3.5,24.92849442765641,26.855550631301753,26.885777178535054,-10.496710577232491
room_acoustic_data_room_0881.mat,1.3176470588235294,3.5,25.36355434688914,27.231306321813143,27.270983624420886,-10.631159913650665
room_acoustic_data_room_0882.mat,1.3294117647058823,3.5,25.73606263965711,27.519188515649336,27.61850296382253,-10.750555087855666
room_acoustic_data_room_0883.mat,1.3411764705882352,3.5,25.98697047409974,27.705896931216373,27.864478098753168,-10.841749318653944
room_acoustic_data_room_0884.mat,1.3529411764705883,3.5,26.105889943127835,27.81177953495928,27.98831443108491,-10.89618821983417
room_acoustic_data_room_0885.mat,1.3647058823529412,3.5,26.085237792751702,27.824821746637628,27.97196820560074,-10.906893762439063
room_acoustic_data_room_0886.mat,1.3764705882352941,3.5,25.915948774743654,27.73587312031114,27.796084144407637,-10.864598225515286
room_acoustic_data_room_0887.mat,1.388235294117647,3.5,25.589537763239928,27.522969732574133,27.469109445467215,-10.759605652695754
room_acoustic_data_room_0888.mat,1.4,3.5,25.100764753427107,27.162330402367015,26.992821697471342,-10.583769115704095
room_acoustic_data_room_0889.mat,1.411764705882353,3.5,25.378533045033763,27.413535661379044,27.23149997135223,-10.707480647650813
room_acoustic_data_room_0890.mat,1.423529411764706,3.5,25.82952221045174,27.762977256882834,27.636561083298933,-10.884176540841324
room_acoustic_data_room_0891.mat,1.4352941176470588,3.5,26.121874781296334,27.963312378930638,27.910173195141393,-10.995343498297526
room_acoustic_data_room_0892.mat,1.4470588235294117,3.5,26.261438390983468,28.045563399299958,28.039106065924088,-11.049032906097871
room_acoustic_data_room_0893.mat,1.4588235294117646,3.5,26.268236820058732,28.044221835906985,28.033354395538304,-11.066068785177068
room_acoustic_data_room_0894.mat,1.4705882352941178,3.5,26.136315305034028,27.945912949971742,27.89598392641547,-11.040430255117455
room_acoustic_data_room_0895.mat,1.4823529411764707,3.5,25.85576083631214,27.722050280828803,27.622174209448307,-10.961204033685195
room_acoustic_data_room_0896.mat,1.4941176470588236,3.5,25.42305401418579,27.36343458461372,27.21266922621881,-10.822308041545243
room_acoustic_data_room_0897.mat,1.5058823529411764,3.5,25.429651714310836,27.347101199409526,27.234447129685265,-10.8289057523002
room_acoustic_data_room_0898.mat,1.5176470588235293,3.5,25.903424384515695,27.698381100843758,27.713767907496702,-11.008867643074378
room_acoustic_data_room_0899.mat,1.5294117647058822,3.5,26.22248524889462,27.900818850162153,28.06193429174844,-11.126600310601024
room_acoustic_data_room_0900.mat,1.5411764705882354,3.5,26.38710221289064,27.9977799607634,28.26350730045807,-11.184934339893228
room_acoustic_data_room_0901.mat,1.5529411764705883,3.5,26.41950035435475,28.017138405969213,28.315261607910433,-11.207095081456227
room_acoustic_data_room_0902.mat,1.5647058823529412,3.5,26.324933794507803,27.962136256539026,28.236267469908434,-11.198402773435578
room_acoustic_data_room_0903.mat,1.576470588235294,3.5,26.08291979521323,27.79125509801313,28.000649055088445,-11.137574437177875
room_acoustic_data_room_0904.mat,1.588235294117647,3.5,25.658214829022505,27.45414615244286,27.599933238763477,-10.987162792292452
room_acoustic_data_room_0905.mat,1.6,3.5,25.402284398064452,27.243747581902696,27.35363097222033,-10.885289141582042
room_acoustic_data_room_0906.mat,1.611764705882353,3.5,25.878059489273454,27.610950745666635,27.785419502927855,-11.048127812301502
room_acoustic_data_room_0907.mat,1.6235294117647059,3.5,26.196976986451244,27.82860036698517,28.093203144368037,-11.145626922128656
room_acoustic_data_room_0908.mat,1.6352941176470588,3.5,26.38722808985095,27.95536773576723,28.301694918656146,-11.208884594873423
room_acoustic_data_room_0909.mat,1.6470588235294117,3.5,26.44433245259343,28.000456566413597,28.3818940988969,-11.234631314294148
room_acoustic_data_room_0910.mat,1.6588235294117648,3.5,26.367526020484,27.94966456396905,28.32269844216761,-11.222305498911869
room_acoustic_data_room_0911.mat,1.6705882352941177,3.5,26.14418667736192,27.785312679748102,28.120433357199296,-11.158679807249158
room_acoustic_data_room_0912.mat,1.6823529411764706,3.5,25.75709146193377,27.471872693775477,27.759155551616903,-11.024697756589346
room_acoustic_data_room_0913.mat,1.6941176470588235,3.5,25.281141624794014,27.070957589598017,27.338229672720047,-10.849358518347085
room_acoustic_data_room_0914.mat,1.7058823529411764,3.5,25.831064431396893,27.519738112945433,27.874141974889376,-11.065857214083836
room_acoustic_data_room_0915.mat,1.7176470588235293,3.5,26.22383597848049,27.824671445747,28.281114339837178,-11.21566799739586
room_acoustic_data_room_0916.mat,1.7294117647058824,3.5,26.461637681365428,28.002827844067205,28.54917551956738,-11.304280314021366
room_acoustic_data_room_0917.mat,1.7411764705882353,3.5,26.549386472185915,28.084757468686007,28.658539038955077,-11.338081591487105
room_acoustic_data_room_0918.mat,1.7529411764705882,3.5,26.51803740717987,28.09194275126977,28.62904628860263,-11.348380324767241
room_acoustic_data_room_0919.mat,1.7647058823529411,3.5,26.355620951638258,28.014018219294258,28.44790897009558,-11.322770060396616
room_acoustic_data_room_0920.mat,1.776470588235294,3.5,26.03888782274176,27.793537751929392,28.12816030708492,-11.23648201958826
room_acoustic_data_room_0921.mat,1.7882352941176471,3.5,25.548333075743148,27.40691316715859,27.660692730990732,-11.06671265189303
room_acoustic_data_room_0922.mat,1.8,3.5,25.919807378223226,27.70028032225657,28.01625690590558,-11.204674821377106
room_acoustic_data_room_0923.mat,1.811764705882353,3.5,26.32577171799533,28.010155290707136,28.42255188380893,-11.345014572178565
room_acoustic_data_room_0924.mat,1.8235294117647058,3.5,26.565690263725795,28.201088875379252,28.682536397233044,-11.41233872214504
room_acoustic_data_room_0925.mat,1.8352941176470587,3.5,26.653291310200448,28.271319645754108,28.80133425606256,-11.422143049488637
room_acoustic_data_room_0926.mat,1.8470588235294119,3.5,26.59944831376391,28.232582881246117,28.772237848333376,-11.385823292353674
room_acoustic_data_room_0927.mat,1.8588235294117648,3.5,26.410892533611346,28.090375396222,28.597634441531994,-11.309834921840729
room_acoustic_data_room_0928.mat,1.8705882352941177,3.5,26.07273342621263,27.821489985668684,28.277538289230826,-11.178058825157784
room_acoustic_data_room_0929.mat,1.8823529411764706,3.5,25.561426454867767,27.39169088498693,27.80123925754905,-10.964127552135302
room_acoustic_data_room_0930.mat,1.8941176470588235,3.5,25.665048116269986,27.457424208352556,27.916060735713423,-10.9787583936245
room_acoustic_data_room_0931.mat,1.9058823529411764,3.5,26.0911195305262,27.77079375451941,28.35277320863558,-11.11654725708168
room_acoustic_data_room_0932.mat,1.9176470588235295,3.5,26.364481830743568,27.948753998065623,28.64051173726374,-11.193833394176105
room_acoustic_data_room_0933.mat,1.9294117647058824,3.5,26.4983839373099,28.028946988878637,28.773886931779103,-11.22600465988414
room_acoustic_data_room_0934.mat,1.9411764705882353,3.5,26.504456798219344,28.02096409911981,28.770631079962463,-11.225438056540467
room_acoustic_data_room_0935.mat,1.9529411764705882,3.5,26.38550915287801,27.899523651758983,28.641497018920315,-11.19485534913668
room_acoustic_data_room_0936.mat,1.964705882352941,3.5,26.112680023157623,27.65611543231364,28.362582591450778,-11.104468016574511
room_acoustic_data_room_0937.mat,1.9764705882352942,3.5,25.672427195556985,27.26677533373053,27.929280187019604,-10.93840081954413
room_acoustic_data_room_0938.mat,1.988235294117647,3.5,25.56531347710184,27.147783602005457,27.827512127811616,-10.897224700590861
room_acoustic_data_room_0939.mat,2.0,3.5,26.098493368242018,27.537702703956448,28.32916796775823,-11.120721782203766
room_acoustic_data_room_0940.mat,2.011764705882353,3.5,26.448491890949064,27.781683783758332,28.66628561972313,-11.252459987012912
room_acoustic_data_room_0941.mat,2.023529411764706,3.5,26.62909743849324,27.892330016026726,28.842833517568494,-11.308826697514782
room_acoustic_data_room_0942.mat,2.0352941176470587,3.5,26.655608671710638,27.88314960548042,28.85543432040126,-11.3061595165316
room_acoustic_data_room_0943.mat,2.0470588235294116,3.5,26.525417766279734,27.769357853257493,28.714566955278094,-11.241988360096972
room_acoustic_data_room_0944.mat,2.0588235294117645,3.5,26.24623280191289,27.561101508216236,28.44870562737507,-11.123404125144429
room_acoustic_data_room_0945.mat,2.070588235294118,3.5,25.790066188950437,27.201153761753663,28.037862595285517,-10.920581956123188
room_acoustic_data_room_0946.mat,2.0823529411764707,3.5,25.345925624334864,26.82288813039014,27.629284520411566,-10.709176440061663
room_acoustic_data_room_0947.mat,2.0941176470588236,3.5,25.848468197294295,27.253396823790638,28.08172969864549,-10.882346423929015
room_acoustic_data_room_0948.mat,2.1058823529411765,3.5,26.18937576426829,27.527676757841377,28.37065322041397,-10.984639827219638
room_acoustic_data_room_0949.mat,2.1176470588235294,3.5,26.37607322463822,27.68671372311083,28.52083695684385,-11.026594944806371
room_acoustic_data_room_0950.mat,2.1294117647058823,3.5,26.444798972564925,27.747444411940023,28.552109036778734,-11.045819553496031
room_acoustic_data_room_0951.mat,2.1411764705882352,3.5,26.38984122252632,27.714695583601767,28.47492365093688,-11.036961967399193
room_acoustic_data_room_0952.mat,2.152941176470588,3.5,26.20402601912376,27.593045485262042,28.277942753617165,-10.992499059969393
room_acoustic_data_room_0953.mat,2.164705882352941,3.5,25.837921793783927,27.318801963436602,27.914798421621313,-10.861598372269833
room_acoustic_data_room_0954.mat,2.176470588235294,3.5,25.2618580088918,26.85781745155619,27.40180322494245,-10.611392195105884
room_acoustic_data_room_0955.mat,2.1882352941176473,3.5,25.706272320360316,27.249021787793804,27.823360867947606,-10.782992379692327
room_acoustic_data_room_0956.mat,2.2,3.5,26.09731276826277,27.582745965785715,28.218028815058,-10.915641651440968
room_acoustic_data_room_0957.mat,2.211764705882353,3.5,26.321440710461594,27.768426065265697,28.463342375987445,-10.975020100850001
room_acoustic_data_room_0958.mat,2.223529411764706,3.5,26.38466713325254,27.81082170746312,28.544207311509865,-10.96881736809504
room_acoustic_data_room_0959.mat,2.235294117647059,3.5,26.319263726870208,27.78154827544103,28.48766669184878,-10.929825747643847
room_acoustic_data_room_0960.mat,2.2470588235294118,3.5,26.0948173299615,27.628559498547588,28.265473875088997,-10.827439042693566
room_acoustic_data_room_0961.mat,2.2588235294117647,3.5,25.71168047407708,27.32888925125735,27.898955652942202,-10.660903995792701
room_acoustic_data_room_0962.mat,2.2705882352941176,3.5,25.1590329088097,26.864807148073005,27.384466083940467,-10.416676551981897
room_acoustic_data_room_0963.mat,2.2823529411764705,3.5,25.317942641870413,27.006773732537678,27.534733052763627,-10.451667156663886
room_acoustic_data_room_0964.mat,2.2941176470588234,3.5,25.722763681541075,27.348382245859703,27.915639979872363,-10.575998907212563
room_acoustic_data_room_0965.mat,2.3058823529411763,3.5,25.980188776256433,27.554378137817746,28.159664976106107,-10.64573815581731
room_acoustic_data_room_0966.mat,2.3176470588235296,3.5,26.090029493149277,27.641485768963197,28.273586661439317,-10.662634990982331
room_acoustic_data_room_0967.mat,2.3294117647058825,3.5,26.08362158144745,27.646536235530927,28.269762362434637,-10.658626553396198
room_acoustic_data_room_0968.mat,2.3411764705882354,3.5,25.946602397136292,27.555373935580384,28.14996885037003,-10.619186353607455
room_acoustic_data_room_0969.mat,2.3529411764705883,3.5,25.644059061041435,27.329073055598307,27.873624756768706,-10.508433344641734
room_acoustic_data_room_0970.mat,2.364705882352941,3.5,25.168694651908194,26.94871050853777,27.44791910710689,-10.31667309846059
room_acoustic_data_room_0971.mat,2.376470588235294,3.5,25.165677572266066,26.96158203579287,27.44521320288163,-10.313078070692308
room_acoustic_data_room_0972.mat,2.388235294117647,3.5,25.675062352026604,27.405716512525906,27.90898773129216,-10.51491364449464
room_acoustic_data_room_0973.mat,2.4,3.5,26.008999819058417,27.694121242709105,28.23056433381089,-10.632241466135735
room_acoustic_data_room_0974.mat,2.411764705882353,3.5,26.173580756104368,27.82727543443749,28.404852139091194,-10.673351842880292
room_acoustic_data_room_0975.mat,2.4235294117647057,3.5,26.185165440031653,27.83867639223683,28.427503044636737,-10.655271875264686
room_acoustic_data_room_0976.mat,2.4352941176470586,3.5,26.049197511592034,27.75614941213913,28.296723273663318,-10.583262278024447
room_acoustic_data_room_0977.mat,2.447058823529412,3.5,25.762928011217056,27.54764830597399,28.03055973312357,-10.453677975127658
room_acoustic_data_room_0978.mat,2.458823529411765,3.5,25.326780574374823,27.194149443814936,27.62638366114463,-10.264827128873913
room_acoustic_data_room_0979.mat,2.4705882352941178,3.5,25.10870512112403,27.006604873054478,27.41245304710926,-10.162180275832478
room_acoustic_data_room_0980.mat,2.4823529411764707,3.5,25.657424952952947,27.469527384882294,27.91005937498415,-10.371045453880367
room_acoustic_data_room_0981.mat,2.4941176470588236,3.5,26.04066653092324,27.79722480234417,28.25966025721916,-10.502630585499247
room_acoustic_data_room_0982.mat,2.5058823529411764,3.5,26.28475291267271,28.012801356075435,28.474577326740935,-10.585847505896337
room_acoustic_data_room_0983.mat,2.5176470588235293,3.5,26.38182935533132,28.12235013457059,28.550000442092227,-10.613705640337056
room_acoustic_data_room_0984.mat,2.5294117647058822,3.5,26.3510841019312,28.136973920953498,28.500368658260257,-10.605327037921906
room_acoustic_data_room_0985.mat,2.541176470588235,3.5,26.195558291045412,28.044684010637525,28.323195165967086,-10.563090503316035
room_acoustic_data_room_0986.mat,2.552941176470588,3.5,25.909364372807886,27.850297888538364,28.02819553026964,-10.47949049488657
room_acoustic_data_room_0987.mat,2.5647058823529414,3.5,25.460946769832486,27.506898430103103,27.59115325184236,-10.30186326608298
room_acoustic_data_room_0988.mat,2.5764705882352943,3.5,26.055429494617165,28.001590620444784,28.10931099949731,-10.51974735731476
room_acoustic_data_room_0989.mat,2.588235294117647,3.5,26.494302951744405,28.355137958550735,28.48175432324239,-10.667673261809698
room_acoustic_data_room_0990.mat,2.6,3.5,26.783747239376318,28.566382435325302,28.730924692664757,-10.75505396941872
room_acoustic_data_room_0991.mat,2.611764705882353,3.5,26.937954918953025,28.677012314151785,28.85060664132306,-10.797328942202203
room_acoustic_data_room_0992.mat,2.623529411764706,3.5,26.963330430990446,28.690685001933648,28.838089638860367,-10.801092281710181
room_acoustic_data_room_0993.mat,2.635294117647059,3.5,26.866453043301938,28.61445748402723,28.721825129020374,-10.772644561760107
room_acoustic_data_room_0994.mat,2.6470588235294117,3.5,26.628029990321128,28.418332305018,28.48759988225354,-10.69180050389299
room_acoustic_data_room_0995.mat,2.6588235294117646,3.5,26.2367490045188,28.072890083168772,28.135736452316667,-10.544951964694997
room_acoustic_data_room_0996.mat,2.6705882352941175,3.5,26.472845263157577,28.218464877905657,28.335263202882683,-10.626389804960482
room_acoustic_data_room_0997.mat,2.6823529411764704,3.5,26.99130739918764,28.58072182103037,28.821986711925604,-10.810732505438832
room_acoustic_data_room_0998.mat,2.6941176470588237,3.5,27.376752194356207,28.825752297940916,29.191463992953967,-10.950765711834205
room_acoustic_data_room_0999.mat,2.7058823529411766,3.5,27.649092697074895,28.969131941333806,29.45117380190141,-11.068285111765173
room_acoustic_data_room_1000.mat,2.7176470588235295,3.5,27.799679398078155,29.023751407486497,29.609028900795956,-11.15543599434786
room_acoustic_data_room_1001.mat,2.7294117647058824,3.5,27.8206474755535,29.005373496890993,29.617005908978342,-11.205000820981759
room_acoustic_data_room_1002.mat,2.7411764705882353,3.5,27.663985322052863,28.84632908673889,29.437598028116035,-11.169607417604112
room_acoustic_data_room_1003.mat,2.7529411764705882,3.5,27.346885600301306,28.55273625990208,29.113094065283516,-11.066306923286852
room_acoustic_data_room_1004.mat,2.764705882352941,3.5,27.209048310495476,28.34395593091484,28.96685274403137,-11.02653001644374
room_acoustic_data_room_1005.mat,2.776470588235294,3.5,27.8594623638519,28.656606012746447,29.495550506024376,-11.285601818317728
room_acoustic_data_room_1006.mat,2.788235294117647,3.5,28.299701488581587,28.764313880206124,29.847769753198236,-11.427915322938816
room_acoustic_data_room_1007.mat,2.8,3.5,28.563228221690483,28.74419142083406,30.020037299964258,-11.490018802613786
room_acoustic_data_room_1008.mat,2.8117647058823527,3.5,28.675429800447475,28.626724879528705,30.01155606526838,-11.499077495577003
room_acoustic_data_room_1009.mat,2.823529411764706,3.5,28.67191781395963,28.492480709568824,29.868087065787314,-11.492522938236586
room_acoustic_data_room_1010.mat,2.835294117647059,3.5,28.490002877649783,28.340908646162436,29.602016207898558,-11.40981352057902
room_acoustic_data_room_1011.mat,2.847058823529412,3.5,28.0939547113693,28.152837354597168,29.18152568741889,-11.216439324039662
room_acoustic_data_room_1012.mat,2.8588235294117648,3.5,28.598704419354345,28.51295916476481,29.48894879214192,-11.392420103047975
room_acoustic_data_room_1013.mat,2.8705882352941177,3.5,29.309518267902167,29.05542225317025,30.038746168002785,-11.623479686359453
room_acoustic_data_room_1014.mat,2.8823529411764706,3.5,29.73689403450766,29.504570967222257,30.388747249922673,-11.673233297105096
room_acoustic_data_room_1015.mat,2.8941176470588235,3.5,29.949630232992554,29.948295757571074,30.553603894671816,-11.608770934744673
room_acoustic_data_room_1016.mat,2.9058823529411764,3.5,30.010670405761996,30.409889463017173,30.540210519042894,-11.486673167439939
room_acoustic_data_room_1017.mat,2.9176470588235293,3.5,30.81897260567285,31.398517936965902,31.12484301171009,-11.666545114138682
room_acoustic_data_room_1018.mat,2.929411764705882,3.5,31.714565545416598,32.47866963877196,31.767769884775188,-11.886517109982524
room_acoustic_data_room_1019.mat,2.9411764705882355,3.5,32.3990612757305,33.42317153859058,32.253438888395074,-11.991251660669555
room_acoustic_data_room_1020.mat,2.9529411764705884,3.5,32.80347140218174,34.10762980871358,32.55885088685548,-11.907304123326911
room_acoustic_data_room_1021.mat,2.9647058823529413,3.5,32.9783693503217,34.48666132612003,32.747334894775605,-11.678009826144846
room_acoustic_data_room_1022.mat,2.976470588235294,3.5,32.95669911217743,34.58299948546644,32.846137778702634,-11.326948042614047
room_acoustic_data_room_1023.mat,2.988235294117647,3.5,32.79843712060625,34.436124952511584,32.87890991340443,-10.903651658155225
room_acoustic_data_room_1024.mat,3.0,3.5,32.585609888307005,34.15150877133111,32.88700450846018,-10.479663843241278
room_acoustic_data_room_1025.mat,-1.0,0.0,29.882188086559232,31.619241977706537,30.776936181212044,-7.683474697754549
room_acoustic_data_room_1026.mat,-1.0,0.011764705882352941,30.055963327331607,31.887721288574102,30.818454379427152,-8.039098195198568
room_acoustic_data_room_1027.mat,-1.0,0.023529411764705882,30.20448742137743,32.1053567967807,30.855686509722375,-8.416233814006679
room_acoustic_data_room_1028.mat,-1.0,0.03529411764705882,30.30015293955488,32.22849183168992,30.83193830147714,-8.797586984183118
room_acoustic_data_room_1029.mat,-1.0,0.047058823529411764,30.314679577771063,32.201530625330975,30.74020170209638,-9.166246791046355
room_acoustic_data_room_1030.mat,-1.0,0.058823529411764705,30.20472032232083,31.946401855686723,30.556314637866194,-9.490763685552498
room_acoustic_data_room_1031.mat,-1.0,0.07058823529411765,29.93664267822401,31.485204868978435,30.27482186673277,-9.749212453339805
room_acoustic_data_room_1032.mat,-1.0,0.08235294117647059,29.45412407444347,30.800139233041843,29.831938566259776,-9.896028816992557
room_acoustic_data_room_1033.mat,-1.0,0.09411764705882353,28.75678668005781,29.97295310440785,29.262421167922014,-9.94000042057199
room_acoustic_data_room_1034.mat,-1.0,0.10588235294117647,28.515008875666435,29.491742289830384,29.16315053350987,-10.093143416589964
room_acoustic_data_room_1035.mat,-1.0,0.11764705882352941,28.449973631966323,29.151126737385262,29.182217152564668,-10.28954056672735
room_acoustic_data_room_1036.mat,-1.0,0.12941176470588237,28.207309021496904,28.696131895806506,28.978042793996956,-10.421996605052788
room_acoustic_data_room_1037.mat,-1.0,0.1411764705882353,27.74698065301395,28.15751186858876,28.663915765876524,-10.452980240038485
room_acoustic_data_room_1038.mat,-1.0,0.15294117647058825,27.2746710693259,27.667697719235072,28.369178006889864,-10.41937771278917
room_acoustic_data_room_1039.mat,-1.0,0.16470588235294117,27.66749210525452,27.81485723868564,28.877155240302514,-10.583317526761423
room_acoustic_data_room_1040.mat,-1.0,0.17647058823529413,27.846340335744515,27.862772685335344,29.190528578658235,-10.64797565781457
room_acoustic_data_room_1041.mat,-1.0,0.18823529411764706,27.84389536649521,27.823757208278288,29.295561811288863,-10.641206837070317
room_acoustic_data_room_1042.mat,-1.0,0.2,27.733838275488786,27.768928145348717,29.24461556101004,-10.631140828051596
room_acoustic_data_room_1043.mat,-1.0,0.21176470588235294,27.546417244446168,27.698741708984738,29.079531161462988,-10.643832285953598
room_acoustic_data_room_1044.mat,-1.0,0.2235294117647059,27.21494219602883,27.537523577745958,28.77358509342187,-10.609591268152608
room_acoustic_data_room_1045.mat,-1.0,0.23529411764705882,26.744105895202182,27.265592792699454,28.318749973225657,-10.529703258232463
room_acoustic_data_room_1046.mat,-1.0,0.24705882352941178,26.940715615835668,27.464426733443666,28.511100113542934,-10.639355169461753
room_acoustic_data_room_1047.mat,-1.0,0.25882352941176473,27.27035951996024,27.739869236575984,28.857458596609785,-10.754065139681773
room_acoustic_data_room_1048.mat,-1.0,0.27058823529411763,27.427667997394728,27.868664656704347,29.048128181832556,-10.788692830246173
room_acoustic_data_room_1049.mat,-1.0,0.2823529411764706,27.468823695878534,27.90187635856967,29.129448726518817,-10.799977542809682
room_acoustic_data_room_1050.mat,-1.0,0.29411764705882354,27.409910508948062,27.890105106973472,29.09279515425696,-10.803733099795807
room_acoustic_data_room_1051.mat,-1.0,0.3058823529411765,27.240737118478386,27.80862975234895,28.920478624890546,-10.789386212157604
room_acoustic_data_room_1052.mat,-1.0,0.3176470588235294,26.94917005304425,27.61962890653585,28.61612530058761,-10.744143387146185
room_acoustic_data_room_1053.mat,-1.0,0.32941176470588235,26.531743530916035,27.32649563838409,28.247502005476104,-10.662640517716273
room_acoustic_data_room_1054.mat,-1.0,0.3411764705882353,26.288552398826926,27.121548512444974,28.017247242213653,-10.578995494208321
room_acoustic_data_room_1055.mat,-1.0,0.35294117647058826,26.59239269126743,27.326181870387856,28.289603898509007,-10.63539900359217
room_acoustic_data_room_1056.mat,-1.0,0.36470588235294116,26.72461804615072,27.38481972596173,28.41449518567813,-10.607885755107722
room_acoustic_data_room_1057.mat,-1.0,0.3764705882352941,26.729122047880388,27.348030213640357,28.42733904080766,-10.542480889505004
room_acoustic_data_room_1058.mat,-1.0,0.38823529411764707,26.666469785043788,27.290316452319722,28.39324287693824,-10.500532346742899
room_acoustic_data_room_1059.mat,-1.0,0.4,26.512177173344252,27.18625873122631,28.26178334810416,-10.457839679728538
room_acoustic_data_room_1060.mat,-1.0,0.4117647058823529,26.266477223323097,27.026622021885206,28.03939254612883,-10.41457141718549
room_acoustic_data_room_1061.mat,-1.0,0.4235294117647059,25.904749113837276,26.79980557775557,27.735872623884944,-10.345056573995775
room_acoustic_data_room_1062.mat,-1.0,0.43529411764705883,25.41285262196347,26.461768911157513,27.366788047533657,-10.232103837153481
room_acoustic_data_room_1063.mat,-1.0,0.4470588235294118,25.718866263774117,26.676994303670263,27.60503601576901,-10.27292375252517
room_acoustic_data_room_1064.mat,-1.0,0.4588235294117647,25.914784596685067,26.79769932661397,27.778198023859133,-10.26419405009971
room_acoustic_data_room_1065.mat,-1.0,0.47058823529411764,25.978160131004987,26.82353519876377,27.84729741264333,-10.213105478757601
room_acoustic_data_room_1066.mat,-1.0,0.4823529411764706,25.95534938517477,26.792827075226505,27.855772230492146,-10.16766488220907
room_acoustic_data_room_1067.mat,-1.0,0.49411764705882355,25.855461401165588,26.709991752405106,27.78289364538741,-10.137618122547359
room_acoustic_data_room_1068.mat,-1.0,0.5058823529411764,25.64310176695454,26.544852735732945,27.59620194869024,-10.08756802725201
room_acoustic_data_room_1069.mat,-1.0,0.5176470588235295,25.315550482122898,26.280159594024187,27.324990723029853,-10.013815847965198
room_acoustic_data_room_1070.mat,-1.0,0.5294117647058824,24.86646980794239,25.945605083684946,26.992777659205952,-9.907267992025547
room_acoustic_data_room_1071.mat,-1.0,0.5411764705882353,24.95988194886587,26.044131028854732,27.09019945599821,-9.873656319494728
room_acoustic_data_room_1072.mat,-1.0,0.5529411764705883,25.179152428227102,26.252234914181596,27.317193787342987,-9.844909654424544
room_acoustic_data_room_1073.mat,-1.0,0.5647058823529412,25.29589262975093,26.380240774455935,27.46921896406688,-9.80482073943589
room_acoustic_data_room_1074.mat,-1.0,0.5764705882352941,25.318614817366573,26.435168823680467,27.533704862026998,-9.763874720282061
room_acoustic_data_room_1075.mat,-1.0,0.5882352941176471,25.254873156889207,26.426532345061933,27.49103331250722,-9.730479215693437
room_acoustic_data_room_1076.mat,-1.0,0.6,25.118228095848963,26.39276592232301,27.374292980872646,-9.7184329301965
room_acoustic_data_room_1077.mat,-1.0,0.611764705882353,24.873187087314633,26.268141774579064,27.130417623350517,-9.691682640815873
room_acoustic_data_room_1078.mat,-1.0,0.6235294117647059,24.52756606099467,26.035285021847066,26.802094141427396,-9.655927883857224
room_acoustic_data_room_1079.mat,-1.0,0.6352941176470588,24.561894903416373,26.089844250631245,26.832699815525988,-9.690019491239125
room_acoustic_data_room_1080.mat,-1.0,0.6470588235294118,24.945249327310975,26.424024392771383,27.19783609453813,-9.787797412584508
room_acoustic_data_room_1081.mat,-1.0,0.6588235294117647,25.186260271446088,26.63039231398451,27.4642410541335,-9.835729946118668
room_acoustic_data_room_1082.mat,-1.0,0.6705882352941176,25.30796769189527,26.741866852483245,27.601937866492243,-9.859223581515812
room_acoustic_data_room_1083.mat,-1.0,0.6823529411764706,25.32396509999667,26.765648325009582,27.61787853238775,-9.872805432327356
room_acoustic_data_room_1084.mat,-1.0,0.6941176470588235,25.242046208297523,26.699772227648246,27.553090491595945,-9.884441185644219
room_acoustic_data_room_1085.mat,-1.0,0.7058823529411765,25.038659932720492,26.5103098125101,27.39693570404983,-9.87002988255402
room_acoustic_data_room_1086.mat,-1.0,0.7176470588235294,24.690679012017327,26.200740718464004,27.11799779982707,-9.804556604461363
room_acoustic_data_room_1087.mat,-1.0,0.7294117647058823,24.525688061838338,26.03874503232793,26.98075810700449,-9.764358019599065
room_acoustic_data_room_1088.mat,-1.0,0.7411764705882353,24.930445384794577,26.374720383422527,27.347354136215884,-9.858420462759373
room_acoustic_data_room_1089.mat,-1.0,0.7529411764705882,25.194470398410303,26.589639414690836,27.607332837673738,-9.904303694573327
room_acoustic_data_room_1090.mat,-1.0,0.7647058823529411,25.338994368342025,26.71142181375224,27.769463026170868,-9.925925471533883
room_acoustic_data_room_1091.mat,-1.0,0.7764705882352941,25.402888406142154,26.775781389913607,27.858461486773372,-9.963207430716094
room_acoustic_data_room_1092.mat,-1.0,0.788235294117647,25.39074359359325,26.78575355278622,27.852223951470194,-10.0209151705558
room_acoustic_data_room_1093.mat,-1.0,0.8,25.25740726897926,26.69529591573795,27.72597967324726,-10.05340966940465
room_acoustic_data_room_1094.mat,-1.0,0.8117647058823529,24.984989255799444,26.463156084946405,27.480657816818983,-10.041177697773023
room_acoustic_data_room_1095.mat,-1.0,0.8235294117647058,24.66962897800922,26.15412885561223,27.2014685873409,-10.00104800762623
room_acoustic_data_room_1096.mat,-1.0,0.8352941176470589,25.082800431863333,26.495333494807674,27.583785534974638,-10.08588114157643
room_acoustic_data_room_1097.mat,-1.0,0.8470588235294118,25.311486884605323,26.67533368811811,27.820558743852114,-10.07760699871949
room_acoustic_data_room_1098.mat,-1.0,0.8588235294117647,25.433749327132613,26.75556237108353,27.96396684783955,-10.057471752664298
room_acoustic_data_room_1099.mat,-1.0,0.8705882352941177,25.48140248574557,26.765451735306733,28.040409591621156,-10.058637989117884
room_acoustic_data_room_1100.mat,-1.0,0.8823529411764706,25.45483958702427,26.730302868585845,28.03651105803251,-10.081813683154536
room_acoustic_data_room_1101.mat,-1.0,0.8941176470588236,25.32317634340995,26.61919409985787,27.914448030921427,-10.095769810656881
room_acoustic_data_room_1102.mat,-1.0,0.9058823529411765,25.010271290957476,26.378695564234093,27.60406694583005,-10.023046177296443
room_acoustic_data_room_1103.mat,-1.0,0.9176470588235294,24.52894237565102,25.990319186183584,27.12740257138445,-9.873381376286098
room_acoustic_data_room_1104.mat,-1.0,0.9294117647058824,24.82356326396527,26.268084164658877,27.405302077341297,-9.934127502080447
room_acoustic_data_room_1105.mat,-1.0,0.9411764705882353,25.14439368306953,26.55437516812299,27.703253456739837,-9.999645624801296
room_acoustic_data_room_1106.mat,-1.0,0.9529411764705882,25.343613167974986,26.7375172187157,27.890207727351584,-10.03701144030587
room_acoustic_data_room_1107.mat,-1.0,0.9647058823529412,25.427160835342143,26.82850525848449,27.964098344132115,-10.053961623396335
room_acoustic_data_room_1108.mat,-1.0,0.9764705882352941,25.405958329655963,26.83824018094024,27.931300901347957,-10.06199252881827
room_acoustic_data_room_1109.mat,-1.0,0.9882352941176471,25.272805235228823,26.75950366113231,27.780818239681146,-10.05376224506353
room_acoustic_data_room_1110.mat,-1.0,1.0,24.999963186837498,26.56722790493355,27.491324567974132,-10.000530645474967
room_acoustic_data_room_1111.mat,-1.0,1.011764705882353,24.560113254009053,26.228869549271487,27.045861623042175,-9.872419986797755
room_acoustic_data_room_1112.mat,-1.0,1.0235294117647058,24.64126197511264,26.308027102403415,27.113901354345586,-9.887824912471997
room_acoustic_data_room_1113.mat,-1.0,1.035294117647059,25.01628267671296,26.60529911724319,27.484351284824378,-9.986507420541265
room_acoustic_data_room_1114.mat,-1.0,1.0470588235294118,25.236271220899873,26.757695028484907,27.702878722350018,-10.02260555895559
room_acoustic_data_room_1115.mat,-1.0,1.0588235294117647,25.307456572405652,26.793128483265004,27.773835733613463,-10.004663215658624
room_acoustic_data_room_1116.mat,-1.0,1.0705882352941176,25.229292837736406,26.720574549134955,27.693403759627387,-9.933020703164168
room_acoustic_data_room_1117.mat,-1.0,1.0823529411764705,25.035835117657147,26.571622538250136,27.482190419438737,-9.84180114960996
room_acoustic_data_room_1118.mat,-1.0,1.0941176470588236,24.702546198529042,26.32160199914825,27.140504886616764,-9.705740639959462
room_acoustic_data_room_1119.mat,-1.0,1.1058823529411765,24.226344960729215,25.938775150601142,26.659375404931765,-9.519654525967704
room_acoustic_data_room_1120.mat,-1.0,1.1176470588235294,24.025785402284278,25.76006210209927,26.46150948716099,-9.40950489086463
room_acoustic_data_room_1121.mat,-1.0,1.1294117647058823,24.379874323986037,26.032268458442967,26.827748421070197,-9.463921803608578
room_acoustic_data_room_1122.mat,-1.0,1.1411764705882352,24.638169388367793,26.222724586816994,27.11605269168674,-9.514215996255606
room_acoustic_data_room_1123.mat,-1.0,1.1529411764705881,24.76045608701124,26.31134757115757,27.262611403590064,-9.5230035631447
room_acoustic_data_room_1124.mat,-1.0,1.1647058823529413,24.764541866999217,26.319674253635924,27.27644159208982,-9.50928896708078
room_acoustic_data_room_1125.mat,-1.0,1.1764705882352942,24.646084595519223,26.248029838623967,27.16106064029362,-9.468978564572891
room_acoustic_data_room_1126.mat,-1.0,1.188235294117647,24.414652825094322,26.094306130274006,26.917051172082445,-9.411120112147227
room_acoustic_data_room_1127.mat,-1.0,1.2,24.0557102286467,25.817314952821157,26.548923049709728,-9.319432345939848
room_acoustic_data_room_1128.mat,-1.0,1.2117647058823529,23.713544902023056,25.536996024026543,26.19473744412051,-9.213289787458752
room_acoustic_data_room_1129.mat,-1.0,1.223529411764706,24.12310859131607,25.893476031407925,26.584136873277053,-9.299673503980907
room_acoustic_data_room_1130.mat,-1.0,1.2352941176470589,24.381108627867313,26.096196414715006,26.846889212247763,-9.325475195269435
room_acoustic_data_room_1131.mat,-1.0,1.2470588235294118,24.481736630313623,26.14766591163578,26.950895521696438,-9.288218395483787
room_acoustic_data_room_1132.mat,-1.0,1.2588235294117647,24.47787560176872,26.11604195175604,26.933279148533526,-9.24229059886487
room_acoustic_data_room_1133.mat,-1.0,1.2705882352941176,24.369439481978464,26.01133939624472,26.804049834926786,-9.188015374520848
room_acoustic_data_room_1134.mat,-1.0,1.2823529411764707,24.157331130461692,25.832823693309514,26.58818698028054,-9.125929570540467
room_acoustic_data_room_1135.mat,-1.0,1.2941176470588236,23.824016034175003,25.562694412388733,26.25264450929681,-9.037033446287042
room_acoustic_data_room_1136.mat,-1.0,1.3058823529411765,23.34421004676959,25.16805623380003,25.772171447179723,-8.892736579724327
room_acoustic_data_room_1137.mat,-1.0,1.3176470588235294,23.707760786389418,25.504676554481524,26.133051857083366,-8.954553516973153
room_acoustic_data_room_1138.mat,-1.0,1.3294117647058823,23.96867536552505,25.73413565176516,26.398318096656794,-8.960500366386931
room_acoustic_data_room_1139.mat,-1.0,1.3411764705882352,24.104924544391793,25.865711469088488,26.541067301161153,-8.935834001290747
room_acoustic_data_room_1140.mat,-1.0,1.3529411764705883,24.152396316555397,25.952959383981792,26.579651061295117,-8.91828123928849
room_acoustic_data_room_1141.mat,-1.0,1.3647058823529412,24.106378981626207,25.971153683552124,26.519487453094094,-8.90371674500029
room_acoustic_data_room_1142.mat,-1.0,1.3764705882352941,23.96673850181061,25.91359444570521,26.355638339116215,-8.89178424975072
room_acoustic_data_room_1143.mat,-1.0,1.388235294117647,23.698140729935314,25.735281193872158,26.060436402380557,-8.845926559644107
room_acoustic_data_room_1144.mat,-1.0,1.4,23.274249240056804,25.408894830239625,25.624865695485525,-8.73688612431389
room_acoustic_data_room_1145.mat,-1.0,1.411764705882353,23.491463235164982,25.628032760535966,25.81911850460672,-8.799735509234058
room_acoustic_data_room_1146.mat,-1.0,1.423529411764706,23.834211121216185,25.929639295507528,26.14984778890944,-8.866265598511283
room_acoustic_data_room_1147.mat,-1.0,1.4352941176470588,24.04115387047614,26.10075458878161,26.345058961984588,-8.890726494094958
room_acoustic_data_room_1148.mat,-1.0,1.4470588235294117,24.117597563916604,26.1629378641494,26.41065868645635,-8.880657972054424
room_acoustic_data_room_1149.mat,-1.0,1.4588235294117646,24.074759082006146,26.137511666221478,26.353924480388166,-8.848079872049095
room_acoustic_data_room_1150.mat,-1.0,1.4705882352941178,23.94463375138877,26.045610088520426,26.21161934970545,-8.824910236118734
room_acoustic_data_room_1151.mat,-1.0,1.4823529411764707,23.699244977492103,25.85775608284599,25.958565672860505,-8.782152004031472
room_acoustic_data_room_1152.mat,-1.0,1.4941176470588236,23.293429480719766,25.514059326041902,25.557691602973645,-8.672044574559735
room_acoustic_data_room_1153.mat,-1.0,1.5058823529411764,23.287940018422788,25.491107072263034,25.546258063281915,-8.66655517812925
room_acoustic_data_room_1154.mat,-1.0,1.5176470588235293,23.65984646564863,25.785962459384947,25.893168535709417,-8.742753635330175
room_acoustic_data_room_1155.mat,-1.0,1.5294117647058822,23.89245167922749,25.961514417671015,26.10913683243201,-8.772728383987204
room_acoustic_data_room_1156.mat,-1.0,1.5411764705882354,24.030774538434514,26.07475907241705,26.230596641395817,-8.80409562509533
room_acoustic_data_room_1157.mat,-1.0,1.5529411764705883,24.095900796669824,26.12996959501615,26.275142457935896,-8.858961577902072
room_acoustic_data_room_1158.mat,-1.0,1.5647058823529412,24.057029669936647,26.102881780503076,26.235761709244755,-8.906602743172753
room_acoustic_data_room_1159.mat,-1.0,1.576470588235294,23.9019659837451,25.957175185646356,26.090761186687445,-8.934020987226202
room_acoustic_data_room_1160.mat,-1.0,1.588235294117647,23.59622968692086,25.662121737819806,25.814352526314337,-8.904502563604686
room_acoustic_data_room_1161.mat,-1.0,1.6,23.454075490524392,25.488866964450953,25.69639529232132,-8.91671309947986
room_acoustic_data_room_1162.mat,-1.0,1.611764705882353,23.929305519557083,25.84216912792636,26.15763043181993,-9.077092139333109
room_acoustic_data_room_1163.mat,-1.0,1.6235294117647059,24.28237233383184,26.088246062119573,26.5190956448264,-9.207418936156035
room_acoustic_data_room_1164.mat,-1.0,1.6352941176470588,24.484155329571465,26.2107267711799,26.74577921350023,-9.281494010849663
room_acoustic_data_room_1165.mat,-1.0,1.6470588235294117,24.573283305998437,26.247915290365857,26.856383873265152,-9.33916920966867
room_acoustic_data_room_1166.mat,-1.0,1.6588235294117648,24.5573689298919,26.20874335584955,26.855422983544074,-9.388279430400003
room_acoustic_data_room_1167.mat,-1.0,1.6705882352941177,24.3992837001699,26.076241688018147,26.713534937378405,-9.391109806746288
room_acoustic_data_room_1168.mat,-1.0,1.6823529411764706,24.078121736014477,25.81734800538396,26.417584353391383,-9.324915633360556
room_acoustic_data_room_1169.mat,-1.0,1.6941176470588235,23.66502808093577,25.46974844652975,26.032887239643408,-9.213555873425983
room_acoustic_data_room_1170.mat,-1.0,1.7058823529411764,24.137601287825163,25.884120234555155,26.48665338095382,-9.350619999323078
room_acoustic_data_room_1171.mat,-1.0,1.7176470588235293,24.46057815328224,26.1621010396845,26.801614535732384,-9.429177930304496
room_acoustic_data_room_1172.mat,-1.0,1.7294117647058824,24.651692837961633,26.328642349303884,26.989282044537923,-9.470270103005655
room_acoustic_data_room_1173.mat,-1.0,1.7411764705882353,24.72622487738425,26.41139103315739,27.064001242074873,-9.490641280887463
room_acoustic_data_room_1174.mat,-1.0,1.7529411764705882,24.690105063014478,26.406502357199372,27.02300280098731,-9.49658826691768
room_acoustic_data_room_1175.mat,-1.0,1.7647058823529411,24.541016641857418,26.310567348952123,26.85741618850942,-9.485384678363925
room_acoustic_data_room_1176.mat,-1.0,1.776470588235294,24.259961594216524,26.09887959223513,26.56995527027653,-9.436528003667172
room_acoustic_data_room_1177.mat,-1.0,1.7882352941176471,23.839118665656596,25.724381503642526,26.173602259969478,-9.338865072089327
room_acoustic_data_room_1178.mat,-1.0,1.8,24.193525174306973,26.025137362146328,26.49894768660193,-9.457248828238413
room_acoustic_data_room_1179.mat,-1.0,1.811764705882353,24.570377697386103,26.321978904922982,26.846051836594995,-9.566846514930475
room_acoustic_data_room_1180.mat,-1.0,1.8235294117647058,24.808464552908234,26.487961050055972,27.077139072152754,-9.631360042343521
room_acoustic_data_room_1181.mat,-1.0,1.8352941176470587,24.91910515528993,26.556408550411295,27.190581070156977,-9.663853761994579
room_acoustic_data_room_1182.mat,-1.0,1.8470588235294119,24.912506798073185,26.532663272113567,27.189726686054172,-9.675055763448078
room_acoustic_data_room_1183.mat,-1.0,1.8588235294117648,24.810063769661138,26.43395356833123,27.099501715284582,-9.686111845347913
room_acoustic_data_room_1184.mat,-1.0,1.8705882352941177,24.57185777302182,26.22108459625379,26.88098244060065,-9.655906694152792
room_acoustic_data_room_1185.mat,-1.0,1.8823529411764706,24.20208297963338,25.88462233018543,26.55197811974137,-9.585803877780792
room_acoustic_data_room_1186.mat,-1.0,1.8941176470588235,24.354691844224448,26.00692730057763,26.7002084064635,-9.648002755443702
room_acoustic_data_room_1187.mat,-1.0,1.9058823529411764,24.78305845869821,26.358832552904122,27.115502437159044,-9.78625417913353
room_acoustic_data_room_1188.mat,-1.0,1.9176470588235295,25.08514596821044,26.59714659117276,27.42485471927899,-9.891113206311648
room_acoustic_data_room_1189.mat,-1.0,1.9294117647058824,25.266923318814246,26.748158435767575,27.6194330316438,-9.970652311920198
room_acoustic_data_room_1190.mat,-1.0,1.9411764705882353,25.319767171895077,26.811669582735615,27.685941670007267,-10.016974858770432
room_acoustic_data_room_1191.mat,-1.0,1.9529411764705882,25.25067171424734,26.784534721771138,27.62474934550335,-10.037007005977344
room_acoustic_data_room_1192.mat,-1.0,1.964705882352941,25.027245358400773,26.62285901242056,27.408243269760582,-9.997470959576058
room_acoustic_data_room_1193.mat,-1.0,1.9764705882352942,24.63231907436254,26.275441112351395,27.044325349886392,-9.878882765986845
room_acoustic_data_room_1194.mat,-1.0,1.988235294117647,24.51768863097918,26.130441617059862,26.965137501535608,-9.829995959090791
room_acoustic_data_room_1195.mat,-1.0,2.0,24.96296441279587,26.440810054380023,27.43483338467053,-9.963532332537412
room_acoustic_data_room_1196.mat,-1.0,2.011764705882353,25.253264024323197,26.6202218592232,27.754970363119146,-10.034221355351477
room_acoustic_data_room_1197.mat,-1.0,2.023529411764706,25.392577847136305,26.688671352573657,27.931034078353424,-10.048612222181795
room_acoustic_data_room_1198.mat,-1.0,2.0352941176470587,25.418530712141045,26.671917764522497,27.99927353165522,-10.045331525478252
room_acoustic_data_room_1199.mat,-1.0,2.0470588235294116,25.334567409001536,26.577590004706956,27.94830948360738,-10.02796555075899
room_acoustic_data_room_1200.mat,-1.0,2.0588235294117645,25.101144749982556,26.372910739566336,27.74627761955945,-9.956396400233507
room_acoustic_data_room_1201.mat,-1.0,2.070588235294118,24.71095004949181,26.03397905213535,27.40820258784848,-9.821513830742528
room_acoustic_data_room_1202.mat,-1.0,2.0823529411764707,24.33855084433596,25.711294434386303,27.08369048152803,-9.682989147873785
room_acoustic_data_room_1203.mat,-1.0,2.0941176470588236,24.778993502264925,26.088731554158358,27.50547927457703,-9.791767513708612
room_acoustic_data_room_1204.mat,-1.0,2.1058823529411765,25.104076224735415,26.35257267682782,27.829153392300363,-9.876668638305404
room_acoustic_data_room_1205.mat,-1.0,2.1176470588235294,25.277497907496773,26.49671680787973,28.01056510341035,-9.904470770495411
room_acoustic_data_room_1206.mat,-1.0,2.1294117647058823,25.350332612785976,26.564956135978548,28.078307575398572,-9.927566702976309
room_acoustic_data_room_1207.mat,-1.0,2.1411764705882352,25.31116833727209,26.544097671270485,28.02414594624622,-9.934889169245915
room_acoustic_data_room_1208.mat,-1.0,2.152941176470588,25.16234067063925,26.419739615564083,27.853033985466,-9.92845901136249
room_acoustic_data_room_1209.mat,-1.0,2.164705882352941,24.87747141547835,26.172005301679913,27.550879629982216,-9.880550174061606
room_acoustic_data_room_1210.mat,-1.0,2.176470588235294,24.396974894148265,25.746683873232744,27.07774261384769,-9.728391798855675
room_acoustic_data_room_1211.mat,-1.0,2.1882352941176473,24.82540477011909,26.090122131471208,27.47387769368911,-9.881590859316322
room_acoustic_data_room_1212.mat,-1.0,2.2,25.19894314847034,26.394076787581646,27.819483109127447,-9.994943045809437
room_acoustic_data_room_1213.mat,-1.0,2.211764705882353,25.395652725041536,26.55049916532224,28.013403142301257,-10.025821655711315
room_acoustic_data_room_1214.mat,-1.0,2.223529411764706,25.45529732196649,26.579844091253566,28.071253546402907,-10.015613563789989
room_acoustic_data_room_1215.mat,-1.0,2.235294117647059,25.392792716797807,26.51758303370031,27.998148737209043,-9.979720908409334
room_acoustic_data_room_1216.mat,-1.0,2.2470588235294118,25.234365924985617,26.35406027774235,27.811853499404187,-9.944196193293246
room_acoustic_data_room_1217.mat,-1.0,2.2588235294117647,24.93170156065965,26.082347346698818,27.491480355761464,-9.859673522815017
room_acoustic_data_room_1218.mat,-1.0,2.2705882352941176,24.46990526251267,25.681412075719127,27.03874080922234,-9.70857209013589
room_acoustic_data_room_1219.mat,-1.0,2.2823529411764705,24.664142656184254,25.83279617095205,27.21580323427784,-9.778017083413404
room_acoustic_data_room_1220.mat,-1.0,2.2941176470588234,25.095560587392324,26.176211005244,27.63964993378857,-9.926927767003335
room_acoustic_data_room_1221.mat,-1.0,2.3058823529411763,25.359307520987983,26.381346962385162,27.918367842293268,-10.001700989028237
room_acoustic_data_room_1222.mat,-1.0,2.3176470588235296,25.499022239450117,26.501224999068125,28.072569451448715,-10.047864487844155
room_acoustic_data_room_1223.mat,-1.0,2.3294117647058825,25.53078338609034,26.55121148258282,28.11172435766844,-10.082049689644311
room_acoustic_data_room_1224.mat,-1.0,2.3411764705882354,25.459646097910806,26.53057255279323,28.04518629694414,-10.109145784489787
room_acoustic_data_room_1225.mat,-1.0,2.3529411764705883,25.250335019541843,26.388604288555744,27.847730658967443,-10.092955317737708
room_acoustic_data_room_1226.mat,-1.0,2.364705882352941,24.870025679271237,26.08826968490998,27.495854301878385,-9.998307364645724
room_acoustic_data_room_1227.mat,-1.0,2.376470588235294,24.891860303817243,26.109398235225747,27.51476760885671,-10.020264705706003
room_acoustic_data_room_1228.mat,-1.0,2.388235294117647,25.35458143381922,26.51434217609919,27.948222348950228,-10.173217003925245
room_acoustic_data_room_1229.mat,-1.0,2.4,25.630412021654575,26.759260265287264,28.216352693424437,-10.230948273925833
room_acoustic_data_room_1230.mat,-1.0,2.411764705882353,25.76247449732886,26.88627729549882,28.335414778654528,-10.238744189361967
room_acoustic_data_room_1231.mat,-1.0,2.4235294117647057,25.787709633951266,26.92932677850002,28.33787723374651,-10.23415098279553
room_acoustic_data_room_1232.mat,-1.0,2.4352941176470586,25.69108096357414,26.88611935794058,28.200976763942624,-10.201916766618726
room_acoustic_data_room_1233.mat,-1.0,2.447058823529412,25.477978482656066,26.760226592304623,27.933195704802518,-10.146550786791831
room_acoustic_data_room_1234.mat,-1.0,2.458823529411765,25.115891445044376,26.50586264586092,27.535707727424548,-10.033464314301826
room_acoustic_data_room_1235.mat,-1.0,2.4705882352941178,24.926688545202936,26.390446081201265,27.307849540595424,-9.96215705533496
room_acoustic_data_room_1236.mat,-1.0,2.4823529411764707,25.388860183486965,26.83083565053149,27.670824629726177,-10.082047264515385
room_acoustic_data_room_1237.mat,-1.0,2.4941176470588236,25.672685886182553,27.10752614795751,27.901817915363072,-10.112458409015874
room_acoustic_data_room_1238.mat,-1.0,2.5058823529411764,25.846787841160726,27.278519601680777,28.052921875964955,-10.124588218146272
room_acoustic_data_room_1239.mat,-1.0,2.5176470588235293,25.93054500953194,27.37575222456424,28.115007493235673,-10.138633978323906
room_acoustic_data_room_1240.mat,-1.0,2.5294117647058822,25.919658397241797,27.409147442089004,28.069392574922784,-10.150214931206733
room_acoustic_data_room_1241.mat,-1.0,2.541176470588235,25.78724726781981,27.346628196209387,27.90328491256779,-10.131838906018837
room_acoustic_data_room_1242.mat,-1.0,2.552941176470588,25.530314571358108,27.173312614484914,27.6207087530415,-10.078995980906555
room_acoustic_data_room_1243.mat,-1.0,2.5647058823529414,25.140310885898227,26.873792642398314,27.237638375682348,-9.965189339179366
room_acoustic_data_room_1244.mat,-1.0,2.5764705882352943,25.645410832967883,27.34046323276913,27.64660393747267,-10.090756670986046
room_acoustic_data_room_1245.mat,-1.0,2.588235294117647,25.9744981739302,27.63405079461846,27.934512866780533,-10.126739672930423
room_acoustic_data_room_1246.mat,-1.0,2.6,26.185158425542504,27.81145944532483,28.125730700208198,-10.134053701751288
room_acoustic_data_room_1247.mat,-1.0,2.611764705882353,26.30851673424706,27.893804862048206,28.219693355832362,-10.145079980116865
room_acoustic_data_room_1248.mat,-1.0,2.623529411764706,26.303827367479148,27.86833624961703,28.193898393846666,-10.11924552166698
room_acoustic_data_room_1249.mat,-1.0,2.635294117647059,26.20517199859687,27.770564029979617,28.085243294381506,-10.090366594836874
room_acoustic_data_room_1250.mat,-1.0,2.6470588235294117,26.001592241474146,27.578503488904023,27.886621489134917,-10.046653642985921
room_acoustic_data_room_1251.mat,-1.0,2.6588235294117646,25.646359126312444,27.25080981607664,27.563943342317963,-9.939159852251958
room_acoustic_data_room_1252.mat,-1.0,2.6705882352941175,25.846032708895343,27.362555193044244,27.791156744031756,-9.974595557791087
room_acoustic_data_room_1253.mat,-1.0,2.6823529411764704,26.264000999299913,27.62695671484576,28.227767543591415,-10.05696743890319
room_acoustic_data_room_1254.mat,-1.0,2.6941176470588237,26.54953254039104,27.7745033927858,28.543209695925835,-10.096683952472818
room_acoustic_data_room_1255.mat,-1.0,2.7058823529411766,26.723881482024364,27.8507846965554,28.747215957258284,-10.116847269614297
room_acoustic_data_room_1256.mat,-1.0,2.7176470588235295,26.80260304624417,27.884721576389232,28.83370334323898,-10.133683587091934
room_acoustic_data_room_1257.mat,-1.0,2.7294117647058824,26.774214083515684,27.86369416630866,28.787874237175256,-10.136169850451196
room_acoustic_data_room_1258.mat,-1.0,2.7411764705882353,26.615187447921045,27.761320745189604,28.628526791466015,-10.10118965328773
room_acoustic_data_room_1259.mat,-1.0,2.7529411764705882,26.32591725570847,27.532560099118616,28.362104995009307,-10.028765199201768
room_acoustic_data_room_1260.mat,-1.0,2.764705882352941,26.156090692264048,27.34177927812791,28.212517004060086,-9.936213913652283
room_acoustic_data_room_1261.mat,-1.0,2.776470588235294,26.609209514263327,27.564883217311372,28.703846011453624,-9.998943631633791
room_acoustic_data_room_1262.mat,-1.0,2.788235294117647,26.940550217407207,27.678979176804432,29.05673180080166,-10.034211888192047
room_acoustic_data_room_1263.mat,-1.0,2.8,27.168340396277024,27.695940741237706,29.293789163643787,-10.06373729603081
room_acoustic_data_room_1264.mat,-1.0,2.8117647058823527,27.300971096167373,27.640875592425488,29.38708269644807,-10.098797512853759
room_acoustic_data_room_1265.mat,-1.0,2.823529411764706,27.31435497832328,27.56225112383705,29.29470146485611,-10.119067338205651
room_acoustic_data_room_1266.mat,-1.0,2.835294117647059,27.170482055979175,27.43961572057742,29.00923837959251,-10.09126268949592
room_acoustic_data_room_1267.mat,-1.0,2.847058823529412,26.823505246365976,27.22403466532327,28.498752649032248,-9.97324174021515
room_acoustic_data_room_1268.mat,-1.0,2.8588235294117648,27.5103839543188,27.825482725055572,29.02168819108887,-10.200988936541641
room_acoustic_data_room_1269.mat,-1.0,2.8705882352941177,28.160599447055382,28.468008984772297,29.49961774242283,-10.36752833186223
room_acoustic_data_room_1270.mat,-1.0,2.8823529411764706,28.54036673239712,28.98543747289739,29.731961732415474,-10.377304352116886
room_acoustic_data_room_1271.mat,-1.0,2.8941176470588235,28.736139063887375,29.423965741562718,29.790527298450506,-10.313916535617167
room_acoustic_data_room_1272.mat,-1.0,2.9058823529411764,29.027973691841986,30.01848849112356,29.94166333163448,-10.256114223212496
room_acoustic_data_room_1273.mat,-1.0,2.9176470588235293,29.838311035909747,31.080849410007616,30.528206166587523,-10.321254217396609
room_acoustic_data_room_1274.mat,-1.0,2.929411764705882,30.448802266122165,32.06379836400518,30.895805378877526,-10.296107628041028
room_acoustic_data_room_1275.mat,-1.0,2.9411764705882355,30.814361818034996,32.83645623652189,31.087409973092285,-10.128067752948171
room_acoustic_data_room_1276.mat,-1.0,2.9529411764705884,30.936076417093332,33.31816364074697,31.13743144599931,-9.808608598201602
room_acoustic_data_room_1277.mat,-1.0,2.9647058823529413,30.91375251849172,33.508495759893336,31.12417677808626,-9.426446623254813
room_acoustic_data_room_1278.mat,-1.0,2.976470588235294,30.792865778575603,33.46376002549723,31.068101101101785,-9.015361079399497
room_acoustic_data_room_1279.mat,-1.0,2.988235294117647,30.62136168804186,33.2563217585154,31.00424688528012,-8.611869056932159
room_acoustic_data_room_1280.mat,-1.0,3.0,30.4266377001315,32.961760326037044,30.944290278387015,-8.232872499031313
room_acoustic_data_room_1281.mat,4.0,0.0,29.699326266694527,32.08146282110507,30.377581753577715,-7.499698881883095
room_acoustic_data_room_1282.mat,4.0,0.011764705882352941,29.81118833179226,32.34398748617971,30.36954265650118,-7.792861450687514
room_acoustic_data_room_1283.mat,4.0,0.023529411764705882,29.881710176614472,32.555591650261974,30.339977475386153,-8.09112408321305
room_acoustic_data_room_1284.mat,4.0,0.03529411764705882,29.889794535103515,32.66724054027052,30.28482620656537,-8.383525929805842
room_acoustic_data_room_1285.mat,4.0,0.047058823529411764,29.801542091202204,32.606682943486675,30.17145649201074,-8.647282004778551
room_acoustic_data_room_1286.mat,4.0,0.058823529411764705,29.59592176638524,32.33005785341225,29.960820013523637,-8.872907961813969
room_acoustic_data_room_1287.mat,4.0,0.07058823529411765,29.262048908242072,31.81651715396669,29.650202314956346,-9.060775952415499
room_acoustic_data_room_1288.mat,4.0,0.08235294117647059,28.76029388325884,31.087695912887664,29.22764336788484,-9.181491397446509
room_acoustic_data_room_1289.mat,4.0,0.09411764705882353,28.09727594653253,30.24244152652368,28.689137542289252,-9.250328925559838
room_acoustic_data_room_1290.mat,4.0,0.10588235294117647,27.836124724353304,29.732060659672975,28.493991717815067,-9.397966060699968
room_acoustic_data_room_1291.mat,4.0,0.11764705882352941,27.7872388104217,29.414883690136104,28.462167674200856,-9.601729550840364
room_acoustic_data_room_1292.mat,4.0,0.12941176470588237,27.506842300015993,28.995467230545835,28.25855593369419,-9.686098042527135
room_acoustic_data_room_1293.mat,4.0,0.1411764705882353,26.98209700143927,28.437608110662612,27.87688358566748,-9.642124958604176
room_acoustic_data_room_1294.mat,4.0,0.15294117647058825,26.312639086095245,27.83357953147565,27.408806512519458,-9.488434569269495
room_acoustic_data_room_1295.mat,4.0,0.16470588235294117,26.700820597788145,28.033235841870344,27.834151717956892,-9.641480511337441
room_acoustic_data_room_1296.mat,4.0,0.17647058823529413,26.904272181181845,28.11412082505681,28.08124173230944,-9.725731106701275
room_acoustic_data_room_1297.mat,4.0,0.18823529411764706,26.96507138400502,28.142124646230503,28.168106939024305,-9.779852781972474
room_acoustic_data_room_1298.mat,4.0,0.2,26.885105638616984,28.08983235909494,28.117623358131386,-9.801045888573228
room_acoustic_data_room_1299.mat,4.0,0.21176470588235294,26.691952106005914,28.005869795516087,27.973504749510496,-9.812923598947343
room_acoustic_data_room_1300.mat,4.0,0.2235294117647059,26.415320009855023,27.8986826658145,27.732642380997355,-9.841722433355603
room_acoustic_data_room_1301.mat,4.0,0.23529411764705882,25.975151638062304,27.661726349138604,27.317845075318615,-9.802777433825106
room_acoustic_data_room_1302.mat,4.0,0.24705882352941178,26.294805325454046,28.02992633347293,27.58790149470037,-9.977647227238792
room_acoustic_data_room_1303.mat,4.0,0.25882352941176473,26.63445332360881,28.40642368990109,27.87605052719161,-10.105251290057957
room_acoustic_data_room_1304.mat,4.0,0.27058823529411763,26.810121662354767,28.617997929356154,28.046742047134426,-10.16301309754101
room_acoustic_data_room_1305.mat,4.0,0.2823529411764706,26.8587166394624,28.70431367804383,28.109709169667568,-10.187131301067895
room_acoustic_data_room_1306.mat,4.0,0.29411764705882354,26.77543682791347,28.69201830905944,28.04465375871025,-10.17155122011552
room_acoustic_data_room_1307.mat,4.0,0.3058823529411765,26.554568567136315,28.549472842734186,27.863845245799407,-10.109574009248592
room_acoustic_data_room_1308.mat,4.0,0.3176470588235294,26.196913822322294,28.279114460928803,27.56716987900139,-10.001087884799777
room_acoustic_data_room_1309.mat,4.0,0.32941176470588235,25.702085836706054,27.869641631806452,27.144320306132737,-9.843825299229099
room_acoustic_data_room_1310.mat,4.0,0.3411764705882353,25.496246080512886,27.682434010547155,26.986571303881227,-9.775135263750617
room_acoustic_data_room_1311.mat,4.0,0.35294117647058826,25.83517258986239,27.93746487931561,27.342979618278104,-9.870934603484894
room_acoustic_data_room_1312.mat,4.0,0.36470588235294116,26.070359955672686,28.082174011630535,27.624054031107647,-9.949600241775402
room_acoustic_data_room_1313.mat,4.0,0.3764705882352941,26.18119593738831,28.11468104785174,27.79272773125959,-9.992904631813742
room_acoustic_data_room_1314.mat,4.0,0.38823529411764707,26.189027759190438,28.075068224690142,27.837963955664424,-10.023218572984288
room_acoustic_data_room_1315.mat,4.0,0.4,26.091085209597352,27.97780199599722,27.750668309452458,-10.03821952733702
room_acoustic_data_room_1316.mat,4.0,0.4117647058823529,25.856008913868965,27.786925740094787,27.516322600114464,-10.006540225599041
room_acoustic_data_room_1317.mat,4.0,0.4235294117647059,25.48697127926625,27.48458501766393,27.160752203468146,-9.930256833420433
room_acoustic_data_room_1318.mat,4.0,0.43529411764705883,24.961358906251693,27.02462514155339,26.67268669159984,-9.783595280133857
room_acoustic_data_room_1319.mat,4.0,0.4470588235294118,25.33966747892958,27.340140451530054,27.039609291275806,-9.889240597594565
room_acoustic_data_room_1320.mat,4.0,0.4588235294117647,25.61047669823541,27.540927272267123,27.329583353315797,-9.95596312769264
room_acoustic_data_room_1321.mat,4.0,0.47058823529411764,25.7549296443959,27.625645679250805,27.5101191711656,-9.98619706995375
room_acoustic_data_room_1322.mat,4.0,0.4823529411764706,25.764745639754885,27.61377462141164,27.54843422548211,-9.97328497626504
room_acoustic_data_room_1323.mat,4.0,0.49411764705882355,25.657867988360415,27.51595132137281,27.464056351520867,-9.935866470145909
room_acoustic_data_room_1324.mat,4.0,0.5058823529411764,25.441191446295587,27.343783918355552,27.26422570183408,-9.88096969070461
room_acoustic_data_room_1325.mat,4.0,0.5176470588235295,25.06268130546345,27.02599332188686,26.913323661500407,-9.755761287859237
room_acoustic_data_room_1326.mat,4.0,0.5294117647058824,24.557301915817355,26.586707894852285,26.452831220827647,-9.592624824551876
room_acoustic_data_room_1327.mat,4.0,0.5411764705882353,24.713891782283575,26.707045547017174,26.625143753000632,-9.631914329014231
room_acoustic_data_room_1328.mat,4.0,0.5529411764705883,25.047303788241877,26.969162100135314,26.976143677602966,-9.71612192760755
room_acoustic_data_room_1329.mat,4.0,0.5647058823529412,25.24475728913321,27.098693421610193,27.204823067250494,-9.755719223446754
room_acoustic_data_room_1330.mat,4.0,0.5764705882352941,25.32299899679363,27.127983536409598,27.31466913622613,-9.769503606242068
room_acoustic_data_room_1331.mat,4.0,0.5882352941176471,25.28653255099286,27.078217556178355,27.297896637157642,-9.762836821672575
room_acoustic_data_room_1332.mat,4.0,0.6,25.143145716503415,26.95874462089428,27.15458805873427,-9.74370606497791
room_acoustic_data_room_1333.mat,4.0,0.611764705882353,24.86923266808528,26.736554837051358,26.882816174127004,-9.687890098427555
room_acoustic_data_room_1334.mat,4.0,0.6235294117647059,24.44823091943837,26.38940266791621,26.482504279406655,-9.576657656756947
room_acoustic_data_room_1335.mat,4.0,0.6352941176470588,24.456569728311834,26.406437860812883,26.489749147943137,-9.584835218358068
room_acoustic_data_room_1336.mat,4.0,0.6470588235294118,24.860732662724775,26.743710850052107,26.879178396989232,-9.70334295373101
room_acoustic_data_room_1337.mat,4.0,0.6588235294117647,25.123897162420427,26.94898034723429,27.15601599292926,-9.773391966017554
room_acoustic_data_room_1338.mat,4.0,0.6705882352941176,25.243678429535443,27.04227482918523,27.297920568829067,-9.794943656877372
room_acoustic_data_room_1339.mat,4.0,0.6823529411764706,25.23850810639734,27.04933107576057,27.309629472682126,-9.787351866089212
room_acoustic_data_room_1340.mat,4.0,0.6941176470588235,25.092720019347446,26.94876716570173,27.177884230692833,-9.735116603789384
room_acoustic_data_room_1341.mat,4.0,0.7058823529411765,24.79848948721107,26.731389828377626,26.8823192479072,-9.629860667169064
room_acoustic_data_room_1342.mat,4.0,0.7176470588235294,24.342189637350312,26.360435127352318,26.43727786243354,-9.456068458920132
room_acoustic_data_room_1343.mat,4.0,0.7294117647058823,24.131549189112626,26.178935141697558,26.23517499964968,-9.3702193796465
room_acoustic_data_room_1344.mat,4.0,0.7411764705882353,24.610024565001364,26.55907508836275,26.708147370443236,-9.538000189551957
room_acoustic_data_room_1345.mat,4.0,0.7529411764705882,24.92452788796312,26.787060057334706,27.042783543358986,-9.634361883236298
room_acoustic_data_room_1346.mat,4.0,0.7647058823529411,25.103070987418565,26.902074689259106,27.245682785771848,-9.690002832490027
room_acoustic_data_room_1347.mat,4.0,0.7764705882352941,25.160299958536868,26.93238082323788,27.316851873121458,-9.72061970222512
room_acoustic_data_room_1348.mat,4.0,0.788235294117647,25.087912948717243,26.869377687346923,27.251451370392935,-9.718085185186224
room_acoustic_data_room_1349.mat,4.0,0.8,24.88212797290273,26.70860227356634,27.03657999942743,-9.678130952378226
room_acoustic_data_room_1350.mat,4.0,0.8117647058823529,24.518671476310562,26.43051268629137,26.66064704465152,-9.574860404154
room_acoustic_data_room_1351.mat,4.0,0.8235294117647058,24.100449014000883,26.101037741136963,26.243804040365937,-9.431868381338894
room_acoustic_data_room_1352.mat,4.0,0.8352941176470589,24.64068809801779,26.56334501052625,26.71860920359828,-9.643769071647188
room_acoustic_data_room_1353.mat,4.0,0.8470588235294118,24.995300022465116,26.842882244740057,27.050115519285058,-9.76142032170811
room_acoustic_data_room_1354.mat,4.0,0.8588235294117647,25.19571822179275,27.001054478056773,27.22857774044042,-9.81944075036418
room_acoustic_data_room_1355.mat,4.0,0.8705882352941177,25.24899502321515,27.0438214881854,27.271015908001953,-9.826230545389565
room_acoustic_data_room_1356.mat,4.0,0.8823529411764706,25.17871636919359,26.99248436143293,27.191936672019782,-9.805690398455413
room_acoustic_data_room_1357.mat,4.0,0.8941176470588236,24.98059760397915,26.84167455364564,26.977302142042383,-9.753190917691754
room_acoustic_data_room_1358.mat,4.0,0.9058823529411765,24.633778471310098,26.56922144664932,26.630363284497918,-9.646553116799243
room_acoustic_data_room_1359.mat,4.0,0.9176470588235294,24.13221860081911,26.144595769363157,26.154800665458893,-9.476657273002738
room_acoustic_data_room_1360.mat,4.0,0.9294117647058824,24.51409578169459,26.482124210557963,26.50388309243537,-9.624659641067561
room_acoustic_data_room_1361.mat,4.0,0.9411764705882353,24.911409508123363,26.816364748345514,26.88389291375842,-9.766661010010441
room_acoustic_data_room_1362.mat,4.0,0.9529411764705882,25.13868649699728,27.000873070881145,27.103860158177998,-9.832084268706888
room_acoustic_data_room_1363.mat,4.0,0.9647058823529412,25.227414622837575,27.068167981935446,27.190470512093874,-9.8542148497865
room_acoustic_data_room_1364.mat,4.0,0.9764705882352941,25.197929038041703,27.052271148494526,27.152874390930105,-9.853962615726857
room_acoustic_data_room_1365.mat,4.0,0.9882352941176471,25.053323599671714,26.957002189893213,26.989465008387388,-9.83427992760618
room_acoustic_data_room_1366.mat,4.0,1.0,24.768267599267354,26.758818624913925,26.69466000772404,-9.768834315490425
room_acoustic_data_room_1367.mat,4.0,1.011764705882353,24.306322199393506,26.408013138581143,26.23538072959098,-9.618628129222632
room_acoustic_data_room_1368.mat,4.0,1.0235294117647058,24.40241621923198,26.523926571807877,26.3017456852325,-9.648978323565503
room_acoustic_data_room_1369.mat,4.0,1.035294117647059,24.79397257937726,26.884819162372633,26.670272271603814,-9.76419644977053
room_acoustic_data_room_1370.mat,4.0,1.0470588235294118,25.04389148928311,27.11203539820708,26.91909705252644,-9.830224912907996
room_acoustic_data_room_1371.mat,4.0,1.0588235294117647,25.149084428874225,27.21666485261313,27.029337395165932,-9.846290115611971
room_acoustic_data_room_1372.mat,4.0,1.0705882352941176,25.121306387576723,27.214113529816622,27.005178582412157,-9.825033252814904
room_acoustic_data_room_1373.mat,4.0,1.0823529411764705,24.949399688349033,27.096027921161998,26.8408849683414,-9.755364674555258
room_acoustic_data_room_1374.mat,4.0,1.0941176470588236,24.637852701220456,26.854650444498755,26.53929067933359,-9.641046049470056
room_acoustic_data_room_1375.mat,4.0,1.1058823529411765,24.19497150140932,26.486243173885626,26.11303973632777,-9.48827992436874
room_acoustic_data_room_1376.mat,4.0,1.1176470588235294,24.044771977058858,26.351906511210295,25.98831274016252,-9.428490286711158
room_acoustic_data_room_1377.mat,4.0,1.1294117647058823,24.49432636039281,26.72426850088906,26.435278681935905,-9.57837262783876
room_acoustic_data_room_1378.mat,4.0,1.1411764705882352,24.786409733011094,26.94680274213511,26.74206566596218,-9.662455093715913
room_acoustic_data_room_1379.mat,4.0,1.1529411764705881,24.95242992379025,27.05046031782191,26.939794857269128,-9.714976115420926
room_acoustic_data_room_1380.mat,4.0,1.1647058823529413,24.997152863023835,27.05952578858693,27.012535623975676,-9.741898638413975
room_acoustic_data_room_1381.mat,4.0,1.1764705882352942,24.913898457676748,26.980581040890744,26.94988530421261,-9.736791058707379
room_acoustic_data_room_1382.mat,4.0,1.188235294117647,24.688519568765255,26.79813760456542,26.730020614336016,-9.684985441460302
room_acoustic_data_room_1383.mat,4.0,1.2,24.297392908609638,26.4734250557714,26.355498598279024,-9.561113562660504
room_acoustic_data_room_1384.mat,4.0,1.2117647058823529,23.920905537251258,26.16048265393073,25.992885449095947,-9.420648917649237
room_acoustic_data_room_1385.mat,4.0,1.223529411764706,24.399139492156962,26.605881686641695,26.41606335618045,-9.575702865775249
room_acoustic_data_room_1386.mat,4.0,1.2352941176470589,24.716585468564677,26.899411019802436,26.68575816375781,-9.660950460839523
room_acoustic_data_room_1387.mat,4.0,1.2470588235294118,24.879896390665444,27.049603150363414,26.837421944148552,-9.686376541984382
room_acoustic_data_room_1388.mat,4.0,1.2588235294117647,24.909701258242748,27.088829232474442,26.857703261296262,-9.674114599475473
room_acoustic_data_room_1389.mat,4.0,1.2705882352941176,24.805219228562642,27.022861334458938,26.73984292689713,-9.623793419599526
room_acoustic_data_room_1390.mat,4.0,1.2823529411764707,24.54448900171776,26.832462943523296,26.46443599952558,-9.513085691196487
room_acoustic_data_room_1391.mat,4.0,1.2941176470588236,24.131112186846785,26.514771818114173,26.048249683858636,-9.344127796432687
room_acoustic_data_room_1392.mat,4.0,1.3058823529411765,23.561586287483806,26.024745658875116,25.498472097689884,-9.11011096387287
room_acoustic_data_room_1393.mat,4.0,1.3176470588235294,24.01053954819309,26.43314200059835,25.885308302677604,-9.257330394652518
room_acoustic_data_room_1394.mat,4.0,1.3294117647058823,24.387691043279432,26.767569369581828,26.21016405936458,-9.379514119544428
room_acoustic_data_room_1395.mat,4.0,1.3411764705882352,24.62813516078834,26.97023813838145,26.424433273267553,-9.459042650009003
room_acoustic_data_room_1396.mat,4.0,1.3529411764705883,24.73172606316421,27.066922645668868,26.502348078391798,-9.497608971694131
room_acoustic_data_room_1397.mat,4.0,1.3647058823529412,24.705316501505333,27.05284636583098,26.444889898560753,-9.502652200178309
room_acoustic_data_room_1398.mat,4.0,1.3764705882352941,24.5391606314898,26.92916978533941,26.250300659852705,-9.464204260363218
room_acoustic_data_room_1399.mat,4.0,1.388235294117647,24.220641551944084,26.682032594248074,25.922013797081235,-9.368425205069865
room_acoustic_data_room_1400.mat,4.0,1.4,23.75937902284718,26.299040384172578,25.470536928550338,-9.222013670795603
room_acoustic_data_room_1401.mat,4.0,1.411764705882353,24.05367441328757,26.57007358711229,25.71954780803226,-9.361944411257227
room_acoustic_data_room_1402.mat,4.0,1.423529411764706,24.520531282548962,26.97470123835243,26.145118329158905,-9.552583435176388
room_acoustic_data_room_1403.mat,4.0,1.4352941176470588,24.784954038347493,27.19149941016623,26.393868320623163,-9.634524286202172
room_acoustic_data_room_1404.mat,4.0,1.4470588235294117,24.898566681395554,27.286863192261777,26.511131434255546,-9.661624659056148
room_acoustic_data_room_1405.mat,4.0,1.4588235294117646,24.872994194731252,27.280408122758555,26.488612426874795,-9.646312495165951
room_acoustic_data_room_1406.mat,4.0,1.4705882352941178,24.70144473275014,27.170850215772408,26.316554585465255,-9.581718664286113
room_acoustic_data_room_1407.mat,4.0,1.4823529411764707,24.371577790459426,26.922774533628946,26.010206057874523,-9.454482196552203
room_acoustic_data_room_1408.mat,4.0,1.4941176470588236,23.8869454877368,26.508257566975043,25.574469105189742,-9.265557891408456
room_acoustic_data_room_1409.mat,4.0,1.5058823529411764,23.867020043968893,26.471104590119452,25.57457392219493,-9.245632450426184
room_acoustic_data_room_1410.mat,4.0,1.5176470588235293,24.308214931779787,26.793403318702367,26.006227011144833,-9.391119288622422
room_acoustic_data_room_1411.mat,4.0,1.5294117647058822,24.60458989771007,26.992997088417283,26.303721560723407,-9.484863727838624
room_acoustic_data_room_1412.mat,4.0,1.5411764705882354,24.766230331531442,27.070738491965823,26.47459727121636,-9.539548478267418
room_acoustic_data_room_1413.mat,4.0,1.5529411764705883,24.797631424999636,27.061699023237008,26.51495787680529,-9.560689196443652
room_acoustic_data_room_1414.mat,4.0,1.5647058823529412,24.69429248787442,26.96948730656926,26.417140007873865,-9.543862476702216
room_acoustic_data_room_1415.mat,4.0,1.576470588235294,24.44265784113479,26.7644005295859,26.18522041071686,-9.474709681703956
room_acoustic_data_room_1416.mat,4.0,1.588235294117647,24.050192097075005,26.441296391488276,25.818460376356892,-9.358461729978043
room_acoustic_data_room_1417.mat,4.0,1.6,23.830639944760378,26.25963917708244,25.6189865073291,-9.293274225294844
room_acoustic_data_room_1418.mat,4.0,1.611764705882353,24.33420896429503,26.700187596432343,26.07918664200858,-9.481992187360554
room_acoustic_data_room_1419.mat,4.0,1.6235294117647059,24.66138668440697,26.961153018444357,26.397434740087586,-9.58642982065683
room_acoustic_data_room_1420.mat,4.0,1.6352941176470588,24.84656510106123,27.094525888240355,26.590813688920726,-9.643900244447645
room_acoustic_data_room_1421.mat,4.0,1.6470588235294117,24.900266161331995,27.12867009777268,26.6549745576405,-9.666148451581476
room_acoustic_data_room_1422.mat,4.0,1.6588235294117648,24.82399451643538,27.066661284937283,26.58005656911864,-9.65490132398407
room_acoustic_data_room_1423.mat,4.0,1.6705882352941177,24.602132543779916,26.884423728518133,26.363245214312595,-9.593954874840072
room_acoustic_data_room_1424.mat,4.0,1.6823529411764706,24.223225609478405,26.58402685846159,25.996304453844154,-9.47001564763376
room_acoustic_data_room_1425.mat,4.0,1.6941176470588235,23.757247257195722,26.187130687601226,25.562186102154758,-9.305771103221165
room_acoustic_data_room_1426.mat,4.0,1.7058823529411764,24.28979507624468,26.635763427860045,26.051255404069153,-9.502809776108588
room_acoustic_data_room_1427.mat,4.0,1.7176470588235293,24.665452429718133,26.933916313523536,26.405039948893233,-9.634048131405349
room_acoustic_data_room_1428.mat,4.0,1.7294117647058824,24.89178770491703,27.08869627356187,26.625063462272713,-9.710360831053144
room_acoustic_data_room_1429.mat,4.0,1.7411764705882353,24.97463282397586,27.14187426518413,26.71358185740452,-9.739045023743687
room_acoustic_data_room_1430.mat,4.0,1.7529411764705882,24.9414954717129,27.116546969609207,26.68961579324948,-9.747974405405406
room_acoustic_data_room_1431.mat,4.0,1.7647058823529411,24.77308284511564,27.000955825142118,26.540565365079836,-9.717446544390551
room_acoustic_data_room_1432.mat,4.0,1.776470588235294,24.455010050074456,26.780284509590146,26.250434355590926,-9.631572057007942
room_acoustic_data_room_1433.mat,4.0,1.7882352941176471,23.954034483381236,26.392298929892256,25.802380024960865,-9.453776426207153
room_acoustic_data_room_1434.mat,4.0,1.8,24.3338657678505,26.709274114344748,26.181548900187792,-9.59758492136749
room_acoustic_data_room_1435.mat,4.0,1.811764705882353,24.757496891190236,27.029672668162405,26.604330062531734,-9.753961175010508
room_acoustic_data_room_1436.mat,4.0,1.8235294117647058,25.022485127958337,27.218963612991722,26.88987259353742,-9.845376054808021
room_acoustic_data_room_1437.mat,4.0,1.8352941176470587,25.140878948575747,27.30263382427087,27.03104058784084,-9.885622966800616
room_acoustic_data_room_1438.mat,4.0,1.8470588235294119,25.11277767201031,27.285236886686558,27.02720356041897,-9.875322025440429
room_acoustic_data_room_1439.mat,4.0,1.8588235294117648,24.92465443257518,27.160229364157807,26.86220339766014,-9.800697876360179
room_acoustic_data_room_1440.mat,4.0,1.8705882352941177,24.58514156774452,26.897776065949685,26.553630077820188,-9.66918584299118
room_acoustic_data_room_1441.mat,4.0,1.8823529411764706,24.102647737904867,26.48420647192917,26.121213936110877,-9.486363984989401
room_acoustic_data_room_1442.mat,4.0,1.8941176470588235,24.252779377172136,26.57195800335873,26.29218897520529,-9.546085668030296
room_acoustic_data_room_1443.mat,4.0,1.9058823529411764,24.728260667278484,26.908458049308337,26.79179784900378,-9.731451797986907
room_acoustic_data_room_1444.mat,4.0,1.9176470588235295,25.058630291266777,27.11095252280723,27.15811007348539,-9.86459298001333
room_acoustic_data_room_1445.mat,4.0,1.9294117647058824,25.251709568501617,27.205690197778154,27.38340864324995,-9.955434060783794
room_acoustic_data_room_1446.mat,4.0,1.9411764705882353,25.3131347405882,27.20934051702757,27.46091549091038,-10.010337982543668
room_acoustic_data_room_1447.mat,4.0,1.9529411764705882,25.223342324553588,27.12364443067866,27.371427884122767,-10.009673235413485
room_acoustic_data_room_1448.mat,4.0,1.964705882352941,24.99362857642741,26.945466399740422,27.140201088265748,-9.963849871111673
room_acoustic_data_room_1449.mat,4.0,1.9764705882352942,24.58934435917582,26.623006081760643,26.74932999795056,-9.835903831640598
room_acoustic_data_room_1450.mat,4.0,1.988235294117647,24.51637969406034,26.556217769196614,26.67953736088199,-9.828682932437815
room_acoustic_data_room_1451.mat,4.0,2.0,25.056157788227456,26.980367621317786,27.204282498451377,-10.056721744924015
room_acoustic_data_room_1452.mat,4.0,2.011764705882353,25.42902770111904,27.255516185180866,27.583591721722392,-10.209981209270786
room_acoustic_data_room_1453.mat,4.0,2.023529411764706,25.633728748043005,27.399917094529336,27.804668697176428,-10.289759452061292
room_acoustic_data_room_1454.mat,4.0,2.0352941176470587,25.68726794875884,27.44872642232099,27.862313411788108,-10.314065253362754
room_acoustic_data_room_1455.mat,4.0,2.0470588235294116,25.57113143668071,27.36685512120845,27.753602282393185,-10.264526242451733
room_acoustic_data_room_1456.mat,4.0,2.0588235294117645,25.294223048186602,27.163580053664628,27.480149859014094,-10.1494715467655
room_acoustic_data_room_1457.mat,4.0,2.070588235294118,24.855180208174488,26.816137613655137,27.05643401001349,-9.965741035024218
room_acoustic_data_room_1458.mat,4.0,2.0823529411764707,24.442322865877323,26.475009226286215,26.676205013448893,-9.786758447335032
room_acoustic_data_room_1459.mat,4.0,2.0941176470588236,25.008410714315676,26.928263607188615,27.234612056502122,-10.021182231643174
room_acoustic_data_room_1460.mat,4.0,2.1058823529411765,25.41076959068697,27.22890270099945,27.654157415747292,-10.183359748887819
room_acoustic_data_room_1461.mat,4.0,2.1176470588235294,25.632418965291674,27.383548750542296,27.902330633261442,-10.25938982017616
room_acoustic_data_room_1462.mat,4.0,2.1294117647058823,25.70892913300975,27.432316351347033,27.992453981648502,-10.286161468933944
room_acoustic_data_room_1463.mat,4.0,2.1411764705882352,25.651603490397502,27.38865548743557,27.935671791490023,-10.275322827286919
room_acoustic_data_room_1464.mat,4.0,2.152941176470588,25.448012919836835,27.24501320385071,27.71854609939105,-10.21413002891434
room_acoustic_data_room_1465.mat,4.0,2.164705882352941,25.073721463585684,26.97440164741252,27.349876130583496,-10.076799256015569
room_acoustic_data_room_1466.mat,4.0,2.176470588235294,24.488017302427878,26.509783183477293,26.79130989496501,-9.819433502723248
room_acoustic_data_room_1467.mat,4.0,2.1882352941176473,24.98287325879599,26.956098477133764,27.234551304315787,-10.039058911625121
room_acoustic_data_room_1468.mat,4.0,2.2,25.43315009726989,27.34614859821502,27.652226435900218,-10.229149783683098
room_acoustic_data_room_1469.mat,4.0,2.211764705882353,25.711012065779627,27.571362468238334,27.92362183571409,-10.341180923312223
room_acoustic_data_room_1470.mat,4.0,2.223529411764706,25.819420367047456,27.663647121357307,28.025997226745083,-10.379736460493888
room_acoustic_data_room_1471.mat,4.0,2.235294117647059,25.76831127383505,27.631958451448636,27.9718451419918,-10.355238754920386
room_acoustic_data_room_1472.mat,4.0,2.2470588235294118,25.5546937762964,27.464382012195582,27.76379767892451,-10.264521724043911
room_acoustic_data_room_1473.mat,4.0,2.2588235294117647,25.162524009275046,27.12655875735795,27.402298695534455,-10.090489922160115
room_acoustic_data_room_1474.mat,4.0,2.2705882352941176,24.614325024739735,26.625099506844997,26.914450661362185,-9.852978053526837
room_acoustic_data_room_1475.mat,4.0,2.2823529411764705,24.81401215516831,26.75230604475923,27.121466319926633,-9.927882207552441
room_acoustic_data_room_1476.mat,4.0,2.2941176470588234,25.270512242973954,27.07825401165673,27.575812277326193,-10.101864301927604
room_acoustic_data_room_1477.mat,4.0,2.3058823529411763,25.568986946349636,27.26513915216854,27.888625015473693,-10.21134350801379
room_acoustic_data_room_1478.mat,4.0,2.3176470588235296,25.712405964460828,27.332413483477662,28.039096922901564,-10.261171199536651
room_acoustic_data_room_1479.mat,4.0,2.3294117647058825,25.707330965111804,27.289142497363706,28.038883850134297,-10.258451651477074
room_acoustic_data_room_1480.mat,4.0,2.3411764705882354,25.5722532850978,27.17200661393211,27.890706153678103,-10.221496973957304
room_acoustic_data_room_1481.mat,4.0,2.3529411764705883,25.28615667537781,26.953051592035372,27.5959539095768,-10.128352725085868
room_acoustic_data_room_1482.mat,4.0,2.364705882352941,24.856071054284815,26.62033234065481,27.165792601932566,-9.983684304896505
room_acoustic_data_room_1483.mat,4.0,2.376470588235294,24.885644174826112,26.67631786011784,27.153842000102347,-10.01444676612078
room_acoustic_data_room_1484.mat,4.0,2.388235294117647,25.401795207410235,27.127388522183477,27.604909377350037,-10.220699000515982
room_acoustic_data_room_1485.mat,4.0,2.4,25.74244541578743,27.421479400435235,27.896791427343096,-10.343011274862112
room_acoustic_data_room_1486.mat,4.0,2.411764705882353,25.918891273134818,27.57875014371965,28.05420103866534,-10.39482230980993
room_acoustic_data_room_1487.mat,4.0,2.4235294117647057,25.95585113694215,27.630141289246733,28.07960857321082,-10.401444130897366
room_acoustic_data_room_1488.mat,4.0,2.4352941176470586,25.846861864291984,27.58058036341773,27.942702542542747,-10.356206776194059
room_acoustic_data_room_1489.mat,4.0,2.447058823529412,25.57414630936579,27.386871211508645,27.6542836069563,-10.2404962505402
room_acoustic_data_room_1490.mat,4.0,2.458823529411765,25.165408125077832,27.07875599862465,27.23759053333559,-10.080029468770622
room_acoustic_data_room_1491.mat,4.0,2.4705882352941178,24.953905484472045,26.924205174467723,27.017271258974112,-9.993934418949191
room_acoustic_data_room_1492.mat,4.0,2.4823529411764707,25.502119652912796,27.36264514403988,27.535520371132613,-10.199420299487684
room_acoustic_data_room_1493.mat,4.0,2.4941176470588236,25.91020843904857,27.648539617696063,27.92065590117174,-10.353598847392968
room_acoustic_data_room_1494.mat,4.0,2.5058823529411764,26.180681660074598,27.829860192364034,28.173305554637057,-10.461674723731424
room_acoustic_data_room_1495.mat,4.0,2.5176470588235293,26.321200126144966,27.93670769301206,28.291542714644088,-10.532216998091625
room_acoustic_data_room_1496.mat,4.0,2.5294117647058822,26.331805918227982,27.976303085002783,28.258964606290995,-10.565218998991737
room_acoustic_data_room_1497.mat,4.0,2.541176470588235,26.21643715181917,27.95380811022248,28.10088358955417,-10.563973487136234
room_acoustic_data_room_1498.mat,4.0,2.552941176470588,25.926744880888087,27.78880433213136,27.76463385990855,-10.478528812056318
room_acoustic_data_room_1499.mat,4.0,2.5647058823529414,25.515020766631572,27.511498467774686,27.33867697509755,-10.33724943941968
room_acoustic_data_room_1500.mat,4.0,2.5764705882352943,26.204992998483743,28.100654622440576,27.90977795326153,-10.648130300281931
room_acoustic_data_room_1501.mat,4.0,2.588235294117647,26.733471924143824,28.53405629406193,28.355153965999527,-10.884117419957995
room_acoustic_data_room_1502.mat,4.0,2.6,27.067627344901393,28.77397568779932,28.651627129693296,-11.015584460883876
room_acoustic_data_room_1503.mat,4.0,2.611764705882353,27.2447022322644,28.90594601913532,28.805278747295947,-11.08097556391078
room_acoustic_data_room_1504.mat,4.0,2.623529411764706,27.2885368009699,28.95818621217391,28.82621950974412,-11.104326499141507
room_acoustic_data_room_1505.mat,4.0,2.635294117647059,27.196680264478776,28.9412992876591,28.72523260634837,-11.08300806698969
room_acoustic_data_room_1506.mat,4.0,2.6470588235294117,26.96126056241624,28.79404080413373,28.503702646095455,-11.008445990905855
room_acoustic_data_room_1507.mat,4.0,2.6588235294117646,26.581257842818665,28.469717565552163,28.186978272218937,-10.877551390566946
room_acoustic_data_room_1508.mat,4.0,2.6705882352941175,26.86638804753839,28.642658182693378,28.4975767300029,-10.992672398836753
room_acoustic_data_room_1509.mat,4.0,2.6823529411764704,27.418091554596515,28.995066955156005,29.060080104406254,-11.209339202158198
room_acoustic_data_room_1510.mat,4.0,2.6941176470588237,27.817519510556576,29.198518661656042,29.493290717622635,-11.364170275908727
room_acoustic_data_room_1511.mat,4.0,2.7058823529411766,28.095541251434213,29.30386704914797,29.80016789399375,-11.49008615036614
room_acoustic_data_room_1512.mat,4.0,2.7176470588235295,28.25276901488639,29.349938269568263,29.968811909047833,-11.588534202737923
room_acoustic_data_room_1513.mat,4.0,2.7294117647058824,28.283116165135006,29.3589090711988,29.98103458948176,-11.653924243843088
room_acoustic_data_room_1514.mat,4.0,2.7411764705882353,28.147807373262363,29.278152215111085,29.815151335795285,-11.647647677712534
room_acoustic_data_room_1515.mat,4.0,2.7529411764705882,27.78798416189527,29.015752679444876,29.460513531604846,-11.509777856705679
room_acoustic_data_room_1516.mat,4.0,2.764705882352941,27.718944646796487,28.897569401222682,29.383823502171165,-11.464563951178723
room_acoustic_data_room_1517.mat,4.0,2.776470588235294,28.3633062984571,29.271095324487824,29.952151913160733,-11.721665464178539
room_acoustic_data_room_1518.mat,4.0,2.788235294117647,28.783297150639903,29.435952873734045,30.345901125498962,-11.848775514638652
room_acoustic_data_room_1519.mat,4.0,2.8,29.009659715110082,29.440814424107753,30.569713977983763,-11.878720925944958
room_acoustic_data_room_1520.mat,4.0,2.8117647058823527,29.08120066420789,29.342725481726855,30.608953721023045,-11.851955770570054
room_acoustic_data_room_1521.mat,4.0,2.823529411764706,28.972541147217118,29.16456007405213,30.468578985997823,-11.746265793188753
room_acoustic_data_room_1522.mat,4.0,2.835294117647059,28.70642948061441,28.943508369247755,30.139576384343126,-11.589639648816334
room_acoustic_data_room_1523.mat,4.0,2.847058823529412,28.19742675488758,28.65035464247714,29.579584423261565,-11.3022342370109
room_acoustic_data_room_1524.mat,4.0,2.8588235294117648,28.693307091171686,29.079410399159435,29.92222962719844,-11.44715332532443
room_acoustic_data_room_1525.mat,4.0,2.8705882352941177,29.371692965710047,29.666825519871317,30.47122318360467,-11.62781348517342
room_acoustic_data_room_1526.mat,4.0,2.8823529411764706,29.807994062427746,30.155118785808916,30.82802088302364,-11.679485694862723
room_acoustic_data_room_1527.mat,4.0,2.8941176470588235,29.984441892350112,30.56757174146079,30.91943303762358,-11.584734784528157
room_acoustic_data_room_1528.mat,4.0,2.9058823529411764,30.3431873153499,31.19879146580606,31.134603493295533,-11.562886522445996
room_acoustic_data_room_1529.mat,4.0,2.9176470588235293,31.316666050534465,32.317836728108695,31.868935850775927,-11.782381794709135
room_acoustic_data_room_1530.mat,4.0,2.929411764705882,32.08511591751309,33.30406183261254,32.40018551532807,-11.91241765395927
room_acoustic_data_room_1531.mat,4.0,2.9411764705882355,32.605237056929035,34.081018531683405,32.71972858103296,-11.899978657292497
room_acoustic_data_room_1532.mat,4.0,2.9529411764705884,32.87071406215827,34.548516285469674,32.888529868197274,-11.727210826804473
room_acoustic_data_room_1533.mat,4.0,2.9647058823529413,32.93721790742263,34.72832374019423,32.96515417296953,-11.43734749493202
room_acoustic_data_room_1534.mat,4.0,2.976470588235294,32.85303454163469,34.652584921512855,32.978170146517115,-11.066209882558658
room_acoustic_data_room_1535.mat,4.0,2.988235294117647,32.68949991442023,34.41514787058725,32.96752499900418,-10.67337256504359
room_acoustic_data_room_1536.mat,4.0,3.0,32.48375421317002,34.09495673602198,32.94611488670392,-10.285413775758832
room_acoustic_data_room_1537.mat,0.0,-1.0,29.864076155575532,31.595092575051673,30.787851471137536,-7.6487578258936715
room_acoustic_data_room_1538.mat,0.011764705882352941,-1.0,30.035915082593974,31.86952391759288,30.831757212150066,-7.99850683763524
room_acoustic_data_room_1539.mat,0.023529411764705882,-1.0,30.189075872778552,32.10392931970147,30.878484412756745,-8.375855436390419
room_acoustic_data_room_1540.mat,0.03529411764705882,-1.0,30.295622864216725,32.25688397816182,30.88060668749606,-8.76336299647011
room_acoustic_data_room_1541.mat,0.047058823529411764,-1.0,30.32135201004281,32.2672824844432,30.808906965925292,-9.13848893508151
room_acoustic_data_room_1542.mat,0.058823529411764705,-1.0,30.23099674894123,32.086265760762515,30.669532644584866,-9.47823645106267
room_acoustic_data_room_1543.mat,0.07058823529411765,-1.0,29.985145330551713,31.69446290028281,30.43800488332376,-9.755255519845818
room_acoustic_data_room_1544.mat,0.08235294117647059,-1.0,29.53103474560198,31.083225857320926,30.051618621895948,-9.927727304069407
room_acoustic_data_room_1545.mat,0.09411764705882353,-1.0,28.846482781614174,30.287629920904166,29.476701434978033,-9.982508242058138
room_acoustic_data_room_1546.mat,0.10588235294117647,-1.0,28.566744231139772,29.773345834889177,29.35936848724788,-10.140213297870549
room_acoustic_data_room_1547.mat,0.11764705882352941,-1.0,28.567036965783736,29.510134648156843,29.49023724957689,-10.396545213581492
room_acoustic_data_room_1548.mat,0.12941176470588237,-1.0,28.376129766740114,29.162988414380987,29.43782513045225,-10.575197917550483
room_acoustic_data_room_1549.mat,0.1411764705882353,-1.0,27.96431304768341,28.636308273409764,29.191731131806357,-10.649649018556781
room_acoustic_data_room_1550.mat,0.15294117647058825,-1.0,27.45124652883777,28.07277800274017,28.88711280556575,-10.615854506037799
room_acoustic_data_room_1551.mat,0.16470588235294117,-1.0,27.928367096126387,28.30168858210715,29.521109021738884,-10.861849337125483
room_acoustic_data_room_1552.mat,0.17647058823529413,-1.0,28.187744464689533,28.40572502346843,29.929337731445578,-11.00593164048615
room_acoustic_data_room_1553.mat,0.18823529411764706,-1.0,28.26551365431333,28.427603518294667,30.13539597151249,-11.08016404647514
room_acoustic_data_room_1554.mat,0.2,-1.0,28.196737886506593,28.40817600305919,30.128527844498155,-11.114483852642001
room_acoustic_data_room_1555.mat,0.21176470588235294,-1.0,27.997332307282687,28.323816500294864,29.94385624121145,-11.120604212337678
room_acoustic_data_room_1556.mat,0.2235294117647059,-1.0,27.633287559341998,28.13948989961176,29.56927612200314,-11.061032481406325
room_acoustic_data_room_1557.mat,0.23529411764705882,-1.0,27.084976357369612,27.8172987266899,29.04753117591133,-10.911805468858521
room_acoustic_data_room_1558.mat,0.24705882352941178,-1.0,27.352019043749625,28.05801663620087,29.326988055653377,-11.033539136493669
room_acoustic_data_room_1559.mat,0.25882352941176473,-1.0,27.66774760944471,28.316397345527268,29.663870760363878,-11.139011242532028
room_acoustic_data_room_1560.mat,0.27058823529411763,-1.0,27.82281610403562,28.451156285967688,29.85728731850792,-11.176929467063228
room_acoustic_data_room_1561.mat,0.2823529411764706,-1.0,27.847267869264563,28.487046015221843,29.900732141939223,-11.177021201025104
room_acoustic_data_room_1562.mat,0.29411764705882354,-1.0,27.756754352729654,28.44151310485231,29.80973779323241,-11.154029333100713
room_acoustic_data_room_1563.mat,0.3058823529411765,-1.0,27.56044624049199,28.329930231182537,29.584784104708113,-11.116355576506338
room_acoustic_data_room_1564.mat,0.3176470588235294,-1.0,27.251762253602443,28.10992466969834,29.24496301964169,-11.056583309442447
room_acoustic_data_room_1565.mat,0.32941176470588235,-1.0,26.773891376962226,27.73874339331494,28.764028474919343,-10.916000972894
room_acoustic_data_room_1566.mat,0.3411764705882353,-1.0,26.596149090076256,27.56882103497059,28.58421361067435,-10.875361056496619
room_acoustic_data_room_1567.mat,0.35294117647058826,-1.0,26.97968385910983,27.82139376677671,28.930144325245756,-11.015535731332376
room_acoustic_data_room_1568.mat,0.36470588235294116,-1.0,27.198614356205795,27.932148958568845,29.141557656215554,-11.07783045191603
room_acoustic_data_room_1569.mat,0.3764705882352941,-1.0,27.287187948287727,27.95418490690079,29.23494321684459,-11.098824448260284
room_acoustic_data_room_1570.mat,0.38823529411764707,-1.0,27.252932345970095,27.92136504739124,29.187915215752447,-11.087065585430086
room_acoustic_data_room_1571.mat,0.4,-1.0,27.11069909157571,27.830520053501818,29.00780209282871,-11.057888588297155
room_acoustic_data_room_1572.mat,0.4117647058823529,-1.0,26.83518918898305,27.664583273378494,28.70687637341609,-10.986033865384721
room_acoustic_data_room_1573.mat,0.4235294117647059,-1.0,26.38807533209971,27.371023351054127,28.275381696544546,-10.832104050219884
room_acoustic_data_room_1574.mat,0.43529411764705883,-1.0,25.734517097110924,26.90847300292568,27.700313661538466,-10.558076585661556
room_acoustic_data_room_1575.mat,0.4470588235294118,-1.0,26.127880633863928,27.161641433299476,28.02752996920453,-10.677325386104048
room_acoustic_data_room_1576.mat,0.4588235294117647,-1.0,26.366065983319217,27.280302045279385,28.227458114945474,-10.71131660055868
room_acoustic_data_room_1577.mat,0.47058823529411764,-1.0,26.442702007058728,27.27100241394624,28.273356492299982,-10.67377539645799
room_acoustic_data_room_1578.mat,0.4823529411764706,-1.0,26.403191439044818,27.18115697111641,28.20687752013132,-10.611664393401682
room_acoustic_data_room_1579.mat,0.49411764705882355,-1.0,26.257985984506334,27.04004283848384,28.0437942016008,-10.536063698802957
room_acoustic_data_room_1580.mat,0.5058823529411764,-1.0,25.991308442971363,26.8505639761851,27.792782226663025,-10.431276881992574
room_acoustic_data_room_1581.mat,0.5176470588235295,-1.0,25.590179203376398,26.55569512193594,27.44173270208192,-10.283498871348018
room_acoustic_data_room_1582.mat,0.5294117647058824,-1.0,25.027575487939355,26.108312722597837,26.978149485944822,-10.063127102214764
room_acoustic_data_room_1583.mat,0.5411764705882353,-1.0,25.15834568099924,26.188048553815726,27.09154186802634,-10.076054851732902
room_acoustic_data_room_1584.mat,0.5529411764705883,-1.0,25.46151667593227,26.399232090669685,27.347228449185135,-10.130254732626305
room_acoustic_data_room_1585.mat,0.5647058823529412,-1.0,25.620847528082756,26.51439608358426,27.49061034635393,-10.131884348253378
room_acoustic_data_room_1586.mat,0.5764705882352941,-1.0,25.66393415588123,26.56481396358086,27.527836016314694,-10.110619169475978
room_acoustic_data_room_1587.mat,0.5882352941176471,-1.0,25.59274412270399,26.547149489274094,27.43853571668993,-10.069310384113406
room_acoustic_data_room_1588.mat,0.6,-1.0,25.415442508704338,26.446335876496022,27.251211227194965,-10.016338459204208
room_acoustic_data_room_1589.mat,0.611764705882353,-1.0,25.10633316913841,26.234598014246732,26.945003089642682,-9.92539673896616
room_acoustic_data_room_1590.mat,0.6235294117647059,-1.0,24.63735965864017,25.8734219972794,26.5045120509616,-9.766256032963106
room_acoustic_data_room_1591.mat,0.6352941176470588,-1.0,24.593489427993852,25.84257657892064,26.43496517374286,-9.721405669580376
room_acoustic_data_room_1592.mat,0.6470588235294118,-1.0,24.937789541356633,26.122247264505347,26.726935122641933,-9.780125737376533
room_acoustic_data_room_1593.mat,0.6588235294117647,-1.0,25.13204945774739,26.271445181956963,26.88556891164028,-9.781350813212146
room_acoustic_data_room_1594.mat,0.6705882352941176,-1.0,25.19171948551147,26.313045470311533,26.927472999290476,-9.742866448224317
room_acoustic_data_room_1595.mat,0.6823529411764706,-1.0,25.142549381591934,26.27211543287611,26.87189871415297,-9.69133789310569
room_acoustic_data_room_1596.mat,0.6941176470588235,-1.0,24.992271457405334,26.17449407939972,26.771092147316416,-9.634660888688046
room_acoustic_data_room_1597.mat,0.7058823529411765,-1.0,24.70877988864958,25.98537930925721,26.561099371924072,-9.540177062734585
room_acoustic_data_room_1598.mat,0.7176470588235294,-1.0,24.277075988766295,25.66700186251851,26.224609245085325,-9.391000520573158
room_acoustic_data_room_1599.mat,0.7294117647058823,-1.0,24.068847243962267,25.500417627595482,26.08189164170784,-9.307413405365635
room_acoustic_data_room_1600.mat,0.7411764705882353,-1.0,24.44212647277469,25.796937793964926,26.427672308545343,-9.370032742177578
room_acoustic_data_room_1601.mat,0.7529411764705882,-1.0,24.66779408907614,25.975274818022697,26.663230346651815,-9.37758343181008
room_acoustic_data_room_1602.mat,0.7647058823529411,-1.0,24.776108304945247,26.06367864813519,26.807733243594424,-9.363012259103604
room_acoustic_data_room_1603.mat,0.7764705882352941,-1.0,24.796920600323844,26.092452032636942,26.884584238250113,-9.357223263390454
room_acoustic_data_room_1604.mat,0.788235294117647,-1.0,24.736321156403655,26.081693803246996,26.890394833726038,-9.36648293018803
room_acoustic_data_room_1605.mat,0.8,-1.0,24.55094809227489,25.96843238353058,26.76248111449315,-9.346944454111537
room_acoustic_data_room_1606.mat,0.8117647058823529,-1.0,24.213981482734,25.73044961012688,26.474584481701164,-9.27016592306654
room_acoustic_data_room_1607.mat,0.8235294117647058,-1.0,23.853764246385353,25.464213925274677,26.146866382408508,-9.185177963114217
room_acoustic_data_room_1608.mat,0.8352941176470589,-1.0,24.246414367453188,25.881803827155736,26.519278864378833,-9.24949134211514
room_acoustic_data_room_1609.mat,0.8470588235294118,-1.0,24.47018804024024,26.129110407560997,26.75299878652691,-9.236305338813123
room_acoustic_data_room_1610.mat,0.8588235294117647,-1.0,24.578867938824686,26.25525366367633,26.877699276050233,-9.20258811079124
room_acoustic_data_room_1611.mat,0.8705882352941177,-1.0,24.578143000336073,26.300987703560594,26.887657902828572,-9.155376628692062
room_acoustic_data_room_1612.mat,0.8823529411764706,-1.0,24.521678185523147,26.285511664834736,26.819700610840815,-9.148650695789492
room_acoustic_data_room_1613.mat,0.8941176470588236,-1.0,24.33707301427731,26.168305099788405,26.62450537577344,-9.109665142848412
room_acoustic_data_room_1614.mat,0.9058823529411765,-1.0,24.01311696978415,25.918346905055543,26.289789182919243,-9.025890744898694
room_acoustic_data_room_1615.mat,0.9176470588235294,-1.0,23.56478154907164,25.54257226197648,25.829708991165163,-8.909219655540262
room_acoustic_data_room_1616.mat,0.9294117647058824,-1.0,23.86865324947,25.817061686669533,26.123784377340854,-8.97921684598062
room_acoustic_data_room_1617.mat,0.9411764705882353,-1.0,24.170481813145233,26.09162875453047,26.430705808241,-9.025733311350734
room_acoustic_data_room_1618.mat,0.9529411764705882,-1.0,24.347768445227835,26.237666332657575,26.626935806390968,-9.041166463637966
room_acoustic_data_room_1619.mat,0.9647058823529412,-1.0,24.410350156175614,26.29249631220844,26.709725823448633,-9.037150871184508
room_acoustic_data_room_1620.mat,0.9764705882352941,-1.0,24.3660254738068,26.28102638916022,26.662592769730082,-9.022059772047083
room_acoustic_data_room_1621.mat,0.9882352941176471,-1.0,24.209371723728673,26.190564580140276,26.479876345335377,-8.990328996120585
room_acoustic_data_room_1622.mat,1.0,-1.0,23.931438062877323,26.000231179413788,26.166313159015907,-8.932005938897676
room_acoustic_data_room_1623.mat,1.011764705882353,-1.0,23.520949461766435,25.67529351766178,25.727308037246942,-8.833256757875246
room_acoustic_data_room_1624.mat,1.0235294117647058,-1.0,23.610132329200745,25.77614517961301,25.805423985920797,-8.856695967451062
room_acoustic_data_room_1625.mat,1.035294117647059,-1.0,24.004820331596935,26.12118294115173,26.18546046521008,-8.975045891377661
room_acoustic_data_room_1626.mat,1.0470588235294118,-1.0,24.26140873124847,26.341553896443504,26.447234152709306,-9.04774399094422
room_acoustic_data_room_1627.mat,1.0588235294117647,-1.0,24.38106616016933,26.44986440004749,26.577871087794943,-9.07827382191208
room_acoustic_data_room_1628.mat,1.0705882352941176,-1.0,24.370591118657753,26.454729391475933,26.565134683068425,-9.074320091223862
room_acoustic_data_room_1629.mat,1.0823529411764705,-1.0,24.225287448161268,26.349677730095472,26.41308936175595,-9.031254668104822
room_acoustic_data_room_1630.mat,1.0941176470588236,-1.0,23.941951799029365,26.11151170036923,26.129619157546323,-8.945147501505552
room_acoustic_data_room_1631.mat,1.1058823529411765,-1.0,23.456485820096695,25.692013432823014,25.657041778413333,-8.749796711339881
room_acoustic_data_room_1632.mat,1.1176470588235294,-1.0,23.285363291402298,25.522196635362143,25.500934282185103,-8.669084127758147
room_acoustic_data_room_1633.mat,1.1294117647058823,-1.0,23.734074299355118,25.862075615598435,25.96131385241227,-8.818123166470876
room_acoustic_data_room_1634.mat,1.1411764705882352,-1.0,24.034660897837625,26.075757228038633,26.267097340483367,-8.910708925639293
room_acoustic_data_room_1635.mat,1.1529411764705881,-1.0,24.17352697741698,26.17776071745439,26.41682384033316,-8.936075899514544
room_acoustic_data_room_1636.mat,1.1647058823529413,-1.0,24.20001488212896,26.212634865945617,26.43764330377612,-8.944763448746038
room_acoustic_data_room_1637.mat,1.1764705882352942,-1.0,24.118668380365857,26.16479651579875,26.32945121178684,-8.941563831526185
room_acoustic_data_room_1638.mat,1.188235294117647,-1.0,23.919294772402235,26.007010070083936,26.105585856967053,-8.915763552062499
room_acoustic_data_room_1639.mat,1.2,-1.0,23.538063342127526,25.696319612628006,25.723630323055893,-8.80178695702574
room_acoustic_data_room_1640.mat,1.2117647058823529,-1.0,23.203667670378103,25.409081679104517,25.39757255491947,-8.703414011437822
room_acoustic_data_room_1641.mat,1.223529411764706,-1.0,23.785955556355812,25.882866857766714,25.953123313667025,-8.962521917927537
room_acoustic_data_room_1642.mat,1.2352941176470589,-1.0,24.189452563239758,26.186760317553635,26.354393173011204,-9.133820568014155
room_acoustic_data_room_1643.mat,1.2470588235294118,-1.0,24.424285935853163,26.34817530575834,26.596749523085048,-9.230769122960629
room_acoustic_data_room_1644.mat,1.2588235294117647,-1.0,24.496691692937084,26.38762896203623,26.67168800345074,-9.261108093510584
room_acoustic_data_room_1645.mat,1.2705882352941176,-1.0,24.437709406765297,26.333243804317522,26.603757009975794,-9.256286681755876
room_acoustic_data_room_1646.mat,1.2823529411764707,-1.0,24.246024274187327,26.174384714073547,26.390147747754035,-9.214624073018893
room_acoustic_data_room_1647.mat,1.2941176470588236,-1.0,23.92374061137167,25.903640430983064,26.063550526599876,-9.136759355400589
room_acoustic_data_room_1648.mat,1.3058823529411765,-1.0,23.427907258504934,25.4805674565661,25.58777110545201,-8.976435092928984
room_acoustic_data_room_1649.mat,1.3176470588235294,-1.0,23.837662207301044,25.83154853304713,25.978326589412593,-9.084456187176496
room_acoustic_data_room_1650.mat,1.3294117647058823,-1.0,24.161954087677238,26.090642461763068,26.30256739772534,-9.153780307429118
room_acoustic_data_room_1651.mat,1.3411764705882352,-1.0,24.328942503158203,26.227504153981016,26.48002807587643,-9.159853146283194
room_acoustic_data_room_1652.mat,1.3529411764705883,-1.0,24.3693338734565,26.274255996904845,26.522865136935323,-9.135219948253228
room_acoustic_data_room_1653.mat,1.3647058823529412,-1.0,24.299101663556325,26.251281006756862,26.429018736697873,-9.096440543750328
room_acoustic_data_room_1654.mat,1.3764705882352941,-1.0,24.106607698591556,26.137983128416803,26.200434222937407,-9.031654526963507
room_acoustic_data_room_1655.mat,1.388235294117647,-1.0,23.785997966124125,25.913490875873798,25.84578354772338,-8.933784838321214
room_acoustic_data_room_1656.mat,1.4,-1.0,23.3324671167949,25.553116689440472,25.384255558073924,-8.795105003596804
room_acoustic_data_room_1657.mat,1.411764705882353,-1.0,23.499722947471405,25.72417247467029,25.527336928448516,-8.807996186118586
room_acoustic_data_room_1658.mat,1.423529411764706,-1.0,23.8222740358348,26.008238130020686,25.832521305146372,-8.85432944239915
room_acoustic_data_room_1659.mat,1.4352941176470588,-1.0,23.986790488976247,26.15485585053086,26.019982545003664,-8.83636400526101
room_acoustic_data_room_1660.mat,1.4470588235294117,-1.0,24.03786060684164,26.20877122843919,26.096070497678138,-8.800921870376111
room_acoustic_data_room_1661.mat,1.4588235294117646,-1.0,23.9766554396793,26.163664495009805,26.05934780193659,-8.749977047560941
room_acoustic_data_room_1662.mat,1.4705882352941178,-1.0,23.789904723596813,26.014472697734128,25.8863676311698,-8.670181988321593
room_acoustic_data_room_1663.mat,1.4823529411764707,-1.0,23.488021572615754,25.754775204099136,25.594178789543424,-8.570929340735576
room_acoustic_data_room_1664.mat,1.4941176470588236,-1.0,23.075126711997417,25.375798165301862,25.198893107149104,-8.453742508097148
room_acoustic_data_room_1665.mat,1.5058823529411764,-1.0,23.04896817254074,25.32927849986869,25.18308060153663,-8.427584008848907
room_acoustic_data_room_1666.mat,1.5176470588235293,-1.0,23.40321160757515,25.59416699473839,25.55800401284021,-8.486119419538161
room_acoustic_data_room_1667.mat,1.5294117647058822,-1.0,23.638102259393396,25.764019072033882,25.822583684555724,-8.518379571545664
room_acoustic_data_room_1668.mat,1.5411764705882354,-1.0,23.75249817752437,25.850408909819834,25.956716477936375,-8.52581983660638
room_acoustic_data_room_1669.mat,1.5529411764705883,-1.0,23.754351693567077,25.84775408721461,25.963793305563957,-8.517413012494732
room_acoustic_data_room_1670.mat,1.5647058823529412,-1.0,23.638319355912678,25.756676661964974,25.83508388797408,-8.487892932437012
room_acoustic_data_room_1671.mat,1.576470588235294,-1.0,23.39005276577104,25.55068222925624,25.57453818488657,-8.422108238321517
room_acoustic_data_room_1672.mat,1.588235294117647,-1.0,22.98752839378896,25.20562142847806,25.16867173765697,-8.295801705335554
room_acoustic_data_room_1673.mat,1.6,-1.0,22.731810381041516,24.981459110566107,24.91854609904109,-8.194448407157454
room_acoustic_data_room_1674.mat,1.611764705882353,-1.0,23.09981384687819,25.302771082047396,25.286779788829946,-8.247600853879018
room_acoustic_data_room_1675.mat,1.6235294117647059,-1.0,23.334887495501174,25.48487580869717,25.537156506764745,-8.259934455384446
room_acoustic_data_room_1676.mat,1.6352941176470588,-1.0,23.43931483954842,25.548377581362416,25.665212409655716,-8.236653849349176
room_acoustic_data_room_1677.mat,1.6470588235294117,-1.0,23.440550334955702,25.52876483005764,25.684176345266287,-8.20643653901502
room_acoustic_data_room_1678.mat,1.6588235294117648,-1.0,23.334208624907905,25.436959947009893,25.56997374367336,-8.165119398702242
room_acoustic_data_room_1679.mat,1.6705882352941177,-1.0,23.109021412347115,25.252136427374772,25.337136850318636,-8.100847766147558
room_acoustic_data_room_1680.mat,1.6823529411764706,-1.0,22.737523728145725,24.94372875528306,24.97168539702885,-7.98431784767765
room_acoustic_data_room_1681.mat,1.6941176470588235,-1.0,22.296955178883593,24.56318271446419,24.548515178191522,-7.8454831874461295
room_acoustic_data_room_1682.mat,1.7058823529411764,-1.0,22.717749061578406,24.944113013381827,24.963385980678655,-7.930767967991848
room_acoustic_data_room_1683.mat,1.7176470588235293,-1.0,22.99468294348894,25.19236579638151,25.244344134078816,-7.963282895584392
room_acoustic_data_room_1684.mat,1.7294117647058824,-1.0,23.12006054686702,25.30572994576945,25.38679597114878,-7.938637968713081
room_acoustic_data_room_1685.mat,1.7411764705882353,-1.0,23.147932487691563,25.33555544582267,25.416576279472764,-7.912349031513806
room_acoustic_data_room_1686.mat,1.7529411764705882,-1.0,23.089502249338366,25.303903905353575,25.34906588879715,-7.8959855790121996
room_acoustic_data_room_1687.mat,1.7647058823529411,-1.0,22.929544791122275,25.199390520771626,25.165353276475038,-7.873912940875545
room_acoustic_data_room_1688.mat,1.776470588235294,-1.0,22.64292373562368,24.99932708854727,24.837624034676647,-7.819490247896005
room_acoustic_data_room_1689.mat,1.7882352941176471,-1.0,22.189256622705457,24.633890691461605,24.358230067372176,-7.689003123733324
room_acoustic_data_room_1690.mat,1.8,-1.0,22.496119437069545,24.91493578913737,24.636591104166396,-7.759843201647011
room_acoustic_data_room_1691.mat,1.811764705882353,-1.0,22.857751917447622,25.215920235030676,24.988561783527445,-7.854220840471485
room_acoustic_data_room_1692.mat,1.8235294117647058,-1.0,23.099464079887902,25.408483161714088,25.225735174342248,-7.922359672062628
room_acoustic_data_room_1693.mat,1.8352941176470587,-1.0,23.232135639572014,25.511045809628957,25.36134563887687,-7.976884348837747
room_acoustic_data_room_1694.mat,1.8470588235294119,-1.0,23.248802274398663,25.52589304827171,25.381812211632734,-8.01135134482412
room_acoustic_data_room_1695.mat,1.8588235294117648,-1.0,23.136341636365167,25.4357338129496,25.262841617800014,-8.012389822331128
room_acoustic_data_room_1696.mat,1.8705882352941177,-1.0,22.87258936465782,25.196214725426763,24.991214962273677,-7.956638404077262
room_acoustic_data_room_1697.mat,1.8823529411764706,-1.0,22.48305979251784,24.82113990718694,24.61843473501488,-7.86678081976969
room_acoustic_data_room_1698.mat,1.8941176470588235,-1.0,22.63386877408646,24.917194143277833,24.77446089539268,-7.927179854391602
room_acoustic_data_room_1699.mat,1.9058823529411764,-1.0,23.055743428085833,25.24798779732073,25.19346796503463,-8.05893932783902
room_acoustic_data_room_1700.mat,1.9176470588235295,-1.0,23.349159571900163,25.471832443249355,25.487897177890574,-8.155127002116163
room_acoustic_data_room_1701.mat,1.9294117647058824,-1.0,23.51255466648873,25.60318953601357,25.66133718050214,-8.216283867099468
room_acoustic_data_room_1702.mat,1.9411764705882353,-1.0,23.559492597051403,25.649689476864307,25.72107182379407,-8.256700509436552
room_acoustic_data_room_1703.mat,1.9529411764705882,-1.0,23.479580289591887,25.609795606197107,25.647207900933697,-8.265915827431042
room_acoustic_data_room_1704.mat,1.964705882352941,-1.0,23.273901211796932,25.457991492417776,25.45155587287905,-8.244127082192163
room_acoustic_data_room_1705.mat,1.9764705882352942,-1.0,22.92153443960434,25.157387575939865,25.14061188551375,-8.168098425941698
room_acoustic_data_room_1706.mat,1.988235294117647,-1.0,22.849477641064052,25.07683159686707,25.100818614110256,-8.16178532122034
room_acoustic_data_room_1707.mat,2.0,-1.0,23.313592464765517,25.456659537794053,25.562857355550324,-8.314160754513324
room_acoustic_data_room_1708.mat,2.011764705882353,-1.0,23.624639569616306,25.70067672353709,25.883981326090645,-8.405597290372622
room_acoustic_data_room_1709.mat,2.023529411764706,-1.0,23.790883418694175,25.82027292561808,26.066755654971704,-8.44691820498832
room_acoustic_data_room_1710.mat,2.0352941176470587,-1.0,23.843670783605283,25.85930275999098,26.135375970938362,-8.470472031593781
room_acoustic_data_room_1711.mat,2.0470588235294116,-1.0,23.75807071827204,25.783484597665122,26.07068110884883,-8.451469320021086
room_acoustic_data_room_1712.mat,2.0588235294117645,-1.0,23.53548423052605,25.587777680618355,25.873856968062125,-8.390736368041086
room_acoustic_data_room_1713.mat,2.070588235294118,-1.0,23.173810634353785,25.256659960343505,25.548864859643206,-8.284374932045347
room_acoustic_data_room_1714.mat,2.0823529411764707,-1.0,22.841096523325525,24.9328117727025,25.264395731986554,-8.185535407284123
room_acoustic_data_room_1715.mat,2.0941176470588236,-1.0,23.349178851860497,25.350139417555177,25.76133910600173,-8.361953458313824
room_acoustic_data_room_1716.mat,2.1058823529411765,-1.0,23.683016062147246,25.60609753367441,26.111927826411335,-8.455609087370311
room_acoustic_data_room_1717.mat,2.1176470588235294,-1.0,23.877475300879002,25.76022492383768,26.31854920516838,-8.504448794780167
room_acoustic_data_room_1718.mat,2.1294117647058823,-1.0,23.950656188618588,25.835582928271986,26.3782932692924,-8.527890932274683
room_acoustic_data_room_1719.mat,2.1411764705882352,-1.0,23.900153513118735,25.812223890361622,26.303889124855164,-8.523875025186571
room_acoustic_data_room_1720.mat,2.152941176470588,-1.0,23.708132388799378,25.670055159531945,26.085064457798627,-8.4742514410399
room_acoustic_data_room_1721.mat,2.164705882352941,-1.0,23.38690949688859,25.412773691093477,25.736837969466514,-8.389989003940569
room_acoustic_data_room_1722.mat,2.176470588235294,-1.0,22.906155880213962,25.001987782009113,25.250516408159083,-8.23757357671395
room_acoustic_data_room_1723.mat,2.1882352941176473,-1.0,23.365300346911372,25.389861662203728,25.646870733064205,-8.42148727908253
room_acoustic_data_room_1724.mat,2.2,-1.0,23.797936658988448,25.739567502245553,26.061771541351604,-8.593937430390042
room_acoustic_data_room_1725.mat,2.211764705882353,-1.0,24.067463428618975,25.94085681188556,26.319256836449085,-8.697633273726101
room_acoustic_data_room_1726.mat,2.223529411764706,-1.0,24.193333161126116,26.02034059742055,26.44478139986458,-8.753650368508348
room_acoustic_data_room_1727.mat,2.235294117647059,-1.0,24.173120084722377,25.966520741791133,26.423602563849123,-8.76004930513172
room_acoustic_data_room_1728.mat,2.2470588235294118,-1.0,24.008704413371337,25.780552384024773,26.260033232840424,-8.718535786886646
room_acoustic_data_room_1729.mat,2.2588235294117647,-1.0,23.695909640603592,25.463503866868507,25.97380797097333,-8.623882798147442
room_acoustic_data_room_1730.mat,2.2705882352941176,-1.0,23.23574194058726,25.020005177752832,25.548687348839362,-8.474410067759573
room_acoustic_data_room_1731.mat,2.2823529411764705,-1.0,23.44031603228812,25.173655912523362,25.746447950827765,-8.554191807005068
room_acoustic_data_room_1732.mat,2.2941176470588234,-1.0,23.891889648847553,25.544894721185322,26.18975268574992,-8.723258272036963
room_acoustic_data_room_1733.mat,2.3058823529411763,-1.0,24.20102995589221,25.793014460688024,26.508259530359393,-8.843424980204302
room_acoustic_data_room_1734.mat,2.3176470588235296,-1.0,24.37473402171228,25.92887509052394,26.695876253905524,-8.923577966772646
room_acoustic_data_room_1735.mat,2.3294117647058825,-1.0,24.406674339773016,25.966673519062,26.73581353782758,-8.957942542954584
room_acoustic_data_room_1736.mat,2.3411764705882354,-1.0,24.310521917243104,25.908896058189057,26.642991501295654,-8.9600238672223
room_acoustic_data_room_1737.mat,2.3529411764705883,-1.0,24.082165523686005,25.74348981131773,26.417628930375287,-8.924788864859782
room_acoustic_data_room_1738.mat,2.364705882352941,-1.0,23.704171926051778,25.434692312111338,26.046440185879646,-8.832458462837646
room_acoustic_data_room_1739.mat,2.376470588235294,-1.0,23.742962574444366,25.480516910371335,26.076502691043366,-8.871371310614995
room_acoustic_data_room_1740.mat,2.388235294117647,-1.0,24.230473894034603,25.90892840428964,26.543103357251777,-9.049118347912078
room_acoustic_data_room_1741.mat,2.4,-1.0,24.567869460688424,26.1967707525461,26.87272701346929,-9.168425192325193
room_acoustic_data_room_1742.mat,2.411764705882353,-1.0,24.77683215818663,26.362018433771823,27.083907546357175,-9.253144078159888
room_acoustic_data_room_1743.mat,2.4235294117647057,-1.0,24.858655309131255,26.4264502154948,27.1621068018938,-9.305184100980997
room_acoustic_data_room_1744.mat,2.4352941176470586,-1.0,24.792719191626883,26.38350377426981,27.079749987449212,-9.303725747950892
room_acoustic_data_room_1745.mat,2.447058823529412,-1.0,24.59669335830263,26.244729267602168,26.86622775491228,-9.265578514283503
room_acoustic_data_room_1746.mat,2.458823529411765,-1.0,24.24865799903461,25.959053255219505,26.51167922764415,-9.166767275511457
room_acoustic_data_room_1747.mat,2.4705882352941178,-1.0,24.07842146497063,25.82046540211482,26.32896527231329,-9.113598959892123
room_acoustic_data_room_1748.mat,2.4823529411764707,-1.0,24.58473958737438,26.253508209955342,26.801850471514165,-9.277676462512998
room_acoustic_data_room_1749.mat,2.4941176470588236,-1.0,24.96014561799555,26.558653161825625,27.158604426216026,-9.399773724225874
room_acoustic_data_room_1750.mat,2.5058823529411764,-1.0,25.209332935198553,26.764980062196237,27.380949865357064,-9.48715402223675
room_acoustic_data_room_1751.mat,2.5176470588235293,-1.0,25.328044039897613,26.884295472578316,27.461655694209416,-9.536348731715986
room_acoustic_data_room_1752.mat,2.5294117647058822,-1.0,25.315603430955797,26.92441963227132,27.405567341597393,-9.546546428110045
room_acoustic_data_room_1753.mat,2.541176470588235,-1.0,25.1507024957348,26.846427645333577,27.210179656090205,-9.495756130609955
room_acoustic_data_room_1754.mat,2.552941176470588,-1.0,24.84553500532391,26.63737398159523,26.873043524101355,-9.394590328496967
room_acoustic_data_room_1755.mat,2.5647058823529414,-1.0,24.429652535011563,26.313192045723746,26.44372887621673,-9.252966421383762
room_acoustic_data_room_1756.mat,2.5764705882352943,-1.0,25.006963678981542,26.832350299679174,26.92798039884943,-9.451403747682985
room_acoustic_data_room_1757.mat,2.588235294117647,-1.0,25.4412636724407,27.203988856271117,27.30392035287583,-9.593109960256394
room_acoustic_data_room_1758.mat,2.6,-1.0,25.735855780587286,27.446280455625693,27.549595614150967,-9.684696576310689
room_acoustic_data_room_1759.mat,2.611764705882353,-1.0,25.890287775879113,27.56814463388032,27.669981836906423,-9.727009544264442
room_acoustic_data_room_1760.mat,2.623529411764706,-1.0,25.90026540026188,27.574669922748633,27.65071018769764,-9.71601366983964
room_acoustic_data_room_1761.mat,2.635294117647059,-1.0,25.7739072558631,27.473099332861224,27.499941015471165,-9.659666350035295
room_acoustic_data_room_1762.mat,2.6470588235294117,-1.0,25.503400071954914,27.23227145964632,27.231897933079736,-9.549420721373874
room_acoustic_data_room_1763.mat,2.6588235294117646,-1.0,25.07175222545923,26.82374871210742,26.85111824778362,-9.366139256526617
room_acoustic_data_room_1764.mat,2.6705882352941175,-1.0,25.2900725696321,26.91911260286001,27.072491025082307,-9.4176926439215
room_acoustic_data_room_1765.mat,2.6823529411764704,-1.0,25.752311179444852,27.186544310693183,27.532472087287164,-9.544267365737245
room_acoustic_data_room_1766.mat,2.6941176470588237,-1.0,26.07320756502397,27.350321300352917,27.857405291496526,-9.619611982818427
room_acoustic_data_room_1767.mat,2.7058823529411766,-1.0,26.27504611069608,27.43361920321159,28.05445122347884,-9.667831539900318
room_acoustic_data_room_1768.mat,2.7176470588235295,-1.0,26.383886342339153,27.45837607174267,28.151249007351087,-9.715560821269172
room_acoustic_data_room_1769.mat,2.7294117647058824,-1.0,26.354961938613044,27.402500295366586,28.09581151586196,-9.718292655499738
room_acoustic_data_room_1770.mat,2.7411764705882353,-1.0,26.17579331971712,27.26716418195504,27.898266114348992,-9.663600298861157
room_acoustic_data_room_1771.mat,2.7529411764705882,-1.0,25.823478724307343,27.02334260509752,27.558948616896586,-9.527657484402393
room_acoustic_data_room_1772.mat,2.764705882352941,-1.0,25.677583241551933,26.90277514337247,27.43253654518886,-9.449609182593532
room_acoustic_data_room_1773.mat,2.776470588235294,-1.0,26.20765745914003,27.27791069002712,27.928950727271477,-9.590474292703977
room_acoustic_data_room_1774.mat,2.788235294117647,-1.0,26.548698551246478,27.49485057490243,28.23858892327127,-9.635483555122812
room_acoustic_data_room_1775.mat,2.8,-1.0,26.71432357183333,27.59172289310999,28.379934219078287,-9.600974106696832
room_acoustic_data_room_1776.mat,2.8117647058823527,-1.0,26.783122105533664,27.630929591984923,28.398516052588935,-9.56788176432569
room_acoustic_data_room_1777.mat,2.823529411764706,-1.0,26.754706070901186,27.639300187426628,28.29549505171125,-9.539575482399949
room_acoustic_data_room_1778.mat,2.835294117647059,-1.0,26.605811602064335,27.584766303885093,28.062224846284188,-9.498398428648343
room_acoustic_data_room_1779.mat,2.847058823529412,-1.0,26.261117577110888,27.37158595186095,27.63600496336343,-9.374710931170625
room_acoustic_data_room_1780.mat,2.8588235294117648,-1.0,26.73215156140628,27.862119172870855,27.964657259242095,-9.487436044483912
room_acoustic_data_room_1781.mat,2.8705882352941177,-1.0,27.356752053518505,28.475269572939432,28.47228620148178,-9.612485817888986
room_acoustic_data_room_1782.mat,2.8823529411764706,-1.0,27.737418231729816,28.929538612076456,28.78933240185683,-9.60857187232611
room_acoustic_data_room_1783.mat,2.8941176470588235,-1.0,27.828645451736147,29.27135849569143,28.846552569834007,-9.429972752457555
room_acoustic_data_room_1784.mat,2.9058823529411764,-1.0,28.12048526644023,29.798244449093005,29.07001469753187,-9.305131053209765
room_acoustic_data_room_1785.mat,2.9176470588235293,-1.0,28.86237086534503,30.734525894145786,29.653214468962812,-9.29160705494298
room_acoustic_data_room_1786.mat,2.929411764705882,-1.0,29.36535942166847,31.463770500789714,30.016682746907627,-9.156449036897165
room_acoustic_data_room_1787.mat,2.9411764705882355,-1.0,29.67360222796497,31.970477114023442,30.2405946656773,-8.933967202790603
room_acoustic_data_room_1788.mat,2.9529411764705884,-1.0,29.864521701725412,32.27921588939325,30.3801686342017,-8.689685596386145
room_acoustic_data_room_1789.mat,2.9647058823529413,-1.0,29.93261602905974,32.3852811748326,30.447511838560143,-8.405187383376365
room_acoustic_data_room_1790.mat,2.976470588235294,-1.0,29.911812151091222,32.32369147667389,30.473647375227692,-8.101470732967488
room_acoustic_data_room_1791.mat,2.988235294117647,-1.0,29.83095095023225,32.156288196057446,30.47497198296838,-7.79524986666803
room_acoustic_data_room_1792.mat,3.0,-1.0,29.71000308924339,31.92775521623554,30.45991930245906,-7.495695621000669
room_acoustic_data_room_1793.mat,0.0,4.0,30.452817567507203,33.18708871924174,30.92540057922043,-8.236890734137
room_acoustic_data_room_1794.mat,0.011764705882352941,4.0,30.662163281611775,33.59244408371234,30.983562801780593,-8.623863354448833
room_acoustic_data_room_1795.mat,0.023529411764705882,4.0,30.861563306157883,33.96505335647505,31.051977686834178,-9.047057098859273
room_acoustic_data_room_1796.mat,0.03529411764705882,4.0,31.019036631542747,34.232023154864194,31.110934681910052,-9.484971371289213
room_acoustic_data_room_1797.mat,0.047058823529411764,4.0,31.107227191285848,34.330270672015224,31.14725842184278,-9.921921708909474
room_acoustic_data_room_1798.mat,0.058823529411764705,4.0,31.07331041493284,34.18178838650087,31.139853308130512,-10.317402241406127
room_acoustic_data_room_1799.mat,0.07058823529411765,4.0,30.804945955038505,33.65986917534161,31.00945723902223,-10.571236826595333
room_acoustic_data_room_1800.mat,0.08235294117647059,4.0,30.2975979828442,32.85718740866502,30.717219678761044,-10.689978681727368
room_acoustic_data_room_1801.mat,0.09411764705882353,4.0,29.580478110844673,31.876641060246627,30.22199027302481,-10.712006231450342
room_acoustic_data_room_1802.mat,0.10588235294117647,4.0,29.233022331889313,31.220650741413234,30.058899275869674,-10.807148359591448
room_acoustic_data_room_1803.mat,0.11764705882352941,4.0,29.08014452224153,30.79224186823538,30.041492609153316,-10.910080312123942
room_acoustic_data_room_1804.mat,0.12941176470588237,4.0,28.711952411413154,30.258849727351112,29.81319996732891,-10.91062428662173
room_acoustic_data_room_1805.mat,0.1411764705882353,4.0,28.095868804479338,29.568707792517603,29.382895057545294,-10.778866604269462
room_acoustic_data_room_1806.mat,0.15294117647058825,4.0,27.39151799666419,28.86054208843174,28.89360721784097,-10.55422298176852
room_acoustic_data_room_1807.mat,0.16470588235294117,4.0,27.757900952907416,28.9825343599631,29.381654856048737,-10.68924353386448
room_acoustic_data_room_1808.mat,0.17647058823529413,4.0,27.905166525637767,29.00331062956576,29.632482697281887,-10.72070393062478
room_acoustic_data_room_1809.mat,0.18823529411764706,4.0,27.9133752667163,28.97546812364405,29.698899443282997,-10.72483541752057
room_acoustic_data_room_1810.mat,0.2,4.0,27.822673632668263,28.946804785752114,29.620158392843127,-10.7371512311349
room_acoustic_data_room_1811.mat,0.21176470588235294,4.0,27.632526616950198,28.90820096705863,29.396571016488817,-10.753457138683888
room_acoustic_data_room_1812.mat,0.2235294117647059,4.0,27.31198427980141,28.723926756848662,29.01873415396441,-10.739662371455793
room_acoustic_data_room_1813.mat,0.23529411764705882,4.0,26.836370947782697,28.37303335875939,28.525695497054752,-10.666685062588213
room_acoustic_data_room_1814.mat,0.24705882352941178,4.0,27.090179071242023,28.59083046568213,28.740522459550412,-10.772945646150552
room_acoustic_data_room_1815.mat,0.25882352941176473,4.0,27.325476628087554,28.77513633953607,28.963462362454845,-10.796291516468749
room_acoustic_data_room_1816.mat,0.27058823529411763,4.0,27.39788893616556,28.832029821164113,29.044220782234063,-10.75109602428695
room_acoustic_data_room_1817.mat,0.2823529411764706,4.0,27.3484686494417,28.81979604190427,29.004240336077373,-10.67766802752721
room_acoustic_data_room_1818.mat,0.29411764705882354,4.0,27.176520528882882,28.735711588093984,28.826516822689605,-10.573973336142465
room_acoustic_data_room_1819.mat,0.3058823529411765,4.0,26.91857447899144,28.59876618753985,28.546911663174303,-10.47546858570455
room_acoustic_data_room_1820.mat,0.3176470588235294,4.0,26.53861740362782,28.346886089494376,28.144160413617012,-10.345150053461502
room_acoustic_data_room_1821.mat,0.32941176470588235,4.0,26.023560505384154,27.943502832027963,27.634416698654746,-10.167975489084435
room_acoustic_data_room_1822.mat,0.3411764705882353,4.0,25.818914634317345,27.763050480744894,27.444531157095867,-10.09619576575995
room_acoustic_data_room_1823.mat,0.35294117647058826,4.0,26.16979569719907,28.025265805735827,27.786193708051638,-10.204407292413096
room_acoustic_data_room_1824.mat,0.36470588235294116,4.0,26.398588810466265,28.17144120315103,28.017654750946,-10.276926915409799
room_acoustic_data_room_1825.mat,0.3764705882352941,4.0,26.52068407139824,28.224351643140718,28.135726219293062,-10.331490413891569
room_acoustic_data_room_1826.mat,0.38823529411764707,4.0,26.519789876942443,28.194332541542906,28.116561573554947,-10.352821081223556
room_acoustic_data_room_1827.mat,0.4,4.0,26.407389243047707,28.083268330015642,27.970819504073347,-10.352899064920415
room_acoustic_data_room_1828.mat,0.4117647058823529,4.0,26.18531922350792,27.875112368955193,27.71900357102419,-10.333687563865343
room_acoustic_data_room_1829.mat,0.4235294117647059,4.0,25.840412354068544,27.560892277250133,27.355304830605768,-10.281150020427576
room_acoustic_data_room_1830.mat,0.43529411764705883,4.0,25.305957911742926,27.068989554324794,26.84791773564733,-10.125706302746913
room_acoustic_data_room_1831.mat,0.4470588235294118,4.0,25.73935878357284,27.385831212806245,27.233661140123935,-10.293970923436257
room_acoustic_data_room_1832.mat,0.4588235294117647,4.0,26.037612557918443,27.579787267009163,27.532876745514475,-10.388061733054432
room_acoustic_data_room_1833.mat,0.47058823529411764,4.0,26.203142603575543,27.659351909364997,27.720294150943605,-10.439521558814658
room_acoustic_data_room_1834.mat,0.4823529411764706,4.0,26.24355012793819,27.653950278021632,27.787469811095804,-10.45767856370512
room_acoustic_data_room_1835.mat,0.49411764705882355,4.0,26.160691394354373,27.572073873487554,27.736204590221973,-10.445053849422523
room_acoustic_data_room_1836.mat,0.5058823529411764,4.0,25.96582415689655,27.41429913244454,27.567155759480567,-10.412877907687932
room_acoustic_data_room_1837.mat,0.5176470588235295,4.0,25.641582371657666,27.16391082466776,27.279606688687753,-10.34274365749286
room_acoustic_data_room_1838.mat,0.5294117647058824,4.0,25.146032490947746,26.778445966883577,26.87315320011092,-10.189890161469858
room_acoustic_data_room_1839.mat,0.5411764705882353,4.0,25.37659143970851,26.961932801635978,27.122691732017138,-10.288005990857753
room_acoustic_data_room_1840.mat,0.5529411764705883,4.0,25.770629240805366,27.26598236146316,27.5269206979939,-10.434696582660079
room_acoustic_data_room_1841.mat,0.5647058823529412,4.0,26.015686561915714,27.445915953094236,27.818890374438027,-10.52349769403012
room_acoustic_data_room_1842.mat,0.5764705882352941,4.0,26.137780694873136,27.5233405035268,27.993564014454265,-10.582360860966531
room_acoustic_data_room_1843.mat,0.5882352941176471,4.0,26.139518401682167,27.516452369704943,28.033252756600135,-10.614746320519753
room_acoustic_data_room_1844.mat,0.6,4.0,26.01376423136545,27.42502598468012,27.945600145051642,-10.61377970635597
room_acoustic_data_room_1845.mat,0.611764705882353,4.0,25.75797630420442,27.239008021710198,27.734365418528615,-10.576389213001438
room_acoustic_data_room_1846.mat,0.6235294117647059,4.0,25.331772365567158,26.89801644563545,27.378296941681093,-10.460105093804497
room_acoustic_data_room_1847.mat,0.6352941176470588,4.0,25.363115141557966,26.919479579240708,27.439896290021867,-10.491153962444377
room_acoustic_data_room_1848.mat,0.6470588235294118,4.0,25.824777526005104,27.28900968665023,27.90707832388926,-10.66728420265446
room_acoustic_data_room_1849.mat,0.6588235294117647,4.0,26.12142932737354,27.51551851767485,28.23484117708307,-10.770879363419287
room_acoustic_data_room_1850.mat,0.6705882352941176,4.0,26.26471562814444,27.617906870786424,28.42406119353935,-10.815961879754248
room_acoustic_data_room_1851.mat,0.6823529411764706,4.0,26.27623110014141,27.634740733693654,28.478957739517476,-10.825066100349812
room_acoustic_data_room_1852.mat,0.6941176470588235,4.0,26.153412488896713,27.558531687536888,28.387723719756597,-10.795803875018404
room_acoustic_data_room_1853.mat,0.7058823529411765,4.0,25.894262887158153,27.36026670622167,28.16552275104206,-10.725629910215353
room_acoustic_data_room_1854.mat,0.7176470588235294,4.0,25.48105714714469,27.017583414860233,27.798125226536627,-10.59493205779853
room_acoustic_data_room_1855.mat,0.7294117647058823,4.0,25.312532739224963,26.85813897372573,27.661073515780377,-10.55120009074718
room_acoustic_data_room_1856.mat,0.7411764705882353,4.0,25.82947950988236,27.269614842349597,28.157165966507826,-10.75745204995538
room_acoustic_data_room_1857.mat,0.7529411764705882,4.0,26.179322815295436,27.531587300643533,28.5105294523356,-10.889153617838987
room_acoustic_data_room_1858.mat,0.7647058823529411,4.0,26.38155994602467,27.66477349648991,28.738118175534836,-10.968488595156607
room_acoustic_data_room_1859.mat,0.7764705882352941,4.0,26.459964275917475,27.71866039205639,28.829335869832402,-11.020280886702364
room_acoustic_data_room_1860.mat,0.788235294117647,4.0,26.418037266838926,27.690862224430894,28.7943933679256,-11.048206472438691
room_acoustic_data_room_1861.mat,0.8,4.0,26.250608805046415,27.580178068782878,28.62251005878029,-11.04660887952127
room_acoustic_data_room_1862.mat,0.8117647058823529,4.0,25.927208987267637,27.332712992795607,28.305977027322218,-10.983395152576572
room_acoustic_data_room_1863.mat,0.8235294117647058,4.0,25.541531046809702,27.019921525554334,27.950058476816835,-10.872947915199756
room_acoustic_data_room_1864.mat,0.8352941176470589,4.0,26.119181909578803,27.49227787161044,28.465707011958163,-11.122260516893421
room_acoustic_data_room_1865.mat,0.8470588235294118,4.0,26.503606013294405,27.786065506869107,28.822741585670663,-11.26972408643065
room_acoustic_data_room_1866.mat,0.8588235294117647,4.0,26.720127027144095,27.94856207572838,29.028141180718396,-11.343847474303923
room_acoustic_data_room_1867.mat,0.8705882352941177,4.0,26.793465973334968,28.004848609972125,29.090507387212632,-11.370699560906079
room_acoustic_data_room_1868.mat,0.8823529411764706,4.0,26.73461574656997,27.988611572070727,28.993604784274616,-11.361587988910829
room_acoustic_data_room_1869.mat,0.8941176470588236,4.0,26.54072049220614,27.8891134061343,28.75810010235417,-11.313312167428094
room_acoustic_data_room_1870.mat,0.9058823529411765,4.0,26.198382026217143,27.65153154175964,28.395970876408562,-11.211155182913426
room_acoustic_data_room_1871.mat,0.9176470588235294,4.0,25.695147081654973,27.256778837364507,27.90391170952813,-11.039584416537728
room_acoustic_data_room_1872.mat,0.9294117647058824,4.0,26.01534503898812,27.55656933400899,28.170152909267784,-11.125907713375696
room_acoustic_data_room_1873.mat,0.9411764705882353,4.0,26.3486036930035,27.858723409192358,28.467377315763528,-11.2038541252695
room_acoustic_data_room_1874.mat,0.9529411764705882,4.0,26.556524244616405,28.046593819475195,28.642959207184994,-11.249921061977924
room_acoustic_data_room_1875.mat,0.9647058823529412,4.0,26.645887012651833,28.155557559440393,28.70202468349252,-11.272686399694292
room_acoustic_data_room_1876.mat,0.9764705882352941,4.0,26.613043755413198,28.17873150286747,28.62842211812211,-11.269076606637356
room_acoustic_data_room_1877.mat,0.9882352941176471,4.0,26.459642297531406,28.117098566520816,28.42630930150344,-11.240598011869851
room_acoustic_data_room_1878.mat,1.0,4.0,26.188151761018766,27.95500051166379,28.113832446386695,-11.188717976670228
room_acoustic_data_room_1879.mat,1.011764705882353,4.0,25.762015279324473,27.63599923045177,27.671302362650763,-11.074320822484065
room_acoustic_data_room_1880.mat,1.0235294117647058,4.0,25.876199456520336,27.766424752424193,27.746369386585386,-11.122761244974413
room_acoustic_data_room_1881.mat,1.035294117647059,4.0,26.27179969597711,28.10203850223317,28.12153879020085,-11.242023329360507
room_acoustic_data_room_1882.mat,1.0470588235294118,4.0,26.466772930425986,28.247355625259157,28.326229146950574,-11.253106197096429
room_acoustic_data_room_1883.mat,1.0588235294117647,4.0,26.512549844163125,28.260863085998032,28.40023042897364,-11.209755455000233
room_acoustic_data_room_1884.mat,1.0705882352941176,4.0,26.437410643809898,28.179107354751515,28.350371819754493,-11.141137515254984
room_acoustic_data_room_1885.mat,1.0823529411764705,4.0,26.24195739174246,28.01217967405278,28.174688564345235,-11.047922467579836
room_acoustic_data_room_1886.mat,1.0941176470588236,4.0,25.91577513861003,27.737649138116865,27.862204333231944,-10.918968661551396
room_acoustic_data_room_1887.mat,1.1058823529411765,4.0,25.44615472783644,27.32559846537218,27.43194368209782,-10.73946341240565
room_acoustic_data_room_1888.mat,1.1176470588235294,4.0,25.270337723916818,27.150964162626643,27.292518102907565,-10.654056315804489
room_acoustic_data_room_1889.mat,1.1294117647058823,4.0,25.686946426003235,27.479680702482945,27.71683723756737,-10.77099303623192
room_acoustic_data_room_1890.mat,1.1411764705882352,4.0,25.980798408088077,27.69289775201098,28.015805874395625,-10.856844174149273
room_acoustic_data_room_1891.mat,1.1529411764705881,4.0,26.139764725837964,27.794864608809903,28.18400346144714,-10.902311387290167
room_acoustic_data_room_1892.mat,1.1647058823529413,4.0,26.180884801334656,27.81223867331383,28.223059285248265,-10.925631112897971
room_acoustic_data_room_1893.mat,1.1764705882352942,4.0,26.09808957829889,27.757826363325645,28.12127793972386,-10.920982783738074
room_acoustic_data_room_1894.mat,1.188235294117647,4.0,25.88575378698534,27.608616856548718,27.88683154004737,-10.882220334063872
room_acoustic_data_room_1895.mat,1.2,4.0,25.51485580406492,27.311964987025597,27.5132883991985,-10.778577203872144
room_acoustic_data_room_1896.mat,1.2117647058823529,4.0,25.168585513214726,27.00490490620848,27.19374078087489,-10.668329630231558
room_acoustic_data_room_1897.mat,1.223529411764706,4.0,25.689764251412793,27.44162047065766,27.670000458371383,-10.866328416868008
room_acoustic_data_room_1898.mat,1.2352941176470589,4.0,26.024875416341974,27.705917663168748,27.97872327976931,-10.969241256656055
room_acoustic_data_room_1899.mat,1.2470588235294118,4.0,26.194434129124122,27.819689742327558,28.13694651083368,-11.000915185610074
room_acoustic_data_room_1900.mat,1.2588235294117647,4.0,26.231052695584765,27.8373839695617,28.165616700936063,-10.995467000111523
room_acoustic_data_room_1901.mat,1.2705882352941176,4.0,26.132825909963966,27.780819018495123,28.046670172254295,-10.951401123376833
room_acoustic_data_room_1902.mat,1.2823529411764707,4.0,25.897909651256246,27.62491547291301,27.794420783817127,-10.866507422786974
room_acoustic_data_room_1903.mat,1.2941176470588236,4.0,25.507583085403528,27.336150196496497,27.407115274305962,-10.720599836617637
room_acoustic_data_room_1904.mat,1.3058823529411765,4.0,24.95431120778234,26.88812756347331,26.89360964879456,-10.502837084449101
room_acoustic_data_room_1905.mat,1.3176470588235294,4.0,25.391579031884653,27.26580612068062,27.27876311818192,-10.638371049221004
room_acoustic_data_room_1906.mat,1.3294117647058823,4.0,25.767525337042425,27.556338561122313,27.629990736552333,-10.75934963794394
room_acoustic_data_room_1907.mat,1.3411764705882352,4.0,26.021388814881607,27.74577364246919,27.879312747129124,-10.852297581704617
room_acoustic_data_room_1908.mat,1.3529411764705883,4.0,26.140217715556588,27.851364357867205,28.003545054105302,-10.90610195421778
room_acoustic_data_room_1909.mat,1.3647058823529412,4.0,26.118281374563512,27.863562534962707,27.985303302631905,-10.915618455624369
room_acoustic_data_room_1910.mat,1.3764705882352941,4.0,25.948909091593578,27.774914577121272,27.808852344756883,-10.873954154521472
room_acoustic_data_room_1911.mat,1.388235294117647,4.0,25.620555809082624,27.56194771211927,27.478937967385097,-10.768340946519091
room_acoustic_data_room_1912.mat,1.4,4.0,25.129714324632303,27.201426217860032,27.00000994107323,-10.592350504699905
room_acoustic_data_room_1913.mat,1.411764705882353,4.0,25.409282740813946,27.453670052626652,27.238791214990187,-10.71755425330814
room_acoustic_data_room_1914.mat,1.423529411764706,4.0,25.86315617205868,27.805894346553202,27.64416193051833,-10.89520989335356
room_acoustic_data_room_1915.mat,1.4352941176470588,4.0,26.157324281008364,28.00792842686668,27.91878112676466,-11.006896149460703
room_acoustic_data_room_1916.mat,1.4470588235294117,4.0,26.296848050178383,28.090168833216886,28.045831936503745,-11.05990769890862
room_acoustic_data_room_1917.mat,1.4588235294117646,4.0,26.302783302815122,28.088459606583744,28.038391453278084,-11.076103323863348
room_acoustic_data_room_1918.mat,1.4705882352941178,4.0,26.169810986846667,27.98810208735425,27.90113256764586,-11.050086687508355
room_acoustic_data_room_1919.mat,1.4823529411764707,4.0,25.88741877474969,27.76307342927207,27.625577882795316,-10.970324996647705
room_acoustic_data_room_1920.mat,1.4941176470588236,4.0,25.453506366740704,27.40216286045717,27.21452498903971,-10.832120629903566
room_acoustic_data_room_1921.mat,1.5058823529411764,4.0,25.46019361207663,27.38673852664387,27.23607908055618,-10.838807885841097
room_acoustic_data_room_1922.mat,1.5176470588235293,4.0,25.937902045151205,27.7401446706767,27.71840115006966,-11.02080832818881
room_acoustic_data_room_1923.mat,1.5294117647058822,4.0,26.258306734459648,27.94575077080561,28.066926810848063,-11.13858254668067
room_acoustic_data_room_1924.mat,1.5411764705882354,4.0,26.422922892471878,28.043887965680483,28.266974444068097,-11.196243075322677
room_acoustic_data_room_1925.mat,1.5529411764705883,4.0,26.455789162804102,28.064347811357216,28.319807360344534,-11.218849023420141
room_acoustic_data_room_1926.mat,1.5647058823529412,4.0,26.362539969262684,28.011017052675943,28.24152228175537,-11.212112099516911
room_acoustic_data_room_1927.mat,1.576470588235294,4.0,26.117656224994686,27.836034875875413,28.003107532315944,-11.149710257709337
room_acoustic_data_room_1928.mat,1.588235294117647,4.0,25.691024819272556,27.495498009878375,27.600901955399987,-10.999296692223124
room_acoustic_data_room_1929.mat,1.6,4.0,25.434304117251152,27.281862858991094,27.353869768711007,-10.896940678296767
room_acoustic_data_room_1930.mat,1.611764705882353,4.0,25.911172303483845,27.648384575015,27.785128006518782,-11.058957874207662
room_acoustic_data_room_1931.mat,1.6235294117647059,4.0,26.232779652266537,27.868516604730157,28.094852293050586,-11.157825199789047
room_acoustic_data_room_1932.mat,1.6352941176470588,4.0,26.425012345417407,27.99786693745503,28.306074260345248,-11.22234996147686
room_acoustic_data_room_1933.mat,1.6470588235294117,4.0,26.48198489947947,28.043270772555392,28.387277685208574,-11.247869722775876
room_acoustic_data_room_1934.mat,1.6588235294117648,4.0,26.404704171534714,27.992748834698634,28.328148725734586,-11.23561357184801
room_acoustic_data_room_1935.mat,1.6705882352941177,4.0,26.179937063844164,27.827348525116854,28.124611342856767,-11.171762046015715
room_acoustic_data_room_1936.mat,1.6823529411764706,4.0,25.791340186179607,27.51081753896459,27.764276460717685,-11.038132930934312
room_acoustic_data_room_1937.mat,1.6941176470588235,4.0,25.315588222115622,27.10884570825302,27.34602477137885,-10.864114842221866
room_acoustic_data_room_1938.mat,1.7058823529411764,4.0,25.867872177263603,27.559295683633657,27.884939464284763,-11.080889723439036
room_acoustic_data_room_1939.mat,1.7176470588235293,4.0,26.262657555037478,27.864709637063278,28.294508140556516,-11.231256170453355
room_acoustic_data_room_1940.mat,1.7294117647058824,4.0,26.50028002910217,28.042846152059305,28.563607168943964,-11.318856132892707
room_acoustic_data_room_1941.mat,1.7411764705882353,4.0,26.58981865775307,28.126297898523003,28.67537804472999,-11.354233896924146
room_acoustic_data_room_1942.mat,1.7529411764705882,4.0,26.56023651888024,28.135843375319475,28.646927813455427,-11.366718552009885
room_acoustic_data_room_1943.mat,1.7647058823529411,4.0,26.397363738609418,28.058690843908543,28.46454152058735,-11.341730594828846
room_acoustic_data_room_1944.mat,1.776470588235294,4.0,26.078874752177068,27.83657852366238,28.14373330326342,-11.255439969199173
room_acoustic_data_room_1945.mat,1.7882352941176471,4.0,25.58477594849958,27.445882478043,27.67362191792252,-11.084521148143063
room_acoustic_data_room_1946.mat,1.8,4.0,25.959831759345274,27.740854243870356,28.032757636369535,-11.223554251946595
room_acoustic_data_room_1947.mat,1.811764705882353,4.0,26.366043662038308,28.04954307381907,28.44062308283279,-11.36251133743729
room_acoustic_data_room_1948.mat,1.8235294117647058,4.0,26.604283786373557,28.239740874075604,28.700949393179766,-11.427178150390612
room_acoustic_data_room_1949.mat,1.8352941176470587,4.0,26.691402787555383,28.309169137764915,28.82149378202259,-11.436150282892791
room_acoustic_data_room_1950.mat,1.8470588235294119,4.0,26.637782260938497,28.271444743186677,28.79322346905434,-11.400330126204587
room_acoustic_data_room_1951.mat,1.8588235294117648,4.0,26.449268940452587,28.13089552756744,28.6184142318038,-11.325315924575193
room_acoustic_data_room_1952.mat,1.8705882352941177,4.0,26.109918116000664,27.8621356315989,28.29849687361278,-11.193965951611993
room_acoustic_data_room_1953.mat,1.8823529411764706,4.0,25.59458595717644,27.428685644106654,27.820433805723827,-10.978305773519892
room_acoustic_data_room_1954.mat,1.8941176470588235,4.0,25.699090040989603,27.49301872239855,27.938057146712705,-10.992399923660216
room_acoustic_data_room_1955.mat,1.9058823529411764,4.0,26.127232010750923,27.806177217110218,28.378200795061183,-11.130426732267756
room_acoustic_data_room_1956.mat,1.9176470588235295,4.0,26.401071840867324,27.982878946029178,28.667868592902078,-11.207038106260637
room_acoustic_data_room_1957.mat,1.9294117647058824,4.0,26.534537068142793,28.062602388425724,28.801810129704926,-11.23826511079722
room_acoustic_data_room_1958.mat,1.9411764705882353,4.0,26.541680902582605,28.05456580746211,28.800484112068826,-11.238887656820694
room_acoustic_data_room_1959.mat,1.9529411764705882,4.0,26.423916846785875,27.93465289214359,28.672808804706303,-11.210251218901604
room_acoustic_data_room_1960.mat,1.964705882352941,4.0,26.151476738958067,27.693678411799656,28.393231243060274,-11.121701428509308
room_acoustic_data_room_1961.mat,1.9764705882352942,4.0,25.70996270703877,27.303953806994762,27.959766773743517,-10.95652548973521
room_acoustic_data_room_1962.mat,1.988235294117647,4.0,25.60327310049047,27.183446645123652,27.86003002811182,-10.91557954743033
room_acoustic_data_room_1963.mat,2.0,4.0,26.138143271231023,27.573632545329975,28.362366139119736,-11.138710326956486
room_acoustic_data_room_1964.mat,2.011764705882353,4.0,26.487989406672376,27.816290333049565,28.699910083022367,-11.268945883671496
room_acoustic_data_room_1965.mat,2.023529411764706,4.0,26.666940515771053,27.92385255276947,28.87534830813137,-11.322974038803382
room_acoustic_data_room_1966.mat,2.0352941176470587,4.0,26.693057694893536,27.914918287360567,28.88661154214411,-11.319857649482419
room_acoustic_data_room_1967.mat,2.0470588235294116,4.0,26.562164508867387,27.804035025535537,28.74761101522658,-11.255561775754916
room_acoustic_data_room_1968.mat,2.0588235294117645,4.0,26.28298310676991,27.597558209829224,28.481214693456955,-11.138233856203719
room_acoustic_data_room_1969.mat,2.070588235294118,4.0,25.825958903897682,27.236661118228298,28.070140997702495,-10.936521748280068
room_acoustic_data_room_1970.mat,2.0823529411764707,4.0,25.379571025393393,26.856610056987,27.65945701582546,-10.724008367847384
room_acoustic_data_room_1971.mat,2.0941176470588236,4.0,25.88405889069595,27.28681371196384,28.114255443605533,-10.896831909076887
room_acoustic_data_room_1972.mat,2.1058823529411765,4.0,26.225813364516863,27.560449940337676,28.40450212848679,-10.998404742124565
room_acoustic_data_room_1973.mat,2.1176470588235294,4.0,26.413394891748748,27.718624126623585,28.558206329524793,-11.040366664645072
room_acoustic_data_room_1974.mat,2.1294117647058823,4.0,26.484197300281647,27.780368133853806,28.593915670471834,-11.06143023473824
room_acoustic_data_room_1975.mat,2.1411764705882352,4.0,26.4304270063717,27.749447631131773,28.518649910991897,-11.05414660555611
room_acoustic_data_room_1976.mat,2.152941176470588,4.0,26.244138280550708,27.63014510233515,28.320369428890714,-11.01025530060554
room_acoustic_data_room_1977.mat,2.164705882352941,4.0,25.878443297842544,27.356502894411673,27.955911901394856,-10.881520638249285
room_acoustic_data_room_1978.mat,2.176470588235294,4.0,25.29848749205361,26.89447639447637,27.441130103658843,-10.629902873072314
room_acoustic_data_room_1979.mat,2.1882352941176473,4.0,25.746163828508806,27.28700056509938,27.86668449489263,-10.802348340638904
room_acoustic_data_room_1980.mat,2.2,4.0,26.139508151595862,27.620596239185005,28.264407268939316,-10.9355063741998
room_acoustic_data_room_1981.mat,2.211764705882353,4.0,26.361645210186573,27.801695820555473,28.50570716991317,-10.991812364476472
room_acoustic_data_room_1982.mat,2.223529411764706,4.0,26.424612563938645,27.844244451128347,28.586911133491604,-10.984926925037007
room_acoustic_data_room_1983.mat,2.235294117647059,4.0,26.36053451837332,27.81772036312523,28.53071991353959,-10.947460723903166
room_acoustic_data_room_1984.mat,2.2470588235294118,4.0,26.135400445305596,27.665291042853237,28.30679457476252,-10.845228623640885
room_acoustic_data_room_1985.mat,2.2588235294117647,4.0,25.75219014114446,27.367773551511245,27.93799855166844,-10.680159914174222
room_acoustic_data_room_1986.mat,2.2705882352941176,4.0,25.199321087834747,26.90418752441736,27.424332349455305,-10.437985635500189
room_acoustic_data_room_1987.mat,2.2823529411764705,4.0,25.35658892366662,27.0445372293733,27.572625675361703,-10.470460998172502
room_acoustic_data_room_1988.mat,2.2941176470588234,4.0,25.763654277663214,27.38658196832327,27.95635115123233,-10.595019040741342
room_acoustic_data_room_1989.mat,2.3058823529411763,4.0,26.01935005887785,27.588585261524898,28.201195336301424,-10.661741058136851
room_acoustic_data_room_1990.mat,2.3176470588235296,4.0,26.128359038633825,27.67283169129843,28.315844799574155,-10.677198773832885
room_acoustic_data_room_1991.mat,2.3294117647058825,4.0,26.126662545975016,27.67987332561333,28.318007741272623,-10.67792628867851
room_acoustic_data_room_1992.mat,2.3411764705882354,4.0,25.989164487585935,27.589398139271005,28.197632197345534,-10.638661531909497
room_acoustic_data_room_1993.mat,2.3529411764705883,4.0,25.68797436994931,27.364686281579228,27.919717185726967,-10.53059182999422
room_acoustic_data_room_1994.mat,2.364705882352941,4.0,25.210620440600174,26.986079655733928,27.488307340939514,-10.33889877702898
room_acoustic_data_room_1995.mat,2.376470588235294,4.0,25.20825132440563,26.997814987692944,27.487316442161003,-10.336651959576875
room_acoustic_data_room_1996.mat,2.388235294117647,4.0,25.720243232897417,27.44313602495428,27.952647097351434,-10.538873553353943
room_acoustic_data_room_1997.mat,2.4,4.0,26.055009617320763,27.72888283663278,28.276371936264407,-10.655537063538533
room_acoustic_data_room_1998.mat,2.411764705882353,4.0,26.215952043846293,27.853429453331245,28.449371160071028,-10.692205050998982
room_acoustic_data_room_1999.mat,2.4235294117647057,4.0,26.226044707569585,27.863706807711765,28.469001352491198,-10.672453215326712
room_acoustic_data_room_2000.mat,2.4352941176470586,4.0,26.087899135117325,27.779350098499435,28.336835227018057,-10.598671357665037
room_acoustic_data_room_2001.mat,2.447058823529412,4.0,25.802514691056814,27.57210432931442,28.068898761101657,-10.470969106412067
room_acoustic_data_room_2002.mat,2.458823529411765,4.0,25.363635046080763,27.21600446922263,27.658251050979814,-10.281000973088382
room_acoustic_data_room_2003.mat,2.4705882352941178,4.0,25.142098040510877,27.024324720775077,27.440020073997964,-10.17766029054497
room_acoustic_data_room_2004.mat,2.4823529411764707,4.0,25.69355814958437,27.48871652454413,27.939735204429176,-10.386811667521837
room_acoustic_data_room_2005.mat,2.4941176470588236,4.0,26.07643031148681,27.816062424028157,28.28864285071985,-10.51620327504992
room_acoustic_data_room_2006.mat,2.5058823529411764,4.0,26.31921710923408,28.027602106341647,28.50512199587355,-10.596903013100313
room_acoustic_data_room_2007.mat,2.5176470588235293,4.0,26.416203827641908,28.134752488639236,28.581633135149982,-10.624007154231572
room_acoustic_data_room_2008.mat,2.5294117647058822,4.0,26.385328646801057,28.146091432622903,28.53098462796677,-10.615367134550002
room_acoustic_data_room_2009.mat,2.541176470588235,4.0,26.231937713555794,28.05797558744959,28.353766564456414,-10.5757122084215
room_acoustic_data_room_2010.mat,2.552941176470588,4.0,25.94604121310429,27.86923004816088,28.05643891207357,-10.49352808519516
room_acoustic_data_room_2011.mat,2.5647058823529414,4.0,25.48231945381465,27.51231967302063,27.60417740721692,-10.30887509901148
room_acoustic_data_room_2012.mat,2.5764705882352943,4.0,26.08184157266187,28.01309441316823,28.1216566903758,-10.528513854546098
room_acoustic_data_room_2013.mat,2.588235294117647,4.0,26.52470135355303,28.370419179699677,28.49574147568237,-10.677766833654784
room_acoustic_data_room_2014.mat,2.6,4.0,26.816186583172346,28.581715300119992,28.746208970481288,-10.76518625136147
room_acoustic_data_room_2015.mat,2.611764705882353,4.0,26.970733638851772,28.689938247604033,28.865181842101837,-10.80635448002014
room_acoustic_data_room_2016.mat,2.623529411764706,4.0,26.996583066688125,28.703806077381895,28.85325915189389,-10.809527703429747
room_acoustic_data_room_2017.mat,2.635294117647059,4.0,26.90046324352549,28.62864213990064,28.740088630568373,-10.780970406853427
room_acoustic_data_room_2018.mat,2.6470588235294117,4.0,26.667873769116085,28.439341640986186,28.510348560854343,-10.705127881824676
room_acoustic_data_room_2019.mat,2.6588235294117646,4.0,26.27957192683965,28.099374803107935,28.162320398874343,-10.560322162220627
room_acoustic_data_room_2020.mat,2.6705882352941175,4.0,26.492494670235676,28.227435605825608,28.342313922266435,-10.632868441667418
room_acoustic_data_room_2021.mat,2.6823529411764704,4.0,27.01518796999608,28.592365421867353,28.83327250236084,-10.818006651403547
room_acoustic_data_room_2022.mat,2.6941176470588237,4.0,27.40392705933462,28.834348434341834,29.208753243252488,-10.95760849776383
room_acoustic_data_room_2023.mat,2.7058823529411766,4.0,27.678785953915956,28.97648948732035,29.47388271107981,-11.073516491956346
room_acoustic_data_room_2024.mat,2.7176470588235295,4.0,27.833901844586705,29.03211124325617,29.639366875854503,-11.160627930791431
room_acoustic_data_room_2025.mat,2.7294117647058824,4.0,27.86235491143148,29.01774239529268,29.653625374071378,-11.212836509622113
room_acoustic_data_room_2026.mat,2.7411764705882353,4.0,27.716606714405682,28.868073959587957,29.48254538505922,-11.183709464771315
room_acoustic_data_room_2027.mat,2.7529411764705882,4.0,27.412118041598074,28.58923722952598,29.165453855739546,-11.089346454185884
room_acoustic_data_room_2028.mat,2.764705882352941,4.0,27.183536336493695,28.322114203909198,28.940578844622763,-11.018426287274226
room_acoustic_data_room_2029.mat,2.776470588235294,4.0,27.851036396320026,28.65005050497013,29.478462396398392,-11.28470785090559
room_acoustic_data_room_2030.mat,2.788235294117647,4.0,28.30733747569561,28.768548390718575,29.84042856493254,-11.434656766802252
room_acoustic_data_room_2031.mat,2.8,4.0,28.578742563892842,28.749939079347214,30.015383813382435,-11.499278963960682
room_acoustic_data_room_2032.mat,2.8117647058823527,4.0,28.691517161233694,28.627624422878817,30.004186310277742,-11.508437329499657
room_acoustic_data_room_2033.mat,2.823529411764706,4.0,28.676626811997142,28.487272988253153,29.850052056012984,-11.497183596054196
room_acoustic_data_room_2034.mat,2.835294117647059,4.0,28.463864733732585,28.32870136313444,29.553913593981825,-11.400170209210858
room_acoustic_data_room_2035.mat,2.847058823529412,4.0,28.008493424819587,28.135023667514297,29.083764974064795,-11.176414860291912
room_acoustic_data_room_2036.mat,2.8588235294117648,4.0,28.788737026280483,28.673189706644983,29.60341955587775,-11.46779312759233
room_acoustic_data_room_2037.mat,2.8705882352941177,4.0,29.466026453231606,29.252574402176755,30.13098933995165,-11.660915337406825
room_acoustic_data_room_2038.mat,2.8823529411764706,4.0,29.848386304106413,29.73341406426872,30.435536931395756,-11.675347278315776
room_acoustic_data_room_2039.mat,2.8941176470588235,4.0,29.996960568571623,30.23106060643763,30.52151857522847,-11.56899836079778
room_acoustic_data_room_2040.mat,2.9058823529411764,4.0,30.4690318591162,30.99315827987942,30.83583968046913,-11.603497536429689
room_acoustic_data_room_2041.mat,2.9176470588235293,4.0,31.435878909165908,32.1244283625097,31.54281213405639,-11.831729759680984
room_acoustic_data_room_2042.mat,2.929411764705882,4.0,32.215402608334564,33.13158058743451,32.106411159172,-11.985077529350978
room_acoustic_data_room_2043.mat,2.9411764705882355,4.0,32.704806356827454,33.91727139735683,32.45865384625256,-11.951830638036974
room_acoustic_data_room_2044.mat,2.9529411764705884,4.0,32.9558458135408,34.405848603706936,32.67906697633722,-11.772881937432047
room_acoustic_data_room_2045.mat,2.9647058823529413,4.0,33.00440599123222,34.616742149328815,32.804528937140425,-11.47210325031202
room_acoustic_data_room_2046.mat,2.976470588235294,4.0,32.89916335795435,34.57106506850677,32.85540621828365,-11.085928494548776
room_acoustic_data_room_2047.mat,2.988235294117647,4.0,32.71673640171828,34.352358695573535,32.87043964967243,-10.679327275549538
room_acoustic_data_room_2048.mat,3.0,4.0,32.49624819284168,34.04616582478699,32.86546550618744,-10.28093518685607
room_acoustic_data_room_2049.mat,-1.5,0.0,29.8031009602002,31.512549085938673,30.747381167920544,-7.509636464781513
room_acoustic_data_room_2050.mat,-1.5,0.011764705882352941,29.978830587162225,31.787145228550763,30.789551892459638,-7.8396278075886725
room_acoustic_data_room_2051.mat,-1.5,0.023529411764705882,30.138994735013664,32.033868373841855,30.82754261219882,-8.194110307294018
room_acoustic_data_room_2052.mat,-1.5,0.03529411764705882,30.26731629391549,32.2146223664116,30.857366799835585,-8.566506948815737
room_acoustic_data_room_2053.mat,-1.5,0.047058823529411764,30.337243165308397,32.28875844451048,30.805345409424167,-8.941707374814232
room_acoustic_data_room_2054.mat,-1.5,0.058823529411764705,30.31237548080196,32.1873417908671,30.692748351452757,-9.29645190648304
room_acoustic_data_room_2055.mat,-1.5,0.07058823529411765,30.15271138501362,31.846919713165214,30.470092084884758,-9.60536767906749
room_acoustic_data_room_2056.mat,-1.5,0.08235294117647059,29.797925646245925,31.304094270562356,30.13354182575615,-9.82384548377275
room_acoustic_data_room_2057.mat,-1.5,0.09411764705882353,29.24767358401466,30.55135840825202,29.620833467096613,-9.96767087003984
room_acoustic_data_room_2058.mat,-1.5,0.10588235294117647,28.46787745085245,29.66714923193394,29.013302702493803,-9.987095181547271
room_acoustic_data_room_2059.mat,-1.5,0.11764705882352941,28.473004364606943,29.350487564406954,29.128154084846404,-10.226123958944495
room_acoustic_data_room_2060.mat,-1.5,0.12941176470588237,28.29864879484029,28.90279201830779,29.008102691798904,-10.412174111713256
room_acoustic_data_room_2061.mat,-1.5,0.1411764705882353,27.866142530491615,28.32418119046473,28.70950125866839,-10.47240332387579
room_acoustic_data_room_2062.mat,-1.5,0.15294117647058825,27.17890833690776,27.654821723649906,28.23910880824752,-10.387775965335631
room_acoustic_data_room_2063.mat,-1.5,0.16470588235294117,27.634841814129313,27.818455542285136,28.82061477887381,-10.582809491044816
room_acoustic_data_room_2064.mat,-1.5,0.17647058823529413,27.83958844025608,27.869081375623193,29.170279382093405,-10.65479879022778
room_acoustic_data_room_2065.mat,-1.5,0.18823529411764706,27.844823010336924,27.82672008637639,29.291299581461978,-10.646801612347023
room_acoustic_data_room_2066.mat,-1.5,0.2,27.73390487464964,27.768402040043103,29.243939411332626,-10.632723632643454
room_acoustic_data_room_2067.mat,-1.5,0.21176470588235294,27.545036990408196,27.696223025730696,29.078888771479118,-10.64365399051229
room_acoustic_data_room_2068.mat,-1.5,0.2235294117647059,27.21148991891318,27.533257036849918,28.770825192801347,-10.608089342795976
room_acoustic_data_room_2069.mat,-1.5,0.23529411764705882,26.73875213842551,27.259526583603314,28.31442583671741,-10.527220151288606
room_acoustic_data_room_2070.mat,-1.5,0.24705882352941178,26.953171638270668,27.471426572976576,28.523085414169287,-10.641925029083268
room_acoustic_data_room_2071.mat,-1.5,0.25882352941176473,27.27945206328564,27.744105086673017,28.8663145924493,-10.755028753574452
room_acoustic_data_room_2072.mat,-1.5,0.27058823529411763,27.433140308618064,27.87029559625722,29.052132649604566,-10.787416299433897
room_acoustic_data_room_2073.mat,-1.5,0.2823529411764706,27.473065685303094,27.902698602472217,29.131303745776695,-10.798530469227028
room_acoustic_data_room_2074.mat,-1.5,0.29411764705882354,27.4137737569183,27.891058850674256,29.09381336736827,-10.802753172258244
room_acoustic_data_room_2075.mat,-1.5,0.3058823529411765,27.244120085311295,27.810121054488196,28.920922389091,-10.788652356452824
room_acoustic_data_room_2076.mat,-1.5,0.3176470588235294,26.952097604239032,27.620797247179585,28.615934874336652,-10.74361395380797
room_acoustic_data_room_2077.mat,-1.5,0.32941176470588235,26.534284859076585,27.326933079044107,28.246495466113192,-10.66232105140648
room_acoustic_data_room_2078.mat,-1.5,0.3411764705882353,26.295112281336436,27.12439288109468,28.019653641690564,-10.57992125136334
room_acoustic_data_room_2079.mat,-1.5,0.35294117647058826,26.59799707082461,27.327957327038103,28.29247101708937,-10.635292811717193
room_acoustic_data_room_2080.mat,-1.5,0.36470588235294116,26.72863441323522,27.38420615205134,28.414503372904353,-10.606097450789509
room_acoustic_data_room_2081.mat,-1.5,0.3764705882352941,26.73214253902078,27.346274209742813,28.42505856561552,-10.539556499587823
room_acoustic_data_room_2082.mat,-1.5,0.38823529411764707,26.670672326929047,27.28910811007131,28.392588910617363,-10.498612318060093
room_acoustic_data_room_2083.mat,-1.5,0.4,26.518496927290983,27.186522914134926,28.26326825033017,-10.457882933128364
room_acoustic_data_room_2084.mat,-1.5,0.4117647058823529,26.273163742771604,27.027627809027347,28.040671723766017,-10.41496491311861
room_acoustic_data_room_2085.mat,-1.5,0.4235294117647059,25.9116701997865,26.800583063494336,27.736695250409923,-10.345952770874337
room_acoustic_data_room_2086.mat,-1.5,0.43529411764705883,25.41985439457178,26.46342156183634,27.367536004728514,-10.233776893836083
room_acoustic_data_room_2087.mat,-1.5,0.4470588235294118,25.72154610859465,26.675392045687538,27.60177165253664,-10.273552780303492
room_acoustic_data_room_2088.mat,-1.5,0.4588235294117647,25.917809573428325,26.79611958668105,27.775129684904325,-10.26458716939124
room_acoustic_data_room_2089.mat,-1.5,0.47058823529411764,25.98113068239249,26.821525119469275,27.843344904554748,-10.213187671423064
room_acoustic_data_room_2090.mat,-1.5,0.4823529411764706,25.957655826487613,26.79055054394795,27.85035376511495,-10.16717608799176
room_acoustic_data_room_2091.mat,-1.5,0.49411764705882355,25.85691927163836,26.706997357465156,27.776527725487043,-10.13668767123842
room_acoustic_data_room_2092.mat,-1.5,0.5058823529411764,25.64402493156266,26.54210889696301,27.590011132148113,-10.086739960132316
room_acoustic_data_room_2093.mat,-1.5,0.5176470588235295,25.315316778829462,26.276177541754187,27.318501613553998,-10.01258572197174
room_acoustic_data_room_2094.mat,-1.5,0.5294117647058824,24.864862475041555,25.940020793107934,26.985507238686584,-9.905419148505786
room_acoustic_data_room_2095.mat,-1.5,0.5411764705882353,24.96603928549392,26.043564282674843,27.08905241821323,-9.872635109633656
room_acoustic_data_room_2096.mat,-1.5,0.5529411764705883,25.183475426576663,26.24953846754444,27.31465299862319,-9.842530732775375
room_acoustic_data_room_2097.mat,-1.5,0.5647058823529412,25.298652797161584,26.376280991088006,27.466167098288366,-9.801372993968158
room_acoustic_data_room_2098.mat,-1.5,0.5764705882352941,25.321128651269753,26.431079856914867,27.53112677425911,-9.760632998655034
room_acoustic_data_room_2099.mat,-1.5,0.5882352941176471,25.25695486764839,26.421850845109848,27.48769150940742,-9.727214079899264
room_acoustic_data_room_2100.mat,-1.5,0.6,25.120943868962474,26.38875247459066,27.37221514330768,-9.71620552301605
room_acoustic_data_room_2101.mat,-1.5,0.611764705882353,24.87573728116911,26.26448517684523,27.12913731650362,-9.689743028853908
room_acoustic_data_room_2102.mat,-1.5,0.6235294117647059,24.529237278837563,26.031625923065846,26.79999875668665,-9.653657910508871
room_acoustic_data_room_2103.mat,-1.5,0.6352941176470588,24.56404849097276,26.086994194021273,26.830898214101286,-9.688005815383232
room_acoustic_data_room_2104.mat,-1.5,0.6470588235294118,24.94761072437813,26.420951795648126,27.19544716989587,-9.785600397001096
room_acoustic_data_room_2105.mat,-1.5,0.6588235294117647,25.18821989445133,26.626836251831985,27.462227910678465,-9.832872614834768
room_acoustic_data_room_2106.mat,-1.5,0.6705882352941176,25.3093453467168,26.737818215690655,27.600771637524844,-9.855657575723903
room_acoustic_data_room_2107.mat,-1.5,0.6823529411764706,25.325118867599006,26.762068866944624,27.61671470134113,-9.869016189621375
room_acoustic_data_room_2108.mat,-1.5,0.6941176470588235,25.243574584999983,26.697177438503978,27.551488747699455,-9.881158832427761
room_acoustic_data_room_2109.mat,-1.5,0.7058823529411765,25.04114340479071,26.509208967041886,27.3964670236226,-9.867980532414384
room_acoustic_data_room_2110.mat,-1.5,0.7176470588235294,24.69331208225125,26.200260602877712,27.11787546554969,-9.803093966351383
room_acoustic_data_room_2111.mat,-1.5,0.7294117647058823,24.527997628633234,26.038263011736205,26.980427223923684,-9.762757658648564
room_acoustic_data_room_2112.mat,-1.5,0.7411764705882353,24.931793521675488,26.373569185353208,27.34633740064441,-9.85536657392058
room_acoustic_data_room_2113.mat,-1.5,0.7529411764705882,25.195620496025086,26.588139946528635,27.606359046704057,-9.900720782289946
room_acoustic_data_room_2114.mat,-1.5,0.7647058823529411,25.339789302888992,26.709496062336907,27.768696810759458,-9.92180740941269
room_acoustic_data_room_2115.mat,-1.5,0.7764705882352941,25.40422356070961,26.77381093096262,27.858741104292907,-9.959586586330838
room_acoustic_data_room_2116.mat,-1.5,0.788235294117647,25.391799417041227,26.78406463196419,27.852185130242553,-10.017104279213875
room_acoustic_data_room_2117.mat,-1.5,0.8,25.25957307025237,26.69448631967473,27.72680639125879,-10.050938856280647
room_acoustic_data_room_2118.mat,-1.5,0.8117647058823529,24.987538658460608,26.463092191116093,27.481285628128184,-10.039475658040116
room_acoustic_data_room_2119.mat,-1.5,0.8235294117647058,24.672092400929515,26.154224479974218,27.20221613408492,-9.999794686454361
room_acoustic_data_room_2120.mat,-1.5,0.8352941176470589,25.08417247036342,26.494721673221626,27.5833622346256,-10.082996592038104
room_acoustic_data_room_2121.mat,-1.5,0.8470588235294118,25.31231063924122,26.674310172894415,27.819891046526998,-10.07379312055567
room_acoustic_data_room_2122.mat,-1.5,0.8588235294117647,25.434827535705704,26.754310811630635,27.964081994005134,-10.053686294846695
room_acoustic_data_room_2123.mat,-1.5,0.8705882352941177,25.482889587728266,26.76431434947052,28.04149629972402,-10.05517684023878
room_acoustic_data_room_2124.mat,-1.5,0.8823529411764706,25.456396283463366,26.72956031193577,28.03780474969646,-10.078470081860827
room_acoustic_data_room_2125.mat,-1.5,0.8941176470588236,25.325059047152152,26.619118600713477,27.91575591461468,-10.092936183873126
room_acoustic_data_room_2126.mat,-1.5,0.9058823529411765,25.012857544906282,26.379218681434942,27.605738621003052,-10.021248762577702
room_acoustic_data_room_2127.mat,-1.5,0.9176470588235294,24.531022177119603,25.990720299356262,27.128459855940417,-9.871568456718418
room_acoustic_data_room_2128.mat,-1.5,0.9294117647058824,24.825140299614738,26.268467104398454,27.405771536419337,-9.931590436137768
room_acoustic_data_room_2129.mat,-1.5,0.9411764705882353,25.146574707606174,26.554912692386587,27.70422269624062,-9.997283394641368
room_acoustic_data_room_2130.mat,-1.5,0.9529411764705882,25.345547810129048,26.73760082771185,27.891342244837958,-10.034129661478532
room_acoustic_data_room_2131.mat,-1.5,0.9647058823529412,25.429181425133503,26.82821209980657,27.96593224000712,-10.051038501504676
room_acoustic_data_room_2132.mat,-1.5,0.9764705882352941,25.408158640385416,26.837871908765894,27.93365052333523,-10.05925674995664
room_acoustic_data_room_2133.mat,-1.5,0.9882352941176471,25.275270448324342,26.75945390280974,27.78321279617635,-10.051432330323394
room_acoustic_data_room_2134.mat,-1.5,1.0,25.002569102637363,26.56788213032373,27.49351102135913,-9.998624600412107
room_acoustic_data_room_2135.mat,-1.5,1.011764705882353,24.562886830268184,26.23026376668822,27.04801514340014,-9.87111764644958
room_acoustic_data_room_2136.mat,-1.5,1.0235294117647058,24.644520917844908,26.30996579329901,27.116374991131384,-9.887088326181402
room_acoustic_data_room_2137.mat,-1.5,1.035294117647059,25.019830797502696,26.607536302358813,27.487378167602795,-9.985589722369532
room_acoustic_data_room_2138.mat,-1.5,1.0470588235294118,25.240158342367288,26.75993051031684,27.70665992678967,-10.021709591754888
room_acoustic_data_room_2139.mat,-1.5,1.0588235294117647,25.31101039833193,26.79503888361237,27.777525313990626,-10.003265277465893
room_acoustic_data_room_2140.mat,-1.5,1.0705882352941176,25.233072450315234,26.722469032813066,27.6973514678174,-9.931817996736484
room_acoustic_data_room_2141.mat,-1.5,1.0823529411764705,25.03949537058626,26.57357075987751,27.485996161188776,-9.840581193754968
room_acoustic_data_room_2142.mat,-1.5,1.0941176470588236,24.706495482456376,26.324109963098124,27.144524078980048,-9.70504847356342
room_acoustic_data_room_2143.mat,-1.5,1.1058823529411765,24.230197076322114,25.941570221582335,26.662924536489783,-9.519249464352285
room_acoustic_data_room_2144.mat,-1.5,1.1176470588235294,24.029575876379646,25.763098074014586,26.464987619401505,-9.409391019278685
room_acoustic_data_room_2145.mat,-1.5,1.1294117647058823,24.38433568176933,26.036194698002845,26.83192064122594,-9.463978141539002
room_acoustic_data_room_2146.mat,-1.5,1.1411764705882352,24.643046165927636,26.226954090819085,27.12073529133981,-9.514333148036462
room_acoustic_data_room_2147.mat,-1.5,1.1529411764705881,24.764925733915355,26.315247282570937,27.267172002900445,-9.522507388330787
room_acoustic_data_room_2148.mat,-1.5,1.1647058823529413,24.76877905959475,26.323241741794114,27.280827982250273,-9.5084949332589
room_acoustic_data_room_2149.mat,-1.5,1.1764705882352942,24.650368689521407,26.251592137302882,27.16554799844667,-9.46829943484239
room_acoustic_data_room_2150.mat,-1.5,1.188235294117647,24.41942944305564,26.09851390873489,26.92173041910124,-9.411134145811062
room_acoustic_data_room_2151.mat,-1.5,1.2,24.060652485139684,25.821836577261056,26.553425706133638,-9.31995027728992
room_acoustic_data_room_2152.mat,-1.5,1.2117647058823529,23.71795067262882,25.54151808763772,26.197957126840304,-9.213858765463458
room_acoustic_data_room_2153.mat,-1.5,1.223529411764706,24.128045740753926,25.89881143147207,26.587605345386702,-9.300254845435937
room_acoustic_data_room_2154.mat,-1.5,1.2352941176470589,24.38631287732356,26.101741347898336,26.850670277192947,-9.325940618670272
room_acoustic_data_room_2155.mat,-1.5,1.2470588235294118,24.487018404727444,26.15333966077602,26.954507568909666,-9.28852327337663
room_acoustic_data_room_2156.mat,-1.5,1.2588235294117647,24.4835168701158,26.12185663611289,26.93725551746107,-9.242858878693648
room_acoustic_data_room_2157.mat,-1.5,1.2705882352941176,24.37488848486966,26.016944955709604,26.8078812985889,-9.188430290267453
room_acoustic_data_room_2158.mat,-1.5,1.2823529411764707,24.1627389548154,25.838424034094132,26.5921933003308,-9.126472847627925
room_acoustic_data_room_2159.mat,-1.5,1.2941176470588236,23.82942584984594,25.56864236874503,26.25673391972279,-9.03787894423788
room_acoustic_data_room_2160.mat,-1.5,1.3058823529411765,23.349565640102234,25.174225369193735,25.77613280526835,-8.89395945937136
room_acoustic_data_room_2161.mat,-1.5,1.3176470588235294,23.713268398680064,25.511155483304016,26.137196849668165,-8.955741474093221
room_acoustic_data_room_2162.mat,-1.5,1.3294117647058823,23.974655450872927,25.741261471883327,26.402654429807253,-8.961758741289023
room_acoustic_data_room_2163.mat,-1.5,1.3411764705882352,24.111535095952537,25.87347383274509,26.545819604738735,-8.937459357533761
room_acoustic_data_room_2164.mat,-1.5,1.3529411764705883,24.159017189575774,25.96062512042186,26.584474076308457,-8.919794597335734
room_acoustic_data_room_2165.mat,-1.5,1.3647058823529412,24.113232796336828,25.978922383158064,26.524619493226368,-8.905477585334602
room_acoustic_data_room_2166.mat,-1.5,1.3764705882352941,23.97308642276549,25.920864702159573,26.360121831574638,-8.89318462230853
room_acoustic_data_room_2167.mat,-1.5,1.388235294117647,23.704345384017778,25.742658190215188,26.064659349392507,-8.847455193038412
room_acoustic_data_room_2168.mat,-1.5,1.4,23.279789184179634,25.415940556563545,25.62843644150344,-8.738143417985206
room_acoustic_data_room_2169.mat,-1.5,1.411764705882353,23.497043016910467,25.635495608584904,25.822404440039822,-8.80100736693377
room_acoustic_data_room_2170.mat,-1.5,1.423529411764706,23.84044117564501,25.93787374312167,26.153477724549504,-8.867775592597788
room_acoustic_data_room_2171.mat,-1.5,1.4352941176470588,24.047278008113587,26.109106569985666,26.34843129532499,-8.89184988702527
room_acoustic_data_room_2172.mat,-1.5,1.4470588235294117,24.123653051680467,26.171355219129918,26.41388805196181,-8.881572660860112
room_acoustic_data_room_2173.mat,-1.5,1.4588235294117646,24.080609327673038,26.145768875174614,26.356977495427245,-8.84879178052161
room_acoustic_data_room_2174.mat,-1.5,1.4705882352941178,23.949869547468595,26.053414212343824,26.21409288686217,-8.825149432773024
room_acoustic_data_room_2175.mat,-1.5,1.4823529411764707,23.70431827985843,25.86525169374837,25.960865009193896,-8.782502865111411
room_acoustic_data_room_2176.mat,-1.5,1.4941176470588236,23.29827527154223,25.521246361652047,25.55992523480423,-8.67256429401773
room_acoustic_data_room_2177.mat,-1.5,1.5058823529411764,23.292291091427387,25.498041303531366,25.547825379489137,-8.666580179755542
room_acoustic_data_room_2178.mat,-1.5,1.5176470588235293,23.664334885236485,25.793028697623342,25.894778876489468,-8.742519613610169
room_acoustic_data_room_2179.mat,-1.5,1.5294117647058822,23.89760329342819,25.969329109826607,26.111334782758362,-8.772883398733754
room_acoustic_data_room_2180.mat,-1.5,1.5411764705882354,24.035989197079893,26.08274827303996,26.23273421329868,-8.80417194651118
room_acoustic_data_room_2181.mat,-1.5,1.5529411764705883,24.1005243256445,26.13784715815968,26.27647715305645,-8.858444307877061
room_acoustic_data_room_2182.mat,-1.5,1.5647058823529412,24.06145730084001,26.11053645691105,26.23699801614887,-8.906029629320534
room_acoustic_data_room_2183.mat,-1.5,1.576470588235294,23.906339965590647,25.964622081841412,26.09212130653762,-8.933674908672813
room_acoustic_data_room_2184.mat,-1.5,1.588235294117647,23.600106257177963,25.66877490637115,25.815520975084155,-8.904071209749809
room_acoustic_data_room_2185.mat,-1.5,1.6,23.457843127217174,25.495256110067213,25.69772880352216,-8.916198085613038
room_acoustic_data_room_2186.mat,-1.5,1.611764705882353,23.933503663348045,25.848839718086424,26.159408244765594,-9.076614262309334
room_acoustic_data_room_2187.mat,-1.5,1.6235294117647059,24.28709823599199,26.095070812961904,26.521406546872296,-9.207197289776678
room_acoustic_data_room_2188.mat,-1.5,1.6352941176470588,24.48899909376148,26.217713361871002,26.7480081494486,-9.281244800509162
room_acoustic_data_room_2189.mat,-1.5,1.6470588235294117,24.578262926018727,26.254966469361456,26.858699355637906,-9.339041314553523
room_acoustic_data_room_2190.mat,-1.5,1.6588235294117648,24.5620631377146,26.215773533538197,26.857221684980857,-9.387988442736441
room_acoustic_data_room_2191.mat,-1.5,1.6705882352941177,24.403953011988545,26.08302521361622,26.715463567843138,-9.391057407943395
room_acoustic_data_room_2192.mat,-1.5,1.6823529411764706,24.082221281542957,25.823270058574245,26.419107170668052,-9.324695523532403
room_acoustic_data_room_2193.mat,-1.5,1.6941176470588235,23.668559849952054,25.47481094788209,26.03411572814624,-9.212954928509863
room_acoustic_data_room_2194.mat,-1.5,1.7058823529411764,24.14118072050038,25.888976712355138,26.487946632131596,-9.349635114003531
room_acoustic_data_room_2195.mat,-1.5,1.7176470588235293,24.46415782865689,26.166829756382242,26.802992993100865,-9.427893058114543
room_acoustic_data_room_2196.mat,-1.5,1.7294117647058824,24.65536119169428,26.333365272714786,26.99105848420494,-9.468904369279477
room_acoustic_data_room_2197.mat,-1.5,1.7411764705882353,24.730065738247244,26.41616804907109,27.066090614443684,-9.489409152910964
room_acoustic_data_room_2198.mat,-1.5,1.7529411764705882,24.69392355587386,26.41148260422833,27.025080178055983,-9.495429862934383
room_acoustic_data_room_2199.mat,-1.5,1.7647058823529411,24.544747455622442,26.31559545949539,26.859109214548276,-9.484376665752551
room_acoustic_data_room_2200.mat,-1.5,1.776470588235294,24.263319146905502,26.103326912514873,26.571443151447237,-9.435529748048898
room_acoustic_data_room_2201.mat,-1.5,1.7882352941176471,23.841829232488493,25.72810432897721,26.174682082141103,-9.337738845985614
room_acoustic_data_room_2202.mat,-1.5,1.8,24.196404052198233,26.02867527106332,26.500077611873415,-9.455703380570863
room_acoustic_data_room_2203.mat,-1.5,1.811764705882353,24.573538071770503,26.3252181045565,26.84768048108321,-9.56524430457752
room_acoustic_data_room_2204.mat,-1.5,1.8235294117647058,24.81130697945492,26.490690516772656,27.078570410530602,-9.629239244702632
room_acoustic_data_room_2205.mat,-1.5,1.8352941176470587,24.921704121064355,26.558992119897532,27.19172809226793,-9.661421500894116
room_acoustic_data_room_2206.mat,-1.5,1.8470588235294119,24.91544169543362,26.535403150258897,27.191113129197525,-9.67302483864106
room_acoustic_data_room_2207.mat,-1.5,1.8588235294117648,24.81287990948882,26.436801520911718,27.100371435691528,-9.684168358959921
room_acoustic_data_room_2208.mat,-1.5,1.8705882352941177,24.574444919922833,26.223840638920638,26.881373037786474,-9.654088820774078
room_acoustic_data_room_2209.mat,-1.5,1.8823529411764706,24.203957708951236,25.88659324760251,26.551639209081536,-9.583774260992897
room_acoustic_data_room_2210.mat,-1.5,1.8941176470588235,24.357097991043055,26.008973596848612,26.700726587474808,-9.646151724575255
room_acoustic_data_room_2211.mat,-1.5,1.9058823529411764,24.785933180922424,26.36080187225609,27.116731059096615,-9.78448745054704
room_acoustic_data_room_2212.mat,-1.5,1.9176470588235295,25.08788835951004,26.59890905307058,27.426131639210816,-9.888975388338233
room_acoustic_data_room_2213.mat,-1.5,1.9294117647058824,25.269359379197525,26.749791973089515,27.62054724240935,-9.968106052817593
room_acoustic_data_room_2214.mat,-1.5,1.9411764705882353,25.322720490103663,26.813701696737105,27.6874054339897,-10.014976412400493
room_acoustic_data_room_2215.mat,-1.5,1.9529411764705882,25.253630277015887,26.786892194357034,27.625918714115226,-10.035182479643419
room_acoustic_data_room_2216.mat,-1.5,1.964705882352941,25.030736210083973,26.62530591401974,27.409924621557348,-9.996495991887718
room_acoustic_data_room_2217.mat,-1.5,1.9764705882352942,24.63562634605323,26.277429125036477,27.045936532854494,-9.878194508264349
room_acoustic_data_room_2218.mat,-1.5,1.988235294117647,24.520819475830198,26.13181614472716,26.967036355455196,-9.829050886946414
room_acoustic_data_room_2219.mat,-1.5,2.0,24.966441275864696,26.442039078722924,27.437448024377638,-9.962497234380193
room_acoustic_data_room_2220.mat,-1.5,2.011764705882353,25.25636167040108,26.620942884114953,27.757302651308745,-10.032523873260278
room_acoustic_data_room_2221.mat,-1.5,2.023529411764706,25.39533515527372,26.688919377270942,27.933504222221117,-10.046433440429938
room_acoustic_data_room_2222.mat,-1.5,2.0352941176470587,25.421740979643666,26.672450075338922,28.002230167693646,-10.043598081037059
room_acoustic_data_room_2223.mat,-1.5,2.0470588235294116,25.33691453605309,26.577725575439594,27.950309491671547,-10.025496256603496
room_acoustic_data_room_2224.mat,-1.5,2.0588235294117645,25.10384380496881,26.373494160133397,27.74849790418039,-9.954552200328418
room_acoustic_data_room_2225.mat,-1.5,2.070588235294118,24.71314703040514,26.03431286034604,27.40990493622434,-9.81959670989809
room_acoustic_data_room_2226.mat,-1.5,2.0823529411764707,24.3407974432286,25.711532224149686,27.085332978622823,-9.681343025623725
room_acoustic_data_room_2227.mat,-1.5,2.0941176470588236,24.782196344449826,26.089507897629012,27.508159519659383,-9.790586687182792
room_acoustic_data_room_2228.mat,-1.5,2.1058823529411765,25.107500885157428,26.353229246506324,27.83252566898507,-9.875376968229054
room_acoustic_data_room_2229.mat,-1.5,2.1176470588235294,25.28110880778827,26.497204476713385,28.014652500686296,-9.903181373151416
room_acoustic_data_room_2230.mat,-1.5,2.1294117647058823,25.3547061237936,26.56567492163836,28.08315525219296,-9.926991963276926
room_acoustic_data_room_2231.mat,-1.5,2.1411764705882352,25.315783085218566,26.545025295356396,28.0290080698226,-9.93464025099412
room_acoustic_data_room_2232.mat,-1.5,2.152941176470588,25.167764525991025,26.421274638326512,27.85834183571894,-9.929245234126833
room_acoustic_data_room_2233.mat,-1.5,2.164705882352941,24.88282044269205,26.17356360729201,27.555169167264314,-9.881642613462837
room_acoustic_data_room_2234.mat,-1.5,2.176470588235294,24.40175443831241,25.747545810579247,27.081664746167103,-9.729454599176908
room_acoustic_data_room_2235.mat,-1.5,2.1882352941176473,24.830828482146163,26.091307088974975,27.478096328581522,-9.882763129323894
room_acoustic_data_room_2236.mat,-1.5,2.2,25.203822273801144,26.39491333325924,27.823291021190904,-9.995185557221038
room_acoustic_data_room_2237.mat,-1.5,2.211764705882353,25.399829689962058,26.550155172168687,28.017328190115016,-10.025131906463816
room_acoustic_data_room_2238.mat,-1.5,2.223529411764706,25.459053878270396,26.578966358496526,28.07505536920582,-10.014414122061313
room_acoustic_data_room_2239.mat,-1.5,2.235294117647059,25.3969317694485,26.516970314138526,28.002421233613916,-9.978946966270911
room_acoustic_data_room_2240.mat,-1.5,2.2470588235294118,25.238887089049065,26.353880979093447,27.816252012427775,-9.943984352838385
room_acoustic_data_room_2241.mat,-1.5,2.2588235294117647,24.93717234394124,26.083289342922015,27.49666780613843,-9.8607422981767
room_acoustic_data_room_2242.mat,-1.5,2.2705882352941176,24.475199238553458,25.682163018652385,27.0438085789187,-9.709956197758213
room_acoustic_data_room_2243.mat,-1.5,2.2823529411764705,24.669851124486136,25.833828912844528,27.22142954257481,-9.779629949716183
room_acoustic_data_room_2244.mat,-1.5,2.2941176470588234,25.10143883372327,26.177385513867986,27.645909220431427,-9.928273530780006
room_acoustic_data_room_2245.mat,-1.5,2.3058823529411763,25.364748898160734,26.381899250497064,27.924770071713723,-10.00233264966393
room_acoustic_data_room_2246.mat,-1.5,2.3176470588235296,25.504551885235763,26.50182510499657,28.079212680649725,-10.048453953150476
room_acoustic_data_room_2247.mat,-1.5,2.3294117647058825,25.53680654751632,26.552342560434834,28.119295902315958,-10.083136601787396
room_acoustic_data_room_2248.mat,-1.5,2.3411764705882354,25.465802206872507,26.53245550760142,28.05255324809082,-10.11050316640819
room_acoustic_data_room_2249.mat,-1.5,2.3529411764705883,25.256651676185193,26.390468561317956,27.85530985584669,-10.094755673524086
room_acoustic_data_room_2250.mat,-1.5,2.364705882352941,24.87620545089291,26.089743266899845,27.502808049723942,-10.000411262655923
room_acoustic_data_room_2251.mat,-1.5,2.376470588235294,24.898057180400386,26.111115719755983,27.52165800988839,-10.022555246140048
room_acoustic_data_room_2252.mat,-1.5,2.388235294117647,25.361351571344812,26.516805757939807,27.955569978376715,-10.175595419001308
room_acoustic_data_room_2253.mat,-1.5,2.4,25.637128152069963,26.761154426051647,28.224469895468328,-10.232944280657609
room_acoustic_data_room_2254.mat,-1.5,2.411764705882353,25.768708396556242,26.88776984503683,28.34336428231073,-10.24007405792776
room_acoustic_data_room_2255.mat,-1.5,2.4235294117647057,25.793907665997335,26.93062774991081,28.34628938256914,-10.23538459494512
room_acoustic_data_room_2256.mat,-1.5,2.4352941176470586,25.697245952566668,26.887642094447873,28.209375321359786,-10.203163211232644
room_acoustic_data_room_2257.mat,-1.5,2.447058823529412,25.484274996163524,26.762483111678222,27.941520322192623,-10.148071869858343
room_acoustic_data_room_2258.mat,-1.5,2.458823529411765,25.122768112981962,26.508903880546903,27.544580330788794,-10.035800164814601
room_acoustic_data_room_2259.mat,-1.5,2.4705882352941178,24.932219112007378,26.392391566459345,27.31536633057538,-9.964120579501415
room_acoustic_data_room_2260.mat,-1.5,2.4823529411764707,25.3946958713584,26.832860672604344,27.679108583383144,-10.083745339675703
room_acoustic_data_room_2261.mat,-1.5,2.4941176470588236,25.678899734119824,27.10987223488386,27.911139953495034,-10.114058908075608
room_acoustic_data_room_2262.mat,-1.5,2.5058823529411764,25.853130361684844,27.280285694755744,28.06327862271248,-10.125925890157198
room_acoustic_data_room_2263.mat,-1.5,2.5176470588235293,25.937280558824206,27.37728129261436,28.125841720666173,-10.140049755336808
room_acoustic_data_room_2264.mat,-1.5,2.5294117647058822,25.926283046474126,27.410766221791473,28.08023306560434,-10.151295143231678
room_acoustic_data_room_2265.mat,-1.5,2.541176470588235,25.794113216960124,27.348658607320687,27.913801850161043,-10.133070467421575
room_acoustic_data_room_2266.mat,-1.5,2.552941176470588,25.538224443895405,27.176775548045452,27.631499475176227,-10.08138420938604
room_acoustic_data_room_2267.mat,-1.5,2.5647058823529414,25.14370737702673,26.873750440223176,27.243910357401255,-9.96716695776675
room_acoustic_data_room_2268.mat,-1.5,2.5764705882352943,25.65049477206022,27.342779073510588,27.654009458815047,-10.093355846116157
room_acoustic_data_room_2269.mat,-1.5,2.588235294117647,25.980798705000105,27.637423058660588,27.943278713945695,-10.129675419788576
room_acoustic_data_room_2270.mat,-1.5,2.6,26.19200104678675,27.815005015629183,28.13506849838133,-10.136897863624252
room_acoustic_data_room_2271.mat,-1.5,2.611764705882353,26.3156344906854,27.8966006544292,28.229120446039587,-10.147819866933713
room_acoustic_data_room_2272.mat,-1.5,2.623529411764706,26.311006458059172,27.870491765449326,28.20378560694595,-10.121893907050767
room_acoustic_data_room_2273.mat,-1.5,2.635294117647059,26.213064496355692,27.77311633580801,28.095970229068175,-10.093761866739746
room_acoustic_data_room_2274.mat,-1.5,2.6470588235294117,26.00922542274442,27.581601928303378,27.89640416726037,-10.049973326513895
room_acoustic_data_room_2275.mat,-1.5,2.6588235294117646,25.653680133172795,27.254388280527326,27.573150492493422,-9.94247425301675
room_acoustic_data_room_2276.mat,-1.5,2.6705882352941175,25.85370120249626,27.366209458486324,27.800554882344425,-9.97797903865953
room_acoustic_data_room_2277.mat,-1.5,2.6823529411764704,26.271658630583442,27.630715033709826,28.236937573081953,-10.059963818488695
room_acoustic_data_room_2278.mat,-1.5,2.6941176470588237,26.55700228716556,27.77787944524332,28.55250236275589,-10.09919791844017
room_acoustic_data_room_2279.mat,-1.5,2.7058823529411766,26.73125331176097,27.85414434718661,28.757118169639316,-10.119012376271616
room_acoustic_data_room_2280.mat,-1.5,2.7176470588235295,26.809777118536996,27.888122415021005,28.843477145006993,-10.135392434932463
room_acoustic_data_room_2281.mat,-1.5,2.7294117647058824,26.78220350382713,27.867399992006785,28.79914153817161,-10.13837369979791
room_acoustic_data_room_2282.mat,-1.5,2.7411764705882353,26.62378534054617,27.76569030754047,28.640056832094587,-10.103585382265708
room_acoustic_data_room_2283.mat,-1.5,2.7529411764705882,26.335501588944233,27.537255520747213,28.374186483309025,-10.031668195779424
room_acoustic_data_room_2284.mat,-1.5,2.764705882352941,26.157633197004017,27.340239982723165,28.216343369800086,-9.936729475420623
room_acoustic_data_room_2285.mat,-1.5,2.776470588235294,26.61156502219319,27.56388329772671,28.70758750211143,-9.999917065026057
room_acoustic_data_room_2286.mat,-1.5,2.788235294117647,26.944089101549817,27.679749143328955,29.060239172049734,-10.036554321161224
room_acoustic_data_room_2287.mat,-1.5,2.8,27.172775757730065,27.697361102051488,29.296374626586324,-10.06860158012607
room_acoustic_data_room_2288.mat,-1.5,2.8117647058823527,27.302807274613265,27.641596064653907,29.381857941350766,-10.105763488873805
room_acoustic_data_room_2289.mat,-1.5,2.823529411764706,27.305828748345313,27.56217103036112,29.271492164600772,-10.125974842910734
room_acoustic_data_room_2290.mat,-1.5,2.835294117647059,27.136766969717165,27.433084521088254,28.949206267453814,-10.092074589159694
room_acoustic_data_room_2291.mat,-1.5,2.847058823529412,26.77295387740433,27.22308321830753,28.408785659670382,-9.963412899579456
room_acoustic_data_room_2292.mat,-1.5,2.8588235294117648,27.678708886221017,28.019645900353858,29.13129997342179,-10.266717070025969
room_acoustic_data_room_2293.mat,-1.5,2.8705882352941177,28.297027127838838,28.684997453746817,29.5502799009528,-10.403652653609146
room_acoustic_data_room_2294.mat,-1.5,2.8823529411764706,28.63264783168053,29.214884255828316,29.72491216640673,-10.385243902710627
room_acoustic_data_room_2295.mat,-1.5,2.8941176470588235,28.762727325847173,29.659167628772735,29.714339688146257,-10.283011191270383
room_acoustic_data_room_2296.mat,-1.5,2.9058823529411764,29.554923991709117,30.698723157320075,30.31143541528778,-10.343736650821164
room_acoustic_data_room_2297.mat,-1.5,2.9176470588235293,30.25743773128408,31.729036458093812,30.780057400163074,-10.342728185513145
room_acoustic_data_room_2298.mat,-1.5,2.929411764705882,30.729667103613263,32.613624711870955,31.03803573206857,-10.230159740539996
room_acoustic_data_room_2299.mat,-1.5,2.9411764705882355,30.933093403651416,33.21357310307144,31.13438680162485,-9.953690076471322
room_acoustic_data_room_2300.mat,-1.5,2.9529411764705884,30.95493607163871,33.515564049448535,31.132105759068796,-9.586107699207599
room_acoustic_data_room_2301.mat,-1.5,2.9647058823529413,30.869068674583243,33.55892078580943,31.089096968824215,-9.187129808086624
room_acoustic_data_room_2302.mat,-1.5,2.976470588235294,30.716751508100483,33.411782461603224,31.025639881239027,-8.784838002986158
room_acoustic_data_room_2303.mat,-1.5,2.988235294117647,30.534221061314454,33.15278122450603,30.963347958423526,-8.40373914764004
room_acoustic_data_room_2304.mat,-1.5,3.0,30.338958608618192,32.83989931393023,30.908090272010064,-8.051253282137484
room_acoustic_data_room_2305.mat,4.5,0.0,29.646900658349438,31.9680691204665,30.372697193343186,-7.352430786688493
room_acoustic_data_room_2306.mat,4.5,0.011764705882352941,29.76929153291963,32.23859537417112,30.372614276131916,-7.628442268206031
room_acoustic_data_room_2307.mat,4.5,0.023529411764705882,29.86257011611784,32.47614127438445,30.357216224468058,-7.914986737497324
room_acoustic_data_room_2308.mat,4.5,0.03529411764705882,29.91074195921451,32.65152082877739,30.32142100652941,-8.205515742665614
room_acoustic_data_room_2309.mat,4.5,0.047058823529411764,29.889866295750785,32.706426319807456,30.254343593917334,-8.487137344420976
room_acoustic_data_room_2310.mat,4.5,0.058823529411764705,29.758700313532525,32.568017441845775,30.11583499066731,-8.731164608171666
room_acoustic_data_room_2311.mat,4.5,0.07058823529411765,29.516285491071987,32.214297854983606,29.87419546482932,-8.950445783571203
room_acoustic_data_room_2312.mat,4.5,0.08235294117647059,29.132663541949086,31.61871277269286,29.52049884449678,-9.129672786823953
room_acoustic_data_room_2313.mat,4.5,0.09411764705882353,28.56307777824255,30.827405078759213,29.045598797434607,-9.239013423220579
room_acoustic_data_room_2314.mat,4.5,0.10588235294117647,27.803010599886562,29.91192862204334,28.41867198803356,-9.28824795921787
room_acoustic_data_room_2315.mat,4.5,0.11764705882352941,27.81550252077693,29.60883051042846,28.443023285358635,-9.529616604910533
room_acoustic_data_room_2316.mat,4.5,0.12941176470588237,27.61580826705685,29.20292156740536,28.311868023504513,-9.671634656929587
room_acoustic_data_room_2317.mat,4.5,0.1411764705882353,27.1481492855313,28.64980986424935,27.974060040449157,-9.67689424847663
room_acoustic_data_room_2318.mat,4.5,0.15294117647058825,26.38045773274375,27.94172328250872,27.430421713711436,-9.509311180610066
room_acoustic_data_room_2319.mat,4.5,0.16470588235294117,26.639288885471892,28.02878574363143,27.75741648434884,-9.63021698654511
room_acoustic_data_room_2320.mat,4.5,0.17647058823529413,26.880773665411375,28.125472684243512,28.04506111987424,-9.728847348253487
room_acoustic_data_room_2321.mat,4.5,0.18823529411764706,26.95638429732618,28.15454192966889,28.14898569128262,-9.786185820101728
room_acoustic_data_room_2322.mat,4.5,0.2,26.879877503308947,28.10048746999803,28.104313637895807,-9.808074461727825
room_acoustic_data_room_2323.mat,4.5,0.21176470588235294,26.681424909791698,28.010147491498643,27.958646452568022,-9.817830700761133
room_acoustic_data_room_2324.mat,4.5,0.2235294117647059,26.395171116453263,27.89342792354855,27.710973848574973,-9.843811979433854
room_acoustic_data_room_2325.mat,4.5,0.23529411764705882,25.94027957341121,27.640564186344115,27.284101573656407,-9.798627412433465
room_acoustic_data_room_2326.mat,4.5,0.24705882352941178,26.33364940843815,28.06735940074305,27.621318586767558,-9.993500103460917
room_acoustic_data_room_2327.mat,4.5,0.25882352941176473,26.661389642894076,28.431106711198883,27.90090075793465,-10.113256883301966
room_acoustic_data_room_2328.mat,4.5,0.27058823529411763,26.826925365529384,28.629656903874494,28.06518121142104,-10.165882370982395
room_acoustic_data_room_2329.mat,4.5,0.2823529411764706,26.867983151815448,28.709508235198427,28.121360254314673,-10.187515902744043
room_acoustic_data_room_2330.mat,4.5,0.29411764705882354,26.77812167542402,28.691654196767026,28.0493585861705,-10.169878966272151
room_acoustic_data_room_2331.mat,4.5,0.3058823529411765,26.553688301616674,28.54702181962235,27.864375956851074,-10.10802874833818
room_acoustic_data_room_2332.mat,4.5,0.3176470588235294,26.192999951125042,28.27444123257989,27.56434435023644,-9.999270993380387
room_acoustic_data_room_2333.mat,4.5,0.32941176470588235,25.695922943090935,27.86314215077026,27.13927760036601,-9.841625741670814
room_acoustic_data_room_2334.mat,4.5,0.3411764705882353,25.515720982504256,27.69902307507627,27.004250837756835,-9.781320864055605
room_acoustic_data_room_2335.mat,4.5,0.35294117647058826,25.85010480857001,27.94882193056543,27.357145254540505,-9.875396493331873
room_acoustic_data_room_2336.mat,4.5,0.36470588235294116,26.08202681733376,28.09007103696181,27.635510647736066,-9.952875693431062
room_acoustic_data_room_2337.mat,4.5,0.3764705882352941,26.19050034155692,28.12042714051796,27.802231455503865,-9.995300094180376
room_acoustic_data_room_2338.mat,4.5,0.38823529411764707,26.19679937679387,28.079931889981452,27.84613960078365,-10.025131987734643
room_acoustic_data_room_2339.mat,4.5,0.4,26.098474465387387,27.983106628833724,27.75835272239476,-10.040530309579836
room_acoustic_data_room_2340.mat,4.5,0.4117647058823529,25.862831347772538,27.792243214717082,27.522843473512037,-10.008930946054402
room_acoustic_data_room_2341.mat,4.5,0.4235294117647059,25.493448439698604,27.49036294570194,27.166782421914245,-9.932918478423476
room_acoustic_data_room_2342.mat,4.5,0.43529411764705883,24.96713869942088,27.029794525924117,26.678026218330018,-9.786204708176506
room_acoustic_data_room_2343.mat,4.5,0.4470588235294118,25.34716656874023,27.346537957588076,27.046710988853423,-9.89199045123928
room_acoustic_data_room_2344.mat,4.5,0.4588235294117647,25.617742649001762,27.547099824201332,27.336573365951793,-9.958342625279151
room_acoustic_data_room_2345.mat,4.5,0.47058823529411764,25.761553362198715,27.630933232839606,27.516668424865824,-9.98787160222961
room_acoustic_data_room_2346.mat,4.5,0.4823529411764706,25.771414277736607,27.619307250943397,27.555360444129853,-9.975027463397835
room_acoustic_data_room_2347.mat,4.5,0.49411764705882355,25.664291064369237,27.521844090790168,27.470069038979034,-9.93748740160801
room_acoustic_data_room_2348.mat,4.5,0.5058823529411764,25.447697369330356,27.349891028822107,27.270296262336252,-9.88291970144322
room_acoustic_data_room_2349.mat,4.5,0.5176470588235295,25.069482027820335,27.032335832233535,26.91946413067086,-9.758394199723991
room_acoustic_data_room_2350.mat,4.5,0.5294117647058824,24.563073011150983,26.591991770069882,26.45776395155895,-9.59476345822661
room_acoustic_data_room_2351.mat,4.5,0.5411764705882353,24.719979147834245,26.71196518426727,26.630468848185494,-9.633734913751459
room_acoustic_data_room_2352.mat,4.5,0.5529411764705883,25.053415272246788,26.973596914423194,26.981779372930355,-9.71760248172338
room_acoustic_data_room_2353.mat,4.5,0.5647058823529412,25.250807125756015,27.102459393737295,27.2105996195276,-9.756920589626791
room_acoustic_data_room_2354.mat,4.5,0.5764705882352941,25.329127849259507,27.131523451764927,27.32052501874685,-9.77069983925628
room_acoustic_data_room_2355.mat,4.5,0.5882352941176471,25.29245241036939,27.081647674655386,27.3034212594823,-9.763867270172433
room_acoustic_data_room_2356.mat,4.5,0.6,25.149241493865556,26.962685127376357,27.159717153837,-9.74509001609597
room_acoustic_data_room_2357.mat,4.5,0.611764705882353,24.875182802470913,26.740806350974445,26.88719393517325,-9.689455232874133
room_acoustic_data_room_2358.mat,4.5,0.6235294117647059,24.453615838004644,26.393475601761946,26.485970479918425,-9.578142914493062
room_acoustic_data_room_2359.mat,4.5,0.6352941176470588,24.46261694243354,26.41117800039135,26.49422573825121,-9.586797202059374
room_acoustic_data_room_2360.mat,4.5,0.6470588235294118,24.867132629638625,26.74847349198577,26.88408219030112,-9.70522032108981
room_acoustic_data_room_2361.mat,4.5,0.6588235294117647,25.130258608315167,26.9535759819083,27.161115150446626,-9.774950742464554
room_acoustic_data_room_2362.mat,4.5,0.6705882352941176,25.249906359173057,27.046457662196175,27.30341355722587,-9.796233032766889
room_acoustic_data_room_2363.mat,4.5,0.6823529411764706,25.244617163999354,27.05375580122376,27.315000573737954,-9.78851948950219
room_acoustic_data_room_2364.mat,4.5,0.6941176470588235,25.09887506224072,26.95374191380566,27.183181420673215,-9.73646130266625
room_acoustic_data_room_2365.mat,4.5,0.7058823529411765,24.804634446630047,26.736582189395687,26.8873670122166,-9.631472862066202
room_acoustic_data_room_2366.mat,4.5,0.7176470588235294,24.348059951695124,26.36562491610773,26.441846238255398,-9.45784306339694
room_acoustic_data_room_2367.mat,4.5,0.7294117647058823,24.1369767972483,26.183789308222494,26.239383176732748,-9.37173689379236
room_acoustic_data_room_2368.mat,4.5,0.7411764705882353,24.615610590263216,26.563734205643094,26.712729467775766,-9.53918410112186
room_acoustic_data_room_2369.mat,4.5,0.7529411764705882,24.929862032017933,26.790939650777084,27.04749255145543,-9.634962975744392
room_acoustic_data_room_2370.mat,4.5,0.7647058823529411,25.108343813084936,26.905335137480645,27.25070705826775,-9.690362643422727
room_acoustic_data_room_2371.mat,4.5,0.7764705882352941,25.166005823111565,26.93594127919195,27.32201989101452,-9.721369560592393
room_acoustic_data_room_2372.mat,4.5,0.788235294117647,25.093867400468714,26.873374835724334,27.256588166704432,-9.71917291945508
room_acoustic_data_room_2373.mat,4.5,0.8,24.888285913534443,26.713158161164863,27.04146867193672,-9.67965227771789
room_acoustic_data_room_2374.mat,4.5,0.8117647058823529,24.524760870412372,26.435408661443187,26.665019937005884,-9.576698355635907
room_acoustic_data_room_2375.mat,4.5,0.8235294117647058,24.105836380939323,26.105478068531433,26.247621234160544,-9.433539004136687
room_acoustic_data_room_2376.mat,4.5,0.8352941176470589,24.64647560312297,26.568352925990432,26.722747941400897,-9.64529998882913
room_acoustic_data_room_2377.mat,4.5,0.8470588235294118,25.00147220620662,26.848214588422664,27.05488622952618,-9.76295487283794
room_acoustic_data_room_2378.mat,4.5,0.8588235294117647,25.20175732311167,27.00590823814003,27.23366928602253,-9.820616185522823
room_acoustic_data_room_2379.mat,4.5,0.8705882352941177,25.2556159866602,27.049042415551,27.27685885525057,-9.827903258235564
room_acoustic_data_room_2380.mat,4.5,0.8823529411764706,25.185281806657347,26.997761030807528,27.19761074387208,-9.807355538475933
room_acoustic_data_room_2381.mat,4.5,0.8941176470588236,24.98701034177533,26.847185729188162,26.982497584500926,-9.754887325271545
room_acoustic_data_room_2382.mat,4.5,0.9058823529411765,24.64007868060818,26.575030496277556,26.63518208737281,-9.648469657750057
room_acoustic_data_room_2383.mat,4.5,0.9176470588235294,24.137714960452694,26.15001872220503,26.158749972051652,-9.478260911922025
room_acoustic_data_room_2384.mat,4.5,0.9294117647058824,24.51980597360809,26.487859530738014,26.507572319922247,-9.626255731725784
room_acoustic_data_room_2385.mat,4.5,0.9411764705882353,24.917624648267026,26.82228918024031,26.88813490029338,-9.76833289581618
room_acoustic_data_room_2386.mat,4.5,0.9529411764705882,25.1454329282806,27.00675934159336,27.108943413911074,-9.834014279386237
room_acoustic_data_room_2387.mat,4.5,0.9647058823529412,25.234028986250657,27.073601167753964,27.19557857377754,-9.855885501908553
room_acoustic_data_room_2388.mat,4.5,0.9764705882352941,25.204417655702557,27.057438344184526,27.157805292221955,-9.855515144196222
room_acoustic_data_room_2389.mat,4.5,0.9882352941176471,25.059728632682422,26.962222045041067,26.994047856534053,-9.835889833179216
room_acoustic_data_room_2390.mat,4.5,1.0,24.774907524990017,26.76469063415757,26.69903774285195,-9.77096228073771
room_acoustic_data_room_2391.mat,4.5,1.011764705882353,24.312607621695534,26.41412438531689,26.239177603840975,-9.620837635288138
room_acoustic_data_room_2392.mat,4.5,1.0235294117647058,24.408422304573794,26.53008051584006,26.30531737099474,-9.65098888023852
room_acoustic_data_room_2393.mat,4.5,1.035294117647059,24.800298517290543,26.891400312208876,26.674250219719596,-9.766056569088802
room_acoustic_data_room_2394.mat,4.5,1.0470588235294118,25.050614369185684,27.118754631374188,26.923655942238906,-9.832164704523123
room_acoustic_data_room_2395.mat,4.5,1.0588235294117647,25.15562201086986,27.222796710552075,27.03391792000689,-9.847875933882063
room_acoustic_data_room_2396.mat,4.5,1.0705882352941176,25.12738151503827,27.219734977590345,27.00961555764154,-9.826126061669614
room_acoustic_data_room_2397.mat,4.5,1.0823529411764705,24.955519876973117,27.10184941027755,26.845305003794703,-9.756604654790822
room_acoustic_data_room_2398.mat,4.5,1.0941176470588236,24.643826215108945,26.860575261844993,26.54329491362426,-9.642378113416221
room_acoustic_data_room_2399.mat,4.5,1.1058823529411765,24.200605844098526,26.492106986317197,26.11673669064485,-9.489657090209167
room_acoustic_data_room_2400.mat,4.5,1.1176470588235294,24.050170644518012,26.358025847180922,25.9915939298474,-9.429984608835877
room_acoustic_data_room_2401.mat,4.5,1.1294117647058823,24.50006506529974,26.730643332809855,26.438802707536702,-9.579706313246959
room_acoustic_data_room_2402.mat,4.5,1.1411764705882352,24.79232783816007,26.953107210766326,26.746016599947964,-9.663613573452675
room_acoustic_data_room_2403.mat,4.5,1.1529411764705881,24.958497888293863,27.056497453258398,26.94401254653065,-9.716078258587899
room_acoustic_data_room_2404.mat,4.5,1.1647058823529413,25.003237743986745,27.06543152457153,27.016778421131967,-9.74295229335161
room_acoustic_data_room_2405.mat,4.5,1.1764705882352942,24.919941544464685,26.986316811929036,26.954094487750684,-9.737870922156059
room_acoustic_data_room_2406.mat,4.5,1.188235294117647,24.694380129631096,26.80396193927111,26.73384952736033,-9.686083418411895
room_acoustic_data_room_2407.mat,4.5,1.2,24.303214168722175,26.47968509548425,26.359044194621752,-9.562510497994037
room_acoustic_data_room_2408.mat,4.5,1.2117647058823529,23.925980841580046,26.16653277000688,25.99558841145054,-9.421887429739233
room_acoustic_data_room_2409.mat,4.5,1.223529411764706,24.404930875239735,26.613156592601086,26.419081402566775,-9.577138441237606
room_acoustic_data_room_2410.mat,4.5,1.2352941176470589,24.722787481644794,26.907394142587187,26.688972255540108,-9.662413648233445
room_acoustic_data_room_2411.mat,4.5,1.2470588235294118,24.88632001762825,27.057760072362456,26.84111816403556,-9.687823272807538
room_acoustic_data_room_2412.mat,4.5,1.2588235294117647,24.916761666355654,27.09753713082452,26.861981994405447,-9.67610201946374
room_acoustic_data_room_2413.mat,4.5,1.2705882352941176,24.812240135540662,27.031504303668832,26.74418768787895,-9.625780239832903
room_acoustic_data_room_2414.mat,4.5,1.2823529411764707,24.551588838605184,26.84135556302565,26.469002713266768,-9.515320981213675
room_acoustic_data_room_2415.mat,4.5,1.2941176470588236,24.137739869231964,26.523485541259817,26.0524831224323,-9.34619116147968
room_acoustic_data_room_2416.mat,4.5,1.3058823529411765,23.56739860609508,26.033024494697887,25.501906705810484,-9.111790569160338
room_acoustic_data_room_2417.mat,4.5,1.3176470588235294,24.01664002698392,26.44213766918725,25.888746919343497,-9.259111218646632
room_acoustic_data_room_2418.mat,4.5,1.3294117647058823,24.39471460907043,26.77765958559837,26.21450040069107,-9.381815975259657
room_acoustic_data_room_2419.mat,4.5,1.3411764705882352,24.635241263923536,26.980297968821986,26.428866398326978,-9.461163558199594
room_acoustic_data_room_2420.mat,4.5,1.3529411764705883,24.738780173823336,27.076750964124425,26.506762325722185,-9.499555567760646
room_acoustic_data_room_2421.mat,4.5,1.3647058823529412,24.712721670011973,27.062647269740747,26.449628906752707,-9.504964394695833
room_acoustic_data_room_2422.mat,4.5,1.3764705882352941,24.546641608133744,26.93896761507733,26.25533341499096,-9.466737688998082
room_acoustic_data_room_2423.mat,4.5,1.388235294117647,24.228010884038007,26.691705658320046,25.926799083994236,-9.371118516855926
room_acoustic_data_room_2424.mat,4.5,1.4,23.766203470938297,26.308630784071923,25.47478415148719,-9.224555468800087
room_acoustic_data_room_2425.mat,4.5,1.411764705882353,24.060615242383506,26.58014371128244,25.723745426809934,-9.364577316668553
room_acoustic_data_room_2426.mat,4.5,1.423529411764706,24.52781606771067,26.98550358099912,26.149207280591163,-9.555148160340659
room_acoustic_data_room_2427.mat,4.5,1.4352941176470588,24.792366709319616,27.202599215688238,26.39816954915269,-9.636936212801432
room_acoustic_data_room_2428.mat,4.5,1.4470588235294117,24.90651039642006,27.29844385070427,26.51579114634047,-9.664427575453603
room_acoustic_data_room_2429.mat,4.5,1.4588235294117646,24.880746470727008,27.291987516987408,26.49290429669807,-9.648926434302286
room_acoustic_data_room_2430.mat,4.5,1.4705882352941178,24.708910313530854,27.1821923047251,26.32050050592232,-9.584187645984521
room_acoustic_data_room_2431.mat,4.5,1.4823529411764707,24.378674512032642,26.933565753300286,26.013942817454776,-9.45685647719165
room_acoustic_data_room_2432.mat,4.5,1.4941176470588236,23.893679801172674,26.518550879127766,25.577936371029864,-9.26796613383997
room_acoustic_data_room_2433.mat,4.5,1.5058823529411764,23.873854172917728,26.48111442979847,25.578002447184872,-9.248140508363388
room_acoustic_data_room_2434.mat,4.5,1.5176470588235293,24.315662002489965,26.804083658194276,26.009975687684893,-9.39384391838828
room_acoustic_data_room_2435.mat,4.5,1.5294117647058822,24.612506206507014,27.004105376536188,26.30771448070407,-9.487783437539253
room_acoustic_data_room_2436.mat,4.5,1.5411764705882354,24.77449559243822,27.082187921734707,26.478821147844,-9.542675402297359
room_acoustic_data_room_2437.mat,4.5,1.5529411764705883,24.80587196001197,27.07313674345876,26.519113939161922,-9.563788932808732
room_acoustic_data_room_2438.mat,4.5,1.5647058823529412,24.702421523715262,26.980821887666757,26.421023734732223,-9.546990768148643
room_acoustic_data_room_2439.mat,4.5,1.576470588235294,24.45040137356787,26.775263194612396,26.188797579222445,-9.4777331541193
room_acoustic_data_room_2440.mat,4.5,1.588235294117647,24.057118404393357,26.451251296021013,25.8213804017453,-9.361080113595946
room_acoustic_data_room_2441.mat,4.5,1.6,23.837496119203973,26.269356313059955,25.621942502012892,-9.29584774962049
room_acoustic_data_room_2442.mat,4.5,1.611764705882353,24.341557402626567,26.7101723051191,26.082517043516887,-9.484664605351462
room_acoustic_data_room_2443.mat,4.5,1.6235294117647059,24.66877273916475,26.97094286618494,26.400951536170595,-9.58886832737211
room_acoustic_data_room_2444.mat,4.5,1.6352941176470588,24.853865715579758,27.104167368496373,26.594472229338024,-9.646107884942614
room_acoustic_data_room_2445.mat,4.5,1.6470588235294117,24.90779448559345,27.138471789239695,26.658715167583992,-9.668569261214651
room_acoustic_data_room_2446.mat,4.5,1.6588235294117648,24.83140613365824,27.076369969853783,26.58362989581245,-9.657327746226716
room_acoustic_data_room_2447.mat,4.5,1.6705882352941177,24.609062560465112,26.893700130061482,26.36637626337729,-9.596163181418033
room_acoustic_data_room_2448.mat,4.5,1.6823529411764706,24.229509901471307,26.592489131833545,25.9989274231695,-9.471980284809451
room_acoustic_data_room_2449.mat,4.5,1.6941176470588235,23.763450125684944,26.195261766307322,25.564785740515358,-9.307841258345082
room_acoustic_data_room_2450.mat,4.5,1.7058823529411764,24.29615966964362,26.643628377494927,26.054078308798143,-9.504610052132918
room_acoustic_data_room_2451.mat,4.5,1.7176470588235293,24.672094545991413,26.941332442058584,26.4081808415892,-9.63582570077936
room_acoustic_data_room_2452.mat,4.5,1.7294117647058824,24.898079548505784,27.09535999448463,26.6279986645001,-9.711618587873492
room_acoustic_data_room_2453.mat,4.5,1.7411764705882353,24.980930629548364,27.14841404554521,26.71661286363257,-9.740269841168642
room_acoustic_data_room_2454.mat,4.5,1.7529411764705882,24.947977596414944,27.12316012409738,26.69274529895489,-9.749479633943054
room_acoustic_data_room_2455.mat,4.5,1.7647058823529411,24.77911333893949,27.007503569371096,26.543275051675902,-9.718738212504478
room_acoustic_data_room_2456.mat,4.5,1.776470588235294,24.4605833306884,26.786508135421773,26.252579096494436,-9.63278952998829
room_acoustic_data_room_2457.mat,4.5,1.7882352941176471,23.95873691554805,26.397599484861157,25.804167540151948,-9.454642066146283
room_acoustic_data_room_2458.mat,4.5,1.8,24.339436954059053,26.714695219638113,26.18431625973695,-9.598731782768548
room_acoustic_data_room_2459.mat,4.5,1.811764705882353,24.763392452567324,27.035162231305033,26.60750921194863,-9.755094152466276
room_acoustic_data_room_2460.mat,4.5,1.8235294117647058,25.028698857630303,27.224497006257423,26.89338278748449,-9.84662656115139
room_acoustic_data_room_2461.mat,4.5,1.8352941176470587,25.147160179572307,27.308165055591104,27.03462159081917,-9.886872971789332
room_acoustic_data_room_2462.mat,4.5,1.8470588235294119,25.118844936896885,27.290739919312283,27.030568259855997,-9.876423469003365
room_acoustic_data_room_2463.mat,4.5,1.8588235294117648,24.930579721341974,27.166053074701964,26.865385947733028,-9.801863539719763
room_acoustic_data_room_2464.mat,4.5,1.8705882352941177,24.590344802359994,26.902831407375697,26.556278297101073,-9.669984058113595
room_acoustic_data_room_2465.mat,4.5,1.8823529411764706,24.107061226376807,26.4882028085214,26.12323477855703,-9.486873128152268
room_acoustic_data_room_2466.mat,4.5,1.8941176470588235,24.25712583821158,26.575358730804147,26.29451144662619,-9.546174952208963
room_acoustic_data_room_2467.mat,4.5,1.9058823529411764,24.732802548414373,26.911288273661157,26.794684521036544,-9.731352229205855
room_acoustic_data_room_2468.mat,4.5,1.9176470588235295,25.063384202749063,27.113412302880548,27.161264364452087,-9.864466683167974
room_acoustic_data_room_2469.mat,4.5,1.9294117647058824,25.25665510773793,27.207952577603763,27.3865916889897,-9.95539728149291
room_acoustic_data_room_2470.mat,4.5,1.9411764705882353,25.31822160243566,27.211927827335177,27.463814589232474,-10.01047308074163
room_acoustic_data_room_2471.mat,4.5,1.9529411764705882,25.228043537519053,27.126493942936342,27.373570159805848,-10.00959136014907
room_acoustic_data_room_2472.mat,4.5,1.964705882352941,24.99863853447369,26.949097538669395,27.142265102677065,-9.964394010604076
room_acoustic_data_room_2473.mat,4.5,1.9764705882352942,24.59372176214479,26.626170532564508,26.750766110315208,-9.836285705986048
room_acoustic_data_room_2474.mat,4.5,1.988235294117647,24.521030040681943,26.559296435523922,26.681476707421204,-9.829257362847898
room_acoustic_data_room_2475.mat,4.5,2.0,25.061050965088796,26.983324222009152,27.20660721244403,-10.057102961383897
room_acoustic_data_room_2476.mat,4.5,2.011764705882353,25.434051407734138,27.258071086558576,27.586470245596484,-10.210209788576101
room_acoustic_data_room_2477.mat,4.5,2.023529411764706,25.63920989531837,27.40277876396604,27.80821675156702,-10.290304510309479
room_acoustic_data_room_2478.mat,4.5,2.0352941176470587,25.692905720243033,27.451798487495196,27.866169660173767,-10.314759313725627
room_acoustic_data_room_2479.mat,4.5,2.0470588235294116,25.57686457473336,27.370228823618547,27.757786587986356,-10.265442960047412
room_acoustic_data_room_2480.mat,4.5,2.0588235294117645,25.299691761501105,27.16699337389805,27.48409220081841,-10.150397005857158
room_acoustic_data_room_2481.mat,4.5,2.070588235294118,24.859455680134545,26.81905838693786,27.059646333612818,-9.965902405827983
room_acoustic_data_room_2482.mat,4.5,2.0823529411764707,24.447035908436966,26.478272234059162,26.679824651133174,-9.787578769302295
room_acoustic_data_room_2483.mat,4.5,2.0941176470588236,25.014054759658176,26.93166581736392,27.239639691123333,-10.022442608811522
room_acoustic_data_room_2484.mat,4.5,2.1058823529411765,25.41656645230878,27.231998382595116,27.659767941247306,-10.184440280532636
room_acoustic_data_room_2485.mat,4.5,2.1176470588235294,25.6381910299703,27.385953171271243,27.908575880422998,-10.26026158770158
room_acoustic_data_room_2486.mat,4.5,2.1294117647058823,25.714769059120965,27.434511242844838,27.998943579501464,-10.287053144735728
room_acoustic_data_room_2487.mat,4.5,2.1411764705882352,25.657481206140666,27.390975871579354,27.94205617610478,-10.276336877053529
room_acoustic_data_room_2488.mat,4.5,2.152941176470588,25.454311453955878,27.248084162933253,27.72496884770863,-10.215790930234082
room_acoustic_data_room_2489.mat,4.5,2.164705882352941,25.080353500982945,26.978690193118375,27.356059454218023,-10.079174704113125
room_acoustic_data_room_2490.mat,4.5,2.176470588235294,24.49362663140036,26.51348732189822,26.796276927365813,-9.821326082405688
room_acoustic_data_room_2491.mat,4.5,2.1882352941176473,24.98968066466063,26.960631237435088,27.240685444350664,-10.041614865557163
room_acoustic_data_room_2492.mat,4.5,2.2,25.44077000294574,27.35072770197832,27.659430900800402,-10.232133044197047
room_acoustic_data_room_2493.mat,4.5,2.211764705882353,25.719088001623746,27.575430565111184,27.931412290695707,-10.344390053474315
room_acoustic_data_room_2494.mat,4.5,2.223529411764706,25.826865803216993,27.667055134114875,28.033283249993964,-10.382225647443065
room_acoustic_data_room_2495.mat,4.5,2.235294117647059,25.776224576395087,27.63567869373134,27.97935835658241,-10.35823841415403
room_acoustic_data_room_2496.mat,4.5,2.2470588235294118,25.562180998130543,27.467942177567814,27.771022232038646,-10.267274362925926
room_acoustic_data_room_2497.mat,4.5,2.2588235294117647,25.16948390905544,27.12982886904385,27.409280591171136,-10.093044187711309
room_acoustic_data_room_2498.mat,4.5,2.2705882352941176,24.620736077135895,26.62814118963318,26.92066070513944,-9.855471363582808
room_acoustic_data_room_2499.mat,4.5,2.2823529411764705,24.82039074115072,26.755421829629253,27.127085518297154,-9.930161170659549
room_acoustic_data_room_2500.mat,4.5,2.2941176470588234,25.27732938092209,27.08093410909936,27.582625488861932,-10.104138379835943
room_acoustic_data_room_2501.mat,4.5,2.3058823529411763,25.575931831870733,27.26738092594426,27.895984370288936,-10.213454814119265
room_acoustic_data_room_2502.mat,4.5,2.3176470588235296,25.71941437607844,27.334171027963386,28.046936328118935,-10.263190843742917
room_acoustic_data_room_2503.mat,4.5,2.3294117647058825,25.714492235593063,27.290517705260157,28.0470773552973,-10.26058515821541
room_acoustic_data_room_2504.mat,4.5,2.3411764705882354,25.579644360274028,27.17440230805998,27.89809942510505,-10.223927628546859
room_acoustic_data_room_2505.mat,4.5,2.3529411764705883,25.293840158215662,26.956068136553068,27.603080166880854,-10.131249576265589
room_acoustic_data_room_2506.mat,4.5,2.364705882352941,24.8631661640642,26.623937484086913,27.171823967987514,-9.986273296542725
room_acoustic_data_room_2507.mat,4.5,2.376470588235294,24.891393063053005,26.67892759890676,27.158463721304233,-10.016505877887083
room_acoustic_data_room_2508.mat,4.5,2.388235294117647,25.408472960216947,27.13078997542557,27.61031056790371,-10.223110358044815
room_acoustic_data_room_2509.mat,4.5,2.4,25.749173730667767,27.424432825762096,27.90274699090427,-10.344978490979692
room_acoustic_data_room_2510.mat,4.5,2.411764705882353,25.925636701956023,27.581031152031706,28.061292961257003,-10.396365322964535
room_acoustic_data_room_2511.mat,4.5,2.4235294117647057,25.96310677420371,27.632201724308082,28.087191849392063,-10.403078182741305
room_acoustic_data_room_2512.mat,4.5,2.4352941176470586,25.854685742785893,27.582782105383178,27.950623799426012,-10.357998112099045
room_acoustic_data_room_2513.mat,4.5,2.447058823529412,25.5832542456692,27.390522130652894,27.663182852340135,-10.243187638819709
room_acoustic_data_room_2514.mat,4.5,2.458823529411765,25.175379763574806,27.08391988601,27.247078567621298,-10.083283588888936
room_acoustic_data_room_2515.mat,4.5,2.4705882352941178,24.954851137748832,26.922814061217654,27.017862837778367,-9.99421318459493
room_acoustic_data_room_2516.mat,4.5,2.4823529411764707,25.504745787812226,27.361903571691713,27.537073808300548,-10.200468808571276
room_acoustic_data_room_2517.mat,4.5,2.4941176470588236,25.91376029807501,27.64823100072192,27.922384781513834,-10.354724133966984
room_acoustic_data_room_2518.mat,4.5,2.5058823529411764,26.185329861604632,27.830194031113198,28.17614093849484,-10.463187048739734
room_acoustic_data_room_2519.mat,4.5,2.5176470588235293,26.326475976470817,27.93739033845574,28.294749988568494,-10.533849449082762
room_acoustic_data_room_2520.mat,4.5,2.5294117647058822,26.337641884105864,27.976929431288543,28.262658926734833,-10.567149282067332
room_acoustic_data_room_2521.mat,4.5,2.541176470588235,26.22213328412483,27.954562566221664,28.103849211793094,-10.565771379155946
room_acoustic_data_room_2522.mat,4.5,2.552941176470588,25.932311522748034,27.78985214586129,27.76720704328994,-10.480477979048965
room_acoustic_data_room_2523.mat,4.5,2.5647058823529414,25.5209805488672,27.513562397440868,27.341511829975286,-10.339759895912362
room_acoustic_data_room_2524.mat,4.5,2.5764705882352943,26.21229611866848,28.103935026281015,27.91306644955542,-10.651184873793438
room_acoustic_data_room_2525.mat,4.5,2.588235294117647,26.74089675884619,28.536725457690952,28.35853247948885,-10.886823224987566
room_acoustic_data_room_2526.mat,4.5,2.6,27.07450668276675,28.775373493439297,28.654648266742598,-11.01756603385054
room_acoustic_data_room_2527.mat,4.5,2.611764705882353,27.250645213334078,28.90651491714103,28.807595983954407,-11.082093402968924
room_acoustic_data_room_2528.mat,4.5,2.623529411764706,27.29410088985397,28.959228928387105,28.82829076869481,-11.105369920698216
room_acoustic_data_room_2529.mat,4.5,2.635294117647059,27.20175025603813,28.942423320519058,28.727131954105538,-11.084109741394087
room_acoustic_data_room_2530.mat,4.5,2.6470588235294117,26.96591447393866,28.794734564907877,28.50560774365617,-11.009984820263693
room_acoustic_data_room_2531.mat,4.5,2.6588235294117646,26.584033590708493,28.46968116559788,28.187775075359962,-10.878445797322172
room_acoustic_data_room_2532.mat,4.5,2.6705882352941175,26.87542216389812,28.648733079095475,28.50381226992137,-10.996008986751164
room_acoustic_data_room_2533.mat,4.5,2.6823529411764704,27.427209092319963,29.001847606874833,29.06617136447682,-11.212802148786313
room_acoustic_data_room_2534.mat,4.5,2.6941176470588237,27.826146069704425,29.204787150083796,29.498382427545774,-11.367742400125103
room_acoustic_data_room_2535.mat,4.5,2.7058823529411766,28.103293418764032,29.309771709563044,29.804980577717256,-11.494065288380552
room_acoustic_data_room_2536.mat,4.5,2.7176470588235295,28.258236925095947,29.355681187153237,29.970251673809027,-11.592283166516973
room_acoustic_data_room_2537.mat,4.5,2.7294117647058824,28.28501964400852,29.362683794966475,29.97879003658632,-11.65693951273683
room_acoustic_data_room_2538.mat,4.5,2.7411764705882353,28.14313996341014,29.275616442230668,29.80668946515223,-11.647525049026623
room_acoustic_data_room_2539.mat,4.5,2.7529411764705882,27.77196871347472,28.999021595224164,29.44400593607523,-11.50190635331928
room_acoustic_data_room_2540.mat,4.5,2.764705882352941,27.7603891405681,28.91632999384816,29.420305189491174,-11.481718544756545
room_acoustic_data_room_2541.mat,4.5,2.776470588235294,28.39525916297168,29.27408997170229,29.983807490880757,-11.731346922506368
room_acoustic_data_room_2542.mat,4.5,2.788235294117647,28.804191560554226,29.42335263327637,30.3727889830367,-11.850070272999352
room_acoustic_data_room_2543.mat,4.5,2.8,29.022486362240674,29.420343860520152,30.592147244685822,-11.875120658572154
room_acoustic_data_room_2544.mat,4.5,2.8117647058823527,29.08637405645233,29.32040147310915,30.625928093272332,-11.84500283741972
room_acoustic_data_room_2545.mat,4.5,2.823529411764706,28.967263986801747,29.144406027660427,30.47299167925224,-11.736206452680022
room_acoustic_data_room_2546.mat,4.5,2.835294117647059,28.68073903036407,28.927050935256343,30.116131604876394,-11.572988784172917
room_acoustic_data_room_2547.mat,4.5,2.847058823529412,28.12378645958589,28.629891497051037,29.49689232609885,-11.262328826963978
room_acoustic_data_room_2548.mat,4.5,2.8588235294117648,28.7922051364001,29.212453822652623,29.978573755557548,-11.48145398939866
room_acoustic_data_room_2549.mat,4.5,2.8705882352941177,29.47098897466786,29.85002721807238,30.511907583054185,-11.654520774719042
room_acoustic_data_room_2550.mat,4.5,2.8823529411764706,29.875484696958303,30.379017310007907,30.814730047562257,-11.680535403375504
room_acoustic_data_room_2551.mat,4.5,2.8941176470588235,29.993300114163034,30.81889784430212,30.822509353535416,-11.54688036318585
room_acoustic_data_room_2552.mat,4.5,2.9058823529411764,30.987460218066772,31.941453665956374,31.600180335888986,-11.76464989707011
room_acoustic_data_room_2553.mat,4.5,2.9176470588235293,31.851391730693408,32.99896211885637,32.235977459188675,-11.913274627374708
room_acoustic_data_room_2554.mat,4.5,2.929411764705882,32.47690511754386,33.87685904347096,32.632581303007846,-11.951031232623032
room_acoustic_data_room_2555.mat,4.5,2.9411764705882355,32.82685981649618,34.45383098775822,32.84789928229107,-11.823195211875614
room_acoustic_data_room_2556.mat,4.5,2.9529411764705884,32.95314308914412,34.73072065382583,32.94714434014488,-11.564340341653809
room_acoustic_data_room_2557.mat,4.5,2.9647058823529413,32.9201451254369,34.74781597381676,32.97469622094731,-11.222908165161165
room_acoustic_data_room_2558.mat,4.5,2.976470588235294,32.782875587496314,34.56752858871643,32.96798621555289,-10.839827656744635
room_acoustic_data_room_2559.mat,4.5,2.988235294117647,32.599437542924335,34.283740475206194,32.950392144087445,-10.461151177719623
room_acoustic_data_room_2560.mat,4.5,3.0,32.380533647027505,33.94916223002024,32.91945538348215,-10.08751344517427
room_acoustic_data_room_2561.mat,0.0,-1.5,29.77670038272457,31.47330608528714,30.753504081013567,-7.458492222317198
room_acoustic_data_room_2562.mat,0.011764705882352941,-1.5,29.94912669555373,31.74955578309501,30.79712439986919,-7.779142337461763
room_acoustic_data_room_2563.mat,0.023529411764705882,-1.5,30.11136036524514,32.00856728987868,30.840923768647144,-8.128739710088631
room_acoustic_data_room_2564.mat,0.03529411764705882,-1.5,30.249931599657735,32.21637468107527,30.88661862457393,-8.503683600780445
room_acoustic_data_room_2565.mat,0.047058823529411764,-1.5,30.334267258443035,32.331213904348104,30.865452222255513,-8.885178845197485
room_acoustic_data_room_2566.mat,0.058823529411764705,-1.5,30.329485900048688,32.28696246283818,30.780476737912185,-9.25198180211491
room_acoustic_data_room_2567.mat,0.07058823529411765,-1.5,30.204723074054574,32.0461518623815,30.617742907467832,-9.588430833853495
room_acoustic_data_room_2568.mat,0.08235294117647059,-1.5,29.884661157584567,31.581146645437176,30.343490426557366,-9.835387305035763
room_acoustic_data_room_2569.mat,0.09411764705882353,-1.5,29.361974272012024,30.902244413708452,29.878794999695888,-10.00175948326416
room_acoustic_data_room_2570.mat,0.10588235294117647,-1.5,28.555441017197264,29.99803321246336,29.22363707118324,-10.0212357931509
room_acoustic_data_room_2571.mat,0.11764705882352941,-1.5,28.56437645425607,29.696009932601317,29.373696351193583,-10.301833776433027
room_acoustic_data_room_2572.mat,0.12941176470588237,-1.5,28.451356717350027,29.354377048850843,29.41536017127899,-10.539004441515534
room_acoustic_data_room_2573.mat,0.1411764705882353,-1.5,28.08292351429001,28.831769289410936,29.22172280421709,-10.653957267066234
room_acoustic_data_room_2574.mat,0.15294117647058825,-1.5,27.405304484963388,28.105805569372762,28.77750591064717,-10.586890355525204
room_acoustic_data_room_2575.mat,0.16470588235294117,-1.5,27.868391159694276,28.297645105351265,29.418268019699024,-10.844211707925863
room_acoustic_data_room_2576.mat,0.17647058823529413,-1.5,28.1673502819605,28.415159476249524,29.87995038545548,-11.007762444899189
room_acoustic_data_room_2577.mat,0.18823529411764706,-1.5,28.26149243102568,28.43863890347597,30.113162309930406,-11.089599839107136
room_acoustic_data_room_2578.mat,0.2,-1.5,28.19192660830027,28.414616731585426,30.11249888262373,-11.122040603345775
room_acoustic_data_room_2579.mat,0.21176470588235294,-1.5,27.984576705596748,28.322123647073436,29.923706144546642,-11.123778607544633
room_acoustic_data_room_2580.mat,0.2235294117647059,-1.5,27.608362531598946,28.126529434249925,29.541020052741782,-11.058040776640222
room_acoustic_data_room_2581.mat,0.23529411764705882,-1.5,27.042919359900313,27.788440916620893,29.00834507259368,-10.89851178903626
room_acoustic_data_room_2582.mat,0.24705882352941178,-1.5,27.38738304027406,28.08226626364785,29.36314371793399,-11.045943392924125
room_acoustic_data_room_2583.mat,0.25882352941176473,-1.5,27.690519946366745,28.329297159588272,29.690871538339728,-11.143841359368045
room_acoustic_data_room_2584.mat,0.27058823529411763,-1.5,27.83536237911013,28.45517020614471,29.874633188146582,-11.176794251779164
room_acoustic_data_room_2585.mat,0.2823529411764706,-1.5,27.853076332511357,28.48591813089186,29.91007898345019,-11.175098485683064
room_acoustic_data_room_2586.mat,0.29411764705882354,-1.5,27.757651354937668,28.437374082317568,29.812094165320953,-11.151500925683633
room_acoustic_data_room_2587.mat,0.3058823529411765,-1.5,27.557829572522998,28.323961891981977,29.581824189089545,-11.113804083477865
room_acoustic_data_room_2588.mat,0.3176470588235294,-1.5,27.24632050849081,28.10188794773635,29.23882353102966,-11.053813691354094
room_acoustic_data_room_2589.mat,0.32941176470588235,-1.5,26.76581226121851,27.728282299623874,28.755595455843725,-10.91231335609213
room_acoustic_data_room_2590.mat,0.3411764705882353,-1.5,26.615140576762386,27.578432493389876,28.600890788947893,-10.880972179981022
room_acoustic_data_room_2591.mat,0.35294117647058826,-1.5,26.992214232442397,27.825377249683953,28.941182467238402,-11.017377765307785
room_acoustic_data_room_2592.mat,0.36470588235294116,-1.5,27.207327593927893,27.931918705900394,29.14954499222572,-11.077898241594529
room_acoustic_data_room_2593.mat,0.3764705882352941,-1.5,27.29387490590223,27.951764327579095,29.240604574810906,-11.098358379687863
room_acoustic_data_room_2594.mat,0.38823529411764707,-1.5,27.258213093516055,27.918672657405285,29.191848246264925,-11.086295026454282
room_acoustic_data_room_2595.mat,0.4,-1.5,27.115832692040062,27.82847721677544,29.010536950144964,-11.057868189667657
room_acoustic_data_room_2596.mat,0.4117647058823529,-1.5,26.840345369490475,27.662905159933842,28.70912193565525,-10.986901747699449
room_acoustic_data_room_2597.mat,0.4235294117647059,-1.5,26.392704831486306,27.369135058463158,28.276703667643787,-10.833400567564437
room_acoustic_data_room_2598.mat,0.43529411764705883,-1.5,25.73792643538347,26.906460285998026,27.701248670550843,-10.559240456171343
room_acoustic_data_room_2599.mat,0.4470588235294118,-1.5,26.134352649153936,27.16067619637387,28.030688418940773,-10.67873723744017
room_acoustic_data_room_2600.mat,0.4588235294117647,-1.5,26.371695275263335,27.27839864480384,28.229566718484072,-10.711701059441145
room_acoustic_data_room_2601.mat,0.47058823529411764,-1.5,26.447415885296245,27.268136151420226,28.274168418614703,-10.673241508570044
room_acoustic_data_room_2602.mat,0.4823529411764706,-1.5,26.40733111340126,27.178005784958344,28.206790455836174,-10.61069826345433
room_acoustic_data_room_2603.mat,0.49411764705882355,-1.5,26.261865236953135,27.036466710460658,28.0428465956615,-10.535089168117704
room_acoustic_data_room_2604.mat,0.5058823529411764,-1.5,25.9948682429034,26.846684838046087,27.790895661646346,-10.43032861353731
room_acoustic_data_room_2605.mat,0.5176470588235295,-1.5,25.5933532208045,26.552633158175976,27.43927765916141,-10.282605751721087
room_acoustic_data_room_2606.mat,0.5294117647058824,-1.5,25.030577573384527,26.105697576803397,26.976430512731355,-10.062605743242658
room_acoustic_data_room_2607.mat,0.5411764705882353,-1.5,25.162698320884445,26.186069188924805,27.090961315136553,-10.075892049371383
room_acoustic_data_room_2608.mat,0.5529411764705883,-1.5,25.465328581161423,26.395932852399746,27.345968836572144,-10.129346741469934
room_acoustic_data_room_2609.mat,0.5647058823529412,-1.5,25.62362894124595,26.51004637099505,27.48847909315495,-10.129833890473797
room_acoustic_data_room_2610.mat,0.5764705882352941,-1.5,25.66673770257526,26.56024651892839,27.526212262555045,-10.108579559424488
room_acoustic_data_room_2611.mat,0.5882352941176471,-1.5,25.595062818088472,26.5425311809216,27.43613756340637,-10.066887505297506
room_acoustic_data_room_2612.mat,0.6,-1.5,25.41825547293753,26.44338251946359,27.249457016239795,-10.014642161729029
room_acoustic_data_room_2613.mat,0.611764705882353,-1.5,25.10911524898056,26.232130356938235,26.94351999485809,-9.924050179639165
room_acoustic_data_room_2614.mat,0.6235294117647059,-1.5,24.64001222270202,25.87147797146593,26.503180653745005,-9.76531456813998
room_acoustic_data_room_2615.mat,0.6352941176470588,-1.5,24.597081162916833,25.841027543928785,26.43426600117449,-9.7206498257187
room_acoustic_data_room_2616.mat,0.6470588235294118,-1.5,24.941583883681155,26.120481588316792,26.726233137010674,-9.77919192678048
room_acoustic_data_room_2617.mat,0.6588235294117647,-1.5,25.135654969931792,26.269837021317745,26.88540878324531,-9.780008027616468
room_acoustic_data_room_2618.mat,0.6705882352941176,-1.5,25.195017014800683,26.310712755885834,26.927388873660206,-9.741134955687393
room_acoustic_data_room_2619.mat,0.6823529411764706,-1.5,25.145447928072247,26.26967744492601,26.87077276588279,-9.689250301285572
room_acoustic_data_room_2620.mat,0.6941176470588235,-1.5,24.994882604124857,26.17185386665417,26.76847416045936,-9.63245163108757
room_acoustic_data_room_2621.mat,0.7058823529411765,-1.5,24.711673380123838,25.98311570812669,26.559039700667274,-9.538551476085871
room_acoustic_data_room_2622.mat,0.7176470588235294,-1.5,24.27931948023995,25.664909330324793,26.22213260720315,-9.389176123270621
room_acoustic_data_room_2623.mat,0.7294117647058823,-1.5,24.070731759304813,25.498197935455718,26.079242890325943,-9.305322847549121
room_acoustic_data_room_2624.mat,0.7411764705882353,-1.5,24.44403222905741,25.795110261303304,26.42574517043368,-9.367494587467952
room_acoustic_data_room_2625.mat,0.7529411764705882,-1.5,24.668894726073212,25.97275856013503,26.6610272358238,-9.373925432336494
room_acoustic_data_room_2626.mat,0.7647058823529411,-1.5,24.776528014759055,26.06058684504766,26.80521247607988,-9.358504132881182
room_acoustic_data_room_2627.mat,0.7764705882352941,-1.5,24.797711671606454,26.089116652624227,26.882441748838964,-9.353050267118931
room_acoustic_data_room_2628.mat,0.788235294117647,-1.5,24.736897032902803,26.078685199127637,26.88809628904479,-9.36218802521794
room_acoustic_data_room_2629.mat,0.8,-1.5,24.552328289925832,25.966924820621795,26.76109226011102,-9.343686180484243
room_acoustic_data_room_2630.mat,0.8117647058823529,-1.5,24.215447339292282,25.729500703011134,26.473969129443788,-9.267379604329665
room_acoustic_data_room_2631.mat,0.8235294117647058,-1.5,23.854860270826784,25.463057654820126,26.146394362186495,-9.182555837381699
room_acoustic_data_room_2632.mat,0.8352941176470589,-1.5,24.248108902318116,25.881104371112116,26.519837923012343,-9.246928625125804
room_acoustic_data_room_2633.mat,0.8470588235294118,-1.5,24.47148799576442,26.128231393877375,26.753576521251816,-9.232967365437212
room_acoustic_data_room_2634.mat,0.8588235294117647,-1.5,24.580047176604275,26.254066616124042,26.87870696764268,-9.198903557684071
room_acoustic_data_room_2635.mat,0.8705882352941177,-1.5,24.579622443718456,26.299721357347327,26.889406424011977,-9.151907772054015
room_acoustic_data_room_2636.mat,0.8823529411764706,-1.5,24.524805509197478,26.28549812703725,26.823078077583787,-9.146877703639783
room_acoustic_data_room_2637.mat,0.8941176470588236,-1.5,24.340445735250825,26.16896695262417,26.62782107939735,-9.108321527203362
room_acoustic_data_room_2638.mat,0.9058823529411765,-1.5,24.016927778305135,25.919807567238475,26.29329784886574,-9.025317882973825
room_acoustic_data_room_2639.mat,0.9176470588235294,-1.5,23.568273636644577,25.544023639444923,25.83276944790354,-8.908819021726726
room_acoustic_data_room_2640.mat,0.9294117647058824,-1.5,23.872395761639694,25.818904324157476,26.126827797355176,-8.978845256473196
room_acoustic_data_room_2641.mat,0.9411764705882353,-1.5,24.17403243884771,26.09321499204961,26.433865442487892,-9.024740682496201
room_acoustic_data_room_2642.mat,0.9529411764705882,-1.5,24.351147717508606,26.238765154474876,26.630220436600563,-9.03972931511536
room_acoustic_data_room_2643.mat,0.9647058823529412,-1.5,24.413445378790406,26.29324549970074,26.713101486803524,-9.035302382274624
room_acoustic_data_room_2644.mat,0.9764705882352941,-1.5,24.369113979972738,26.281838244862406,26.666031603003525,-9.020212188745854
room_acoustic_data_room_2645.mat,0.9882352941176471,-1.5,24.21273699842864,26.19185047004301,26.48331365038657,-8.988899143076697
room_acoustic_data_room_2646.mat,1.0,-1.5,23.93506823389879,26.00206636354323,26.169709207670348,-8.931124149125312
room_acoustic_data_room_2647.mat,1.011764705882353,-1.5,23.524661377921994,25.67747046981087,25.730636644012478,-8.832892757478959
room_acoustic_data_room_2648.mat,1.0235294117647058,-1.5,23.614684902592515,25.779134537590053,25.809332641973626,-8.857253011897932
room_acoustic_data_room_2649.mat,1.035294117647059,-1.5,24.010309966509983,26.12504334822149,26.19015322557814,-8.976069707376967
room_acoustic_data_room_2650.mat,1.0470588235294118,-1.5,24.266985549416095,26.34540786740579,26.452218537855355,-9.048537720459489
room_acoustic_data_room_2651.mat,1.0588235294117647,-1.5,24.38669838266117,26.453474086560696,26.5831857448783,-9.078954280271002
room_acoustic_data_room_2652.mat,1.0705882352941176,-1.5,24.376304851430092,26.45836843105062,26.570577107735946,-9.075051504955226
room_acoustic_data_room_2653.mat,1.0823529411764705,-1.5,24.23102484486308,26.353470814765775,26.418373582022333,-9.032111855982055
room_acoustic_data_room_2654.mat,1.0941176470588236,-1.5,23.947471683720785,26.115392506519566,26.134360638594174,-8.946025935842554
room_acoustic_data_room_2655.mat,1.1058823529411765,-1.5,23.462670605181756,25.69662622475687,25.6623055319795,-8.751724319205053
room_acoustic_data_room_2656.mat,1.1176470588235294,-1.5,23.291212101094892,25.526742686340267,25.505721670493315,-8.671028591818562
room_acoustic_data_room_2657.mat,1.1294117647058823,-1.5,23.740471323970173,25.86692334347162,25.966465403093725,-8.820115171273475
room_acoustic_data_room_2658.mat,1.1411764705882352,-1.5,24.039676807726998,26.079677698124005,26.270935428657708,-8.910965209775325
room_acoustic_data_room_2659.mat,1.1529411764705881,-1.5,24.179166811336792,26.181949581385673,26.42147667834255,-8.93674991172576
room_acoustic_data_room_2660.mat,1.1647058823529413,-1.5,24.20491879970484,26.2163402574285,26.441715837639357,-8.944636139904507
room_acoustic_data_room_2661.mat,1.1764705882352942,-1.5,24.123987523503008,26.168599550478095,26.333792044463916,-8.941919750934622
room_acoustic_data_room_2662.mat,1.188235294117647,-1.5,23.925719534886838,26.01182258419904,26.11081123944023,-8.917425730272937
room_acoustic_data_room_2663.mat,1.2,-1.5,23.544532011893544,25.701451899885456,25.7287402680157,-8.803831301702608
room_acoustic_data_room_2664.mat,1.2117647058823529,-1.5,23.210581508588124,25.41498094133898,25.402742994659597,-8.706491057173196
room_acoustic_data_room_2665.mat,1.223529411764706,-1.5,23.79323570628504,25.88931909761984,25.958351575512914,-8.965446260006596
room_acoustic_data_room_2666.mat,1.2352941176470589,-1.5,24.196088506115775,26.192905048722096,26.358905842993607,-9.135717684967107
room_acoustic_data_room_2667.mat,1.2470588235294118,-1.5,24.430166448432317,26.353867024323286,26.60077553950583,-9.231672739146589
room_acoustic_data_room_2668.mat,1.2588235294117647,-1.5,24.501915649452766,26.392737879437284,26.675271886391933,-9.261259061632984
room_acoustic_data_room_2669.mat,1.2705882352941176,-1.5,24.442899055174085,26.338288629561273,26.607329654998246,-9.25644224315034
room_acoustic_data_room_2670.mat,1.2823529411764707,-1.5,24.2513803444336,26.1796198364371,26.393748788656968,-9.215115596145644
room_acoustic_data_room_2671.mat,1.2941176470588236,-1.5,23.92911040790753,25.909124686588022,26.066851037812544,-9.13756483438968
room_acoustic_data_room_2672.mat,1.3058823529411765,-1.5,23.433669032722907,25.486447571007478,25.591248050133622,-8.97806415366665
room_acoustic_data_room_2673.mat,1.3176470588235294,-1.5,23.842965657471353,25.837456089610022,25.98119762374035,-9.08543998241811
room_acoustic_data_room_2674.mat,1.3294117647058823,-1.5,24.167261090690207,26.09682602532189,26.30539568683845,-9.154365600244653
room_acoustic_data_room_2675.mat,1.3411764705882352,-1.5,24.333709943000947,26.233539180139765,26.48244291187042,-9.159635391059362
room_acoustic_data_room_2676.mat,1.3529411764705883,-1.5,24.374215001674283,26.280304037791073,26.52550171553241,-9.134993561750646
room_acoustic_data_room_2677.mat,1.3647058823529412,-1.5,24.30395551503905,26.257381754049106,26.431682994693354,-9.096201421114097
room_acoustic_data_room_2678.mat,1.3764705882352941,-1.5,24.11200451084767,26.144536221079395,26.203523265549226,-9.032103791090535
room_acoustic_data_room_2679.mat,1.388235294117647,-1.5,23.791341813264083,25.9201745355354,25.84885104348742,-8.93445266505896
room_acoustic_data_room_2680.mat,1.4,-1.5,23.337589373219096,25.55993141458562,25.3869174083071,-8.795944609879395
room_acoustic_data_room_2681.mat,1.411764705882353,-1.5,23.505282852746802,25.73166426832692,25.53026564958847,-8.809248167678664
room_acoustic_data_room_2682.mat,1.423529411764706,-1.5,23.828905878806857,26.016942561353837,25.836343552412913,-8.856241225364656
room_acoustic_data_room_2683.mat,1.4352941176470588,-1.5,23.993617914026572,26.164058710259866,26.02397529611986,-8.838190685944252
room_acoustic_data_room_2684.mat,1.4470588235294117,-1.5,24.045413014328666,26.218456213775344,26.100759398542706,-8.803333479247735
room_acoustic_data_room_2685.mat,1.4588235294117646,-1.5,23.983414317955894,26.17284464192921,26.063465797283683,-8.751597588988062
room_acoustic_data_room_2686.mat,1.4705882352941178,-1.5,23.796458926756323,26.023378317238226,25.890450076391254,-8.67173959240363
room_acoustic_data_room_2687.mat,1.4823529411764707,-1.5,23.494223166978045,25.763209271949243,25.59811826636299,-8.572408494165307
room_acoustic_data_room_2688.mat,1.4941176470588236,-1.5,23.080830323495096,25.3838206553483,25.202363398316947,-8.455120048593995
room_acoustic_data_room_2689.mat,1.5058823529411764,-1.5,23.054907541172852,25.33722607914436,25.1868041859497,-8.429197306472531
room_acoustic_data_room_2690.mat,1.5176470588235293,-1.5,23.409985472008998,25.602797792096005,25.56228239077681,-8.488170843027477
room_acoustic_data_room_2691.mat,1.5294117647058822,-1.5,23.64515215505839,25.773071581852296,25.82694342976488,-8.520432868117023
room_acoustic_data_room_2692.mat,1.5411764705882354,-1.5,23.759771528809473,25.85971776844871,25.961282384190447,-8.527954851022109
room_acoustic_data_room_2693.mat,1.5529411764705883,-1.5,23.761716366897293,25.857184884090533,25.96850762902562,-8.519636887186486
room_acoustic_data_room_2694.mat,1.5647058823529412,-1.5,23.645418996523308,25.765929275405416,25.83948076688892,-8.489991828655315
room_acoustic_data_room_2695.mat,1.576470588235294,-1.5,23.39686631095961,25.559487891293152,25.578976557620926,-8.424201723477466
room_acoustic_data_room_2696.mat,1.588235294117647,-1.5,22.993794940541285,25.213712642169362,25.1729463944637,-8.29776032834744
room_acoustic_data_room_2697.mat,1.6,-1.5,22.738259077555377,24.98940252628166,24.923206849861756,-8.196614453489433
room_acoustic_data_room_2698.mat,1.611764705882353,-1.5,23.10644281829148,25.31059454230924,25.29191252188772,-8.249553804840385
room_acoustic_data_room_2699.mat,1.6235294117647059,-1.5,23.341782969862482,25.492566480197514,25.54273244007686,-8.261882381559815
room_acoustic_data_room_2700.mat,1.6352941176470588,-1.5,23.446200585714152,25.555881945179276,25.670839850137593,-8.23844662133405
room_acoustic_data_room_2701.mat,1.6470588235294117,-1.5,23.447593007875007,25.536359454261532,25.68990673275934,-8.208371697149254
room_acoustic_data_room_2702.mat,1.6588235294117648,-1.5,23.34121098924718,25.444474028223357,25.575462213438442,-8.16713656790964
room_acoustic_data_room_2703.mat,1.6705882352941177,-1.5,23.11593008691885,25.25950325570594,25.34253603883164,-8.103034730458575
room_acoustic_data_room_2704.mat,1.6823529411764706,-1.5,22.744008923982047,24.950514063227974,24.976873161945726,-7.986483388526894
room_acoustic_data_room_2705.mat,1.6941176470588235,-1.5,22.303089706499332,24.569404458464383,24.553452708709884,-7.8474850015123625
room_acoustic_data_room_2706.mat,1.7058823529411764,-1.5,22.724560007081962,24.95062649370103,24.968960519056008,-7.933014595866512
room_acoustic_data_room_2707.mat,1.7176470588235293,-1.5,23.001415212130546,25.198596927084754,25.250049689221434,-7.96515061701533
room_acoustic_data_room_2708.mat,1.7294117647058824,-1.5,23.126771474423535,25.311729761408657,25.392586181331332,-7.940314809158396
room_acoustic_data_room_2709.mat,1.7411764705882353,-1.5,23.154567785736297,25.341510041700552,25.42236157210988,-7.913911341065358
room_acoustic_data_room_2710.mat,1.7529411764705882,-1.5,23.096040411307968,25.309976981098714,25.35455478829611,-7.89754684448833
room_acoustic_data_room_2711.mat,1.7647058823529411,-1.5,22.93556217826097,25.20516745564393,25.170107235881254,-7.8751915019933705
room_acoustic_data_room_2712.mat,1.776470588235294,-1.5,22.64880155240484,25.00486752617306,24.842274310889778,-7.821012256734763
room_acoustic_data_room_2713.mat,1.7882352941176471,-1.5,22.194377366816727,24.63874301435498,24.36212507525614,-7.690287075286621
room_acoustic_data_room_2714.mat,1.8,-1.5,22.501388731001555,24.919530805440576,24.64086169811479,-7.760688170374958
room_acoustic_data_room_2715.mat,1.811764705882353,-1.5,22.863231581338237,25.22036144881811,24.993278864206726,-7.854937919962454
room_acoustic_data_room_2716.mat,1.8235294117647058,-1.5,23.105065339491944,25.412733362032668,25.23068655217807,-7.922997707805052
room_acoustic_data_room_2717.mat,1.8352941176470587,-1.5,23.237777180456764,25.515280887456626,25.366451024061128,-7.97749466316707
room_acoustic_data_room_2718.mat,1.8470588235294119,-1.5,23.254383854718604,25.53029486156324,25.386846133900587,-8.011967103294515
room_acoustic_data_room_2719.mat,1.8588235294117648,-1.5,23.141578845595006,25.44004138946462,25.26738147235921,-8.01286740566594
room_acoustic_data_room_2720.mat,1.8705882352941177,-1.5,22.877850762990313,25.20054255927707,24.99585645260318,-7.9574947824571876
room_acoustic_data_room_2721.mat,1.8823529411764706,-1.5,22.487874004439536,24.82495404971727,24.62280848536981,-7.867690685922848
room_acoustic_data_room_2722.mat,1.8941176470588235,-1.5,22.639338314150727,24.920989982381492,24.779801849903297,-7.928392217066957
room_acoustic_data_room_2723.mat,1.9058823529411764,-1.5,23.06178464065152,25.25187726606056,25.19951323862944,-8.060339089867053
room_acoustic_data_room_2724.mat,1.9176470588235295,-1.5,23.355220319047195,25.475483731176865,25.494198514072032,-8.156307540243251
room_acoustic_data_room_2725.mat,1.9294117647058824,-1.5,23.51793683016386,25.60629197821067,25.666899484134667,-8.21668371152795
room_acoustic_data_room_2726.mat,1.9411764705882353,-1.5,23.565315899897033,25.65305435793403,25.727182219669615,-8.25757204793528
room_acoustic_data_room_2727.mat,1.9529411764705882,-1.5,23.485559269411844,25.613669466729338,25.65302831532767,-8.267111718378466
room_acoustic_data_room_2728.mat,1.964705882352941,-1.5,23.279638670363635,25.461914975528195,25.45694309908338,-8.245398721620406
room_acoustic_data_room_2729.mat,1.9764705882352942,-1.5,22.92692104090163,25.16089086967356,25.145735681236857,-8.169489498065673
room_acoustic_data_room_2730.mat,1.988235294117647,-1.5,22.85537659453981,25.080467272566768,25.10675565656794,-8.163608357884655
room_acoustic_data_room_2731.mat,2.0,-1.5,23.31987091620682,25.460262675792787,25.569446150764254,-8.315927244879312
room_acoustic_data_room_2732.mat,2.011764705882353,-1.5,23.630471014413775,25.703335796077003,25.89039629573596,-8.406633607123528
room_acoustic_data_room_2733.mat,2.023529411764706,-1.5,23.796472159271644,25.82277701300418,26.07304903957996,-8.447570855778112
room_acoustic_data_room_2734.mat,2.0352941176470587,-1.5,23.849238248640393,25.861623151980492,26.141822494588787,-8.471095784774446
room_acoustic_data_room_2735.mat,2.0470588235294116,-1.5,23.763352285489667,25.78582926578706,26.076595582495283,-8.451934466117539
room_acoustic_data_room_2736.mat,2.0588235294117645,-1.5,23.540480965625243,25.589993648830806,25.87928134401835,-8.391189848338504
room_acoustic_data_room_2737.mat,2.070588235294118,-1.5,23.178341073655105,25.258541360756585,25.553606330070757,-8.284791269686579
room_acoustic_data_room_2738.mat,2.0823529411764707,-1.5,22.845201979044084,24.934286148232886,25.26880247075549,-8.18574814189518
room_acoustic_data_room_2739.mat,2.0941176470588236,-1.5,23.353643005178434,25.351491645683232,25.76625118845897,-8.362033942922015
room_acoustic_data_room_2740.mat,2.1058823529411765,-1.5,23.68717899237735,25.606750695567953,26.116625377248543,-8.455055687073393
room_acoustic_data_room_2741.mat,2.1176470588235294,-1.5,23.882049138032855,25.760943586925286,26.323997148428532,-8.504122334248127
room_acoustic_data_room_2742.mat,2.1294117647058823,-1.5,23.95533169808697,25.836376771061516,26.383817924379116,-8.527618190974906
room_acoustic_data_room_2743.mat,2.1411764705882352,-1.5,23.905220224258468,25.81349480801343,26.309413420674698,-8.524078070068228
room_acoustic_data_room_2744.mat,2.152941176470588,-1.5,23.713484351093307,25.671762420254623,26.09041228409934,-8.47496577069833
room_acoustic_data_room_2745.mat,2.164705882352941,-1.5,23.39222161548953,25.414673025307593,25.74162351146915,-8.391044534699233
room_acoustic_data_room_2746.mat,2.176470588235294,-1.5,22.910304637912297,25.002936585280615,25.253853449488556,-8.23800559056022
room_acoustic_data_room_2747.mat,2.1882352941176473,-1.5,23.37026029850262,25.391279660512293,25.65129219167566,-8.422195788548374
room_acoustic_data_room_2748.mat,2.2,-1.5,23.803190417012587,25.74111184969816,26.06654976987779,-8.59455457436555
room_acoustic_data_room_2749.mat,2.211764705882353,-1.5,24.073307133462606,25.942412452266478,26.324861687676233,-8.698610264253215
room_acoustic_data_room_2750.mat,2.223529411764706,-1.5,24.1989172749302,26.021606474028147,26.450477079168575,-8.75427848412172
room_acoustic_data_room_2751.mat,2.235294117647059,-1.5,24.17838128076214,25.96719612264611,26.428465306451677,-8.76039750622796
room_acoustic_data_room_2752.mat,2.2470588235294118,-1.5,24.01387551943263,25.78139392240817,26.264640443631034,-8.718973888294816
room_acoustic_data_room_2753.mat,2.2588235294117647,-1.5,23.701055880975517,25.46474608719691,25.9781245190128,-8.624627030507316
room_acoustic_data_room_2754.mat,2.2705882352941176,-1.5,23.24021895217392,25.020922917318636,25.552015589924647,-8.474977210944836
room_acoustic_data_room_2755.mat,2.2823529411764705,-1.5,23.445713634970314,25.175193288510695,25.75028956658374,-8.55549380777123
room_acoustic_data_room_2756.mat,2.2941176470588234,-1.5,23.89772904398161,25.546582224890532,26.194357342890736,-8.724565185591448
room_acoustic_data_room_2757.mat,2.3058823529411763,-1.5,24.20693717004105,25.794121121738236,26.51347305782776,-8.844522482149051
room_acoustic_data_room_2758.mat,2.3176470588235296,-1.5,24.3809713421208,25.930076231095057,26.701613126760645,-8.924875122654276
room_acoustic_data_room_2759.mat,2.3294117647058825,-1.5,24.41230299535789,25.967197463454973,26.741100022310714,-8.958635002681337
room_acoustic_data_room_2760.mat,2.3411764705882354,-1.5,24.31626637854313,25.90991931876923,26.648318668262885,-8.960969768197275
room_acoustic_data_room_2761.mat,2.3529411764705883,-1.5,24.087745806388796,25.74472128013629,26.422455067818934,-8.925853335072627
room_acoustic_data_room_2762.mat,2.364705882352941,-1.5,23.709750483703964,25.436263097358637,26.05095265437114,-8.833962492754031
room_acoustic_data_room_2763.mat,2.376470588235294,-1.5,23.74896480915952,25.482461489220082,26.081361914767296,-8.87346862528036
room_acoustic_data_room_2764.mat,2.388235294117647,-1.5,24.23719893470881,25.911320659800836,26.54895711332607,-9.051455596574666
room_acoustic_data_room_2765.mat,2.4,-1.5,24.574575716363668,26.198712075199854,26.87899447387371,-9.170421256875358
room_acoustic_data_room_2766.mat,2.411764705882353,-1.5,24.784344327606014,26.364306098216616,27.09117856048344,-9.255775346675478
room_acoustic_data_room_2767.mat,2.4235294117647057,-1.5,24.865802641394193,26.428303034708563,27.169474129914434,-9.30741700009362
room_acoustic_data_room_2768.mat,2.4352941176470586,-1.5,24.799868575898362,26.38559954191814,27.086880073261177,-9.306057233644866
room_acoustic_data_room_2769.mat,2.447058823529412,-1.5,24.604062994986183,26.24715386780668,26.87345314334285,-9.268361813843052
room_acoustic_data_room_2770.mat,2.458823529411765,-1.5,24.25568123218936,25.961563853953113,26.518332968024318,-9.169581219724348
room_acoustic_data_room_2771.mat,2.4705882352941178,-1.5,24.083973361973612,25.821594738350587,26.334271006920154,-9.115435396341239
room_acoustic_data_room_2772.mat,2.4823529411764707,-1.5,24.591098107823,26.25537296615814,26.808445875901917,-9.279785613970633
room_acoustic_data_room_2773.mat,2.4941176470588236,-1.5,24.966739091271563,26.560694370713506,27.165473226089098,-9.401724996326092
room_acoustic_data_room_2774.mat,2.5058823529411764,-1.5,25.216468065166687,26.767366156954942,27.388627883013363,-9.489382476775086
room_acoustic_data_room_2775.mat,2.5176470588235293,-1.5,25.335077886847767,26.886802429369496,27.469276215170876,-9.538313141004542
room_acoustic_data_room_2776.mat,2.5294117647058822,-1.5,25.322181869777587,26.926858766804234,27.41342027416362,-9.547970393138915
room_acoustic_data_room_2777.mat,2.541176470588235,-1.5,25.15767195130371,26.849373890036226,27.21790099332913,-9.497556394158835
room_acoustic_data_room_2778.mat,2.552941176470588,-1.5,24.852791349034135,26.641301838951215,26.880350182955993,-9.396748236449733
room_acoustic_data_room_2779.mat,2.5647058823529414,-1.5,24.433841157650413,26.315450813229965,26.44798735611554,-9.25466614440718
room_acoustic_data_room_2780.mat,2.5764705882352943,-1.5,25.012333772985475,26.836381402463903,26.933302091417453,-9.453691372624624
room_acoustic_data_room_2781.mat,2.588235294117647,-1.5,25.44772194993355,27.20889723693713,27.310222710832473,-9.595977076556267
room_acoustic_data_room_2782.mat,2.6,-1.5,25.742761319156426,27.45155734983397,27.556347777786062,-9.687627032630527
room_acoustic_data_room_2783.mat,2.611764705882353,-1.5,25.897354612366748,27.573546991905072,27.67715966460002,-9.729876655634529
room_acoustic_data_room_2784.mat,2.623529411764706,-1.5,25.90662153901468,27.579804724309312,27.657083318911802,-9.718137254027777
room_acoustic_data_room_2785.mat,2.635294117647059,-1.5,25.780021789868815,27.478184906826794,27.505945221747496,-9.661741303160952
room_acoustic_data_room_2786.mat,2.6470588235294117,-1.5,25.509004426932567,27.236875618469824,27.237769899022712,-9.551437872843575
room_acoustic_data_room_2787.mat,2.6588235294117646,-1.5,25.07605672533249,26.826972145971833,26.856012800621983,-9.3675921855288
room_acoustic_data_room_2788.mat,2.6705882352941175,-1.5,25.297647214406396,26.925118242706368,27.080005958410048,-9.420457029395271
room_acoustic_data_room_2789.mat,2.6823529411764704,-1.5,25.760373498835868,27.19279849592163,27.54049484149457,-9.547127021253516
room_acoustic_data_room_2790.mat,2.6941176470588237,-1.5,26.08080353157852,27.356475038698935,27.864878224272523,-9.621933687703548
room_acoustic_data_room_2791.mat,2.7058823529411766,-1.5,26.282507640568838,27.43913062187457,28.062025588538354,-9.670215351207833
room_acoustic_data_room_2792.mat,2.7176470588235295,-1.5,26.390612451394887,27.462945673035108,28.158385648758014,-9.717565860084207
room_acoustic_data_room_2793.mat,2.7294117647058824,-1.5,26.360629075990545,27.405619562308154,28.10191263820498,-9.719578572287194
room_acoustic_data_room_2794.mat,2.7411764705882353,-1.5,26.181273341777874,27.26957971259022,27.904818415386462,-9.664763357090159
room_acoustic_data_room_2795.mat,2.7529411764705882,-1.5,25.828764226566072,27.02412975818891,27.566002099322453,-9.528090789895085
room_acoustic_data_room_2796.mat,2.764705882352941,-1.5,25.684899243666596,26.902935496325128,27.443141378162967,-9.450294471370158
room_acoustic_data_room_2797.mat,2.776470588235294,-1.5,26.21335513654147,27.27456203261457,27.939150914914414,-9.589998949034003
room_acoustic_data_room_2798.mat,2.788235294117647,-1.5,26.5531382594849,27.48854478555872,28.24975007381791,-9.633987787267921
room_acoustic_data_room_2799.mat,2.8,-1.5,26.71757696193831,27.58444097266699,28.3912778273007,-9.59861914829212
room_acoustic_data_room_2800.mat,2.8117647058823527,-1.5,26.785292841544305,27.625866220402155,28.407715291937595,-9.566008172512406
room_acoustic_data_room_2801.mat,2.823529411764706,-1.5,26.752835811882946,27.639381508853287,28.296338253569346,-9.538868206371586
room_acoustic_data_room_2802.mat,2.835294117647059,-1.5,26.590964621361923,27.588645452537822,28.041639122483613,-9.497398367938406
room_acoustic_data_room_2803.mat,2.847058823529412,-1.5,26.20427608077357,27.362397552907893,27.56464956301398,-9.356518548797077
room_acoustic_data_room_2804.mat,2.8588235294117648,-1.5,26.83193867579722,28.009234581360847,28.021011773169025,-9.522193809090803
room_acoustic_data_room_2805.mat,2.8705882352941177,-1.5,27.454108080437866,28.65986841075425,28.51406368794247,-9.635483957177213
room_acoustic_data_room_2806.mat,2.8823529411764706,-1.5,27.771340880186145,29.131133557245064,28.765148911982855,-9.574827616547854
room_acoustic_data_room_2807.mat,2.8941176470588235,-1.5,27.790439428432588,29.461165739100736,28.741298681083876,-9.345715701621609
room_acoustic_data_room_2808.mat,2.9058823529411764,-1.5,28.6442404177089,30.469475748002417,29.472503760774266,-9.356950004950095
room_acoustic_data_room_2809.mat,2.9176470588235293,-1.5,29.253662188892157,31.30089722979651,29.92148927702377,-9.251003852975742
room_acoustic_data_room_2810.mat,2.929411764705882,-1.5,29.61500606947574,31.876363006583617,30.193003774415615,-9.027413973196564
room_acoustic_data_room_2811.mat,2.9411764705882355,-1.5,29.834683796827658,32.24353359988904,30.34958217048473,-8.77434719172513
room_acoustic_data_room_2812.mat,2.9529411764705884,-1.5,29.94557938112746,32.41805819819297,30.436159197961032,-8.50654512878362
room_acoustic_data_room_2813.mat,2.9647058823529413,-1.5,29.94546633941208,32.40062033106628,30.46811726597611,-8.20502271898469
room_acoustic_data_room_2814.mat,2.976470588235294,-1.5,29.88269222397269,32.26511995365239,30.472436212450113,-7.903394201310477
room_acoustic_data_room_2815.mat,2.988235294117647,-1.5,29.777739091043376,32.059792077812986,30.46311379094415,-7.6096496700491665
room_acoustic_data_room_2816.mat,3.0,-1.5,29.648046711589405,31.820470009315855,30.44286230805048,-7.330918923478956
room_acoustic_data_room_2817.mat,0.0,4.5,30.343743334241328,32.99490952587941,30.886974920166097,-8.02474790123086
room_acoustic_data_room_2818.mat,0.011764705882352941,4.5,30.551396560852346,33.39436865229828,30.938348106365467,-8.380249261138639
room_acoustic_data_room_2819.mat,0.023529411764705882,4.5,30.751861258677348,33.784322201408266,30.999477613368054,-8.767546895835263
room_acoustic_data_room_2820.mat,0.03529411764705882,4.5,30.93781100103399,34.12352783241429,31.067211828882357,-9.189152285165093
room_acoustic_data_room_2821.mat,0.047058823529411764,4.5,31.074440436835204,34.34031754278214,31.12226788267396,-9.62202943147209
room_acoustic_data_room_2822.mat,0.058823529411764705,4.5,31.13524364695083,34.373272884958716,31.152940676371614,-10.053349766344438
room_acoustic_data_room_2823.mat,0.07058823529411765,4.5,31.047506037323288,34.124097861718376,31.122688553853756,-10.425715328305124
room_acoustic_data_room_2824.mat,0.08235294117647059,4.5,30.696309120258224,33.494760920562534,30.94378785598647,-10.64057753828013
room_acoustic_data_room_2825.mat,0.09411764705882353,4.5,30.10728730332573,32.61655230928275,30.578739115114505,-10.740010171204197
room_acoustic_data_room_2826.mat,0.10588235294117647,4.5,29.29363417895887,31.564431455308004,29.98180630946734,-10.752163605256994
room_acoustic_data_room_2827.mat,0.11764705882352941,4.5,29.15666026665505,31.087328862615884,30.011387553858498,-10.894491369798134
room_acoustic_data_room_2828.mat,0.12941176470588237,4.5,28.855405857230977,30.544292433749163,29.861374671089422,-10.941912499866115
room_acoustic_data_room_2829.mat,0.1411764705882353,4.5,28.271978055133623,29.827569919098234,29.473265638242133,-10.838488627941754
room_acoustic_data_room_2830.mat,0.15294117647058825,4.5,27.386491830869048,28.932894123018407,28.840063759828794,-10.557601500996546
room_acoustic_data_room_2831.mat,0.16470588235294117,4.5,27.71209722555247,28.996838937405908,29.30762217220969,-10.684947565059481
room_acoustic_data_room_2832.mat,0.17647058823529413,4.5,27.89083870578422,29.020108611333274,29.60045324097635,-10.727304582096115
room_acoustic_data_room_2833.mat,0.18823529411764706,4.5,27.909727295750052,28.98840149309943,29.685431417472515,-10.732898509413413
room_acoustic_data_room_2834.mat,0.2,4.5,27.819726115415264,28.956055038516098,29.609586559160938,-10.744809226205533
room_acoustic_data_room_2835.mat,0.21176470588235294,4.5,27.623447334869724,28.911390942452524,29.38075689874344,-10.759355545800284
room_acoustic_data_room_2836.mat,0.2235294117647059,4.5,27.29034649298367,28.712332617479625,28.992803766351123,-10.740816868820986
room_acoustic_data_room_2837.mat,0.23529411764705882,4.5,26.795769582377403,28.342262769591994,28.486187731468004,-10.658342734946391
room_acoustic_data_room_2838.mat,0.24705882352941178,4.5,27.12446114616471,28.616275427636566,28.772860410613074,-10.783387202210097
room_acoustic_data_room_2839.mat,0.25882352941176473,4.5,27.346667566670156,28.78662006567808,28.986928910800845,-10.797812311085597
room_acoustic_data_room_2840.mat,0.27058823529411763,4.5,27.4101186098122,28.834190236089285,29.06056426759791,-10.748878620347487
room_acoustic_data_room_2841.mat,0.2823529411764706,4.5,27.35318581354095,28.817522959560765,29.012612584898903,-10.673301345793435
room_acoustic_data_room_2842.mat,0.29411764705882354,4.5,27.175992218045963,28.72997271769687,28.828586769665094,-10.569230029267601
room_acoustic_data_room_2843.mat,0.3058823529411765,4.5,26.91556894645108,28.592530656626604,28.54535380548152,-10.472275300238925
room_acoustic_data_room_2844.mat,0.3176470588235294,4.5,26.533052023380208,28.339179548841887,28.139576963190493,-10.342451532150436
room_acoustic_data_room_2845.mat,0.32941176470588235,4.5,26.01625816203744,27.934726396303393,27.628676843186163,-10.165620019767058
room_acoustic_data_room_2846.mat,0.3411764705882353,4.5,25.841026364079745,27.779059409173136,27.466201835111267,-10.103888935884772
room_acoustic_data_room_2847.mat,0.35294117647058826,4.5,26.18701720784546,28.03671987328898,27.804450957435737,-10.210178049137859
room_acoustic_data_room_2848.mat,0.36470588235294116,4.5,26.412956305597692,28.179998430602215,28.034298951357375,-10.281963980511435
room_acoustic_data_room_2849.mat,0.3764705882352941,4.5,26.532533339047788,28.2308884228167,28.150861736730267,-10.335398015523198
room_acoustic_data_room_2850.mat,0.38823529411764707,4.5,26.530641905070155,28.20059102049761,28.13094223807991,-10.356543973751446
room_acoustic_data_room_2851.mat,0.4,4.5,26.41808595865426,28.090808475461312,27.98490644612548,-10.356896382894242
room_acoustic_data_room_2852.mat,0.4117647058823529,4.5,26.196171818447603,27.884075257351164,27.732928440471603,-10.338121228029085
room_acoustic_data_room_2853.mat,0.4235294117647059,4.5,25.851811868310477,27.571670688417683,27.3689761317636,-10.28652768700206
room_acoustic_data_room_2854.mat,0.43529411764705883,4.5,25.316277737565716,27.079590454427354,26.86011041996869,-10.130785091777291
room_acoustic_data_room_2855.mat,0.4470588235294118,4.5,25.745049746608977,27.39319280434345,27.24078896712312,-10.297808254810928
room_acoustic_data_room_2856.mat,0.4588235294117647,4.5,26.04407672451856,27.5882146114594,27.540839837675463,-10.392396152112616
room_acoustic_data_room_2857.mat,0.47058823529411764,4.5,26.209413489307238,27.66762366514101,27.728023865050066,-10.443664437880962
room_acoustic_data_room_2858.mat,0.4823529411764706,4.5,26.24973580040459,27.66232753352638,27.79460792269336,-10.462094023695986
room_acoustic_data_room_2859.mat,0.49411764705882355,4.5,26.166239046309524,27.579921910931276,27.742592770980657,-10.449525634707104
room_acoustic_data_room_2860.mat,0.5058823529411764,4.5,25.97002892050757,27.42072137288634,27.572015793994392,-10.416931670903953
room_acoustic_data_room_2861.mat,0.5176470588235295,4.5,25.643647531470158,27.16790816047512,27.28242182799944,-10.34565175492479
room_acoustic_data_room_2862.mat,0.5294117647058824,4.5,25.145753123442034,26.7793685772645,26.8741411376041,-10.191345408219341
room_acoustic_data_room_2863.mat,0.5411764705882353,4.5,25.392252582349208,26.9748778633832,27.13798781057427,-10.294819711842393
room_acoustic_data_room_2864.mat,0.5529411764705883,4.5,25.783465120717736,27.275436049568576,27.540371625911547,-10.43964275723958
room_acoustic_data_room_2865.mat,0.5647058823529412,4.5,26.026603267820217,27.453063195470936,27.830787520288922,-10.5274259130938
room_acoustic_data_room_2866.mat,0.5764705882352941,4.5,26.14740603269715,27.52930990440978,28.004344637612178,-10.585757954667113
room_acoustic_data_room_2867.mat,0.5882352941176471,4.5,26.1485567201506,27.52213304597801,28.04315456223879,-10.618175713872876
room_acoustic_data_room_2868.mat,0.6,4.5,26.022950432093623,27.43129155390025,27.95492296868227,-10.617891576044336
room_acoustic_data_room_2869.mat,0.611764705882353,4.5,25.767054635756118,27.245650728160125,27.742997887383822,-10.580920284342128
room_acoustic_data_room_2870.mat,0.6235294117647059,4.5,25.340262440189672,26.90466497566009,27.385873747860174,-10.464633548297854
room_acoustic_data_room_2871.mat,0.6352941176470588,4.5,25.371966586077342,26.926009270663247,27.447585349507165,-10.495785751124059
room_acoustic_data_room_2872.mat,0.6470588235294118,4.5,25.83414983778383,27.295531961119906,27.915516406879814,-10.672074032604709
room_acoustic_data_room_2873.mat,0.6588235294117647,4.5,26.130230497477534,27.521257388849875,28.243278435502784,-10.774853187328608
room_acoustic_data_room_2874.mat,0.6705882352941176,4.5,26.273046804826127,27.62308152421501,28.432255992475564,-10.819345179479015
room_acoustic_data_room_2875.mat,0.6823529411764706,4.5,26.284070517113705,27.639587917162277,28.486510414218667,-10.827960900481383
room_acoustic_data_room_2876.mat,0.6941176470588235,4.5,26.161491729514044,27.56389657114156,28.395184035129653,-10.79907181194609
room_acoustic_data_room_2877.mat,0.7058823529411765,4.5,25.902335667497578,27.366180814454392,28.1721538682228,-10.72916967700144
room_acoustic_data_room_2878.mat,0.7176470588235294,4.5,25.488926276872007,27.02370788124448,27.804022296574146,-10.598705420062224
room_acoustic_data_room_2879.mat,0.7294117647058823,4.5,25.320004512551844,26.8638665453348,27.666673869487163,-10.554761903751528
room_acoustic_data_room_2880.mat,0.7411764705882353,4.5,25.837327108381743,27.275251430205376,28.16323963371439,-10.760897613712652
room_acoustic_data_room_2881.mat,0.7529411764705882,4.5,26.186921211092177,27.53659608513329,28.51640162414833,-10.892019001789052
room_acoustic_data_room_2882.mat,0.7647058823529411,4.5,26.38909080388062,27.669128049092432,28.7443383355499,-10.971106456395091
room_acoustic_data_room_2883.mat,0.7764705882352941,4.5,26.467911043075283,27.723030645071283,28.83604505348224,-11.023271655470078
room_acoustic_data_room_2884.mat,0.788235294117647,4.5,26.426227755710162,27.695611605381124,28.800928600762315,-11.051530247169099
room_acoustic_data_room_2885.mat,0.8,4.5,26.258837471785142,27.58544354723081,28.628531156817523,-11.050200932479319
room_acoustic_data_room_2886.mat,0.8117647058823529,4.5,25.935517349304344,27.338482129976942,28.3112295676594,-10.987452072780082
room_acoustic_data_room_2887.mat,0.8235294117647058,4.5,25.54916395685057,27.025366073515546,27.954525395744554,-10.876864081726827
room_acoustic_data_room_2888.mat,0.8352941176470589,4.5,26.12758666503676,27.49816785037805,28.470632401498758,-11.12640868487873
room_acoustic_data_room_2889.mat,0.8470588235294118,4.5,26.511874787552433,27.791368737146183,28.82764239126164,-11.273355228459806
room_acoustic_data_room_2890.mat,0.8588235294117647,4.5,26.72742555308784,27.95258139742895,29.03277503916721,-11.346282334435358
room_acoustic_data_room_2891.mat,0.8705882352941177,4.5,26.800592477709195,28.00847626308364,29.095200972057313,-11.372877814991696
room_acoustic_data_room_2892.mat,0.8823529411764706,4.5,26.74082673218601,27.99179633074266,28.99756119604453,-11.362898677342248
room_acoustic_data_room_2893.mat,0.8941176470588236,4.5,26.546861443253846,27.89270450090237,28.761816416713284,-11.314736788457685
room_acoustic_data_room_2894.mat,0.9058823529411765,4.5,26.20452909610991,27.65591842499507,28.39933812860171,-11.2129185846039
room_acoustic_data_room_2895.mat,0.9176470588235294,4.5,25.70063803955599,27.261204706959262,27.90651375327075,-11.041182653837902
room_acoustic_data_room_2896.mat,0.9294117647058824,4.5,26.021177189896143,27.561455674299857,28.172980664186365,-11.127625763152087
room_acoustic_data_room_2897.mat,0.9411764705882353,4.5,26.354718233080014,27.863756339772763,28.471083102316346,-11.20542541110144
room_acoustic_data_room_2898.mat,0.9529411764705882,4.5,26.56258953116993,28.051292201255492,28.647032970318527,-11.251169928003703
room_acoustic_data_room_2899.mat,0.9647058823529412,4.5,26.65175019870828,28.159746107314398,28.70654213382918,-11.2736058745214
room_acoustic_data_room_2900.mat,0.9764705882352941,4.5,26.618938579573722,28.18295022624412,28.63280777447703,-11.270035341651031
room_acoustic_data_room_2901.mat,0.9882352941176471,4.5,26.465612424708333,28.121649188197413,28.430549280069698,-11.241773011636036
room_acoustic_data_room_2902.mat,1.0,4.5,26.19414710288852,27.960435636695845,28.117557977706618,-11.190201358079966
room_acoustic_data_room_2903.mat,1.011764705882353,4.5,25.767984060478845,27.642181844614488,27.674758476376432,-11.07621368741917
room_acoustic_data_room_2904.mat,1.0235294117647058,4.5,25.882407095578692,27.77305513817039,27.749737272880143,-11.124973355433209
room_acoustic_data_room_2905.mat,1.035294117647059,4.5,26.27811904558586,28.10882787366557,28.12507572459929,-11.24387686041577
room_acoustic_data_room_2906.mat,1.0470588235294118,4.5,26.472888887714223,28.253674859575987,28.329971908939488,-11.254439066121849
room_acoustic_data_room_2907.mat,1.0588235294117647,4.5,26.518343189447442,28.26651946941108,28.40384662563077,-11.210597036573027
room_acoustic_data_room_2908.mat,1.0705882352941176,4.5,26.44299139374237,28.18456825285466,28.35387007330324,-11.141735946588593
room_acoustic_data_room_2909.mat,1.0823529411764705,4.5,26.247712689342727,28.017917743454714,28.178444943895688,-11.048797556799016
room_acoustic_data_room_2910.mat,1.0941176470588236,4.5,25.921555226464307,27.74396016465877,27.86574432270628,-10.920107299478602
room_acoustic_data_room_2911.mat,1.1058823529411765,4.5,25.45193795441529,27.33260036979601,27.435154380076664,-10.74098946216953
room_acoustic_data_room_2912.mat,1.1176470588235294,4.5,25.275747356494115,27.158008852564222,27.295224217206705,-10.655561603147577
room_acoustic_data_room_2913.mat,1.1294117647058823,4.5,25.69316170050189,27.4875046089588,27.7201870421996,-10.772803291309188
room_acoustic_data_room_2914.mat,1.1411764705882352,4.5,25.987080396871217,27.700557721975404,28.019389785977747,-10.858366537580618
room_acoustic_data_room_2915.mat,1.1529411764705881,4.5,26.14597865498105,27.801946364702577,28.18787129661796,-10.903559495145117
room_acoustic_data_room_2916.mat,1.1647058823529413,4.5,26.18699133154955,27.819077060293417,28.22695346549978,-10.926706417130045
room_acoustic_data_room_2917.mat,1.1764705882352942,4.5,26.10422457190615,27.764867897918503,28.12520871841738,-10.922154554050872
room_acoustic_data_room_2918.mat,1.188235294117647,4.5,25.892040131852916,27.615941532509417,27.890902231153476,-10.88374409507486
room_acoustic_data_room_2919.mat,1.2,4.5,25.520931703031764,27.319665711426936,27.51681219060535,-10.780228778141147
room_acoustic_data_room_2920.mat,1.2117647058823529,4.5,25.174008412656164,27.01231320564395,27.196506933862338,-10.669915737577472
room_acoustic_data_room_2921.mat,1.223529411764706,4.5,25.695796848005013,27.449796175853262,27.67291274768393,-10.868005205970645
room_acoustic_data_room_2922.mat,1.2352941176470589,4.5,26.030485553337364,27.713813892319912,27.980857774452808,-10.970112568085382
room_acoustic_data_room_2923.mat,1.2470588235294118,4.5,26.20019399285164,27.82713992888764,28.139116154008764,-11.001698153308412
room_acoustic_data_room_2924.mat,1.2588235294117647,4.5,26.23663763109346,27.84442510164396,28.167769058354377,-10.995978947599754
room_acoustic_data_room_2925.mat,1.2705882352941176,4.5,26.138330316232153,27.787357486512914,28.0487214381135,-10.951871443005363
room_acoustic_data_room_2926.mat,1.2823529411764707,4.5,25.903538065811176,27.631580656498258,27.79642295450016,-10.867271290587563
room_acoustic_data_room_2927.mat,1.2941176470588236,4.5,25.51306270779563,27.342825288617792,27.408873636179003,-10.721515141809125
room_acoustic_data_room_2928.mat,1.3058823529411765,4.5,24.959640256278853,26.894865533784582,26.89514632387233,-10.504033419788952
room_acoustic_data_room_2929.mat,1.3176470588235294,4.5,25.39742526365984,27.273105620539916,27.280186657019577,-10.639897626386855
room_acoustic_data_room_2930.mat,1.3294117647058823,4.5,25.774155008463858,27.56431307705368,27.63228058919626,-10.761257599477903
room_acoustic_data_room_2931.mat,1.3411764705882352,4.5,26.028677079834313,27.754408244166697,27.88225480976294,-10.854600651899808
room_acoustic_data_room_2932.mat,1.3529411764705883,4.5,26.147381945564987,27.85982452954886,28.0064935662943,-10.908158669818427
room_acoustic_data_room_2933.mat,1.3647058823529412,4.5,26.125171742761736,27.87178320514988,27.987890053309844,-10.917415850018752
room_acoustic_data_room_2934.mat,1.3764705882352941,4.5,25.955869628477934,27.78324861792697,27.811442699758548,-10.875967143588825
room_acoustic_data_room_2935.mat,1.388235294117647,4.5,25.62708433665883,27.570236622629757,27.48093587637834,-10.770193453994812
room_acoustic_data_room_2936.mat,1.4,4.5,25.135831233709705,27.209737455640916,27.001483384025676,-10.594184763920962
room_acoustic_data_room_2937.mat,1.411764705882353,4.5,25.415730529180824,27.462292461266614,27.24019914683138,-10.719694118240596
room_acoustic_data_room_2938.mat,1.423529411764706,4.5,25.870193808348635,27.815190435465812,27.645535689023188,-10.897527469909647
room_acoustic_data_room_2939.mat,1.4352941176470588,4.5,26.164877468506013,28.017842822311742,27.920435548180706,-11.009448592859217
room_acoustic_data_room_2940.mat,1.4470588235294117,4.5,26.304525077733093,28.10022968329188,28.04719317435154,-11.062443928115208
room_acoustic_data_room_2941.mat,1.4588235294117646,4.5,26.310180597008657,28.098308976185223,28.039305310625686,-11.078362281476682
room_acoustic_data_room_2942.mat,1.4705882352941178,4.5,26.177019706707924,27.99751422305028,27.90216389110478,-11.052298808563739
room_acoustic_data_room_2943.mat,1.4823529411764707,4.5,25.894158890026766,27.77218222057572,27.626186902724648,-10.972342671264046
room_acoustic_data_room_2944.mat,1.4941176470588236,4.5,25.459905807497552,27.41064693841111,27.214780028979586,-10.834193999927233
room_acoustic_data_room_2945.mat,1.5058823529411764,4.5,25.46666156378447,27.395400199949023,27.236342666955483,-10.840949766810652
room_acoustic_data_room_2946.mat,1.5176470588235293,4.5,25.94516545898938,27.749336199022313,27.71913480212218,-11.023349301358643
room_acoustic_data_room_2947.mat,1.5294117647058822,4.5,26.265813048702213,27.955628934314714,28.06767397268256,-11.141092262107538
room_acoustic_data_room_2948.mat,1.5411764705882354,4.5,26.430604554811545,28.054192897617494,28.267598042504538,-11.198786401070137
room_acoustic_data_room_2949.mat,1.5529411764705883,4.5,26.46359590375528,28.074960218219893,28.320671239044888,-11.221514966008609
room_acoustic_data_room_2950.mat,1.5647058823529412,4.5,26.370581817693587,28.021888232147933,28.242566709282286,-11.215153203830205
room_acoustic_data_room_2951.mat,1.576470588235294,4.5,26.12498158688899,27.845860066954728,28.00354096783975,-11.152315559845306
room_acoustic_data_room_2952.mat,1.588235294117647,4.5,25.69783009423388,27.504416872938762,27.60092872200753,-11.001794043716917
room_acoustic_data_room_2953.mat,1.6,4.5,25.44104686507466,27.290096028845117,27.353916656394933,-10.899400776217764
room_acoustic_data_room_2954.mat,1.611764705882353,4.5,25.918085586896893,27.65639129705565,27.78507748665656,-11.061195137469682
room_acoustic_data_room_2955.mat,1.6235294117647059,4.5,26.240323332776498,27.877174692305964,28.095286796192923,-11.160421332426754
room_acoustic_data_room_2956.mat,1.6352941176470588,4.5,26.433007322399128,28.007108547626956,28.307024988986544,-11.2252519645955
room_acoustic_data_room_2957.mat,1.6470588235294117,4.5,26.489937614109024,28.052577225595265,28.388362340149634,-11.250714922935
room_acoustic_data_room_2958.mat,1.6588235294117648,4.5,26.41255233900498,28.002111151899488,28.329268691245378,-11.238476544493688
room_acoustic_data_room_2959.mat,1.6705882352941177,4.5,26.18739685474814,27.836235071373206,28.12542919028102,-11.174500126957536
room_acoustic_data_room_2960.mat,1.6823529411764706,4.5,25.798447497003707,27.51909436530891,27.76523128740707,-11.040920587061176
room_acoustic_data_room_2961.mat,1.6941176470588235,4.5,25.32276484421871,27.116830876315095,27.347603612352653,-10.867158751067036
room_acoustic_data_room_2962.mat,1.7058823529411764,4.5,25.875524314313722,27.567516162333487,27.887165391497113,-11.083977543179815
room_acoustic_data_room_2963.mat,1.7176470588235293,4.5,26.27070777610152,27.87296277924426,28.297274992496504,-11.234441844645644
room_acoustic_data_room_2964.mat,1.7294117647058824,4.5,26.508289746336267,28.051104954779614,28.566548399553078,-11.321831763362995
room_acoustic_data_room_2965.mat,1.7411764705882353,4.5,26.598174239662036,28.134925470001733,28.678732333515534,-11.357516490685388
room_acoustic_data_room_2966.mat,1.7529411764705882,4.5,26.568984238279498,28.145007660483557,28.650521689914747,-11.37048937525144
room_acoustic_data_room_2967.mat,1.7647058823529411,4.5,26.40604980883559,28.068037791996513,28.467900593043222,-11.345677839356611
room_acoustic_data_room_2968.mat,1.776470588235294,4.5,26.08715795879722,27.845479139007686,28.146870914860287,-11.259367368186016
room_acoustic_data_room_2969.mat,1.7882352941176471,4.5,25.592238694178654,27.453697161838328,27.67621874713406,-11.088147101560944
room_acoustic_data_room_2970.mat,1.8,4.5,25.968123969400732,27.74903838032971,28.036171902574033,-11.227422137146355
room_acoustic_data_room_2971.mat,1.811764705882353,4.5,26.3743360708014,28.05734946662175,28.444362723353834,-11.366041162173566
room_acoustic_data_room_2972.mat,1.8235294117647058,4.5,26.612228531869118,28.247382011366263,28.70480189660363,-11.430159672411689
room_acoustic_data_room_2973.mat,1.8352941176470587,4.5,26.699103975585384,28.316591476926313,28.825556356045592,-11.438820244757082
room_acoustic_data_room_2974.mat,1.8470588235294119,4.5,26.645626786343975,28.279149539284557,28.797484608558204,-11.403208830142734
room_acoustic_data_room_2975.mat,1.8588235294117648,4.5,26.45720026095017,28.13905860175881,28.62269122770803,-11.328487619546477
room_acoustic_data_room_2976.mat,1.8705882352941177,4.5,26.117502586158796,27.870248297564054,28.302715365439216,-11.197145402171966
room_acoustic_data_room_2977.mat,1.8823529411764706,4.5,25.601324554225275,27.43595527051896,27.824279065125115,-10.981140025142427
room_acoustic_data_room_2978.mat,1.8941176470588235,4.5,25.706040608584534,27.499933296966056,27.94259220768943,-10.995093314269731
room_acoustic_data_room_2979.mat,1.9058823529411764,4.5,26.134530005708953,27.812880580442503,28.383404256805164,-11.133083277118779
room_acoustic_data_room_2980.mat,1.9176470588235295,4.5,26.408532403085843,27.98929101458374,28.673563770883316,-11.209618459909736
room_acoustic_data_room_2981.mat,1.9294117647058824,4.5,26.54186822558192,28.06884617515,28.807607204937376,-11.240613949449292
room_acoustic_data_room_2982.mat,1.9411764705882353,4.5,26.549288424973128,28.060946875025486,28.806630562343855,-11.241543415321956
room_acoustic_data_room_2983.mat,1.9529411764705882,4.5,26.431753657542963,27.94142810555609,28.67925475721008,-11.213304941233872
room_acoustic_data_room_2984.mat,1.964705882352941,4.5,26.159428876016534,27.70102541444318,28.399492647740047,-11.125187746864334
room_acoustic_data_room_2985.mat,1.9764705882352942,4.5,25.717680923722988,27.311228930284017,27.966074452394896,-10.960248177670701
room_acoustic_data_room_2986.mat,1.988235294117647,4.5,25.611065941978968,27.190320735656094,27.8667287603659,-10.919296472582609
room_acoustic_data_room_2987.mat,2.0,4.5,26.146295789234806,27.58048289410163,28.369227982674023,-11.142350884391272
room_acoustic_data_room_2988.mat,2.011764705882353,4.5,26.4960596798596,27.82270694475183,28.706813153212835,-11.272221029346598
room_acoustic_data_room_2989.mat,2.023529411764706,4.5,26.674588046449202,27.92957924786133,28.881983508314065,-11.325685480247802
room_acoustic_data_room_2990.mat,2.0352941176470587,4.5,26.70054352663353,27.920628641387975,28.8929042853041,-11.322399769929634
room_acoustic_data_room_2991.mat,2.0470588235294116,4.5,26.5695557281235,27.810443221325734,28.754318339083078,-11.258136574448262
room_acoustic_data_room_2992.mat,2.0588235294117645,4.5,26.2905023202202,27.6045390015493,28.487869312197983,-11.141209815401181
room_acoustic_data_room_2993.mat,2.070588235294118,4.5,25.833204262219734,27.243355548389573,28.076656903768015,-10.93965300548269
room_acoustic_data_room_2994.mat,2.0823529411764707,4.5,25.386406611374227,26.862950168890492,27.665603120778357,-10.726951233264971
room_acoustic_data_room_2995.mat,2.0941176470588236,4.5,25.891263951094693,27.29300003099811,28.12097438027112,-10.899653301354249
room_acoustic_data_room_2996.mat,2.1058823529411765,4.5,26.233066235204625,27.566282831184044,28.411446895343154,-11.000941282921367
room_acoustic_data_room_2997.mat,2.1176470588235294,4.5,26.420847809433113,27.724216146028393,28.56587841114296,-11.042919285322334
room_acoustic_data_room_2998.mat,2.1294117647058823,4.5,26.492111239007645,27.786235845587825,28.602589046914204,-11.064395923403739
room_acoustic_data_room_2999.mat,2.1411764705882352,4.5,26.43857660688881,27.755739807044215,28.527610488500713,-11.057432540533972
room_acoustic_data_room_3000.mat,2.152941176470588,4.5,26.252241270658768,27.637039977266614,28.32899039946662,-11.013720658794186
room_acoustic_data_room_3001.mat,2.164705882352941,4.5,25.886678132333074,27.363627374729603,27.96428042383177,-10.885498885608126
room_acoustic_data_room_3002.mat,2.176470588235294,4.5,25.305944969487935,26.901487136533873,27.449046307830592,-10.633643607370225
room_acoustic_data_room_3003.mat,2.1882352941176473,4.5,25.754282296048963,27.294155595973702,27.875438554922912,-10.806215366765366
room_acoustic_data_room_3004.mat,2.2,4.5,26.14801931629764,27.627576779558495,28.27382629804747,-10.939380925651836
room_acoustic_data_room_3005.mat,2.211764705882353,4.5,26.36975461468195,27.807667361657188,28.51439809728772,-10.995055055544224
room_acoustic_data_room_3006.mat,2.223529411764706,4.5,26.43268069891084,27.850236777467433,28.595602262880814,-10.98803906278147
room_acoustic_data_room_3007.mat,2.235294117647059,4.5,26.368822798273328,27.824262328668013,28.5395081319731,-10.950836009866647
room_acoustic_data_room_3008.mat,2.2470588235294118,4.5,26.143572928362016,27.672057637673333,28.315216371610692,-10.848668103061227
room_acoustic_data_room_3009.mat,2.2588235294117647,4.5,25.760371186084953,27.375019201284786,27.945939094562483,-10.683938952093992
room_acoustic_data_room_3010.mat,2.2705882352941176,4.5,25.20742354903684,26.911614579966102,27.432310703984353,-10.442178229181698
room_acoustic_data_room_3011.mat,2.2823529411764705,4.5,25.36437558964051,27.051566823008347,27.580275003854474,-10.4741520628062
room_acoustic_data_room_3012.mat,2.2941176470588234,4.5,25.771794607874607,27.39363844599183,27.96456801114843,-10.598626888766153
room_acoustic_data_room_3013.mat,2.3058823529411763,4.5,26.027027602313034,27.594588699529503,28.209558238454036,-10.664608884101677
room_acoustic_data_room_3014.mat,2.3176470588235296,4.5,26.136033093024157,27.678372618310256,28.32434777919844,-10.679932642117773
room_acoustic_data_room_3015.mat,2.3294117647058825,4.5,26.135323573143996,27.685750077958634,28.327984256619118,-10.681651045664855
room_acoustic_data_room_3016.mat,2.3411764705882354,4.5,25.99761270921659,27.595385777202264,28.207317499713305,-10.642310959326037
room_acoustic_data_room_3017.mat,2.3529411764705883,4.5,25.696832828427937,27.371251103097094,27.929100844142557,-10.534933788887283
room_acoustic_data_room_3018.mat,2.364705882352941,4.5,25.219053264327552,26.99311023050783,27.49634479037237,-10.34325517685759
room_acoustic_data_room_3019.mat,2.376470588235294,4.5,25.21680624834164,27.00453409038522,27.49577387787209,-10.341299962038022
room_acoustic_data_room_3020.mat,2.388235294117647,4.5,25.729347712413873,27.450187691470823,27.96136097608814,-10.543584681724177
room_acoustic_data_room_3021.mat,2.4,4.5,26.06433131749624,27.73528325814036,28.285738994980946,-10.660134505444416
room_acoustic_data_room_3022.mat,2.411764705882353,4.5,26.22447643925961,27.857955898415113,28.458419340816246,-10.695815726228739
room_acoustic_data_room_3023.mat,2.4235294117647057,4.5,26.23424950622801,27.86796512230998,28.477436139586413,-10.675672477471638
room_acoustic_data_room_3024.mat,2.4352941176470586,4.5,26.095734279013172,27.78320745311609,28.345065941195003,-10.601544974546389
room_acoustic_data_room_3025.mat,2.447058823529412,4.5,25.810787778057737,27.576518842273963,28.07690198498458,-10.474384853944244
room_acoustic_data_room_3026.mat,2.458823529411765,4.5,25.371667671540372,27.220162163927853,27.66523308026446,-10.284346470569794
room_acoustic_data_room_3027.mat,2.4705882352941178,4.5,25.148483475688966,27.026804644875206,27.445297220691106,-10.180535274874547
room_acoustic_data_room_3028.mat,2.4823529411764707,4.5,25.70047852190333,27.491437675691234,27.94540379508495,-10.389627239871208
room_acoustic_data_room_3029.mat,2.4941176470588236,4.5,26.083458935002042,27.81853541835618,28.294533882039204,-10.51859781573599
room_acoustic_data_room_3030.mat,2.5058823529411764,4.5,26.32624733090968,28.029223438001818,28.511789934345945,-10.59881636372226
room_acoustic_data_room_3031.mat,2.5176470588235293,4.5,26.42346126996054,28.1359997576134,28.588795765059256,-10.625698293240387
room_acoustic_data_room_3032.mat,2.5294117647058822,4.5,26.393135270831976,28.147092435564854,28.538495032132584,-10.61720225921557
room_acoustic_data_room_3033.mat,2.541176470588235,4.5,26.240950151431992,28.060597727013405,28.36202191307804,-10.57843510475671
room_acoustic_data_room_3034.mat,2.552941176470588,4.5,25.955946890754422,27.873876577263047,28.06481491024835,-10.496977435138957
room_acoustic_data_room_3035.mat,2.5647058823529414,4.5,25.482108585922614,27.508838200597317,27.602917325396,-10.308418217340442
room_acoustic_data_room_3036.mat,2.5764705882352943,4.5,26.084008480525966,28.012198789922756,28.121511209831077,-10.529088449540634
room_acoustic_data_room_3037.mat,2.588235294117647,4.5,26.528885627201532,28.371339191136613,28.49699804807214,-10.679093335606431
room_acoustic_data_room_3038.mat,2.6,4.5,26.821833302228036,28.58333237395059,28.748670090742564,-10.766813986646802
room_acoustic_data_room_3039.mat,2.611764705882353,4.5,26.977494735594476,28.69155701645913,28.868681784980975,-10.807980240913713
room_acoustic_data_room_3040.mat,2.623529411764706,4.5,27.00463161304252,28.705997661284783,28.858121194512847,-10.811242240534998
room_acoustic_data_room_3041.mat,2.635294117647059,4.5,26.910557451429383,28.632417167615692,28.747151946517956,-10.783280781470804
room_acoustic_data_room_3042.mat,2.6470588235294117,4.5,26.6818081088202,28.446375779656712,28.520721929322512,-10.709393021096867
room_acoustic_data_room_3043.mat,2.6588235294117646,4.5,26.29836379522789,28.11146764114245,28.176902199433588,-10.566945946180201
room_acoustic_data_room_3044.mat,2.6705882352941175,4.5,26.48688191739186,28.21951764573739,28.33536827655407,-10.62998681878904
room_acoustic_data_room_3045.mat,2.6823529411764704,4.5,27.011544953966848,28.584869492661802,28.828325466013798,-10.815235587997847
room_acoustic_data_room_3046.mat,2.6941176470588237,4.5,27.40183575566132,28.826582134692465,29.206919214756837,-10.953683839103958
room_acoustic_data_room_3047.mat,2.7058823529411766,4.5,27.679371157327125,28.96855386369033,29.47682953667927,-11.068607567523422
room_acoustic_data_room_3048.mat,2.7176470588235295,4.5,27.839268195319864,29.02683976555263,29.64655186548004,-11.155875583948644
room_acoustic_data_room_3049.mat,2.7294117647058824,4.5,27.875358421672622,29.01717293872221,29.670400416164732,-11.210312626773637
room_acoustic_data_room_3050.mat,2.7411764705882353,4.5,27.7431169037979,28.88262077321607,29.51081679677436,-11.188960579355104
room_acoustic_data_room_3051.mat,2.7529411764705882,4.5,27.450017752494368,28.615913225038028,29.202656955561768,-11.100724350911426
room_acoustic_data_room_3052.mat,2.764705882352941,4.5,27.124735790563307,28.287888139034578,28.892749628620816,-10.994407771017826
room_acoustic_data_room_3053.mat,2.776470588235294,4.5,27.812116570900805,28.636449994580957,29.443802040414738,-11.272142367675809
room_acoustic_data_room_3054.mat,2.788235294117647,4.5,28.285680415005203,28.77148143081969,29.817771734387048,-11.431887245348753
room_acoustic_data_room_3055.mat,2.8,4.5,28.567315285087567,28.762311971101614,29.999671766718055,-11.502181063769122
room_acoustic_data_room_3056.mat,2.8117647058823527,4.5,28.681762181249503,28.642113767286503,29.985104922159124,-11.513709929657121
room_acoustic_data_room_3057.mat,2.823529411764706,4.5,28.652565283473898,28.497187367197824,29.813862499684596,-11.497070033010594
room_acoustic_data_room_3058.mat,2.835294117647059,4.5,28.398665106560973,28.32984587440144,29.476701743124885,-11.379509639803164
room_acoustic_data_room_3059.mat,2.847058823529412,4.5,28.0100181772007,28.198753374611712,29.05073146583853,-11.177118753250976
room_acoustic_data_room_3060.mat,2.8588235294117648,4.5,28.98956785382525,28.892868002428102,29.735899784934134,-11.550203167733745
room_acoustic_data_room_3061.mat,2.8705882352941177,4.5,29.61970021598375,29.49790384265952,30.21453439395627,-11.700612756708065
room_acoustic_data_room_3062.mat,2.8823529411764706,4.5,29.92585340144665,30.033078942683005,30.43971672134149,-11.659346891129294
room_acoustic_data_room_3063.mat,2.8941176470588235,4.5,30.085736108678617,30.606152502889937,30.503676656699778,-11.547191206055942
room_acoustic_data_room_3064.mat,2.9058823529411764,4.5,31.16307584047118,31.79948574356856,31.31577375342673,-11.800447770770436
room_acoustic_data_room_3065.mat,2.9176470588235293,4.5,32.03816435551574,32.87875129840139,31.956906913787506,-11.987595847618945
room_acoustic_data_room_3066.mat,2.929411764705882,4.5,32.6178586599627,33.75092347612383,32.37407416516343,-12.000889384567541
room_acoustic_data_room_3067.mat,2.9411764705882355,4.5,32.9312776191327,34.32779977961015,32.62978245913667,-11.853425862592832
room_acoustic_data_room_3068.mat,2.9529411764705884,4.5,33.03278174502296,34.62175715085641,32.77747685454601,-11.583517598861544
room_acoustic_data_room_3069.mat,2.9647058823529413,4.5,32.968132866714114,34.653682599525816,32.84366195904723,-11.221797924402955
room_acoustic_data_room_3070.mat,2.976470588235294,4.5,32.805884403802736,34.48650896917187,32.863578610499175,-10.82322255803919
room_acoustic_data_room_3071.mat,2.988235294117647,4.5,32.60461555925056,34.21302030944462,32.86578691332012,-10.434613678837083
room_acoustic_data_room_3072.mat,3.0,4.5,32.37485019746658,33.888148561510256,32.84725453857735,-10.056636857064616
room_acoustic_data_room_3073.mat,-2.0,0.0,35.1635817805889,41.49153733338309,36.31516808378261,0.0
room_acoustic_data_room_3074.mat,-2.0,0.011764705882352941,35.1635817805889,41.49153733338309,36.31516808378261,0.0
room_acoustic_data_room_3075.mat,-2.0,0.023529411764705882,35.1635817805889,41.49153733338309,36.31516808378261,0.0
room_acoustic_data_room_3076.mat,-2.0,0.03529411764705882,35.1635817805889,41.49153733338309,36.31516808378261,0.0
room_acoustic_data_room_3077.mat,-2.0,0.047058823529411764,35.1635817805889,41.49153733338309,36.31516808378261,0.0
room_acoustic_data_room_3078.mat,-2.0,0.058823529411764705,35.1635817805889,41.49153733338309,36.31516808378261,0.0
room_acoustic_data_room_3079.mat,-2.0,0.07058823529411765,35.1635817805889,41.49153733338309,36.31516808378261,0.0
room_acoustic_data_room_3080.mat,-2.0,0.08235294117647059,35.1635817805889,41.49153733338309,36.31516808378261,0.0
room_acoustic_data_room_3081.mat,-2.0,0.09411764705882353,35.1635817805889,41.49153733338309,36.31516808378261,0.0
room_acoustic_data_room_3082.mat,-2.0,0.10588235294117647,35.1635817805889,41.49153733338309,36.31516808378261,0.0
room_acoustic_data_room_3083.mat,-2.0,0.11764705882352941,35.1635817805889,41.49153733338309,36.31516808378261,0.0
room_acoustic_data_room_3084.mat,-2.0,0.12941176470588237,35.1635817805889,41.49153733338309,36.31516808378261,0.0
room_acoustic_data_room_3085.mat,-2.0,0.1411764705882353,35.1635817805889,41.49153733338309,36.31516808378261,0.0
room_acoustic_data_room_3086.mat,-2.0,0.15294117647058825,35.1635817805889,41.49153733338309,36.31516808378261,0.0
room_acoustic_data_room_3087.mat,-2.0,0.16470588235294117,35.1635817805889,41.49153733338309,36.31516808378261,0.0
room_acoustic_data_room_3088.mat,-2.0,0.17647058823529413,35.1635817805889,41.49153733338309,36.31516808378261,0.0
room_acoustic_data_room_3089.mat,-2.0,0.18823529411764706,35.1635817805889,41.49153733338309,36.31516808378261,0.0
room_acoustic_data_room_3090.mat,-2.0,0.2,35.1635817805889,41.49153733338309,36.31516808378261,0.0
room_acoustic_data_room_3091.mat,-2.0,0.21176470588235294,35.1635817805889,41.49153733338309,36.31516808378261,0.0
room_acoustic_data_room_3092.mat,-2.0,0.2235294117647059,35.1635817805889,41.49153733338309,36.31516808378261,0.0
room_acoustic_data_room_3093.mat,-2.0,0.23529411764705882,35.1635817805889,41.49153733338309,36.31516808378261,0.0
room_acoustic_data_room_3094.mat,-2.0,0.24705882352941178,35.1635817805889,41.49153733338309,36.31516808378261,0.0
room_acoustic_data_room_3095.mat,-2.0,0.25882352941176473,35.1635817805889,41.49153733338309,36.31516808378261,0.0
room_acoustic_data_room_3096.mat,-2.0,0.27058823529411763,35.1635817805889,41.49153733338309,36.31516808378261,0.0
room_acoustic_data_room_3097.mat,-2.0,0.2823529411764706,35.1635817805889,41.49153733338309,36.31516808378261,0.0
room_acoustic_data_room_3098.mat,-2.0,0.29411764705882354,35.1635817805889,41.49153733338309,36.31516808378261,0.0
room_acoustic_data_room_3099.mat,-2.0,0.3058823529411765,35.1635817805889,41.49153733338309,36.31516808378261,0.0
room_acoustic_data_room_3100.mat,-2.0,0.3176470588235294,35.1635817805889,41.49153733338309,36.31516808378261,0.0
room_acoustic_data_room_3101.mat,-2.0,0.32941176470588235,35.1635817805889,41.49153733338309,36.31516808378261,0.0
room_acoustic_data_room_3102.mat,-2.0,0.3411764705882353,35.1635817805889,41.49153733338309,36.31516808378261,0.0
room_acoustic_data_room_3103.mat,-2.0,0.35294117647058826,35.1635817805889,41.49153733338309,36.31516808378261,0.0
room_acoustic_data_room_3104.mat,-2.0,0.36470588235294116,35.1635817805889,41.49153733338309,36.31516808378261,0.0
room_acoustic_data_room_3105.mat,-2.0,0.3764705882352941,35.1635817805889,41.49153733338309,36.31516808378261,0.0
room_acoustic_data_room_3106.mat,-2.0,0.38823529411764707,35.1635817805889,41.49153733338309,36.31516808378261,0.0
room_acoustic_data_room_3107.mat,-2.0,0.4,35.1635817805889,41.49153733338309,36.31516808378261,0.0
room_acoustic_data_room_3108.mat,-2.0,0.4117647058823529,35.1635817805889,41.49153733338309,36.31516808378261,0.0
room_acoustic_data_room_3109.mat,-2.0,0.4235294117647059,35.1635817805889,41.49153733338309,36.31516808378261,0.0
room_acoustic_data_room_3110.mat,-2.0,0.43529411764705883,35.1635817805889,41.49153733338309,36.31516808378261,0.0
room_acoustic_data_room_3111.mat,-2.0,0.4470588235294118,35.1635817805889,41.49153733338309,36.31516808378261,0.0
room_acoustic_data_room_3112.mat,-2.0,0.4588235294117647,35.1635817805889,41.49153733338309,36.31516808378261,0.0
room_acoustic_data_room_3113.mat,-2.0,0.47058823529411764,35.1635817805889,41.49153733338309,36.31516808378261,0.0
room_acoustic_data_room_3114.mat,-2.0,0.4823529411764706,35.1635817805889,41.49153733338309,36.31516808378261,0.0
room_acoustic_data_room_3115.mat,-2.0,0.49411764705882355,35.1635817805889,41.49153733338309,36.31516808378261,0.0
room_acoustic_data_room_3116.mat,-2.0,0.5058823529411764,35.1635817805889,41.49153733338309,36.31516808378261,0.0
room_acoustic_data_room_3117.mat,-2.0,0.5176470588235295,35.1635817805889,41.49153733338309,36.31516808378261,0.0
room_acoustic_data_room_3118.mat,-2.0,0.5294117647058824,35.1635817805889,41.49153733338309,36.31516808378261,0.0
room_acoustic_data_room_3119.mat,-2.0,0.5411764705882353,35.1635817805889,41.49153733338309,36.31516808378261,0.0
room_acoustic_data_room_3120.mat,-2.0,0.5529411764705883,35.1635817805889,41.49153733338309,36.31516808378261,0.0
room_acoustic_data_room_3121.mat,-2.0,0.5647058823529412,35.1635817805889,41.49153733338309,36.31516808378261,0.0
room_acoustic_data_room_3122.mat,-2.0,0.5764705882352941,35.1635817805889,41.49153733338309,36.31516808378261,0.0
room_acoustic_data_room_3123.mat,-2.0,0.5882352941176471,35.1635817805889,41.49153733338309,36.31516808378261,0.0
room_acoustic_data_room_3124.mat,-2.0,0.6,35.1635817805889,41.49153733338309,36.31516808378261,0.0
room_acoustic_data_room_3125.mat,-2.0,0.611764705882353,35.1635817805889,41.49153733338309,36.31516808378261,0.0
room_acoustic_data_room_3126.mat,-2.0,0.6235294117647059,35.1635817805889,41.49153733338309,36.31516808378261,0.0
room_acoustic_data_room_3127.mat,-2.0,0.6352941176470588,35.1635817805889,41.49153733338309,36.31516808378261,0.0
room_acoustic_data_room_3128.mat,-2.0,0.6470588235294118,35.1635817805889,41.49153733338309,36.31516808378261,0.0
room_acoustic_data_room_3129.mat,-2.0,0.6588235294117647,35.1635817805889,41.49153733338309,36.31516808378261,0.0
room_acoustic_data_room_3130.mat,-2.0,0.6705882352941176,35.1635817805889,41.49153733338309,36.31516808378261,0.0
room_acoustic_data_room_3131.mat,-2.0,0.6823529411764706,35.1635817805889,41.49153733338309,36.31516808378261,0.0
room_acoustic_data_room_3132.mat,-2.0,0.6941176470588235,35.1635817805889,41.49153733338309,36.31516808378261,0.0
room_acoustic_data_room_3133.mat,-2.0,0.7058823529411765,35.1635817805889,41.49153733338309,36.31516808378261,0.0
room_acoustic_data_room_3134.mat,-2.0,0.7176470588235294,35.1635817805889,41.49153733338309,36.31516808378261,0.0
room_acoustic_data_room_3135.mat,-2.0,0.7294117647058823,35.1635817805889,41.49153733338309,36.31516808378261,0.0
room_acoustic_data_room_3136.mat,-2.0,0.7411764705882353,35.1635817805889,41.49153733338309,36.31516808378261,0.0
room_acoustic_data_room_3137.mat,-2.0,0.7529411764705882,35.1635817805889,41.49153733338309,36.31516808378261,0.0
room_acoustic_data_room_3138.mat,-2.0,0.7647058823529411,35.1635817805889,41.49153733338309,36.31516808378261,0.0
room_acoustic_data_room_3139.mat,-2.0,0.7764705882352941,35.1635817805889,41.49153733338309,36.31516808378261,0.0
room_acoustic_data_room_3140.mat,-2.0,0.788235294117647,35.1635817805889,41.49153733338309,36.31516808378261,0.0
room_acoustic_data_room_3141.mat,-2.0,0.8,35.1635817805889,41.49153733338309,36.31516808378261,0.0
room_acoustic_data_room_3142.mat,-2.0,0.8117647058823529,35.1635817805889,41.49153733338309,36.31516808378261,0.0
room_acoustic_data_room_3143.mat,-2.0,0.8235294117647058,35.1635817805889,41.49153733338309,36.31516808378261,0.0
room_acoustic_data_room_3144.mat,-2.0,0.8352941176470589,35.1635817805889,41.49153733338309,36.31516808378261,0.0
room_acoustic_data_room_3145.mat,-2.0,0.8470588235294118,35.1635817805889,41.49153733338309,36.31516808378261,0.0
room_acoustic_data_room_3146.mat,-2.0,0.8588235294117647,35.1635817805889,41.49153733338309,36.31516808378261,0.0
room_acoustic_data_room_3147.mat,-2.0,0.8705882352941177,35.1635817805889,41.49153733338309,36.31516808378261,0.0
room_acoustic_data_room_3148.mat,-2.0,0.8823529411764706,35.1635817805889,41.49153733338309,36.31516808378261,0.0
room_acoustic_data_room_3149.mat,-2.0,0.8941176470588236,35.1635817805889,41.49153733338309,36.31516808378261,0.0
room_acoustic_data_room_3150.mat,-2.0,0.9058823529411765,35.1635817805889,41.49153733338309,36.31516808378261,0.0
room_acoustic_data_room_3151.mat,-2.0,0.9176470588235294,35.1635817805889,41.49153733338309,36.31516808378261,0.0
room_acoustic_data_room_3152.mat,-2.0,0.9294117647058824,35.1635817805889,41.49153733338309,36.31516808378261,0.0
room_acoustic_data_room_3153.mat,-2.0,0.9411764705882353,35.1635817805889,41.49153733338309,36.31516808378261,0.0
room_acoustic_data_room_3154.mat,-2.0,0.9529411764705882,35.1635817805889,41.49153733338309,36.31516808378261,0.0
room_acoustic_data_room_3155.mat,-2.0,0.9647058823529412,35.1635817805889,41.49153733338309,36.31516808378261,0.0
room_acoustic_data_room_3156.mat,-2.0,0.9764705882352941,35.1635817805889,41.49153733338309,36.31516808378261,0.0
room_acoustic_data_room_3157.mat,-2.0,0.9882352941176471,35.1635817805889,41.49153733338309,36.31516808378261,0.0
room_acoustic_data_room_3158.mat,-2.0,1.0,35.1635817805889,41.49153733338309,36.31516808378261,0.0
room_acoustic_data_room_3159.mat,-2.0,1.011764705882353,35.1635817805889,41.49153733338309,36.31516808378261,0.0
room_acoustic_data_room_3160.mat,-2.0,1.0235294117647058,35.1635817805889,41.49153733338309,36.31516808378261,0.0
room_acoustic_data_room_3161.mat,-2.0,1.035294117647059,35.1635817805889,41.49153733338309,36.31516808378261,0.0
room_acoustic_data_room_3162.mat,-2.0,1.0470588235294118,35.1635817805889,41.49153733338309,36.31516808378261,0.0
room_acoustic_data_room_3163.mat,-2.0,1.0588235294117647,35.1635817805889,41.49153733338309,36.31516808378261,0.0
room_acoustic_data_room_3164.mat,-2.0,1.0705882352941176,35.1635817805889,41.49153733338309,36.31516808378261,0.0
room_acoustic_data_room_3165.mat,-2.0,1.0823529411764705,35.1635817805889,41.49153733338309,36.31516808378261,0.0
room_acoustic_data_room_3166.mat,-2.0,1.0941176470588236,35.1635817805889,41.49153733338309,36.31516808378261,0.0
room_acoustic_data_room_3167.mat,-2.0,1.1058823529411765,35.1635817805889,41.49153733338309,36.31516808378261,0.0
room_acoustic_data_room_3168.mat,-2.0,1.1176470588235294,35.1635817805889,41.49153733338309,36.31516808378261,0.0
room_acoustic_data_room_3169.mat,-2.0,1.1294117647058823,35.1635817805889,41.49153733338309,36.31516808378261,0.0
room_acoustic_data_room_3170.mat,-2.0,1.1411764705882352,35.1635817805889,41.49153733338309,36.31516808378261,0.0
room_acoustic_data_room_3171.mat,-2.0,1.1529411764705881,35.1635817805889,41.49153733338309,36.31516808378261,0.0
room_acoustic_data_room_3172.mat,-2.0,1.1647058823529413,35.1635817805889,41.49153733338309,36.31516808378261,0.0
room_acoustic_data_room_3173.mat,-2.0,1.1764705882352942,35.1635817805889,41.49153733338309,36.31516808378261,0.0
room_acoustic_data_room_3174.mat,-2.0,1.188235294117647,35.1635817805889,41.49153733338309,36.31516808378261,0.0
room_acoustic_data_room_3175.mat,-2.0,1.2,35.1635817805889,41.49153733338309,36.31516808378261,0.0
room_acoustic_data_room_3176.mat,-2.0,1.2117647058823529,35.1635817805889,41.49153733338309,36.31516808378261,0.0
room_acoustic_data_room_3177.mat,-2.0,1.223529411764706,35.1635817805889,41.49153733338309,36.31516808378261,0.0
room_acoustic_data_room_3178.mat,-2.0,1.2352941176470589,35.1635817805889,41.49153733338309,36.31516808378261,0.0
room_acoustic_data_room_3179.mat,-2.0,1.2470588235294118,35.1635817805889,41.49153733338309,36.31516808378261,0.0
room_acoustic_data_room_3180.mat,-2.0,1.2588235294117647,35.1635817805889,41.49153733338309,36.31516808378261,0.0
room_acoustic_data_room_3181.mat,-2.0,1.2705882352941176,35.1635817805889,41.49153733338309,36.31516808378261,0.0
room_acoustic_data_room_3182.mat,-2.0,1.2823529411764707,35.1635817805889,41.49153733338309,36.31516808378261,0.0
room_acoustic_data_room_3183.mat,-2.0,1.2941176470588236,35.1635817805889,41.49153733338309,36.31516808378261,0.0
room_acoustic_data_room_3184.mat,-2.0,1.3058823529411765,35.1635817805889,41.49153733338309,36.31516808378261,0.0
room_acoustic_data_room_3185.mat,-2.0,1.3176470588235294,35.1635817805889,41.49153733338309,36.31516808378261,0.0
room_acoustic_data_room_3186.mat,-2.0,1.3294117647058823,35.1635817805889,41.49153733338309,36.31516808378261,0.0
room_acoustic_data_room_3187.mat,-2.0,1.3411764705882352,35.1635817805889,41.49153733338309,36.31516808378261,0.0
room_acoustic_data_room_3188.mat,-2.0,1.3529411764705883,35.1635817805889,41.49153733338309,36.31516808378261,0.0
room_acoustic_data_room_3189.mat,-2.0,1.3647058823529412,35.1635817805889,41.49153733338309,36.31516808378261,0.0
room_acoustic_data_room_3190.mat,-2.0,1.3764705882352941,35.1635817805889,41.49153733338309,36.31516808378261,0.0
room_acoustic_data_room_3191.mat,-2.0,1.388235294117647,35.1635817805889,41.49153733338309,36.31516808378261,0.0
room_acoustic_data_room_3192.mat,-2.0,1.4,35.1635817805889,41.49153733338309,36.31516808378261,0.0
room_acoustic_data_room_3193.mat,-2.0,1.411764705882353,35.1635817805889,41.49153733338309,36.31516808378261,0.0
room_acoustic_data_room_3194.mat,-2.0,1.423529411764706,35.1635817805889,41.49153733338309,36.31516808378261,0.0
room_acoustic_data_room_3195.mat,-2.0,1.4352941176470588,35.1635817805889,41.49153733338309,36.31516808378261,0.0
room_acoustic_data_room_3196.mat,-2.0,1.4470588235294117,35.1635817805889,41.49153733338309,36.31516808378261,0.0
room_acoustic_data_room_3197.mat,-2.0,1.4588235294117646,35.1635817805889,41.49153733338309,36.31516808378261,0.0
room_acoustic_data_room_3198.mat,-2.0,1.4705882352941178,35.1635817805889,41.49153733338309,36.31516808378261,0.0
room_acoustic_data_room_3199.mat,-2.0,1.4823529411764707,35.1635817805889,41.49153733338309,36.31516808378261,0.0
room_acoustic_data_room_3200.mat,-2.0,1.4941176470588236,35.1635817805889,41.49153733338309,36.31516808378261,0.0
room_acoustic_data_room_3201.mat,-2.0,1.5058823529411764,35.1635817805889,41.49153733338309,36.31516808378261,0.0
room_acoustic_data_room_3202.mat,-2.0,1.5176470588235293,35.1635817805889,41.49153733338309,36.31516808378261,0.0
room_acoustic_data_room_3203.mat,-2.0,1.5294117647058822,35.1635817805889,41.49153733338309,36.31516808378261,0.0
room_acoustic_data_room_3204.mat,-2.0,1.5411764705882354,35.1635817805889,41.49153733338309,36.31516808378261,0.0
room_acoustic_data_room_3205.mat,-2.0,1.5529411764705883,35.1635817805889,41.49153733338309,36.31516808378261,0.0
room_acoustic_data_room_3206.mat,-2.0,1.5647058823529412,35.1635817805889,41.49153733338309,36.31516808378261,0.0
room_acoustic_data_room_3207.mat,-2.0,1.576470588235294,35.1635817805889,41.49153733338309,36.31516808378261,0.0
room_acoustic_data_room_3208.mat,-2.0,1.588235294117647,35.1635817805889,41.49153733338309,36.31516808378261,0.0
room_acoustic_data_room_3209.mat,-2.0,1.6,35.1635817805889,41.49153733338309,36.31516808378261,0.0
room_acoustic_data_room_3210.mat,-2.0,1.611764705882353,35.1635817805889,41.49153733338309,36.31516808378261,0.0
room_acoustic_data_room_3211.mat,-2.0,1.6235294117647059,35.1635817805889,41.49153733338309,36.31516808378261,0.0
room_acoustic_data_room_3212.mat,-2.0,1.6352941176470588,35.1635817805889,41.49153733338309,36.31516808378261,0.0
room_acoustic_data_room_3213.mat,-2.0,1.6470588235294117,35.1635817805889,41.49153733338309,36.31516808378261,0.0
room_acoustic_data_room_3214.mat,-2.0,1.6588235294117648,35.1635817805889,41.49153733338309,36.31516808378261,0.0
room_acoustic_data_room_3215.mat,-2.0,1.6705882352941177,35.1635817805889,41.49153733338309,36.31516808378261,0.0
room_acoustic_data_room_3216.mat,-2.0,1.6823529411764706,35.1635817805889,41.49153733338309,36.31516808378261,0.0
room_acoustic_data_room_3217.mat,-2.0,1.6941176470588235,35.1635817805889,41.49153733338309,36.31516808378261,0.0
room_acoustic_data_room_3218.mat,-2.0,1.7058823529411764,35.1635817805889,41.49153733338309,36.31516808378261,0.0
room_acoustic_data_room_3219.mat,-2.0,1.7176470588235293,35.1635817805889,41.49153733338309,36.31516808378261,0.0
room_acoustic_data_room_3220.mat,-2.0,1.7294117647058824,35.1635817805889,41.49153733338309,36.31516808378261,0.0
room_acoustic_data_room_3221.mat,-2.0,1.7411764705882353,35.1635817805889,41.49153733338309,36.31516808378261,0.0
room_acoustic_data_room_3222.mat,-2.0,1.7529411764705882,35.1635817805889,41.49153733338309,36.31516808378261,0.0
room_acoustic_data_room_3223.mat,-2.0,1.7647058823529411,35.1635817805889,41.49153733338309,36.31516808378261,0.0
room_acoustic_data_room_3224.mat,-2.0,1.776470588235294,35.1635817805889,41.49153733338309,36.31516808378261,0.0
room_acoustic_data_room_3225.mat,-2.0,1.7882352941176471,35.1635817805889,41.49153733338309,36.31516808378261,0.0
room_acoustic_data_room_3226.mat,-2.0,1.8,35.1635817805889,41.49153733338309,36.31516808378261,0.0
room_acoustic_data_room_3227.mat,-2.0,1.811764705882353,35.1635817805889,41.49153733338309,36.31516808378261,0.0
room_acoustic_data_room_3228.mat,-2.0,1.8235294117647058,35.1635817805889,41.49153733338309,36.31516808378261,0.0
room_acoustic_data_room_3229.mat,-2.0,1.8352941176470587,35.1635817805889,41.49153733338309,36.31516808378261,0.0
room_acoustic_data_room_3230.mat,-2.0,1.8470588235294119,35.1635817805889,41.49153733338309,36.31516808378261,0.0
room_acoustic_data_room_3231.mat,-2.0,1.8588235294117648,35.1635817805889,41.49153733338309,36.31516808378261,0.0
room_acoustic_data_room_3232.mat,-2.0,1.8705882352941177,35.1635817805889,41.49153733338309,36.31516808378261,0.0
room_acoustic_data_room_3233.mat,-2.0,1.8823529411764706,35.1635817805889,41.49153733338309,36.31516808378261,0.0
room_acoustic_data_room_3234.mat,-2.0,1.8941176470588235,35.1635817805889,41.49153733338309,36.31516808378261,0.0
room_acoustic_data_room_3235.mat,-2.0,1.9058823529411764,35.1635817805889,41.49153733338309,36.31516808378261,0.0
room_acoustic_data_room_3236.mat,-2.0,1.9176470588235295,35.1635817805889,41.49153733338309,36.31516808378261,0.0
room_acoustic_data_room_3237.mat,-2.0,1.9294117647058824,35.1635817805889,41.49153733338309,36.31516808378261,0.0
room_acoustic_data_room_3238.mat,-2.0,1.9411764705882353,35.1635817805889,41.49153733338309,36.31516808378261,0.0
room_acoustic_data_room_3239.mat,-2.0,1.9529411764705882,35.1635817805889,41.49153733338309,36.31516808378261,0.0
room_acoustic_data_room_3240.mat,-2.0,1.964705882352941,35.1635817805889,41.49153733338309,36.31516808378261,0.0
room_acoustic_data_room_3241.mat,-2.0,1.9764705882352942,35.1635817805889,41.49153733338309,36.31516808378261,0.0
room_acoustic_data_room_3242.mat,-2.0,1.988235294117647,35.1635817805889,41.49153733338309,36.31516808378261,0.0
room_acoustic_data_room_3243.mat,-2.0,2.0,35.1635817805889,41.49153733338309,36.31516808378261,0.0
room_acoustic_data_room_3244.mat,-2.0,2.011764705882353,35.1635817805889,41.49153733338309,36.31516808378261,0.0
room_acoustic_data_room_3245.mat,-2.0,2.023529411764706,35.1635817805889,41.49153733338309,36.31516808378261,0.0
room_acoustic_data_room_3246.mat,-2.0,2.0352941176470587,35.1635817805889,41.49153733338309,36.31516808378261,0.0
room_acoustic_data_room_3247.mat,-2.0,2.0470588235294116,35.1635817805889,41.49153733338309,36.31516808378261,0.0
room_acoustic_data_room_3248.mat,-2.0,2.0588235294117645,35.1635817805889,41.49153733338309,36.31516808378261,0.0
room_acoustic_data_room_3249.mat,-2.0,2.070588235294118,35.1635817805889,41.49153733338309,36.31516808378261,0.0
room_acoustic_data_room_3250.mat,-2.0,2.0823529411764707,35.1635817805889,41.49153733338309,36.31516808378261,0.0
room_acoustic_data_room_3251.mat,-2.0,2.0941176470588236,35.1635817805889,41.49153733338309,36.31516808378261,0.0
room_acoustic_data_room_3252.mat,-2.0,2.1058823529411765,35.1635817805889,41.49153733338309,36.31516808378261,0.0
room_acoustic_data_room_3253.mat,-2.0,2.1176470588235294,35.1635817805889,41.49153733338309,36.31516808378261,0.0
room_acoustic_data_room_3254.mat,-2.0,2.1294117647058823,35.1635817805889,41.49153733338309,36.31516808378261,0.0
room_acoustic_data_room_3255.mat,-2.0,2.1411764705882352,35.1635817805889,41.49153733338309,36.31516808378261,0.0
room_acoustic_data_room_3256.mat,-2.0,2.152941176470588,35.1635817805889,41.49153733338309,36.31516808378261,0.0
room_acoustic_data_room_3257.mat,-2.0,2.164705882352941,35.1635817805889,41.49153733338309,36.31516808378261,0.0
room_acoustic_data_room_3258.mat,-2.0,2.176470588235294,35.1635817805889,41.49153733338309,36.31516808378261,0.0
room_acoustic_data_room_3259.mat,-2.0,2.1882352941176473,35.1635817805889,41.49153733338309,36.31516808378261,0.0
room_acoustic_data_room_3260.mat,-2.0,2.2,35.1635817805889,41.49153733338309,36.31516808378261,0.0
room_acoustic_data_room_3261.mat,-2.0,2.211764705882353,35.1635817805889,41.49153733338309,36.31516808378261,0.0
room_acoustic_data_room_3262.mat,-2.0,2.223529411764706,35.1635817805889,41.49153733338309,36.31516808378261,0.0
room_acoustic_data_room_3263.mat,-2.0,2.235294117647059,35.1635817805889,41.49153733338309,36.31516808378261,0.0
room_acoustic_data_room_3264.mat,-2.0,2.2470588235294118,35.1635817805889,41.49153733338309,36.31516808378261,0.0
room_acoustic_data_room_3265.mat,-2.0,2.2588235294117647,35.1635817805889,41.49153733338309,36.31516808378261,0.0
room_acoustic_data_room_3266.mat,-2.0,2.2705882352941176,35.1635817805889,41.49153733338309,36.31516808378261,0.0
room_acoustic_data_room_3267.mat,-2.0,2.2823529411764705,35.1635817805889,41.49153733338309,36.31516808378261,0.0
room_acoustic_data_room_3268.mat,-2.0,2.2941176470588234,35.1635817805889,41.49153733338309,36.31516808378261,0.0
room_acoustic_data_room_3269.mat,-2.0,2.3058823529411763,35.1635817805889,41.49153733338309,36.31516808378261,0.0
room_acoustic_data_room_3270.mat,-2.0,2.3176470588235296,35.1635817805889,41.49153733338309,36.31516808378261,0.0
room_acoustic_data_room_3271.mat,-2.0,2.3294117647058825,35.1635817805889,41.49153733338309,36.31516808378261,0.0
room_acoustic_data_room_3272.mat,-2.0,2.3411764705882354,35.1635817805889,41.49153733338309,36.31516808378261,0.0
room_acoustic_data_room_3273.mat,-2.0,2.3529411764705883,35.1635817805889,41.49153733338309,36.31516808378261,0.0
room_acoustic_data_room_3274.mat,-2.0,2.364705882352941,35.1635817805889,41.49153733338309,36.31516808378261,0.0
room_acoustic_data_room_3275.mat,-2.0,2.376470588235294,35.1635817805889,41.49153733338309,36.31516808378261,0.0
room_acoustic_data_room_3276.mat,-2.0,2.388235294117647,35.1635817805889,41.49153733338309,36.31516808378261,0.0
room_acoustic_data_room_3277.mat,-2.0,2.4,35.1635817805889,41.49153733338309,36.31516808378261,0.0
room_acoustic_data_room_3278.mat,-2.0,2.411764705882353,35.1635817805889,41.49153733338309,36.31516808378261,0.0
room_acoustic_data_room_3279.mat,-2.0,2.4235294117647057,35.1635817805889,41.49153733338309,36.31516808378261,0.0
room_acoustic_data_room_3280.mat,-2.0,2.4352941176470586,35.1635817805889,41.49153733338309,36.31516808378261,0.0
room_acoustic_data_room_3281.mat,-2.0,2.447058823529412,35.1635817805889,41.49153733338309,36.31516808378261,0.0
room_acoustic_data_room_3282.mat,-2.0,2.458823529411765,35.1635817805889,41.49153733338309,36.31516808378261,0.0
room_acoustic_data_room_3283.mat,-2.0,2.4705882352941178,35.1635817805889,41.49153733338309,36.31516808378261,0.0
room_acoustic_data_room_3284.mat,-2.0,2.4823529411764707,35.1635817805889,41.49153733338309,36.31516808378261,0.0
room_acoustic_data_room_3285.mat,-2.0,2.4941176470588236,35.1635817805889,41.49153733338309,36.31516808378261,0.0
room_acoustic_data_room_3286.mat,-2.0,2.5058823529411764,35.1635817805889,41.49153733338309,36.31516808378261,0.0
room_acoustic_data_room_3287.mat,-2.0,2.5176470588235293,35.1635817805889,41.49153733338309,36.31516808378261,0.0
room_acoustic_data_room_3288.mat,-2.0,2.5294117647058822,35.1635817805889,41.49153733338309,36.31516808378261,0.0
room_acoustic_data_room_3289.mat,-2.0,2.541176470588235,35.1635817805889,41.49153733338309,36.31516808378261,0.0
room_acoustic_data_room_3290.mat,-2.0,2.552941176470588,35.1635817805889,41.49153733338309,36.31516808378261,0.0
room_acoustic_data_room_3291.mat,-2.0,2.5647058823529414,35.1635817805889,41.49153733338309,36.31516808378261,0.0
room_acoustic_data_room_3292.mat,-2.0,2.5764705882352943,35.1635817805889,41.49153733338309,36.31516808378261,0.0
room_acoustic_data_room_3293.mat,-2.0,2.588235294117647,35.1635817805889,41.49153733338309,36.31516808378261,0.0
room_acoustic_data_room_3294.mat,-2.0,2.6,35.1635817805889,41.49153733338309,36.31516808378261,0.0
room_acoustic_data_room_3295.mat,-2.0,2.611764705882353,35.1635817805889,41.49153733338309,36.31516808378261,0.0
room_acoustic_data_room_3296.mat,-2.0,2.623529411764706,35.1635817805889,41.49153733338309,36.31516808378261,0.0
room_acoustic_data_room_3297.mat,-2.0,2.635294117647059,35.1635817805889,41.49153733338309,36.31516808378261,0.0
room_acoustic_data_room_3298.mat,-2.0,2.6470588235294117,35.1635817805889,41.49153733338309,36.31516808378261,0.0
room_acoustic_data_room_3299.mat,-2.0,2.6588235294117646,35.1635817805889,41.49153733338309,36.31516808378261,0.0
room_acoustic_data_room_3300.mat,-2.0,2.6705882352941175,35.1635817805889,41.49153733338309,36.31516808378261,0.0
room_acoustic_data_room_3301.mat,-2.0,2.6823529411764704,35.1635817805889,41.49153733338309,36.31516808378261,0.0
room_acoustic_data_room_3302.mat,-2.0,2.6941176470588237,35.1635817805889,41.49153733338309,36.31516808378261,0.0
room_acoustic_data_room_3303.mat,-2.0,2.7058823529411766,35.1635817805889,41.49153733338309,36.31516808378261,0.0
room_acoustic_data_room_3304.mat,-2.0,2.7176470588235295,35.1635817805889,41.49153733338309,36.31516808378261,0.0
room_acoustic_data_room_3305.mat,-2.0,2.7294117647058824,35.1635817805889,41.49153733338309,36.31516808378261,0.0
room_acoustic_data_room_3306.mat,-2.0,2.7411764705882353,35.1635817805889,41.49153733338309,36.31516808378261,0.0
room_acoustic_data_room_3307.mat,-2.0,2.7529411764705882,35.1635817805889,41.49153733338309,36.31516808378261,0.0
room_acoustic_data_room_3308.mat,-2.0,2.764705882352941,35.1635817805889,41.49153733338309,36.31516808378261,0.0
room_acoustic_data_room_3309.mat,-2.0,2.776470588235294,35.1635817805889,41.49153733338309,36.31516808378261,0.0
room_acoustic_data_room_3310.mat,-2.0,2.788235294117647,35.1635817805889,41.49153733338309,36.31516808378261,0.0
room_acoustic_data_room_3311.mat,-2.0,2.8,35.1635817805889,41.49153733338309,36.31516808378261,0.0
room_acoustic_data_room_3312.mat,-2.0,2.8117647058823527,35.1635817805889,41.49153733338309,36.31516808378261,0.0
room_acoustic_data_room_3313.mat,-2.0,2.823529411764706,35.1635817805889,41.49153733338309,36.31516808378261,0.0
room_acoustic_data_room_3314.mat,-2.0,2.835294117647059,35.1635817805889,41.49153733338309,36.31516808378261,0.0
room_acoustic_data_room_3315.mat,-2.0,2.847058823529412,35.1635817805889,41.49153733338309,36.31516808378261,0.0
room_acoustic_data_room_3316.mat,-2.0,2.8588235294117648,35.1635817805889,41.49153733338309,36.31516808378261,0.0
room_acoustic_data_room_3317.mat,-2.0,2.8705882352941177,35.1635817805889,41.49153733338309,36.31516808378261,0.0
room_acoustic_data_room_3318.mat,-2.0,2.8823529411764706,35.1635817805889,41.49153733338309,36.31516808378261,0.0
room_acoustic_data_room_3319.mat,-2.0,2.8941176470588235,35.1635817805889,41.49153733338309,36.31516808378261,0.0
room_acoustic_data_room_3320.mat,-2.0,2.9058823529411764,35.1635817805889,41.49153733338309,36.31516808378261,0.0
room_acoustic_data_room_3321.mat,-2.0,2.9176470588235293,35.1635817805889,41.49153733338309,36.31516808378261,0.0
room_acoustic_data_room_3322.mat,-2.0,2.929411764705882,35.1635817805889,41.49153733338309,36.31516808378261,0.0
room_acoustic_data_room_3323.mat,-2.0,2.9411764705882355,35.1635817805889,41.49153733338309,36.31516808378261,0.0
room_acoustic_data_room_3324.mat,-2.0,2.9529411764705884,35.1635817805889,41.49153733338309,36.31516808378261,0.0
room_acoustic_data_room_3325.mat,-2.0,2.9647058823529413,35.1635817805889,41.49153733338309,36.31516808378261,0.0
room_acoustic_data_room_3326.mat,-2.0,2.976470588235294,35.1635817805889,41.49153733338309,36.31516808378261,0.0
room_acoustic_data_room_3327.mat,-2.0,2.988235294117647,35.1635817805889,41.49153733338309,36.31516808378261,0.0
room_acoustic_data_room_3328.mat,-2.0,3.0,35.1635817805889,41.49153733338309,36.31516808378261,0.0
room_acoustic_data_room_3329.mat,5.0,0.0,35.1635817805889,41.49153733338309,36.31516808378261,0.0
room_acoustic_data_room_3330.mat,5.0,0.011764705882352941,35.1635817805889,41.49153733338309,36.31516808378261,0.0
room_acoustic_data_room_3331.mat,5.0,0.023529411764705882,35.1635817805889,41.49153733338309,36.31516808378261,0.0
room_acoustic_data_room_3332.mat,5.0,0.03529411764705882,35.1635817805889,41.49153733338309,36.31516808378261,0.0
room_acoustic_data_room_3333.mat,5.0,0.047058823529411764,35.1635817805889,41.49153733338309,36.31516808378261,0.0
room_acoustic_data_room_3334.mat,5.0,0.058823529411764705,35.1635817805889,41.49153733338309,36.31516808378261,0.0
room_acoustic_data_room_3335.mat,5.0,0.07058823529411765,35.1635817805889,41.49153733338309,36.31516808378261,0.0
room_acoustic_data_room_3336.mat,5.0,0.08235294117647059,35.1635817805889,41.49153733338309,36.31516808378261,0.0
room_acoustic_data_room_3337.mat,5.0,0.09411764705882353,35.1635817805889,41.49153733338309,36.31516808378261,0.0
room_acoustic_data_room_3338.mat,5.0,0.10588235294117647,35.1635817805889,41.49153733338309,36.31516808378261,0.0
room_acoustic_data_room_3339.mat,5.0,0.11764705882352941,35.1635817805889,41.49153733338309,36.31516808378261,0.0
room_acoustic_data_room_3340.mat,5.0,0.12941176470588237,35.1635817805889,41.49153733338309,36.31516808378261,0.0
room_acoustic_data_room_3341.mat,5.0,0.1411764705882353,35.1635817805889,41.49153733338309,36.31516808378261,0.0
room_acoustic_data_room_3342.mat,5.0,0.15294117647058825,35.1635817805889,41.49153733338309,36.31516808378261,0.0
room_acoustic_data_room_3343.mat,5.0,0.16470588235294117,35.1635817805889,41.49153733338309,36.31516808378261,0.0
room_acoustic_data_room_3344.mat,5.0,0.17647058823529413,35.1635817805889,41.49153733338309,36.31516808378261,0.0
room_acoustic_data_room_3345.mat,5.0,0.18823529411764706,35.1635817805889,41.49153733338309,36.31516808378261,0.0
room_acoustic_data_room_3346.mat,5.0,0.2,35.1635817805889,41.49153733338309,36.31516808378261,0.0
room_acoustic_data_room_3347.mat,5.0,0.21176470588235294,35.1635817805889,41.49153733338309,36.31516808378261,0.0
room_acoustic_data_room_3348.mat,5.0,0.2235294117647059,35.1635817805889,41.49153733338309,36.31516808378261,0.0
room_acoustic_data_room_3349.mat,5.0,0.23529411764705882,35.1635817805889,41.49153733338309,36.31516808378261,0.0
room_acoustic_data_room_3350.mat,5.0,0.24705882352941178,35.1635817805889,41.49153733338309,36.31516808378261,0.0
room_acoustic_data_room_3351.mat,5.0,0.25882352941176473,35.1635817805889,41.49153733338309,36.31516808378261,0.0
room_acoustic_data_room_3352.mat,5.0,0.27058823529411763,35.1635817805889,41.49153733338309,36.31516808378261,0.0
room_acoustic_data_room_3353.mat,5.0,0.2823529411764706,35.1635817805889,41.49153733338309,36.31516808378261,0.0
room_acoustic_data_room_3354.mat,5.0,0.29411764705882354,35.1635817805889,41.49153733338309,36.31516808378261,0.0
room_acoustic_data_room_3355.mat,5.0,0.3058823529411765,35.1635817805889,41.49153733338309,36.31516808378261,0.0
room_acoustic_data_room_3356.mat,5.0,0.3176470588235294,35.1635817805889,41.49153733338309,36.31516808378261,0.0
room_acoustic_data_room_3357.mat,5.0,0.32941176470588235,35.1635817805889,41.49153733338309,36.31516808378261,0.0
room_acoustic_data_room_3358.mat,5.0,0.3411764705882353,35.1635817805889,41.49153733338309,36.31516808378261,0.0
room_acoustic_data_room_3359.mat,5.0,0.35294117647058826,35.1635817805889,41.49153733338309,36.31516808378261,0.0
room_acoustic_data_room_3360.mat,5.0,0.36470588235294116,35.1635817805889,41.49153733338309,36.31516808378261,0.0
room_acoustic_data_room_3361.mat,5.0,0.3764705882352941,35.1635817805889,41.49153733338309,36.31516808378261,0.0
room_acoustic_data_room_3362.mat,5.0,0.38823529411764707,35.1635817805889,41.49153733338309,36.31516808378261,0.0
room_acoustic_data_room_3363.mat,5.0,0.4,35.1635817805889,41.49153733338309,36.31516808378261,0.0
room_acoustic_data_room_3364.mat,5.0,0.4117647058823529,35.1635817805889,41.49153733338309,36.31516808378261,0.0
room_acoustic_data_room_3365.mat,5.0,0.4235294117647059,35.1635817805889,41.49153733338309,36.31516808378261,0.0
room_acoustic_data_room_3366.mat,5.0,0.43529411764705883,35.1635817805889,41.49153733338309,36.31516808378261,0.0
room_acoustic_data_room_3367.mat,5.0,0.4470588235294118,35.1635817805889,41.49153733338309,36.31516808378261,0.0
room_acoustic_data_room_3368.mat,5.0,0.4588235294117647,35.1635817805889,41.49153733338309,36.31516808378261,0.0
room_acoustic_data_room_3369.mat,5.0,0.47058823529411764,35.1635817805889,41.49153733338309,36.31516808378261,0.0
room_acoustic_data_room_3370.mat,5.0,0.4823529411764706,35.1635817805889,41.49153733338309,36.31516808378261,0.0
room_acoustic_data_room_3371.mat,5.0,0.49411764705882355,35.1635817805889,41.49153733338309,36.31516808378261,0.0
room_acoustic_data_room_3372.mat,5.0,0.5058823529411764,35.1635817805889,41.49153733338309,36.31516808378261,0.0
room_acoustic_data_room_3373.mat,5.0,0.5176470588235295,35.1635817805889,41.49153733338309,36.31516808378261,0.0
room_acoustic_data_room_3374.mat,5.0,0.5294117647058824,35.1635817805889,41.49153733338309,36.31516808378261,0.0
room_acoustic_data_room_3375.mat,5.0,0.5411764705882353,35.1635817805889,41.49153733338309,36.31516808378261,0.0
room_acoustic_data_room_3376.mat,5.0,0.5529411764705883,35.1635817805889,41.49153733338309,36.31516808378261,0.0
room_acoustic_data_room_3377.mat,5.0,0.5647058823529412,35.1635817805889,41.49153733338309,36.31516808378261,0.0
room_acoustic_data_room_3378.mat,5.0,0.5764705882352941,35.1635817805889,41.49153733338309,36.31516808378261,0.0
room_acoustic_data_room_3379.mat,5.0,0.5882352941176471,35.1635817805889,41.49153733338309,36.31516808378261,0.0
room_acoustic_data_room_3380.mat,5.0,0.6,35.1635817805889,41.49153733338309,36.31516808378261,0.0
room_acoustic_data_room_3381.mat,5.0,0.611764705882353,35.1635817805889,41.49153733338309,36.31516808378261,0.0
room_acoustic_data_room_3382.mat,5.0,0.6235294117647059,35.1635817805889,41.49153733338309,36.31516808378261,0.0
room_acoustic_data_room_3383.mat,5.0,0.6352941176470588,35.1635817805889,41.49153733338309,36.31516808378261,0.0
room_acoustic_data_room_3384.mat,5.0,0.6470588235294118,35.1635817805889,41.49153733338309,36.31516808378261,0.0
room_acoustic_data_room_3385.mat,5.0,0.6588235294117647,35.1635817805889,41.49153733338309,36.31516808378261,0.0
room_acoustic_data_room_3386.mat,5.0,0.6705882352941176,35.1635817805889,41.49153733338309,36.31516808378261,0.0
room_acoustic_data_room_3387.mat,5.0,0.6823529411764706,35.1635817805889,41.49153733338309,36.31516808378261,0.0
room_acoustic_data_room_3388.mat,5.0,0.6941176470588235,35.1635817805889,41.49153733338309,36.31516808378261,0.0
room_acoustic_data_room_3389.mat,5.0,0.7058823529411765,35.1635817805889,41.49153733338309,36.31516808378261,0.0
room_acoustic_data_room_3390.mat,5.0,0.7176470588235294,35.1635817805889,41.49153733338309,36.31516808378261,0.0
room_acoustic_data_room_3391.mat,5.0,0.7294117647058823,35.1635817805889,41.49153733338309,36.31516808378261,0.0
room_acoustic_data_room_3392.mat,5.0,0.7411764705882353,35.1635817805889,41.49153733338309,36.31516808378261,0.0
room_acoustic_data_room_3393.mat,5.0,0.7529411764705882,35.1635817805889,41.49153733338309,36.31516808378261,0.0
room_acoustic_data_room_3394.mat,5.0,0.7647058823529411,35.1635817805889,41.49153733338309,36.31516808378261,0.0
room_acoustic_data_room_3395.mat,5.0,0.7764705882352941,35.1635817805889,41.49153733338309,36.31516808378261,0.0
room_acoustic_data_room_3396.mat,5.0,0.788235294117647,35.1635817805889,41.49153733338309,36.31516808378261,0.0
room_acoustic_data_room_3397.mat,5.0,0.8,35.1635817805889,41.49153733338309,36.31516808378261,0.0
room_acoustic_data_room_3398.mat,5.0,0.8117647058823529,35.1635817805889,41.49153733338309,36.31516808378261,0.0
room_acoustic_data_room_3399.mat,5.0,0.8235294117647058,35.1635817805889,41.49153733338309,36.31516808378261,0.0
room_acoustic_data_room_3400.mat,5.0,0.8352941176470589,35.1635817805889,41.49153733338309,36.31516808378261,0.0
room_acoustic_data_room_3401.mat,5.0,0.8470588235294118,35.1635817805889,41.49153733338309,36.31516808378261,0.0
room_acoustic_data_room_3402.mat,5.0,0.8588235294117647,35.1635817805889,41.49153733338309,36.31516808378261,0.0
room_acoustic_data_room_3403.mat,5.0,0.8705882352941177,35.1635817805889,41.49153733338309,36.31516808378261,0.0
room_acoustic_data_room_3404.mat,5.0,0.8823529411764706,35.1635817805889,41.49153733338309,36.31516808378261,0.0
room_acoustic_data_room_3405.mat,5.0,0.8941176470588236,35.1635817805889,41.49153733338309,36.31516808378261,0.0
room_acoustic_data_room_3406.mat,5.0,0.9058823529411765,35.1635817805889,41.49153733338309,36.31516808378261,0.0
room_acoustic_data_room_3407.mat,5.0,0.9176470588235294,35.1635817805889,41.49153733338309,36.31516808378261,0.0
room_acoustic_data_room_3408.mat,5.0,0.9294117647058824,35.1635817805889,41.49153733338309,36.31516808378261,0.0
room_acoustic_data_room_3409.mat,5.0,0.9411764705882353,35.1635817805889,41.49153733338309,36.31516808378261,0.0
room_acoustic_data_room_3410.mat,5.0,0.9529411764705882,35.1635817805889,41.49153733338309,36.31516808378261,0.0
room_acoustic_data_room_3411.mat,5.0,0.9647058823529412,35.1635817805889,41.49153733338309,36.31516808378261,0.0
room_acoustic_data_room_3412.mat,5.0,0.9764705882352941,35.1635817805889,41.49153733338309,36.31516808378261,0.0
room_acoustic_data_room_3413.mat,5.0,0.9882352941176471,35.1635817805889,41.49153733338309,36.31516808378261,0.0
room_acoustic_data_room_3414.mat,5.0,1.0,35.1635817805889,41.49153733338309,36.31516808378261,0.0
room_acoustic_data_room_3415.mat,5.0,1.011764705882353,35.1635817805889,41.49153733338309,36.31516808378261,0.0
room_acoustic_data_room_3416.mat,5.0,1.0235294117647058,35.1635817805889,41.49153733338309,36.31516808378261,0.0
room_acoustic_data_room_3417.mat,5.0,1.035294117647059,35.1635817805889,41.49153733338309,36.31516808378261,0.0
room_acoustic_data_room_3418.mat,5.0,1.0470588235294118,35.1635817805889,41.49153733338309,36.31516808378261,0.0
room_acoustic_data_room_3419.mat,5.0,1.0588235294117647,35.1635817805889,41.49153733338309,36.31516808378261,0.0
room_acoustic_data_room_3420.mat,5.0,1.0705882352941176,35.1635817805889,41.49153733338309,36.31516808378261,0.0
room_acoustic_data_room_3421.mat,5.0,1.0823529411764705,35.1635817805889,41.49153733338309,36.31516808378261,0.0
room_acoustic_data_room_3422.mat,5.0,1.0941176470588236,35.1635817805889,41.49153733338309,36.31516808378261,0.0
room_acoustic_data_room_3423.mat,5.0,1.1058823529411765,35.1635817805889,41.49153733338309,36.31516808378261,0.0
room_acoustic_data_room_3424.mat,5.0,1.1176470588235294,35.1635817805889,41.49153733338309,36.31516808378261,0.0
room_acoustic_data_room_3425.mat,5.0,1.1294117647058823,35.1635817805889,41.49153733338309,36.31516808378261,0.0
room_acoustic_data_room_3426.mat,5.0,1.1411764705882352,35.1635817805889,41.49153733338309,36.31516808378261,0.0
room_acoustic_data_room_3427.mat,5.0,1.1529411764705881,35.1635817805889,41.49153733338309,36.31516808378261,0.0
room_acoustic_data_room_3428.mat,5.0,1.1647058823529413,35.1635817805889,41.49153733338309,36.31516808378261,0.0
room_acoustic_data_room_3429.mat,5.0,1.1764705882352942,35.1635817805889,41.49153733338309,36.31516808378261,0.0
room_acoustic_data_room_3430.mat,5.0,1.188235294117647,35.1635817805889,41.49153733338309,36.31516808378261,0.0
room_acoustic_data_room_3431.mat,5.0,1.2,35.1635817805889,41.49153733338309,36.31516808378261,0.0
room_acoustic_data_room_3432.mat,5.0,1.2117647058823529,35.1635817805889,41.49153733338309,36.31516808378261,0.0
room_acoustic_data_room_3433.mat,5.0,1.223529411764706,35.1635817805889,41.49153733338309,36.31516808378261,0.0
room_acoustic_data_room_3434.mat,5.0,1.2352941176470589,35.1635817805889,41.49153733338309,36.31516808378261,0.0
room_acoustic_data_room_3435.mat,5.0,1.2470588235294118,35.1635817805889,41.49153733338309,36.31516808378261,0.0
room_acoustic_data_room_3436.mat,5.0,1.2588235294117647,35.1635817805889,41.49153733338309,36.31516808378261,0.0
room_acoustic_data_room_3437.mat,5.0,1.2705882352941176,35.1635817805889,41.49153733338309,36.31516808378261,0.0
room_acoustic_data_room_3438.mat,5.0,1.2823529411764707,35.1635817805889,41.49153733338309,36.31516808378261,0.0
room_acoustic_data_room_3439.mat,5.0,1.2941176470588236,35.1635817805889,41.49153733338309,36.31516808378261,0.0
room_acoustic_data_room_3440.mat,5.0,1.3058823529411765,35.1635817805889,41.49153733338309,36.31516808378261,0.0
room_acoustic_data_room_3441.mat,5.0,1.3176470588235294,35.1635817805889,41.49153733338309,36.31516808378261,0.0
room_acoustic_data_room_3442.mat,5.0,1.3294117647058823,35.1635817805889,41.49153733338309,36.31516808378261,0.0
room_acoustic_data_room_3443.mat,5.0,1.3411764705882352,35.1635817805889,41.49153733338309,36.31516808378261,0.0
room_acoustic_data_room_3444.mat,5.0,1.3529411764705883,35.1635817805889,41.49153733338309,36.31516808378261,0.0
room_acoustic_data_room_3445.mat,5.0,1.3647058823529412,35.1635817805889,41.49153733338309,36.31516808378261,0.0
room_acoustic_data_room_3446.mat,5.0,1.3764705882352941,35.1635817805889,41.49153733338309,36.31516808378261,0.0
room_acoustic_data_room_3447.mat,5.0,1.388235294117647,35.1635817805889,41.49153733338309,36.31516808378261,0.0
room_acoustic_data_room_3448.mat,5.0,1.4,35.1635817805889,41.49153733338309,36.31516808378261,0.0
room_acoustic_data_room_3449.mat,5.0,1.411764705882353,35.1635817805889,41.49153733338309,36.31516808378261,0.0
room_acoustic_data_room_3450.mat,5.0,1.423529411764706,35.1635817805889,41.49153733338309,36.31516808378261,0.0
room_acoustic_data_room_3451.mat,5.0,1.4352941176470588,35.1635817805889,41.49153733338309,36.31516808378261,0.0
room_acoustic_data_room_3452.mat,5.0,1.4470588235294117,35.1635817805889,41.49153733338309,36.31516808378261,0.0
room_acoustic_data_room_3453.mat,5.0,1.4588235294117646,35.1635817805889,41.49153733338309,36.31516808378261,0.0
room_acoustic_data_room_3454.mat,5.0,1.4705882352941178,35.1635817805889,41.49153733338309,36.31516808378261,0.0
room_acoustic_data_room_3455.mat,5.0,1.4823529411764707,35.1635817805889,41.49153733338309,36.31516808378261,0.0
room_acoustic_data_room_3456.mat,5.0,1.4941176470588236,35.1635817805889,41.49153733338309,36.31516808378261,0.0
room_acoustic_data_room_3457.mat,5.0,1.5058823529411764,35.1635817805889,41.49153733338309,36.31516808378261,0.0
room_acoustic_data_room_3458.mat,5.0,1.5176470588235293,35.1635817805889,41.49153733338309,36.31516808378261,0.0
room_acoustic_data_room_3459.mat,5.0,1.5294117647058822,35.1635817805889,41.49153733338309,36.31516808378261,0.0
room_acoustic_data_room_3460.mat,5.0,1.5411764705882354,35.1635817805889,41.49153733338309,36.31516808378261,0.0
room_acoustic_data_room_3461.mat,5.0,1.5529411764705883,35.1635817805889,41.49153733338309,36.31516808378261,0.0
room_acoustic_data_room_3462.mat,5.0,1.5647058823529412,35.1635817805889,41.49153733338309,36.31516808378261,0.0
room_acoustic_data_room_3463.mat,5.0,1.576470588235294,35.1635817805889,41.49153733338309,36.31516808378261,0.0
room_acoustic_data_room_3464.mat,5.0,1.588235294117647,35.1635817805889,41.49153733338309,36.31516808378261,0.0
room_acoustic_data_room_3465.mat,5.0,1.6,35.1635817805889,41.49153733338309,36.31516808378261,0.0
room_acoustic_data_room_3466.mat,5.0,1.611764705882353,35.1635817805889,41.49153733338309,36.31516808378261,0.0
room_acoustic_data_room_3467.mat,5.0,1.6235294117647059,35.1635817805889,41.49153733338309,36.31516808378261,0.0
room_acoustic_data_room_3468.mat,5.0,1.6352941176470588,35.1635817805889,41.49153733338309,36.31516808378261,0.0
room_acoustic_data_room_3469.mat,5.0,1.6470588235294117,35.1635817805889,41.49153733338309,36.31516808378261,0.0
room_acoustic_data_room_3470.mat,5.0,1.6588235294117648,35.1635817805889,41.49153733338309,36.31516808378261,0.0
room_acoustic_data_room_3471.mat,5.0,1.6705882352941177,35.1635817805889,41.49153733338309,36.31516808378261,0.0
room_acoustic_data_room_3472.mat,5.0,1.6823529411764706,35.1635817805889,41.49153733338309,36.31516808378261,0.0
room_acoustic_data_room_3473.mat,5.0,1.6941176470588235,35.1635817805889,41.49153733338309,36.31516808378261,0.0
room_acoustic_data_room_3474.mat,5.0,1.7058823529411764,35.1635817805889,41.49153733338309,36.31516808378261,0.0
room_acoustic_data_room_3475.mat,5.0,1.7176470588235293,35.1635817805889,41.49153733338309,36.31516808378261,0.0
room_acoustic_data_room_3476.mat,5.0,1.7294117647058824,35.1635817805889,41.49153733338309,36.31516808378261,0.0
room_acoustic_data_room_3477.mat,5.0,1.7411764705882353,35.1635817805889,41.49153733338309,36.31516808378261,0.0
room_acoustic_data_room_3478.mat,5.0,1.7529411764705882,35.1635817805889,41.49153733338309,36.31516808378261,0.0
room_acoustic_data_room_3479.mat,5.0,1.7647058823529411,35.1635817805889,41.49153733338309,36.31516808378261,0.0
room_acoustic_data_room_3480.mat,5.0,1.776470588235294,35.1635817805889,41.49153733338309,36.31516808378261,0.0
room_acoustic_data_room_3481.mat,5.0,1.7882352941176471,35.1635817805889,41.49153733338309,36.31516808378261,0.0
room_acoustic_data_room_3482.mat,5.0,1.8,35.1635817805889,41.49153733338309,36.31516808378261,0.0
room_acoustic_data_room_3483.mat,5.0,1.811764705882353,35.1635817805889,41.49153733338309,36.31516808378261,0.0
room_acoustic_data_room_3484.mat,5.0,1.8235294117647058,35.1635817805889,41.49153733338309,36.31516808378261,0.0
room_acoustic_data_room_3485.mat,5.0,1.8352941176470587,35.1635817805889,41.49153733338309,36.31516808378261,0.0
room_acoustic_data_room_3486.mat,5.0,1.8470588235294119,35.1635817805889,41.49153733338309,36.31516808378261,0.0
room_acoustic_data_room_3487.mat,5.0,1.8588235294117648,35.1635817805889,41.49153733338309,36.31516808378261,0.0
room_acoustic_data_room_3488.mat,5.0,1.8705882352941177,35.1635817805889,41.49153733338309,36.31516808378261,0.0
room_acoustic_data_room_3489.mat,5.0,1.8823529411764706,35.1635817805889,41.49153733338309,36.31516808378261,0.0
room_acoustic_data_room_3490.mat,5.0,1.8941176470588235,35.1635817805889,41.49153733338309,36.31516808378261,0.0
room_acoustic_data_room_3491.mat,5.0,1.9058823529411764,35.1635817805889,41.49153733338309,36.31516808378261,0.0
room_acoustic_data_room_3492.mat,5.0,1.9176470588235295,35.1635817805889,41.49153733338309,36.31516808378261,0.0
room_acoustic_data_room_3493.mat,5.0,1.9294117647058824,35.1635817805889,41.49153733338309,36.31516808378261,0.0
room_acoustic_data_room_3494.mat,5.0,1.9411764705882353,35.1635817805889,41.49153733338309,36.31516808378261,0.0
room_acoustic_data_room_3495.mat,5.0,1.9529411764705882,35.1635817805889,41.49153733338309,36.31516808378261,0.0
room_acoustic_data_room_3496.mat,5.0,1.964705882352941,35.1635817805889,41.49153733338309,36.31516808378261,0.0
room_acoustic_data_room_3497.mat,5.0,1.9764705882352942,35.1635817805889,41.49153733338309,36.31516808378261,0.0
room_acoustic_data_room_3498.mat,5.0,1.988235294117647,35.1635817805889,41.49153733338309,36.31516808378261,0.0
room_acoustic_data_room_3499.mat,5.0,2.0,35.1635817805889,41.49153733338309,36.31516808378261,0.0
room_acoustic_data_room_3500.mat,5.0,2.011764705882353,35.1635817805889,41.49153733338309,36.31516808378261,0.0
room_acoustic_data_room_3501.mat,5.0,2.023529411764706,35.1635817805889,41.49153733338309,36.31516808378261,0.0
room_acoustic_data_room_3502.mat,5.0,2.0352941176470587,35.1635817805889,41.49153733338309,36.31516808378261,0.0
room_acoustic_data_room_3503.mat,5.0,2.0470588235294116,35.1635817805889,41.49153733338309,36.31516808378261,0.0
room_acoustic_data_room_3504.mat,5.0,2.0588235294117645,35.1635817805889,41.49153733338309,36.31516808378261,0.0
room_acoustic_data_room_3505.mat,5.0,2.070588235294118,35.1635817805889,41.49153733338309,36.31516808378261,0.0
room_acoustic_data_room_3506.mat,5.0,2.0823529411764707,35.1635817805889,41.49153733338309,36.31516808378261,0.0
room_acoustic_data_room_3507.mat,5.0,2.0941176470588236,35.1635817805889,41.49153733338309,36.31516808378261,0.0
room_acoustic_data_room_3508.mat,5.0,2.1058823529411765,35.1635817805889,41.49153733338309,36.31516808378261,0.0
room_acoustic_data_room_3509.mat,5.0,2.1176470588235294,35.1635817805889,41.49153733338309,36.31516808378261,0.0
room_acoustic_data_room_3510.mat,5.0,2.1294117647058823,35.1635817805889,41.49153733338309,36.31516808378261,0.0
room_acoustic_data_room_3511.mat,5.0,2.1411764705882352,35.1635817805889,41.49153733338309,36.31516808378261,0.0
room_acoustic_data_room_3512.mat,5.0,2.152941176470588,35.1635817805889,41.49153733338309,36.31516808378261,0.0
room_acoustic_data_room_3513.mat,5.0,2.164705882352941,35.1635817805889,41.49153733338309,36.31516808378261,0.0
room_acoustic_data_room_3514.mat,5.0,2.176470588235294,35.1635817805889,41.49153733338309,36.31516808378261,0.0
room_acoustic_data_room_3515.mat,5.0,2.1882352941176473,35.1635817805889,41.49153733338309,36.31516808378261,0.0
room_acoustic_data_room_3516.mat,5.0,2.2,35.1635817805889,41.49153733338309,36.31516808378261,0.0
room_acoustic_data_room_3517.mat,5.0,2.211764705882353,35.1635817805889,41.49153733338309,36.31516808378261,0.0
room_acoustic_data_room_3518.mat,5.0,2.223529411764706,35.1635817805889,41.49153733338309,36.31516808378261,0.0
room_acoustic_data_room_3519.mat,5.0,2.235294117647059,35.1635817805889,41.49153733338309,36.31516808378261,0.0
room_acoustic_data_room_3520.mat,5.0,2.2470588235294118,35.1635817805889,41.49153733338309,36.31516808378261,0.0
room_acoustic_data_room_3521.mat,5.0,2.2588235294117647,35.1635817805889,41.49153733338309,36.31516808378261,0.0
room_acoustic_data_room_3522.mat,5.0,2.2705882352941176,35.1635817805889,41.49153733338309,36.31516808378261,0.0
room_acoustic_data_room_3523.mat,5.0,2.2823529411764705,35.1635817805889,41.49153733338309,36.31516808378261,0.0
room_acoustic_data_room_3524.mat,5.0,2.2941176470588234,35.1635817805889,41.49153733338309,36.31516808378261,0.0
room_acoustic_data_room_3525.mat,5.0,2.3058823529411763,35.1635817805889,41.49153733338309,36.31516808378261,0.0
room_acoustic_data_room_3526.mat,5.0,2.3176470588235296,35.1635817805889,41.49153733338309,36.31516808378261,0.0
room_acoustic_data_room_3527.mat,5.0,2.3294117647058825,35.1635817805889,41.49153733338309,36.31516808378261,0.0
room_acoustic_data_room_3528.mat,5.0,2.3411764705882354,35.1635817805889,41.49153733338309,36.31516808378261,0.0
room_acoustic_data_room_3529.mat,5.0,2.3529411764705883,35.1635817805889,41.49153733338309,36.31516808378261,0.0
room_acoustic_data_room_3530.mat,5.0,2.364705882352941,35.1635817805889,41.49153733338309,36.31516808378261,0.0
room_acoustic_data_room_3531.mat,5.0,2.376470588235294,35.1635817805889,41.49153733338309,36.31516808378261,0.0
room_acoustic_data_room_3532.mat,5.0,2.388235294117647,35.1635817805889,41.49153733338309,36.31516808378261,0.0
room_acoustic_data_room_3533.mat,5.0,2.4,35.1635817805889,41.49153733338309,36.31516808378261,0.0
room_acoustic_data_room_3534.mat,5.0,2.411764705882353,35.1635817805889,41.49153733338309,36.31516808378261,0.0
room_acoustic_data_room_3535.mat,5.0,2.4235294117647057,35.1635817805889,41.49153733338309,36.31516808378261,0.0
room_acoustic_data_room_3536.mat,5.0,2.4352941176470586,35.1635817805889,41.49153733338309,36.31516808378261,0.0
room_acoustic_data_room_3537.mat,5.0,2.447058823529412,35.1635817805889,41.49153733338309,36.31516808378261,0.0
room_acoustic_data_room_3538.mat,5.0,2.458823529411765,35.1635817805889,41.49153733338309,36.31516808378261,0.0
room_acoustic_data_room_3539.mat,5.0,2.4705882352941178,35.1635817805889,41.49153733338309,36.31516808378261,0.0
room_acoustic_data_room_3540.mat,5.0,2.4823529411764707,35.1635817805889,41.49153733338309,36.31516808378261,0.0
room_acoustic_data_room_3541.mat,5.0,2.4941176470588236,35.1635817805889,41.49153733338309,36.31516808378261,0.0
room_acoustic_data_room_3542.mat,5.0,2.5058823529411764,35.1635817805889,41.49153733338309,36.31516808378261,0.0
room_acoustic_data_room_3543.mat,5.0,2.5176470588235293,35.1635817805889,41.49153733338309,36.31516808378261,0.0
room_acoustic_data_room_3544.mat,5.0,2.5294117647058822,35.1635817805889,41.49153733338309,36.31516808378261,0.0
room_acoustic_data_room_3545.mat,5.0,2.541176470588235,35.1635817805889,41.49153733338309,36.31516808378261,0.0
room_acoustic_data_room_3546.mat,5.0,2.552941176470588,35.1635817805889,41.49153733338309,36.31516808378261,0.0
room_acoustic_data_room_3547.mat,5.0,2.5647058823529414,35.1635817805889,41.49153733338309,36.31516808378261,0.0
room_acoustic_data_room_3548.mat,5.0,2.5764705882352943,35.1635817805889,41.49153733338309,36.31516808378261,0.0
room_acoustic_data_room_3549.mat,5.0,2.588235294117647,35.1635817805889,41.49153733338309,36.31516808378261,0.0
room_acoustic_data_room_3550.mat,5.0,2.6,35.1635817805889,41.49153733338309,36.31516808378261,0.0
room_acoustic_data_room_3551.mat,5.0,2.611764705882353,35.1635817805889,41.49153733338309,36.31516808378261,0.0
room_acoustic_data_room_3552.mat,5.0,2.623529411764706,35.1635817805889,41.49153733338309,36.31516808378261,0.0
room_acoustic_data_room_3553.mat,5.0,2.635294117647059,35.1635817805889,41.49153733338309,36.31516808378261,0.0
room_acoustic_data_room_3554.mat,5.0,2.6470588235294117,35.1635817805889,41.49153733338309,36.31516808378261,0.0
room_acoustic_data_room_3555.mat,5.0,2.6588235294117646,35.1635817805889,41.49153733338309,36.31516808378261,0.0
room_acoustic_data_room_3556.mat,5.0,2.6705882352941175,35.1635817805889,41.49153733338309,36.31516808378261,0.0
room_acoustic_data_room_3557.mat,5.0,2.6823529411764704,35.1635817805889,41.49153733338309,36.31516808378261,0.0
room_acoustic_data_room_3558.mat,5.0,2.6941176470588237,35.1635817805889,41.49153733338309,36.31516808378261,0.0
room_acoustic_data_room_3559.mat,5.0,2.7058823529411766,35.1635817805889,41.49153733338309,36.31516808378261,0.0
room_acoustic_data_room_3560.mat,5.0,2.7176470588235295,35.1635817805889,41.49153733338309,36.31516808378261,0.0
room_acoustic_data_room_3561.mat,5.0,2.7294117647058824,35.1635817805889,41.49153733338309,36.31516808378261,0.0
room_acoustic_data_room_3562.mat,5.0,2.7411764705882353,35.1635817805889,41.49153733338309,36.31516808378261,0.0
room_acoustic_data_room_3563.mat,5.0,2.7529411764705882,35.1635817805889,41.49153733338309,36.31516808378261,0.0
room_acoustic_data_room_3564.mat,5.0,2.764705882352941,35.1635817805889,41.49153733338309,36.31516808378261,0.0
room_acoustic_data_room_3565.mat,5.0,2.776470588235294,35.1635817805889,41.49153733338309,36.31516808378261,0.0
room_acoustic_data_room_3566.mat,5.0,2.788235294117647,35.1635817805889,41.49153733338309,36.31516808378261,0.0
room_acoustic_data_room_3567.mat,5.0,2.8,35.1635817805889,41.49153733338309,36.31516808378261,0.0
room_acoustic_data_room_3568.mat,5.0,2.8117647058823527,35.1635817805889,41.49153733338309,36.31516808378261,0.0
room_acoustic_data_room_3569.mat,5.0,2.823529411764706,35.1635817805889,41.49153733338309,36.31516808378261,0.0
room_acoustic_data_room_3570.mat,5.0,2.835294117647059,35.1635817805889,41.49153733338309,36.31516808378261,0.0
room_acoustic_data_room_3571.mat,5.0,2.847058823529412,35.1635817805889,41.49153733338309,36.31516808378261,0.0
room_acoustic_data_room_3572.mat,5.0,2.8588235294117648,35.1635817805889,41.49153733338309,36.31516808378261,0.0
room_acoustic_data_room_3573.mat,5.0,2.8705882352941177,35.1635817805889,41.49153733338309,36.31516808378261,0.0
room_acoustic_data_room_3574.mat,5.0,2.8823529411764706,35.1635817805889,41.49153733338309,36.31516808378261,0.0
room_acoustic_data_room_3575.mat,5.0,2.8941176470588235,35.1635817805889,41.49153733338309,36.31516808378261,0.0
room_acoustic_data_room_3576.mat,5.0,2.9058823529411764,35.1635817805889,41.49153733338309,36.31516808378261,0.0
room_acoustic_data_room_3577.mat,5.0,2.9176470588235293,35.1635817805889,41.49153733338309,36.31516808378261,0.0
room_acoustic_data_room_3578.mat,5.0,2.929411764705882,35.1635817805889,41.49153733338309,36.31516808378261,0.0
room_acoustic_data_room_3579.mat,5.0,2.9411764705882355,35.1635817805889,41.49153733338309,36.31516808378261,0.0
room_acoustic_data_room_3580.mat,5.0,2.9529411764705884,35.1635817805889,41.49153733338309,36.31516808378261,0.0
room_acoustic_data_room_3581.mat,5.0,2.9647058823529413,35.1635817805889,41.49153733338309,36.31516808378261,0.0
room_acoustic_data_room_3582.mat,5.0,2.976470588235294,35.1635817805889,41.49153733338309,36.31516808378261,0.0
room_acoustic_data_room_3583.mat,5.0,2.988235294117647,35.1635817805889,41.49153733338309,36.31516808378261,0.0
room_acoustic_data_room_3584.mat,5.0,3.0,35.1635817805889,41.49153733338309,36.31516808378261,0.0
room_acoustic_data_room_3585.mat,0.0,-2.0,35.1635817805889,41.49153733338309,36.31516808378261,0.0
room_acoustic_data_room_3586.mat,0.011764705882352941,-2.0,35.1635817805889,41.49153733338309,36.31516808378261,0.0
room_acoustic_data_room_3587.mat,0.023529411764705882,-2.0,35.1635817805889,41.49153733338309,36.31516808378261,0.0
room_acoustic_data_room_3588.mat,0.03529411764705882,-2.0,35.1635817805889,41.49153733338309,36.31516808378261,0.0
room_acoustic_data_room_3589.mat,0.047058823529411764,-2.0,35.1635817805889,41.49153733338309,36.31516808378261,0.0
room_acoustic_data_room_3590.mat,0.058823529411764705,-2.0,35.1635817805889,41.49153733338309,36.31516808378261,0.0
room_acoustic_data_room_3591.mat,0.07058823529411765,-2.0,35.1635817805889,41.49153733338309,36.31516808378261,0.0
room_acoustic_data_room_3592.mat,0.08235294117647059,-2.0,35.1635817805889,41.49153733338309,36.31516808378261,0.0
room_acoustic_data_room_3593.mat,0.09411764705882353,-2.0,35.1635817805889,41.49153733338309,36.31516808378261,0.0
room_acoustic_data_room_3594.mat,0.10588235294117647,-2.0,35.1635817805889,41.49153733338309,36.31516808378261,0.0
room_acoustic_data_room_3595.mat,0.11764705882352941,-2.0,35.1635817805889,41.49153733338309,36.31516808378261,0.0
room_acoustic_data_room_3596.mat,0.12941176470588237,-2.0,35.1635817805889,41.49153733338309,36.31516808378261,0.0
room_acoustic_data_room_3597.mat,0.1411764705882353,-2.0,35.1635817805889,41.49153733338309,36.31516808378261,0.0
room_acoustic_data_room_3598.mat,0.15294117647058825,-2.0,35.1635817805889,41.49153733338309,36.31516808378261,0.0
room_acoustic_data_room_3599.mat,0.16470588235294117,-2.0,35.1635817805889,41.49153733338309,36.31516808378261,0.0
room_acoustic_data_room_3600.mat,0.17647058823529413,-2.0,35.1635817805889,41.49153733338309,36.31516808378261,0.0
room_acoustic_data_room_3601.mat,0.18823529411764706,-2.0,35.1635817805889,41.49153733338309,36.31516808378261,0.0
room_acoustic_data_room_3602.mat,0.2,-2.0,35.1635817805889,41.49153733338309,36.31516808378261,0.0
room_acoustic_data_room_3603.mat,0.21176470588235294,-2.0,35.1635817805889,41.49153733338309,36.31516808378261,0.0
room_acoustic_data_room_3604.mat,0.2235294117647059,-2.0,35.1635817805889,41.49153733338309,36.31516808378261,0.0
room_acoustic_data_room_3605.mat,0.23529411764705882,-2.0,35.1635817805889,41.49153733338309,36.31516808378261,0.0
room_acoustic_data_room_3606.mat,0.24705882352941178,-2.0,35.1635817805889,41.49153733338309,36.31516808378261,0.0
room_acoustic_data_room_3607.mat,0.25882352941176473,-2.0,35.1635817805889,41.49153733338309,36.31516808378261,0.0
room_acoustic_data_room_3608.mat,0.27058823529411763,-2.0,35.1635817805889,41.49153733338309,36.31516808378261,0.0
room_acoustic_data_room_3609.mat,0.2823529411764706,-2.0,35.1635817805889,41.49153733338309,36.31516808378261,0.0
room_acoustic_data_room_3610.mat,0.29411764705882354,-2.0,35.1635817805889,41.49153733338309,36.31516808378261,0.0
room_acoustic_data_room_3611.mat,0.3058823529411765,-2.0,35.1635817805889,41.49153733338309,36.31516808378261,0.0
room_acoustic_data_room_3612.mat,0.3176470588235294,-2.0,35.1635817805889,41.49153733338309,36.31516808378261,0.0
room_acoustic_data_room_3613.mat,0.32941176470588235,-2.0,35.1635817805889,41.49153733338309,36.31516808378261,0.0
room_acoustic_data_room_3614.mat,0.3411764705882353,-2.0,35.1635817805889,41.49153733338309,36.31516808378261,0.0
room_acoustic_data_room_3615.mat,0.35294117647058826,-2.0,35.1635817805889,41.49153733338309,36.31516808378261,0.0
room_acoustic_data_room_3616.mat,0.36470588235294116,-2.0,35.1635817805889,41.49153733338309,36.31516808378261,0.0
room_acoustic_data_room_3617.mat,0.3764705882352941,-2.0,35.1635817805889,41.49153733338309,36.31516808378261,0.0
room_acoustic_data_room_3618.mat,0.38823529411764707,-2.0,35.1635817805889,41.49153733338309,36.31516808378261,0.0
room_acoustic_data_room_3619.mat,0.4,-2.0,35.1635817805889,41.49153733338309,36.31516808378261,0.0
room_acoustic_data_room_3620.mat,0.4117647058823529,-2.0,35.1635817805889,41.49153733338309,36.31516808378261,0.0
room_acoustic_data_room_3621.mat,0.4235294117647059,-2.0,35.1635817805889,41.49153733338309,36.31516808378261,0.0
room_acoustic_data_room_3622.mat,0.43529411764705883,-2.0,35.1635817805889,41.49153733338309,36.31516808378261,0.0
room_acoustic_data_room_3623.mat,0.4470588235294118,-2.0,35.1635817805889,41.49153733338309,36.31516808378261,0.0
room_acoustic_data_room_3624.mat,0.4588235294117647,-2.0,35.1635817805889,41.49153733338309,36.31516808378261,0.0
room_acoustic_data_room_3625.mat,0.47058823529411764,-2.0,35.1635817805889,41.49153733338309,36.31516808378261,0.0
room_acoustic_data_room_3626.mat,0.4823529411764706,-2.0,35.1635817805889,41.49153733338309,36.31516808378261,0.0
room_acoustic_data_room_3627.mat,0.49411764705882355,-2.0,35.1635817805889,41.49153733338309,36.31516808378261,0.0
room_acoustic_data_room_3628.mat,0.5058823529411764,-2.0,35.1635817805889,41.49153733338309,36.31516808378261,0.0
room_acoustic_data_room_3629.mat,0.5176470588235295,-2.0,35.1635817805889,41.49153733338309,36.31516808378261,0.0
room_acoustic_data_room_3630.mat,0.5294117647058824,-2.0,35.1635817805889,41.49153733338309,36.31516808378261,0.0
room_acoustic_data_room_3631.mat,0.5411764705882353,-2.0,35.1635817805889,41.49153733338309,36.31516808378261,0.0
room_acoustic_data_room_3632.mat,0.5529411764705883,-2.0,35.1635817805889,41.49153733338309,36.31516808378261,0.0
room_acoustic_data_room_3633.mat,0.5647058823529412,-2.0,35.1635817805889,41.49153733338309,36.31516808378261,0.0
room_acoustic_data_room_3634.mat,0.5764705882352941,-2.0,35.1635817805889,41.49153733338309,36.31516808378261,0.0
room_acoustic_data_room_3635.mat,0.5882352941176471,-2.0,35.1635817805889,41.49153733338309,36.31516808378261,0.0
room_acoustic_data_room_3636.mat,0.6,-2.0,35.1635817805889,41.49153733338309,36.31516808378261,0.0
room_acoustic_data_room_3637.mat,0.611764705882353,-2.0,35.1635817805889,41.49153733338309,36.31516808378261,0.0
room_acoustic_data_room_3638.mat,0.6235294117647059,-2.0,35.1635817805889,41.49153733338309,36.31516808378261,0.0
room_acoustic_data_room_3639.mat,0.6352941176470588,-2.0,35.1635817805889,41.49153733338309,36.31516808378261,0.0
room_acoustic_data_room_3640.mat,0.6470588235294118,-2.0,35.1635817805889,41.49153733338309,36.31516808378261,0.0
room_acoustic_data_room_3641.mat,0.6588235294117647,-2.0,35.1635817805889,41.49153733338309,36.31516808378261,0.0
room_acoustic_data_room_3642.mat,0.6705882352941176,-2.0,35.1635817805889,41.49153733338309,36.31516808378261,0.0
room_acoustic_data_room_3643.mat,0.6823529411764706,-2.0,35.1635817805889,41.49153733338309,36.31516808378261,0.0
room_acoustic_data_room_3644.mat,0.6941176470588235,-2.0,35.1635817805889,41.49153733338309,36.31516808378261,0.0
room_acoustic_data_room_3645.mat,0.7058823529411765,-2.0,35.1635817805889,41.49153733338309,36.31516808378261,0.0
room_acoustic_data_room_3646.mat,0.7176470588235294,-2.0,35.1635817805889,41.49153733338309,36.31516808378261,0.0
room_acoustic_data_room_3647.mat,0.7294117647058823,-2.0,35.1635817805889,41.49153733338309,36.31516808378261,0.0
room_acoustic_data_room_3648.mat,0.7411764705882353,-2.0,35.1635817805889,41.49153733338309,36.31516808378261,0.0
room_acoustic_data_room_3649.mat,0.7529411764705882,-2.0,35.1635817805889,41.49153733338309,36.31516808378261,0.0
room_acoustic_data_room_3650.mat,0.7647058823529411,-2.0,35.1635817805889,41.49153733338309,36.31516808378261,0.0
room_acoustic_data_room_3651.mat,0.7764705882352941,-2.0,35.1635817805889,41.49153733338309,36.31516808378261,0.0
room_acoustic_data_room_3652.mat,0.788235294117647,-2.0,35.1635817805889,41.49153733338309,36.31516808378261,0.0
room_acoustic_data_room_3653.mat,0.8,-2.0,35.1635817805889,41.49153733338309,36.31516808378261,0.0
room_acoustic_data_room_3654.mat,0.8117647058823529,-2.0,35.1635817805889,41.49153733338309,36.31516808378261,0.0
room_acoustic_data_room_3655.mat,0.8235294117647058,-2.0,35.1635817805889,41.49153733338309,36.31516808378261,0.0
room_acoustic_data_room_3656.mat,0.8352941176470589,-2.0,35.1635817805889,41.49153733338309,36.31516808378261,0.0
room_acoustic_data_room_3657.mat,0.8470588235294118,-2.0,35.1635817805889,41.49153733338309,36.31516808378261,0.0
room_acoustic_data_room_3658.mat,0.8588235294117647,-2.0,35.1635817805889,41.49153733338309,36.31516808378261,0.0
room_acoustic_data_room_3659.mat,0.8705882352941177,-2.0,35.1635817805889,41.49153733338309,36.31516808378261,0.0
room_acoustic_data_room_3660.mat,0.8823529411764706,-2.0,35.1635817805889,41.49153733338309,36.31516808378261,0.0
room_acoustic_data_room_3661.mat,0.8941176470588236,-2.0,35.1635817805889,41.49153733338309,36.31516808378261,0.0
room_acoustic_data_room_3662.mat,0.9058823529411765,-2.0,35.1635817805889,41.49153733338309,36.31516808378261,0.0
room_acoustic_data_room_3663.mat,0.9176470588235294,-2.0,35.1635817805889,41.49153733338309,36.31516808378261,0.0
room_acoustic_data_room_3664.mat,0.9294117647058824,-2.0,35.1635817805889,41.49153733338309,36.31516808378261,0.0
room_acoustic_data_room_3665.mat,0.9411764705882353,-2.0,35.1635817805889,41.49153733338309,36.31516808378261,0.0
room_acoustic_data_room_3666.mat,0.9529411764705882,-2.0,35.1635817805889,41.49153733338309,36.31516808378261,0.0
room_acoustic_data_room_3667.mat,0.9647058823529412,-2.0,35.1635817805889,41.49153733338309,36.31516808378261,0.0
room_acoustic_data_room_3668.mat,0.9764705882352941,-2.0,35.1635817805889,41.49153733338309,36.31516808378261,0.0
room_acoustic_data_room_3669.mat,0.9882352941176471,-2.0,35.1635817805889,41.49153733338309,36.31516808378261,0.0
room_acoustic_data_room_3670.mat,1.0,-2.0,35.1635817805889,41.49153733338309,36.31516808378261,0.0
room_acoustic_data_room_3671.mat,1.011764705882353,-2.0,35.1635817805889,41.49153733338309,36.31516808378261,0.0
room_acoustic_data_room_3672.mat,1.0235294117647058,-2.0,35.1635817805889,41.49153733338309,36.31516808378261,0.0
room_acoustic_data_room_3673.mat,1.035294117647059,-2.0,35.1635817805889,41.49153733338309,36.31516808378261,0.0
room_acoustic_data_room_3674.mat,1.0470588235294118,-2.0,35.1635817805889,41.49153733338309,36.31516808378261,0.0
room_acoustic_data_room_3675.mat,1.0588235294117647,-2.0,35.1635817805889,41.49153733338309,36.31516808378261,0.0
room_acoustic_data_room_3676.mat,1.0705882352941176,-2.0,35.1635817805889,41.49153733338309,36.31516808378261,0.0
room_acoustic_data_room_3677.mat,1.0823529411764705,-2.0,35.1635817805889,41.49153733338309,36.31516808378261,0.0
room_acoustic_data_room_3678.mat,1.0941176470588236,-2.0,35.1635817805889,41.49153733338309,36.31516808378261,0.0
room_acoustic_data_room_3679.mat,1.1058823529411765,-2.0,35.1635817805889,41.49153733338309,36.31516808378261,0.0
room_acoustic_data_room_3680.mat,1.1176470588235294,-2.0,35.1635817805889,41.49153733338309,36.31516808378261,0.0
room_acoustic_data_room_3681.mat,1.1294117647058823,-2.0,35.1635817805889,41.49153733338309,36.31516808378261,0.0
room_acoustic_data_room_3682.mat,1.1411764705882352,-2.0,35.1635817805889,41.49153733338309,36.31516808378261,0.0
room_acoustic_data_room_3683.mat,1.1529411764705881,-2.0,35.1635817805889,41.49153733338309,36.31516808378261,0.0
room_acoustic_data_room_3684.mat,1.1647058823529413,-2.0,35.1635817805889,41.49153733338309,36.31516808378261,0.0
room_acoustic_data_room_3685.mat,1.1764705882352942,-2.0,35.1635817805889,41.49153733338309,36.31516808378261,0.0
room_acoustic_data_room_3686.mat,1.188235294117647,-2.0,35.1635817805889,41.49153733338309,36.31516808378261,0.0
room_acoustic_data_room_3687.mat,1.2,-2.0,35.1635817805889,41.49153733338309,36.31516808378261,0.0
room_acoustic_data_room_3688.mat,1.2117647058823529,-2.0,35.1635817805889,41.49153733338309,36.31516808378261,0.0
room_acoustic_data_room_3689.mat,1.223529411764706,-2.0,35.1635817805889,41.49153733338309,36.31516808378261,0.0
room_acoustic_data_room_3690.mat,1.2352941176470589,-2.0,35.1635817805889,41.49153733338309,36.31516808378261,0.0
room_acoustic_data_room_3691.mat,1.2470588235294118,-2.0,35.1635817805889,41.49153733338309,36.31516808378261,0.0
room_acoustic_data_room_3692.mat,1.2588235294117647,-2.0,35.1635817805889,41.49153733338309,36.31516808378261,0.0
room_acoustic_data_room_3693.mat,1.2705882352941176,-2.0,35.1635817805889,41.49153733338309,36.31516808378261,0.0
room_acoustic_data_room_3694.mat,1.2823529411764707,-2.0,35.1635817805889,41.49153733338309,36.31516808378261,0.0
room_acoustic_data_room_3695.mat,1.2941176470588236,-2.0,35.1635817805889,41.49153733338309,36.31516808378261,0.0
room_acoustic_data_room_3696.mat,1.3058823529411765,-2.0,35.1635817805889,41.49153733338309,36.31516808378261,0.0
room_acoustic_data_room_3697.mat,1.3176470588235294,-2.0,35.1635817805889,41.49153733338309,36.31516808378261,0.0
room_acoustic_data_room_3698.mat,1.3294117647058823,-2.0,35.1635817805889,41.49153733338309,36.31516808378261,0.0
room_acoustic_data_room_3699.mat,1.3411764705882352,-2.0,35.1635817805889,41.49153733338309,36.31516808378261,0.0
room_acoustic_data_room_3700.mat,1.3529411764705883,-2.0,35.1635817805889,41.49153733338309,36.31516808378261,0.0
room_acoustic_data_room_3701.mat,1.3647058823529412,-2.0,35.1635817805889,41.49153733338309,36.31516808378261,0.0
room_acoustic_data_room_3702.mat,1.3764705882352941,-2.0,35.1635817805889,41.49153733338309,36.31516808378261,0.0
room_acoustic_data_room_3703.mat,1.388235294117647,-2.0,35.1635817805889,41.49153733338309,36.31516808378261,0.0
room_acoustic_data_room_3704.mat,1.4,-2.0,35.1635817805889,41.49153733338309,36.31516808378261,0.0
room_acoustic_data_room_3705.mat,1.411764705882353,-2.0,35.1635817805889,41.49153733338309,36.31516808378261,0.0
room_acoustic_data_room_3706.mat,1.423529411764706,-2.0,35.1635817805889,41.49153733338309,36.31516808378261,0.0
room_acoustic_data_room_3707.mat,1.4352941176470588,-2.0,35.1635817805889,41.49153733338309,36.31516808378261,0.0
room_acoustic_data_room_3708.mat,1.4470588235294117,-2.0,35.1635817805889,41.49153733338309,36.31516808378261,0.0
room_acoustic_data_room_3709.mat,1.4588235294117646,-2.0,35.1635817805889,41.49153733338309,36.31516808378261,0.0
room_acoustic_data_room_3710.mat,1.4705882352941178,-2.0,35.1635817805889,41.49153733338309,36.31516808378261,0.0
room_acoustic_data_room_3711.mat,1.4823529411764707,-2.0,35.1635817805889,41.49153733338309,36.31516808378261,0.0
room_acoustic_data_room_3712.mat,1.4941176470588236,-2.0,35.1635817805889,41.49153733338309,36.31516808378261,0.0
room_acoustic_data_room_3713.mat,1.5058823529411764,-2.0,35.1635817805889,41.49153733338309,36.31516808378261,0.0
room_acoustic_data_room_3714.mat,1.5176470588235293,-2.0,35.1635817805889,41.49153733338309,36.31516808378261,0.0
room_acoustic_data_room_3715.mat,1.5294117647058822,-2.0,35.1635817805889,41.49153733338309,36.31516808378261,0.0
room_acoustic_data_room_3716.mat,1.5411764705882354,-2.0,35.1635817805889,41.49153733338309,36.31516808378261,0.0
room_acoustic_data_room_3717.mat,1.5529411764705883,-2.0,35.1635817805889,41.49153733338309,36.31516808378261,0.0
room_acoustic_data_room_3718.mat,1.5647058823529412,-2.0,35.1635817805889,41.49153733338309,36.31516808378261,0.0
room_acoustic_data_room_3719.mat,1.576470588235294,-2.0,35.1635817805889,41.49153733338309,36.31516808378261,0.0
room_acoustic_data_room_3720.mat,1.588235294117647,-2.0,35.1635817805889,41.49153733338309,36.31516808378261,0.0
room_acoustic_data_room_3721.mat,1.6,-2.0,35.1635817805889,41.49153733338309,36.31516808378261,0.0
room_acoustic_data_room_3722.mat,1.611764705882353,-2.0,35.1635817805889,41.49153733338309,36.31516808378261,0.0
room_acoustic_data_room_3723.mat,1.6235294117647059,-2.0,35.1635817805889,41.49153733338309,36.31516808378261,0.0
room_acoustic_data_room_3724.mat,1.6352941176470588,-2.0,35.1635817805889,41.49153733338309,36.31516808378261,0.0
room_acoustic_data_room_3725.mat,1.6470588235294117,-2.0,35.1635817805889,41.49153733338309,36.31516808378261,0.0
room_acoustic_data_room_3726.mat,1.6588235294117648,-2.0,35.1635817805889,41.49153733338309,36.31516808378261,0.0
room_acoustic_data_room_3727.mat,1.6705882352941177,-2.0,35.1635817805889,41.49153733338309,36.31516808378261,0.0
room_acoustic_data_room_3728.mat,1.6823529411764706,-2.0,35.1635817805889,41.49153733338309,36.31516808378261,0.0
room_acoustic_data_room_3729.mat,1.6941176470588235,-2.0,35.1635817805889,41.49153733338309,36.31516808378261,0.0
room_acoustic_data_room_3730.mat,1.7058823529411764,-2.0,35.1635817805889,41.49153733338309,36.31516808378261,0.0
room_acoustic_data_room_3731.mat,1.7176470588235293,-2.0,35.1635817805889,41.49153733338309,36.31516808378261,0.0
room_acoustic_data_room_3732.mat,1.7294117647058824,-2.0,35.1635817805889,41.49153733338309,36.31516808378261,0.0
room_acoustic_data_room_3733.mat,1.7411764705882353,-2.0,35.1635817805889,41.49153733338309,36.31516808378261,0.0
room_acoustic_data_room_3734.mat,1.7529411764705882,-2.0,35.1635817805889,41.49153733338309,36.31516808378261,0.0
room_acoustic_data_room_3735.mat,1.7647058823529411,-2.0,35.1635817805889,41.49153733338309,36.31516808378261,0.0
room_acoustic_data_room_3736.mat,1.776470588235294,-2.0,35.1635817805889,41.49153733338309,36.31516808378261,0.0
room_acoustic_data_room_3737.mat,1.7882352941176471,-2.0,35.1635817805889,41.49153733338309,36.31516808378261,0.0
room_acoustic_data_room_3738.mat,1.8,-2.0,35.1635817805889,41.49153733338309,36.31516808378261,0.0
room_acoustic_data_room_3739.mat,1.811764705882353,-2.0,35.1635817805889,41.49153733338309,36.31516808378261,0.0
room_acoustic_data_room_3740.mat,1.8235294117647058,-2.0,35.1635817805889,41.49153733338309,36.31516808378261,0.0
room_acoustic_data_room_3741.mat,1.8352941176470587,-2.0,35.1635817805889,41.49153733338309,36.31516808378261,0.0
room_acoustic_data_room_3742.mat,1.8470588235294119,-2.0,35.1635817805889,41.49153733338309,36.31516808378261,0.0
room_acoustic_data_room_3743.mat,1.8588235294117648,-2.0,35.1635817805889,41.49153733338309,36.31516808378261,0.0
room_acoustic_data_room_3744.mat,1.8705882352941177,-2.0,35.1635817805889,41.49153733338309,36.31516808378261,0.0
room_acoustic_data_room_3745.mat,1.8823529411764706,-2.0,35.1635817805889,41.49153733338309,36.31516808378261,0.0
room_acoustic_data_room_3746.mat,1.8941176470588235,-2.0,35.1635817805889,41.49153733338309,36.31516808378261,0.0
room_acoustic_data_room_3747.mat,1.9058823529411764,-2.0,35.1635817805889,41.49153733338309,36.31516808378261,0.0
room_acoustic_data_room_3748.mat,1.9176470588235295,-2.0,35.1635817805889,41.49153733338309,36.31516808378261,0.0
room_acoustic_data_room_3749.mat,1.9294117647058824,-2.0,35.1635817805889,41.49153733338309,36.31516808378261,0.0
room_acoustic_data_room_3750.mat,1.9411764705882353,-2.0,35.1635817805889,41.49153733338309,36.31516808378261,0.0
room_acoustic_data_room_3751.mat,1.9529411764705882,-2.0,35.1635817805889,41.49153733338309,36.31516808378261,0.0
room_acoustic_data_room_3752.mat,1.964705882352941,-2.0,35.1635817805889,41.49153733338309,36.31516808378261,0.0
room_acoustic_data_room_3753.mat,1.9764705882352942,-2.0,35.1635817805889,41.49153733338309,36.31516808378261,0.0
room_acoustic_data_room_3754.mat,1.988235294117647,-2.0,35.1635817805889,41.49153733338309,36.31516808378261,0.0
room_acoustic_data_room_3755.mat,2.0,-2.0,35.1635817805889,41.49153733338309,36.31516808378261,0.0
room_acoustic_data_room_3756.mat,2.011764705882353,-2.0,35.1635817805889,41.49153733338309,36.31516808378261,0.0
room_acoustic_data_room_3757.mat,2.023529411764706,-2.0,35.1635817805889,41.49153733338309,36.31516808378261,0.0
room_acoustic_data_room_3758.mat,2.0352941176470587,-2.0,35.1635817805889,41.49153733338309,36.31516808378261,0.0
room_acoustic_data_room_3759.mat,2.0470588235294116,-2.0,35.1635817805889,41.49153733338309,36.31516808378261,0.0
room_acoustic_data_room_3760.mat,2.0588235294117645,-2.0,35.1635817805889,41.49153733338309,36.31516808378261,0.0
room_acoustic_data_room_3761.mat,2.070588235294118,-2.0,35.1635817805889,41.49153733338309,36.31516808378261,0.0
room_acoustic_data_room_3762.mat,2.0823529411764707,-2.0,35.1635817805889,41.49153733338309,36.31516808378261,0.0
room_acoustic_data_room_3763.mat,2.0941176470588236,-2.0,35.1635817805889,41.49153733338309,36.31516808378261,0.0
room_acoustic_data_room_3764.mat,2.1058823529411765,-2.0,35.1635817805889,41.49153733338309,36.31516808378261,0.0
room_acoustic_data_room_3765.mat,2.1176470588235294,-2.0,35.1635817805889,41.49153733338309,36.31516808378261,0.0
room_acoustic_data_room_3766.mat,2.1294117647058823,-2.0,35.1635817805889,41.49153733338309,36.31516808378261,0.0
room_acoustic_data_room_3767.mat,2.1411764705882352,-2.0,35.1635817805889,41.49153733338309,36.31516808378261,0.0
room_acoustic_data_room_3768.mat,2.152941176470588,-2.0,35.1635817805889,41.49153733338309,36.31516808378261,0.0
room_acoustic_data_room_3769.mat,2.164705882352941,-2.0,35.1635817805889,41.49153733338309,36.31516808378261,0.0
room_acoustic_data_room_3770.mat,2.176470588235294,-2.0,35.1635817805889,41.49153733338309,36.31516808378261,0.0
room_acoustic_data_room_3771.mat,2.1882352941176473,-2.0,35.1635817805889,41.49153733338309,36.31516808378261,0.0
room_acoustic_data_room_3772.mat,2.2,-2.0,35.1635817805889,41.49153733338309,36.31516808378261,0.0
room_acoustic_data_room_3773.mat,2.211764705882353,-2.0,35.1635817805889,41.49153733338309,36.31516808378261,0.0
room_acoustic_data_room_3774.mat,2.223529411764706,-2.0,35.1635817805889,41.49153733338309,36.31516808378261,0.0
room_acoustic_data_room_3775.mat,2.235294117647059,-2.0,35.1635817805889,41.49153733338309,36.31516808378261,0.0
room_acoustic_data_room_3776.mat,2.2470588235294118,-2.0,35.1635817805889,41.49153733338309,36.31516808378261,0.0
room_acoustic_data_room_3777.mat,2.2588235294117647,-2.0,35.1635817805889,41.49153733338309,36.31516808378261,0.0
room_acoustic_data_room_3778.mat,2.2705882352941176,-2.0,35.1635817805889,41.49153733338309,36.31516808378261,0.0
room_acoustic_data_room_3779.mat,2.2823529411764705,-2.0,35.1635817805889,41.49153733338309,36.31516808378261,0.0
room_acoustic_data_room_3780.mat,2.2941176470588234,-2.0,35.1635817805889,41.49153733338309,36.31516808378261,0.0
room_acoustic_data_room_3781.mat,2.3058823529411763,-2.0,35.1635817805889,41.49153733338309,36.31516808378261,0.0
room_acoustic_data_room_3782.mat,2.3176470588235296,-2.0,35.1635817805889,41.49153733338309,36.31516808378261,0.0
room_acoustic_data_room_3783.mat,2.3294117647058825,-2.0,35.1635817805889,41.49153733338309,36.31516808378261,0.0
room_acoustic_data_room_3784.mat,2.3411764705882354,-2.0,35.1635817805889,41.49153733338309,36.31516808378261,0.0
room_acoustic_data_room_3785.mat,2.3529411764705883,-2.0,35.1635817805889,41.49153733338309,36.31516808378261,0.0
room_acoustic_data_room_3786.mat,2.364705882352941,-2.0,35.1635817805889,41.49153733338309,36.31516808378261,0.0
room_acoustic_data_room_3787.mat,2.376470588235294,-2.0,35.1635817805889,41.49153733338309,36.31516808378261,0.0
room_acoustic_data_room_3788.mat,2.388235294117647,-2.0,35.1635817805889,41.49153733338309,36.31516808378261,0.0
room_acoustic_data_room_3789.mat,2.4,-2.0,35.1635817805889,41.49153733338309,36.31516808378261,0.0
room_acoustic_data_room_3790.mat,2.411764705882353,-2.0,35.1635817805889,41.49153733338309,36.31516808378261,0.0
room_acoustic_data_room_3791.mat,2.4235294117647057,-2.0,35.1635817805889,41.49153733338309,36.31516808378261,0.0
room_acoustic_data_room_3792.mat,2.4352941176470586,-2.0,35.1635817805889,41.49153733338309,36.31516808378261,0.0
room_acoustic_data_room_3793.mat,2.447058823529412,-2.0,35.1635817805889,41.49153733338309,36.31516808378261,0.0
room_acoustic_data_room_3794.mat,2.458823529411765,-2.0,35.1635817805889,41.49153733338309,36.31516808378261,0.0
room_acoustic_data_room_3795.mat,2.4705882352941178,-2.0,35.1635817805889,41.49153733338309,36.31516808378261,0.0
room_acoustic_data_room_3796.mat,2.4823529411764707,-2.0,35.1635817805889,41.49153733338309,36.31516808378261,0.0
room_acoustic_data_room_3797.mat,2.4941176470588236,-2.0,35.1635817805889,41.49153733338309,36.31516808378261,0.0
room_acoustic_data_room_3798.mat,2.5058823529411764,-2.0,35.1635817805889,41.49153733338309,36.31516808378261,0.0
room_acoustic_data_room_3799.mat,2.5176470588235293,-2.0,35.1635817805889,41.49153733338309,36.31516808378261,0.0
room_acoustic_data_room_3800.mat,2.5294117647058822,-2.0,35.1635817805889,41.49153733338309,36.31516808378261,0.0
room_acoustic_data_room_3801.mat,2.541176470588235,-2.0,35.1635817805889,41.49153733338309,36.31516808378261,0.0
room_acoustic_data_room_3802.mat,2.552941176470588,-2.0,35.1635817805889,41.49153733338309,36.31516808378261,0.0
room_acoustic_data_room_3803.mat,2.5647058823529414,-2.0,35.1635817805889,41.49153733338309,36.31516808378261,0.0
room_acoustic_data_room_3804.mat,2.5764705882352943,-2.0,35.1635817805889,41.49153733338309,36.31516808378261,0.0
room_acoustic_data_room_3805.mat,2.588235294117647,-2.0,35.1635817805889,41.49153733338309,36.31516808378261,0.0
room_acoustic_data_room_3806.mat,2.6,-2.0,35.1635817805889,41.49153733338309,36.31516808378261,0.0
room_acoustic_data_room_3807.mat,2.611764705882353,-2.0,35.1635817805889,41.49153733338309,36.31516808378261,0.0
room_acoustic_data_room_3808.mat,2.623529411764706,-2.0,35.1635817805889,41.49153733338309,36.31516808378261,0.0
room_acoustic_data_room_3809.mat,2.635294117647059,-2.0,35.1635817805889,41.49153733338309,36.31516808378261,0.0
room_acoustic_data_room_3810.mat,2.6470588235294117,-2.0,35.1635817805889,41.49153733338309,36.31516808378261,0.0
room_acoustic_data_room_3811.mat,2.6588235294117646,-2.0,35.1635817805889,41.49153733338309,36.31516808378261,0.0
room_acoustic_data_room_3812.mat,2.6705882352941175,-2.0,35.1635817805889,41.49153733338309,36.31516808378261,0.0
room_acoustic_data_room_3813.mat,2.6823529411764704,-2.0,35.1635817805889,41.49153733338309,36.31516808378261,0.0
room_acoustic_data_room_3814.mat,2.6941176470588237,-2.0,35.1635817805889,41.49153733338309,36.31516808378261,0.0
room_acoustic_data_room_3815.mat,2.7058823529411766,-2.0,35.1635817805889,41.49153733338309,36.31516808378261,0.0
room_acoustic_data_room_3816.mat,2.7176470588235295,-2.0,35.1635817805889,41.49153733338309,36.31516808378261,0.0
room_acoustic_data_room_3817.mat,2.7294117647058824,-2.0,35.1635817805889,41.49153733338309,36.31516808378261,0.0
room_acoustic_data_room_3818.mat,2.7411764705882353,-2.0,35.1635817805889,41.49153733338309,36.31516808378261,0.0
room_acoustic_data_room_3819.mat,2.7529411764705882,-2.0,35.1635817805889,41.49153733338309,36.31516808378261,0.0
room_acoustic_data_room_3820.mat,2.764705882352941,-2.0,35.1635817805889,41.49153733338309,36.31516808378261,0.0
room_acoustic_data_room_3821.mat,2.776470588235294,-2.0,35.1635817805889,41.49153733338309,36.31516808378261,0.0
room_acoustic_data_room_3822.mat,2.788235294117647,-2.0,35.1635817805889,41.49153733338309,36.31516808378261,0.0
room_acoustic_data_room_3823.mat,2.8,-2.0,35.1635817805889,41.49153733338309,36.31516808378261,0.0
room_acoustic_data_room_3824.mat,2.8117647058823527,-2.0,35.1635817805889,41.49153733338309,36.31516808378261,0.0
room_acoustic_data_room_3825.mat,2.823529411764706,-2.0,35.1635817805889,41.49153733338309,36.31516808378261,0.0
room_acoustic_data_room_3826.mat,2.835294117647059,-2.0,35.1635817805889,41.49153733338309,36.31516808378261,0.0
room_acoustic_data_room_3827.mat,2.847058823529412,-2.0,35.1635817805889,41.49153733338309,36.31516808378261,0.0
room_acoustic_data_room_3828.mat,2.8588235294117648,-2.0,35.1635817805889,41.49153733338309,36.31516808378261,0.0
room_acoustic_data_room_3829.mat,2.8705882352941177,-2.0,35.1635817805889,41.49153733338309,36.31516808378261,0.0
room_acoustic_data_room_3830.mat,2.8823529411764706,-2.0,35.1635817805889,41.49153733338309,36.31516808378261,0.0
room_acoustic_data_room_3831.mat,2.8941176470588235,-2.0,35.1635817805889,41.49153733338309,36.31516808378261,0.0
room_acoustic_data_room_3832.mat,2.9058823529411764,-2.0,35.1635817805889,41.49153733338309,36.31516808378261,0.0
room_acoustic_data_room_3833.mat,2.9176470588235293,-2.0,35.1635817805889,41.49153733338309,36.31516808378261,0.0
room_acoustic_data_room_3834.mat,2.929411764705882,-2.0,35.1635817805889,41.49153733338309,36.31516808378261,0.0
room_acoustic_data_room_3835.mat,2.9411764705882355,-2.0,35.1635817805889,41.49153733338309,36.31516808378261,0.0
room_acoustic_data_room_3836.mat,2.9529411764705884,-2.0,35.1635817805889,41.49153733338309,36.31516808378261,0.0
room_acoustic_data_room_3837.mat,2.9647058823529413,-2.0,35.1635817805889,41.49153733338309,36.31516808378261,0.0
room_acoustic_data_room_3838.mat,2.976470588235294,-2.0,35.1635817805889,41.49153733338309,36.31516808378261,0.0
room_acoustic_data_room_3839.mat,2.988235294117647,-2.0,35.1635817805889,41.49153733338309,36.31516808378261,0.0
room_acoustic_data_room_3840.mat,3.0,-2.0,35.1635817805889,41.49153733338309,36.31516808378261,0.0
room_acoustic_data_room_3841.mat,0.0,5.0,35.1635817805889,41.49153733338309,36.31516808378261,0.0
room_acoustic_data_room_3842.mat,0.011764705882352941,5.0,35.1635817805889,41.49153733338309,36.31516808378261,0.0
room_acoustic_data_room_3843.mat,0.023529411764705882,5.0,35.1635817805889,41.49153733338309,36.31516808378261,0.0
room_acoustic_data_room_3844.mat,0.03529411764705882,5.0,35.1635817805889,41.49153733338309,36.31516808378261,0.0
room_acoustic_data_room_3845.mat,0.047058823529411764,5.0,35.1635817805889,41.49153733338309,36.31516808378261,0.0
room_acoustic_data_room_3846.mat,0.058823529411764705,5.0,35.1635817805889,41.49153733338309,36.31516808378261,0.0
room_acoustic_data_room_3847.mat,0.07058823529411765,5.0,35.1635817805889,41.49153733338309,36.31516808378261,0.0
room_acoustic_data_room_3848.mat,0.08235294117647059,5.0,35.1635817805889,41.49153733338309,36.31516808378261,0.0
room_acoustic_data_room_3849.mat,0.09411764705882353,5.0,35.1635817805889,41.49153733338309,36.31516808378261,0.0
room_acoustic_data_room_3850.mat,0.10588235294117647,5.0,35.1635817805889,41.49153733338309,36.31516808378261,0.0
room_acoustic_data_room_3851.mat,0.11764705882352941,5.0,35.1635817805889,41.49153733338309,36.31516808378261,0.0
room_acoustic_data_room_3852.mat,0.12941176470588237,5.0,35.1635817805889,41.49153733338309,36.31516808378261,0.0
room_acoustic_data_room_3853.mat,0.1411764705882353,5.0,35.1635817805889,41.49153733338309,36.31516808378261,0.0
room_acoustic_data_room_3854.mat,0.15294117647058825,5.0,35.1635817805889,41.49153733338309,36.31516808378261,0.0
room_acoustic_data_room_3855.mat,0.16470588235294117,5.0,35.1635817805889,41.49153733338309,36.31516808378261,0.0
room_acoustic_data_room_3856.mat,0.17647058823529413,5.0,35.1635817805889,41.49153733338309,36.31516808378261,0.0
room_acoustic_data_room_3857.mat,0.18823529411764706,5.0,35.1635817805889,41.49153733338309,36.31516808378261,0.0
room_acoustic_data_room_3858.mat,0.2,5.0,35.1635817805889,41.49153733338309,36.31516808378261,0.0
room_acoustic_data_room_3859.mat,0.21176470588235294,5.0,35.1635817805889,41.49153733338309,36.31516808378261,0.0
room_acoustic_data_room_3860.mat,0.2235294117647059,5.0,35.1635817805889,41.49153733338309,36.31516808378261,0.0
room_acoustic_data_room_3861.mat,0.23529411764705882,5.0,35.1635817805889,41.49153733338309,36.31516808378261,0.0
room_acoustic_data_room_3862.mat,0.24705882352941178,5.0,35.1635817805889,41.49153733338309,36.31516808378261,0.0
room_acoustic_data_room_3863.mat,0.25882352941176473,5.0,35.1635817805889,41.49153733338309,36.31516808378261,0.0
room_acoustic_data_room_3864.mat,0.27058823529411763,5.0,35.1635817805889,41.49153733338309,36.31516808378261,0.0
room_acoustic_data_room_3865.mat,0.2823529411764706,5.0,35.1635817805889,41.49153733338309,36.31516808378261,0.0
room_acoustic_data_room_3866.mat,0.29411764705882354,5.0,35.1635817805889,41.49153733338309,36.31516808378261,0.0
room_acoustic_data_room_3867.mat,0.3058823529411765,5.0,35.1635817805889,41.49153733338309,36.31516808378261,0.0
room_acoustic_data_room_3868.mat,0.3176470588235294,5.0,35.1635817805889,41.49153733338309,36.31516808378261,0.0
room_acoustic_data_room_3869.mat,0.32941176470588235,5.0,35.1635817805889,41.49153733338309,36.31516808378261,0.0
room_acoustic_data_room_3870.mat,0.3411764705882353,5.0,35.1635817805889,41.49153733338309,36.31516808378261,0.0
room_acoustic_data_room_3871.mat,0.35294117647058826,5.0,35.1635817805889,41.49153733338309,36.31516808378261,0.0
room_acoustic_data_room_3872.mat,0.36470588235294116,5.0,35.1635817805889,41.49153733338309,36.31516808378261,0.0
room_acoustic_data_room_3873.mat,0.3764705882352941,5.0,35.1635817805889,41.49153733338309,36.31516808378261,0.0
room_acoustic_data_room_3874.mat,0.38823529411764707,5.0,35.1635817805889,41.49153733338309,36.31516808378261,0.0
room_acoustic_data_room_3875.mat,0.4,5.0,35.1635817805889,41.49153733338309,36.31516808378261,0.0
room_acoustic_data_room_3876.mat,0.4117647058823529,5.0,35.1635817805889,41.49153733338309,36.31516808378261,0.0
room_acoustic_data_room_3877.mat,0.4235294117647059,5.0,35.1635817805889,41.49153733338309,36.31516808378261,0.0
room_acoustic_data_room_3878.mat,0.43529411764705883,5.0,35.1635817805889,41.49153733338309,36.31516808378261,0.0
room_acoustic_data_room_3879.mat,0.4470588235294118,5.0,35.1635817805889,41.49153733338309,36.31516808378261,0.0
room_acoustic_data_room_3880.mat,0.4588235294117647,5.0,35.1635817805889,41.49153733338309,36.31516808378261,0.0
room_acoustic_data_room_3881.mat,0.47058823529411764,5.0,35.1635817805889,41.49153733338309,36.31516808378261,0.0
room_acoustic_data_room_3882.mat,0.4823529411764706,5.0,35.1635817805889,41.49153733338309,36.31516808378261,0.0
room_acoustic_data_room_3883.mat,0.49411764705882355,5.0,35.1635817805889,41.49153733338309,36.31516808378261,0.0
room_acoustic_data_room_3884.mat,0.5058823529411764,5.0,35.1635817805889,41.49153733338309,36.31516808378261,0.0
room_acoustic_data_room_3885.mat,0.5176470588235295,5.0,35.1635817805889,41.49153733338309,36.31516808378261,0.0
room_acoustic_data_room_3886.mat,0.5294117647058824,5.0,35.1635817805889,41.49153733338309,36.31516808378261,0.0
room_acoustic_data_room_3887.mat,0.5411764705882353,5.0,35.1635817805889,41.49153733338309,36.31516808378261,0.0
room_acoustic_data_room_3888.mat,0.5529411764705883,5.0,35.1635817805889,41.49153733338309,36.31516808378261,0.0
room_acoustic_data_room_3889.mat,0.5647058823529412,5.0,35.1635817805889,41.49153733338309,36.31516808378261,0.0
room_acoustic_data_room_3890.mat,0.5764705882352941,5.0,35.1635817805889,41.49153733338309,36.31516808378261,0.0
room_acoustic_data_room_3891.mat,0.5882352941176471,5.0,35.1635817805889,41.49153733338309,36.31516808378261,0.0
room_acoustic_data_room_3892.mat,0.6,5.0,35.1635817805889,41.49153733338309,36.31516808378261,0.0
room_acoustic_data_room_3893.mat,0.611764705882353,5.0,35.1635817805889,41.49153733338309,36.31516808378261,0.0
room_acoustic_data_room_3894.mat,0.6235294117647059,5.0,35.1635817805889,41.49153733338309,36.31516808378261,0.0
room_acoustic_data_room_3895.mat,0.6352941176470588,5.0,35.1635817805889,41.49153733338309,36.31516808378261,0.0
room_acoustic_data_room_3896.mat,0.6470588235294118,5.0,35.1635817805889,41.49153733338309,36.31516808378261,0.0
room_acoustic_data_room_3897.mat,0.6588235294117647,5.0,35.1635817805889,41.49153733338309,36.31516808378261,0.0
room_acoustic_data_room_3898.mat,0.6705882352941176,5.0,35.1635817805889,41.49153733338309,36.31516808378261,0.0
room_acoustic_data_room_3899.mat,0.6823529411764706,5.0,35.1635817805889,41.49153733338309,36.31516808378261,0.0
room_acoustic_data_room_3900.mat,0.6941176470588235,5.0,35.1635817805889,41.49153733338309,36.31516808378261,0.0
room_acoustic_data_room_3901.mat,0.7058823529411765,5.0,35.1635817805889,41.49153733338309,36.31516808378261,0.0
room_acoustic_data_room_3902.mat,0.7176470588235294,5.0,35.1635817805889,41.49153733338309,36.31516808378261,0.0
room_acoustic_data_room_3903.mat,0.7294117647058823,5.0,35.1635817805889,41.49153733338309,36.31516808378261,0.0
room_acoustic_data_room_3904.mat,0.7411764705882353,5.0,35.1635817805889,41.49153733338309,36.31516808378261,0.0
room_acoustic_data_room_3905.mat,0.7529411764705882,5.0,35.1635817805889,41.49153733338309,36.31516808378261,0.0
room_acoustic_data_room_3906.mat,0.7647058823529411,5.0,35.1635817805889,41.49153733338309,36.31516808378261,0.0
room_acoustic_data_room_3907.mat,0.7764705882352941,5.0,35.1635817805889,41.49153733338309,36.31516808378261,0.0
room_acoustic_data_room_3908.mat,0.788235294117647,5.0,35.1635817805889,41.49153733338309,36.31516808378261,0.0
room_acoustic_data_room_3909.mat,0.8,5.0,35.1635817805889,41.49153733338309,36.31516808378261,0.0
room_acoustic_data_room_3910.mat,0.8117647058823529,5.0,35.1635817805889,41.49153733338309,36.31516808378261,0.0
room_acoustic_data_room_3911.mat,0.8235294117647058,5.0,35.1635817805889,41.49153733338309,36.31516808378261,0.0
room_acoustic_data_room_3912.mat,0.8352941176470589,5.0,35.1635817805889,41.49153733338309,36.31516808378261,0.0
room_acoustic_data_room_3913.mat,0.8470588235294118,5.0,35.1635817805889,41.49153733338309,36.31516808378261,0.0
room_acoustic_data_room_3914.mat,0.8588235294117647,5.0,35.1635817805889,41.49153733338309,36.31516808378261,0.0
room_acoustic_data_room_3915.mat,0.8705882352941177,5.0,35.1635817805889,41.49153733338309,36.31516808378261,0.0
room_acoustic_data_room_3916.mat,0.8823529411764706,5.0,35.1635817805889,41.49153733338309,36.31516808378261,0.0
room_acoustic_data_room_3917.mat,0.8941176470588236,5.0,35.1635817805889,41.49153733338309,36.31516808378261,0.0
room_acoustic_data_room_3918.mat,0.9058823529411765,5.0,35.1635817805889,41.49153733338309,36.31516808378261,0.0
room_acoustic_data_room_3919.mat,0.9176470588235294,5.0,35.1635817805889,41.49153733338309,36.31516808378261,0.0
room_acoustic_data_room_3920.mat,0.9294117647058824,5.0,35.1635817805889,41.49153733338309,36.31516808378261,0.0
room_acoustic_data_room_3921.mat,0.9411764705882353,5.0,35.1635817805889,41.49153733338309,36.31516808378261,0.0
room_acoustic_data_room_3922.mat,0.9529411764705882,5.0,35.1635817805889,41.49153733338309,36.31516808378261,0.0
room_acoustic_data_room_3923.mat,0.9647058823529412,5.0,35.1635817805889,41.49153733338309,36.31516808378261,0.0
room_acoustic_data_room_3924.mat,0.9764705882352941,5.0,35.1635817805889,41.49153733338309,36.31516808378261,0.0
room_acoustic_data_room_3925.mat,0.9882352941176471,5.0,35.1635817805889,41.49153733338309,36.31516808378261,0.0
room_acoustic_data_room_3926.mat,1.0,5.0,35.1635817805889,41.49153733338309,36.31516808378261,0.0
room_acoustic_data_room_3927.mat,1.011764705882353,5.0,35.1635817805889,41.49153733338309,36.31516808378261,0.0
room_acoustic_data_room_3928.mat,1.0235294117647058,5.0,35.1635817805889,41.49153733338309,36.31516808378261,0.0
room_acoustic_data_room_3929.mat,1.035294117647059,5.0,35.1635817805889,41.49153733338309,36.31516808378261,0.0
room_acoustic_data_room_3930.mat,1.0470588235294118,5.0,35.1635817805889,41.49153733338309,36.31516808378261,0.0
room_acoustic_data_room_3931.mat,1.0588235294117647,5.0,35.1635817805889,41.49153733338309,36.31516808378261,0.0
room_acoustic_data_room_3932.mat,1.0705882352941176,5.0,35.1635817805889,41.49153733338309,36.31516808378261,0.0
room_acoustic_data_room_3933.mat,1.0823529411764705,5.0,35.1635817805889,41.49153733338309,36.31516808378261,0.0
room_acoustic_data_room_3934.mat,1.0941176470588236,5.0,35.1635817805889,41.49153733338309,36.31516808378261,0.0
room_acoustic_data_room_3935.mat,1.1058823529411765,5.0,35.1635817805889,41.49153733338309,36.31516808378261,0.0
room_acoustic_data_room_3936.mat,1.1176470588235294,5.0,35.1635817805889,41.49153733338309,36.31516808378261,0.0
room_acoustic_data_room_3937.mat,1.1294117647058823,5.0,35.1635817805889,41.49153733338309,36.31516808378261,0.0
room_acoustic_data_room_3938.mat,1.1411764705882352,5.0,35.1635817805889,41.49153733338309,36.31516808378261,0.0
room_acoustic_data_room_3939.mat,1.1529411764705881,5.0,35.1635817805889,41.49153733338309,36.31516808378261,0.0
room_acoustic_data_room_3940.mat,1.1647058823529413,5.0,35.1635817805889,41.49153733338309,36.31516808378261,0.0
room_acoustic_data_room_3941.mat,1.1764705882352942,5.0,35.1635817805889,41.49153733338309,36.31516808378261,0.0
room_acoustic_data_room_3942.mat,1.188235294117647,5.0,35.1635817805889,41.49153733338309,36.31516808378261,0.0
room_acoustic_data_room_3943.mat,1.2,5.0,35.1635817805889,41.49153733338309,36.31516808378261,0.0
room_acoustic_data_room_3944.mat,1.2117647058823529,5.0,35.1635817805889,41.49153733338309,36.31516808378261,0.0
room_acoustic_data_room_3945.mat,1.223529411764706,5.0,35.1635817805889,41.49153733338309,36.31516808378261,0.0
room_acoustic_data_room_3946.mat,1.2352941176470589,5.0,35.1635817805889,41.49153733338309,36.31516808378261,0.0
room_acoustic_data_room_3947.mat,1.2470588235294118,5.0,35.1635817805889,41.49153733338309,36.31516808378261,0.0
room_acoustic_data_room_3948.mat,1.2588235294117647,5.0,35.1635817805889,41.49153733338309,36.31516808378261,0.0
room_acoustic_data_room_3949.mat,1.2705882352941176,5.0,35.1635817805889,41.49153733338309,36.31516808378261,0.0
room_acoustic_data_room_3950.mat,1.2823529411764707,5.0,35.1635817805889,41.49153733338309,36.31516808378261,0.0
room_acoustic_data_room_3951.mat,1.2941176470588236,5.0,35.1635817805889,41.49153733338309,36.31516808378261,0.0
room_acoustic_data_room_3952.mat,1.3058823529411765,5.0,35.1635817805889,41.49153733338309,36.31516808378261,0.0
room_acoustic_data_room_3953.mat,1.3176470588235294,5.0,35.1635817805889,41.49153733338309,36.31516808378261,0.0
room_acoustic_data_room_3954.mat,1.3294117647058823,5.0,35.1635817805889,41.49153733338309,36.31516808378261,0.0
room_acoustic_data_room_3955.mat,1.3411764705882352,5.0,35.1635817805889,41.49153733338309,36.31516808378261,0.0
room_acoustic_data_room_3956.mat,1.3529411764705883,5.0,35.1635817805889,41.49153733338309,36.31516808378261,0.0
room_acoustic_data_room_3957.mat,1.3647058823529412,5.0,35.1635817805889,41.49153733338309,36.31516808378261,0.0
room_acoustic_data_room_3958.mat,1.3764705882352941,5.0,35.1635817805889,41.49153733338309,36.31516808378261,0.0
room_acoustic_data_room_3959.mat,1.388235294117647,5.0,35.1635817805889,41.49153733338309,36.31516808378261,0.0
room_acoustic_data_room_3960.mat,1.4,5.0,35.1635817805889,41.49153733338309,36.31516808378261,0.0
room_acoustic_data_room_3961.mat,1.411764705882353,5.0,35.1635817805889,41.49153733338309,36.31516808378261,0.0
room_acoustic_data_room_3962.mat,1.423529411764706,5.0,35.1635817805889,41.49153733338309,36.31516808378261,0.0
room_acoustic_data_room_3963.mat,1.4352941176470588,5.0,35.1635817805889,41.49153733338309,36.31516808378261,0.0
room_acoustic_data_room_3964.mat,1.4470588235294117,5.0,35.1635817805889,41.49153733338309,36.31516808378261,0.0
room_acoustic_data_room_3965.mat,1.4588235294117646,5.0,35.1635817805889,41.49153733338309,36.31516808378261,0.0
room_acoustic_data_room_3966.mat,1.4705882352941178,5.0,35.1635817805889,41.49153733338309,36.31516808378261,0.0
room_acoustic_data_room_3967.mat,1.4823529411764707,5.0,35.1635817805889,41.49153733338309,36.31516808378261,0.0
room_acoustic_data_room_3968.mat,1.4941176470588236,5.0,35.1635817805889,41.49153733338309,36.31516808378261,0.0
room_acoustic_data_room_3969.mat,1.5058823529411764,5.0,35.1635817805889,41.49153733338309,36.31516808378261,0.0
room_acoustic_data_room_3970.mat,1.5176470588235293,5.0,35.1635817805889,41.49153733338309,36.31516808378261,0.0
room_acoustic_data_room_3971.mat,1.5294117647058822,5.0,35.1635817805889,41.49153733338309,36.31516808378261,0.0
room_acoustic_data_room_3972.mat,1.5411764705882354,5.0,35.1635817805889,41.49153733338309,36.31516808378261,0.0
room_acoustic_data_room_3973.mat,1.5529411764705883,5.0,35.1635817805889,41.49153733338309,36.31516808378261,0.0
room_acoustic_data_room_3974.mat,1.5647058823529412,5.0,35.1635817805889,41.49153733338309,36.31516808378261,0.0
room_acoustic_data_room_3975.mat,1.576470588235294,5.0,35.1635817805889,41.49153733338309,36.31516808378261,0.0
room_acoustic_data_room_3976.mat,1.588235294117647,5.0,35.1635817805889,41.49153733338309,36.31516808378261,0.0
room_acoustic_data_room_3977.mat,1.6,5.0,35.1635817805889,41.49153733338309,36.31516808378261,0.0
room_acoustic_data_room_3978.mat,1.611764705882353,5.0,35.1635817805889,41.49153733338309,36.31516808378261,0.0
room_acoustic_data_room_3979.mat,1.6235294117647059,5.0,35.1635817805889,41.49153733338309,36.31516808378261,0.0
room_acoustic_data_room_3980.mat,1.6352941176470588,5.0,35.1635817805889,41.49153733338309,36.31516808378261,0.0
room_acoustic_data_room_3981.mat,1.6470588235294117,5.0,35.1635817805889,41.49153733338309,36.31516808378261,0.0
room_acoustic_data_room_3982.mat,1.6588235294117648,5.0,35.1635817805889,41.49153733338309,36.31516808378261,0.0
room_acoustic_data_room_3983.mat,1.6705882352941177,5.0,35.1635817805889,41.49153733338309,36.31516808378261,0.0
room_acoustic_data_room_3984.mat,1.6823529411764706,5.0,35.1635817805889,41.49153733338309,36.31516808378261,0.0
room_acoustic_data_room_3985.mat,1.6941176470588235,5.0,35.1635817805889,41.49153733338309,36.31516808378261,0.0
room_acoustic_data_room_3986.mat,1.7058823529411764,5.0,35.1635817805889,41.49153733338309,36.31516808378261,0.0
room_acoustic_data_room_3987.mat,1.7176470588235293,5.0,35.1635817805889,41.49153733338309,36.31516808378261,0.0
room_acoustic_data_room_3988.mat,1.7294117647058824,5.0,35.1635817805889,41.49153733338309,36.31516808378261,0.0
room_acoustic_data_room_3989.mat,1.7411764705882353,5.0,35.1635817805889,41.49153733338309,36.31516808378261,0.0
room_acoustic_data_room_3990.mat,1.7529411764705882,5.0,35.1635817805889,41.49153733338309,36.31516808378261,0.0
room_acoustic_data_room_3991.mat,1.7647058823529411,5.0,35.1635817805889,41.49153733338309,36.31516808378261,0.0
room_acoustic_data_room_3992.mat,1.776470588235294,5.0,35.1635817805889,41.49153733338309,36.31516808378261,0.0
room_acoustic_data_room_3993.mat,1.7882352941176471,5.0,35.1635817805889,41.49153733338309,36.31516808378261,0.0
room_acoustic_data_room_3994.mat,1.8,5.0,35.1635817805889,41.49153733338309,36.31516808378261,0.0
room_acoustic_data_room_3995.mat,1.811764705882353,5.0,35.1635817805889,41.49153733338309,36.31516808378261,0.0
room_acoustic_data_room_3996.mat,1.8235294117647058,5.0,35.1635817805889,41.49153733338309,36.31516808378261,0.0
room_acoustic_data_room_3997.mat,1.8352941176470587,5.0,35.1635817805889,41.49153733338309,36.31516808378261,0.0
room_acoustic_data_room_3998.mat,1.8470588235294119,5.0,35.1635817805889,41.49153733338309,36.31516808378261,0.0
room_acoustic_data_room_3999.mat,1.8588235294117648,5.0,35.1635817805889,41.49153733338309,36.31516808378261,0.0
room_acoustic_data_room_4000.mat,1.8705882352941177,5.0,35.1635817805889,41.49153733338309,36.31516808378261,0.0
room_acoustic_data_room_4001.mat,1.8823529411764706,5.0,35.1635817805889,41.49153733338309,36.31516808378261,0.0
room_acoustic_data_room_4002.mat,1.8941176470588235,5.0,35.1635817805889,41.49153733338309,36.31516808378261,0.0
room_acoustic_data_room_4003.mat,1.9058823529411764,5.0,35.1635817805889,41.49153733338309,36.31516808378261,0.0
room_acoustic_data_room_4004.mat,1.9176470588235295,5.0,35.1635817805889,41.49153733338309,36.31516808378261,0.0
room_acoustic_data_room_4005.mat,1.9294117647058824,5.0,35.1635817805889,41.49153733338309,36.31516808378261,0.0
room_acoustic_data_room_4006.mat,1.9411764705882353,5.0,35.1635817805889,41.49153733338309,36.31516808378261,0.0
room_acoustic_data_room_4007.mat,1.9529411764705882,5.0,35.1635817805889,41.49153733338309,36.31516808378261,0.0
room_acoustic_data_room_4008.mat,1.964705882352941,5.0,35.1635817805889,41.49153733338309,36.31516808378261,0.0
room_acoustic_data_room_4009.mat,1.9764705882352942,5.0,35.1635817805889,41.49153733338309,36.31516808378261,0.0
room_acoustic_data_room_4010.mat,1.988235294117647,5.0,35.1635817805889,41.49153733338309,36.31516808378261,0.0
room_acoustic_data_room_4011.mat,2.0,5.0,35.1635817805889,41.49153733338309,36.31516808378261,0.0
room_acoustic_data_room_4012.mat,2.011764705882353,5.0,35.1635817805889,41.49153733338309,36.31516808378261,0.0
room_acoustic_data_room_4013.mat,2.023529411764706,5.0,35.1635817805889,41.49153733338309,36.31516808378261,0.0
room_acoustic_data_room_4014.mat,2.0352941176470587,5.0,35.1635817805889,41.49153733338309,36.31516808378261,0.0
room_acoustic_data_room_4015.mat,2.0470588235294116,5.0,35.1635817805889,41.49153733338309,36.31516808378261,0.0
room_acoustic_data_room_4016.mat,2.0588235294117645,5.0,35.1635817805889,41.49153733338309,36.31516808378261,0.0
room_acoustic_data_room_4017.mat,2.070588235294118,5.0,35.1635817805889,41.49153733338309,36.31516808378261,0.0
room_acoustic_data_room_4018.mat,2.0823529411764707,5.0,35.1635817805889,41.49153733338309,36.31516808378261,0.0
room_acoustic_data_room_4019.mat,2.0941176470588236,5.0,35.1635817805889,41.49153733338309,36.31516808378261,0.0
room_acoustic_data_room_4020.mat,2.1058823529411765,5.0,35.1635817805889,41.49153733338309,36.31516808378261,0.0
room_acoustic_data_room_4021.mat,2.1176470588235294,5.0,35.1635817805889,41.49153733338309,36.31516808378261,0.0
room_acoustic_data_room_4022.mat,2.1294117647058823,5.0,35.1635817805889,41.49153733338309,36.31516808378261,0.0
room_acoustic_data_room_4023.mat,2.1411764705882352,5.0,35.1635817805889,41.49153733338309,36.31516808378261,0.0
room_acoustic_data_room_4024.mat,2.152941176470588,5.0,35.1635817805889,41.49153733338309,36.31516808378261,0.0
room_acoustic_data_room_4025.mat,2.164705882352941,5.0,35.1635817805889,41.49153733338309,36.31516808378261,0.0
room_acoustic_data_room_4026.mat,2.176470588235294,5.0,35.1635817805889,41.49153733338309,36.31516808378261,0.0
room_acoustic_data_room_4027.mat,2.1882352941176473,5.0,35.1635817805889,41.49153733338309,36.31516808378261,0.0
room_acoustic_data_room_4028.mat,2.2,5.0,35.1635817805889,41.49153733338309,36.31516808378261,0.0
room_acoustic_data_room_4029.mat,2.211764705882353,5.0,35.1635817805889,41.49153733338309,36.31516808378261,0.0
room_acoustic_data_room_4030.mat,2.223529411764706,5.0,35.1635817805889,41.49153733338309,36.31516808378261,0.0
room_acoustic_data_room_4031.mat,2.235294117647059,5.0,35.1635817805889,41.49153733338309,36.31516808378261,0.0
room_acoustic_data_room_4032.mat,2.2470588235294118,5.0,35.1635817805889,41.49153733338309,36.31516808378261,0.0
room_acoustic_data_room_4033.mat,2.2588235294117647,5.0,35.1635817805889,41.49153733338309,36.31516808378261,0.0
room_acoustic_data_room_4034.mat,2.2705882352941176,5.0,35.1635817805889,41.49153733338309,36.31516808378261,0.0
room_acoustic_data_room_4035.mat,2.2823529411764705,5.0,35.1635817805889,41.49153733338309,36.31516808378261,0.0
room_acoustic_data_room_4036.mat,2.2941176470588234,5.0,35.1635817805889,41.49153733338309,36.31516808378261,0.0
room_acoustic_data_room_4037.mat,2.3058823529411763,5.0,35.1635817805889,41.49153733338309,36.31516808378261,0.0
room_acoustic_data_room_4038.mat,2.3176470588235296,5.0,35.1635817805889,41.49153733338309,36.31516808378261,0.0
room_acoustic_data_room_4039.mat,2.3294117647058825,5.0,35.1635817805889,41.49153733338309,36.31516808378261,0.0
room_acoustic_data_room_4040.mat,2.3411764705882354,5.0,35.1635817805889,41.49153733338309,36.31516808378261,0.0
room_acoustic_data_room_4041.mat,2.3529411764705883,5.0,35.1635817805889,41.49153733338309,36.31516808378261,0.0
room_acoustic_data_room_4042.mat,2.364705882352941,5.0,35.1635817805889,41.49153733338309,36.31516808378261,0.0
room_acoustic_data_room_4043.mat,2.376470588235294,5.0,35.1635817805889,41.49153733338309,36.31516808378261,0.0
room_acoustic_data_room_4044.mat,2.388235294117647,5.0,35.1635817805889,41.49153733338309,36.31516808378261,0.0
room_acoustic_data_room_4045.mat,2.4,5.0,35.1635817805889,41.49153733338309,36.31516808378261,0.0
room_acoustic_data_room_4046.mat,2.411764705882353,5.0,35.1635817805889,41.49153733338309,36.31516808378261,0.0
room_acoustic_data_room_4047.mat,2.4235294117647057,5.0,35.1635817805889,41.49153733338309,36.31516808378261,0.0
room_acoustic_data_room_4048.mat,2.4352941176470586,5.0,35.1635817805889,41.49153733338309,36.31516808378261,0.0
room_acoustic_data_room_4049.mat,2.447058823529412,5.0,35.1635817805889,41.49153733338309,36.31516808378261,0.0
room_acoustic_data_room_4050.mat,2.458823529411765,5.0,35.1635817805889,41.49153733338309,36.31516808378261,0.0
room_acoustic_data_room_4051.mat,2.4705882352941178,5.0,35.1635817805889,41.49153733338309,36.31516808378261,0.0
room_acoustic_data_room_4052.mat,2.4823529411764707,5.0,35.1635817805889,41.49153733338309,36.31516808378261,0.0
room_acoustic_data_room_4053.mat,2.4941176470588236,5.0,35.1635817805889,41.49153733338309,36.31516808378261,0.0
room_acoustic_data_room_4054.mat,2.5058823529411764,5.0,35.1635817805889,41.49153733338309,36.31516808378261,0.0
room_acoustic_data_room_4055.mat,2.5176470588235293,5.0,35.1635817805889,41.49153733338309,36.31516808378261,0.0
room_acoustic_data_room_4056.mat,2.5294117647058822,5.0,35.1635817805889,41.49153733338309,36.31516808378261,0.0
room_acoustic_data_room_4057.mat,2.541176470588235,5.0,35.1635817805889,41.49153733338309,36.31516808378261,0.0
room_acoustic_data_room_4058.mat,2.552941176470588,5.0,35.1635817805889,41.49153733338309,36.31516808378261,0.0
room_acoustic_data_room_4059.mat,2.5647058823529414,5.0,35.1635817805889,41.49153733338309,36.31516808378261,0.0
room_acoustic_data_room_4060.mat,2.5764705882352943,5.0,35.1635817805889,41.49153733338309,36.31516808378261,0.0
room_acoustic_data_room_4061.mat,2.588235294117647,5.0,35.1635817805889,41.49153733338309,36.31516808378261,0.0
room_acoustic_data_room_4062.mat,2.6,5.0,35.1635817805889,41.49153733338309,36.31516808378261,0.0
room_acoustic_data_room_4063.mat,2.611764705882353,5.0,35.1635817805889,41.49153733338309,36.31516808378261,0.0
room_acoustic_data_room_4064.mat,2.623529411764706,5.0,35.1635817805889,41.49153733338309,36.31516808378261,0.0
room_acoustic_data_room_4065.mat,2.635294117647059,5.0,35.1635817805889,41.49153733338309,36.31516808378261,0.0
room_acoustic_data_room_4066.mat,2.6470588235294117,5.0,35.1635817805889,41.49153733338309,36.31516808378261,0.0
room_acoustic_data_room_4067.mat,2.6588235294117646,5.0,35.1635817805889,41.49153733338309,36.31516808378261,0.0
room_acoustic_data_room_4068.mat,2.6705882352941175,5.0,35.1635817805889,41.49153733338309,36.31516808378261,0.0
room_acoustic_data_room_4069.mat,2.6823529411764704,5.0,35.1635817805889,41.49153733338309,36.31516808378261,0.0
room_acoustic_data_room_4070.mat,2.6941176470588237,5.0,35.1635817805889,41.49153733338309,36.31516808378261,0.0
room_acoustic_data_room_4071.mat,2.7058823529411766,5.0,35.1635817805889,41.49153733338309,36.31516808378261,0.0
room_acoustic_data_room_4072.mat,2.7176470588235295,5.0,35.1635817805889,41.49153733338309,36.31516808378261,0.0
room_acoustic_data_room_4073.mat,2.7294117647058824,5.0,35.1635817805889,41.49153733338309,36.31516808378261,0.0
room_acoustic_data_room_4074.mat,2.7411764705882353,5.0,35.1635817805889,41.49153733338309,36.31516808378261,0.0
room_acoustic_data_room_4075.mat,2.7529411764705882,5.0,35.1635817805889,41.49153733338309,36.31516808378261,0.0
room_acoustic_data_room_4076.mat,2.764705882352941,5.0,35.1635817805889,41.49153733338309,36.31516808378261,0.0
room_acoustic_data_room_4077.mat,2.776470588235294,5.0,35.1635817805889,41.49153733338309,36.31516808378261,0.0
room_acoustic_data_room_4078.mat,2.788235294117647,5.0,35.1635817805889,41.49153733338309,36.31516808378261,0.0
room_acoustic_data_room_4079.mat,2.8,5.0,35.1635817805889,41.49153733338309,36.31516808378261,0.0
room_acoustic_data_room_4080.mat,2.8117647058823527,5.0,35.1635817805889,41.49153733338309,36.31516808378261,0.0
room_acoustic_data_room_4081.mat,2.823529411764706,5.0,35.1635817805889,41.49153733338309,36.31516808378261,0.0
room_acoustic_data_room_4082.mat,2.835294117647059,5.0,35.1635817805889,41.49153733338309,36.31516808378261,0.0
room_acoustic_data_room_4083.mat,2.847058823529412,5.0,35.1635817805889,41.49153733338309,36.31516808378261,0.0
room_acoustic_data_room_4084.mat,2.8588235294117648,5.0,35.1635817805889,41.49153733338309,36.31516808378261,0.0
room_acoustic_data_room_4085.mat,2.8705882352941177,5.0,35.1635817805889,41.49153733338309,36.31516808378261,0.0
room_acoustic_data_room_4086.mat,2.8823529411764706,5.0,35.1635817805889,41.49153733338309,36.31516808378261,0.0
room_acoustic_data_room_4087.mat,2.8941176470588235,5.0,35.1635817805889,41.49153733338309,36.31516808378261,0.0
room_acoustic_data_room_4088.mat,2.9058823529411764,5.0,35.1635817805889,41.49153733338309,36.31516808378261,0.0
room_acoustic_data_room_4089.mat,2.9176470588235293,5.0,35.1635817805889,41.49153733338309,36.31516808378261,0.0
room_acoustic_data_room_4090.mat,2.929411764705882,5.0,35.1635817805889,41.49153733338309,36.31516808378261,0.0
room_acoustic_data_room_4091.mat,2.9411764705882355,5.0,35.1635817805889,41.49153733338309,36.31516808378261,0.0
room_acoustic_data_room_4092.mat,2.9529411764705884,5.0,35.1635817805889,41.49153733338309,36.31516808378261,0.0
room_acoustic_data_room_4093.mat,2.9647058823529413,5.0,35.1635817805889,41.49153733338309,36.31516808378261,0.0
room_acoustic_data_room_4094.mat,2.976470588235294,5.0,35.1635817805889,41.49153733338309,36.31516808378261,0.0
room_acoustic_data_room_4095.mat,2.988235294117647,5.0,35.1635817805889,41.49153733338309,36.31516808378261,0.0
room_acoustic_data_room_4096.mat,3.0,5.0,35.1635817805889,41.49153733338309,36.31516808378261,0.0
