filename,source_x,source_y,PSNR_Mag,PSNR_Real,PSNR_Imag,NMSE_dB
room_acoustic_data_room_0001.mat,-0.5,0.0,28.88943055776252,31.860986979321137,30.431918053765553,-6.789251622689772
room_acoustic_data_room_0002.mat,-0.5,0.011764705882352941,29.033668382561682,32.197517708593175,30.43135590886412,-7.146067502518325
room_acoustic_data_room_0003.mat,-0.5,0.023529411764705882,29.1048371746699,32.43410882543681,30.38453145218813,-7.483866570668603
room_acoustic_data_room_0004.mat,-0.5,0.03529411764705882,29.069849779664054,32.509274111274834,30.26441042604516,-7.779980412557586
room_acoustic_data_room_0005.mat,-0.5,0.047058823529411764,28.893551249221776,32.361331778860134,30.05490248290051,-8.009599239182021
room_acoustic_data_room_0006.mat,-0.5,0.058823529411764705,28.55432540765758,31.930571070629732,29.747051387416818,-8.160358423470093
room_acoustic_data_room_0007.mat,-0.5,0.07058823529411765,28.02260376958182,31.21034451064428,29.32216863843113,-8.2098390632549
room_acoustic_data_room_0008.mat,-0.5,0.08235294117647059,27.276586186808952,30.190421740443018,28.73718019897089,-8.140683494338191
room_acoustic_data_room_0009.mat,-0.5,0.09411764705882353,26.575260939148112,29.292396100461644,28.165275619441683,-8.051006789927971
room_acoustic_data_room_0010.mat,-0.5,0.10588235294117647,26.452553124297488,28.965814054870172,28.128126032680264,-8.113235501595884
room_acoustic_data_room_0011.mat,-0.5,0.11764705882352941,26.187381726913035,28.549395497295613,27.9476814039856,-8.12732423834801
room_acoustic_data_room_0012.mat,-0.5,0.12941176470588237,25.720758983501334,28.0270059483866,27.585974476091515,-8.040582581494883
room_acoustic_data_room_0013.mat,-0.5,0.1411764705882353,25.087008104406713,27.422975574207452,27.086480751408523,-7.888807120298066
room_acoustic_data_room_0014.mat,-0.5,0.15294117647058825,24.74858239225867,27.111722549278838,26.83721403594449,-7.860921436314772
room_acoustic_data_room_0015.mat,-0.5,0.16470588235294117,25.034741833758524,27.33526435420618,27.195629997556384,-7.944907216978222
room_acoustic_data_room_0016.mat,-0.5,0.17647058823529413,25.18989147781324,27.45968887882743,27.42612038713469,-8.001034643899835
room_acoustic_data_room_0017.mat,-0.5,0.18823529411764706,25.240795465100927,27.505508332887704,27.56823055162229,-8.054542790450089
room_acoustic_data_room_0018.mat,-0.5,0.2,25.191435684102967,27.49503799534481,27.580223135329007,-8.107064541644831
room_acoustic_data_room_0019.mat,-0.5,0.21176470588235294,25.05208218198105,27.41973366002692,27.47311012855834,-8.167019555646602
room_acoustic_data_room_0020.mat,-0.5,0.2235294117647059,24.78572462166657,27.22203317133541,27.220629824783256,-8.195799132113002
room_acoustic_data_room_0021.mat,-0.5,0.23529411764705882,24.376027876068402,26.873181597187013,26.807191580350498,-8.174369425127246
room_acoustic_data_room_0022.mat,-0.5,0.24705882352941178,24.54310904427345,27.032040165163718,26.974261176687534,-8.267974860927492
room_acoustic_data_room_0023.mat,-0.5,0.25882352941176473,24.83680729602288,27.307315176846075,27.27473029531759,-8.346277370178939
room_acoustic_data_room_0024.mat,-0.5,0.27058823529411763,24.999711748426144,27.461986436495813,27.45385683325771,-8.385984431818553
room_acoustic_data_room_0025.mat,-0.5,0.2823529411764706,25.055847751499705,27.53918306709774,27.50777133418197,-8.411620393468594
room_acoustic_data_room_0026.mat,-0.5,0.29411764705882354,24.997361987382373,27.51432838744515,27.430062701621388,-8.414942767719122
room_acoustic_data_room_0027.mat,-0.5,0.3058823529411765,24.847347575890307,27.424583082504054,27.247537680183562,-8.418527467084559
room_acoustic_data_room_0028.mat,-0.5,0.3176470588235294,24.59634885126192,27.24241332865676,26.964445102176487,-8.41215423737404
room_acoustic_data_room_0029.mat,-0.5,0.32941176470588235,24.23403088022752,26.952919389166524,26.57874566968134,-8.383563908581483
room_acoustic_data_room_0030.mat,-0.5,0.3411764705882353,24.083125416638183,26.846996630666837,26.42167178255951,-8.394538605278326
room_acoustic_data_room_0031.mat,-0.5,0.35294117647058826,24.440953588215606,27.222406478788272,26.772799679142743,-8.506555282248176
room_acoustic_data_room_0032.mat,-0.5,0.36470588235294116,24.669608223106636,27.455899624759365,27.01409345213807,-8.576593890818373
room_acoustic_data_room_0033.mat,-0.5,0.3764705882352941,24.781082062718745,27.590842757747716,27.12695536867625,-8.618843501366362
room_acoustic_data_room_0034.mat,-0.5,0.38823529411764707,24.802315704326897,27.649586382335485,27.14823354000503,-8.661044034817705
room_acoustic_data_room_0035.mat,-0.5,0.4,24.730303585687036,27.619141128376356,27.071566959528784,-8.70040271823725
room_acoustic_data_room_0036.mat,-0.5,0.4117647058823529,24.552828775720418,27.483438411710477,26.891211035480843,-8.72448815465407
room_acoustic_data_room_0037.mat,-0.5,0.4235294117647059,24.2156473349333,27.17237654522732,26.565477499709594,-8.677830330576668
room_acoustic_data_room_0038.mat,-0.5,0.43529411764705883,23.721094618438702,26.688703524760836,26.08763342424441,-8.559590302197659
room_acoustic_data_room_0039.mat,-0.5,0.4470588235294118,24.111740847241187,27.027112600898135,26.477906259343158,-8.684217045737698
room_acoustic_data_room_0040.mat,-0.5,0.4588235294117647,24.392282404210093,27.234309321688368,26.77578639064454,-8.76191536641696
room_acoustic_data_room_0041.mat,-0.5,0.47058823529411764,24.527783257815564,27.298675851580867,26.932716379065262,-8.783931333079376
room_acoustic_data_room_0042.mat,-0.5,0.4823529411764706,24.522605317919705,27.233687781972655,26.949763585352756,-8.75628178865621
room_acoustic_data_room_0043.mat,-0.5,0.49411764705882355,24.416971341317968,27.090797501376848,26.862612150525493,-8.719859166187016
room_acoustic_data_room_0044.mat,-0.5,0.5058823529411764,24.208465429613018,26.879103216490687,26.657338080377293,-8.67228886140998
room_acoustic_data_room_0045.mat,-0.5,0.5176470588235295,23.85355677100371,26.54037933283628,26.313724756012753,-8.569126485301757
room_acoustic_data_room_0046.mat,-0.5,0.5294117647058824,23.356674502600047,26.067319308547233,25.833887363231838,-8.412154198102263
room_acoustic_data_room_0047.mat,-0.5,0.5411764705882353,23.492420776695994,26.209701521508528,25.965878910158132,-8.429318071182943
room_acoustic_data_room_0048.mat,-0.5,0.5529411764705883,23.804236435989328,26.498326588836875,26.291741789840877,-8.494110484997773
room_acoustic_data_room_0049.mat,-0.5,0.5647058823529412,23.9886782462411,26.67687541444268,26.489101257842712,-8.522137273481716
room_acoustic_data_room_0050.mat,-0.5,0.5764705882352941,24.069794760461058,26.754530866490583,26.58730053482899,-8.539521887887629
room_acoustic_data_room_0051.mat,-0.5,0.5882352941176471,24.05300843258476,26.747346878757266,26.581826563619003,-8.552567390127344
room_acoustic_data_room_0052.mat,-0.5,0.6,23.938766505517926,26.655870350835666,26.46607870349774,-8.561906234907779
room_acoustic_data_room_0053.mat,-0.5,0.611764705882353,23.700550187885227,26.4537621751294,26.21419136418624,-8.540364273444274
room_acoustic_data_room_0054.mat,-0.5,0.6235294117647059,23.319207374489768,26.09012459534884,25.829307337932352,-8.466603788222367
room_acoustic_data_room_0055.mat,-0.5,0.6352941176470588,23.34153320120668,26.058089384518723,25.878427529337618,-8.489451095978966
room_acoustic_data_room_0056.mat,-0.5,0.6470588235294118,23.73377818008943,26.36091184353626,26.307519770617766,-8.598126220300568
room_acoustic_data_room_0057.mat,-0.5,0.6588235294117647,23.98264224359922,26.523038036920138,26.598973667779493,-8.655217567760964
room_acoustic_data_room_0058.mat,-0.5,0.6705882352941176,24.114269644019444,26.592002676050555,26.755512530503395,-8.689274406893016
room_acoustic_data_room_0059.mat,-0.5,0.6823529411764706,24.124433623295147,26.57725431684302,26.773256802375425,-8.697042647569285
room_acoustic_data_room_0060.mat,-0.5,0.6941176470588235,24.002165989903304,26.458800925962656,26.654942374159173,-8.667720402649215
room_acoustic_data_room_0061.mat,-0.5,0.7058823529411765,23.745004489161058,26.241544660635064,26.385521661641484,-8.59824525991884
room_acoustic_data_room_0062.mat,-0.5,0.7176470588235294,23.389568070990002,25.933214912117116,26.007828671773684,-8.523298220125227
room_acoustic_data_room_0063.mat,-0.5,0.7294117647058823,23.229898670940635,25.80753066513905,25.843423093859982,-8.487547791983365
room_acoustic_data_room_0064.mat,-0.5,0.7411764705882353,23.604152669394637,26.184667192523516,26.229551743322894,-8.553381520937705
room_acoustic_data_room_0065.mat,-0.5,0.7529411764705882,23.855816593281777,26.43769053358584,26.496807057962172,-8.58844343590554
room_acoustic_data_room_0066.mat,-0.5,0.7647058823529411,24.019326182842743,26.589401122943386,26.685036391374407,-8.629893109594708
room_acoustic_data_room_0067.mat,-0.5,0.7764705882352941,24.085233280272142,26.657351906121676,26.7586463297529,-8.669388185577127
room_acoustic_data_room_0068.mat,-0.5,0.788235294117647,24.04932181881461,26.64287309407916,26.7117065793426,-8.702905638019695
room_acoustic_data_room_0069.mat,-0.5,0.8,23.917937217599917,26.54815249991344,26.552482894918242,-8.736270283957872
room_acoustic_data_room_0070.mat,-0.5,0.8117647058823529,23.64827784416161,26.317068564704446,26.25088023118089,-8.725001837976375
room_acoustic_data_room_0071.mat,-0.5,0.8235294117647058,23.344825845925385,26.028527037570935,25.92299781626634,-8.69436368530127
room_acoustic_data_room_0072.mat,-0.5,0.8352941176470589,23.72996154327002,26.3592709476374,26.332283871711276,-8.75364149537557
room_acoustic_data_room_0073.mat,-0.5,0.8470588235294118,23.978213076910446,26.55918137293083,26.592462663468712,-8.766689215969302
room_acoustic_data_room_0074.mat,-0.5,0.8588235294117647,24.120374830520927,26.663361972976606,26.732508110187624,-8.767498405726297
room_acoustic_data_room_0075.mat,-0.5,0.8705882352941177,24.15498151941646,26.658782592923686,26.77731962208162,-8.756004672994788
room_acoustic_data_room_0076.mat,-0.5,0.8823529411764706,24.073897075503066,26.570836095712664,26.693028287544877,-8.7244211222831
room_acoustic_data_room_0077.mat,-0.5,0.8941176470588236,23.896993336553592,26.4203217421692,26.49257644391435,-8.692259492112731
room_acoustic_data_room_0078.mat,-0.5,0.9058823529411765,23.61764735786428,26.188398476669672,26.182625009534807,-8.651527455030019
room_acoustic_data_room_0079.mat,-0.5,0.9176470588235294,23.231194367206797,25.85231502561003,25.766886360169472,-8.594446843360691
room_acoustic_data_room_0080.mat,-0.5,0.9294117647058824,23.50813319804594,26.147487831494132,26.03174518722558,-8.63865036121792
room_acoustic_data_room_0081.mat,-0.5,0.9411764705882353,23.80733026512307,26.45105402325152,26.339651159712574,-8.68450278277924
room_acoustic_data_room_0082.mat,-0.5,0.9529411764705882,23.97756584980489,26.63101243478634,26.522058680195265,-8.694137451068997
room_acoustic_data_room_0083.mat,-0.5,0.9647058823529412,24.037438725709368,26.709254855225936,26.590493990112126,-8.687990405864518
room_acoustic_data_room_0084.mat,-0.5,0.9764705882352941,24.01419417489752,26.729014700700496,26.5487057598452,-8.69392411176738
room_acoustic_data_room_0085.mat,-0.5,0.9882352941176471,23.901268192245237,26.66669923173545,26.406540624642112,-8.705236822712276
room_acoustic_data_room_0086.mat,-0.5,1.0,23.66816032817663,26.482301700088303,26.139627069577273,-8.690389146487574
room_acoustic_data_room_0087.mat,-0.5,1.011764705882353,23.292024384011597,26.133502873034743,25.736328181267424,-8.623935894687918
room_acoustic_data_room_0088.mat,-0.5,1.0235294117647058,23.357853510635493,26.18099980429427,25.803787676366355,-8.623827290652006
room_acoustic_data_room_0089.mat,-0.5,1.035294117647059,23.670190347177943,26.43401948779364,26.13866634285353,-8.661978396163377
room_acoustic_data_room_0090.mat,-0.5,1.0470588235294118,23.917470854213597,26.609628747777588,26.408891858905143,-8.726817017636066
room_acoustic_data_room_0091.mat,-0.5,1.0588235294117647,24.052817359242994,26.669952094623376,26.57567574717586,-8.77379850774253
room_acoustic_data_room_0092.mat,-0.5,1.0705882352941176,24.044776010150514,26.632110348846417,26.57585859615836,-8.772396556617213
room_acoustic_data_room_0093.mat,-0.5,1.0823529411764705,23.909535886534773,26.50966009847012,26.437168925527445,-8.738887217627095
room_acoustic_data_room_0094.mat,-0.5,1.0941176470588236,23.641554317558864,26.28084134922571,26.162600503747274,-8.66698176513745
room_acoustic_data_room_0095.mat,-0.5,1.1058823529411765,23.256045971118674,25.934060574885937,25.77057913143989,-8.569755932180472
room_acoustic_data_room_0096.mat,-0.5,1.1176470588235294,23.121208180772545,25.829852294392637,25.63393611301677,-8.523908951574063
room_acoustic_data_room_0097.mat,-0.5,1.1294117647058823,23.506142409604145,26.21207905203972,26.03771984491896,-8.611467453851443
room_acoustic_data_room_0098.mat,-0.5,1.1411764705882352,23.765573052431304,26.47481563081668,26.303811401839106,-8.664515065705805
room_acoustic_data_room_0099.mat,-0.5,1.1529411764705881,23.895828899135875,26.624981933801493,26.432273806347073,-8.68220348986507
room_acoustic_data_room_0100.mat,-0.5,1.1647058823529413,23.91889436380719,26.676650210585244,26.45092252790605,-8.68774570911945
room_acoustic_data_room_0101.mat,-0.5,1.1764705882352942,23.829143691733165,26.62703416136101,26.34808239487272,-8.675791756502107
room_acoustic_data_room_0102.mat,-0.5,1.188235294117647,23.61777105670575,26.45861960132232,26.11896081760708,-8.637013523914927
room_acoustic_data_room_0103.mat,-0.5,1.2,23.285016730385706,26.1497956737057,25.782889065678344,-8.569883799679099
room_acoustic_data_room_0104.mat,-0.5,1.2117647058823529,22.992603790085457,25.845507768466838,25.50519140434971,-8.51098305373238
room_acoustic_data_room_0105.mat,-0.5,1.223529411764706,23.424591750211754,26.207524300811226,25.960812578461223,-8.6221856444435
room_acoustic_data_room_0106.mat,-0.5,1.2352941176470589,23.73016106808702,26.42402149667273,26.3028374204885,-8.697309889800673
room_acoustic_data_room_0107.mat,-0.5,1.2470588235294118,23.903644519170445,26.517240369400437,26.51092549033895,-8.733987170599152
room_acoustic_data_room_0108.mat,-0.5,1.2588235294117647,23.963260187269736,26.51650131484463,26.598620913563764,-8.751955066332522
room_acoustic_data_room_0109.mat,-0.5,1.2705882352941176,23.89098774327863,26.42852618326224,26.53427315076531,-8.733630166573464
room_acoustic_data_room_0110.mat,-0.5,1.2823529411764707,23.6936035737094,26.257177004806685,26.314771857556174,-8.685435419241195
room_acoustic_data_room_0111.mat,-0.5,1.2941176470588236,23.345167965297776,25.957220575001788,25.941806080824765,-8.579960615951986
room_acoustic_data_room_0112.mat,-0.5,1.3058823529411765,22.84135663374242,25.5151990115517,25.42129011442807,-8.409573442253839
room_acoustic_data_room_0113.mat,-0.5,1.3176470588235294,23.261016356972696,25.93149378438469,25.82750320183142,-8.528622639793223
room_acoustic_data_room_0114.mat,-0.5,1.3294117647058823,23.641376321687467,26.301335457756224,26.194885523975092,-8.655869472645385
room_acoustic_data_room_0115.mat,-0.5,1.3411764705882352,23.899665017918217,26.557509528894727,26.443777427605617,-8.754444555355343
room_acoustic_data_room_0116.mat,-0.5,1.3529411764705883,24.005579565182664,26.690482411647253,26.538217169558102,-8.795878528790142
room_acoustic_data_room_0117.mat,-0.5,1.3647058823529412,23.966482821549224,26.70063190285775,26.47454808676748,-8.788139476408812
room_acoustic_data_room_0118.mat,-0.5,1.3764705882352941,23.792190662693706,26.59120951833916,26.266563844556995,-8.740840801369552
room_acoustic_data_room_0119.mat,-0.5,1.388235294117647,23.484454810152492,26.34321573162879,25.93358671077635,-8.654523394807438
room_acoustic_data_room_0120.mat,-0.5,1.4,23.055961925877746,25.94140742049342,25.505011888983496,-8.538966995308916
room_acoustic_data_room_0121.mat,-0.5,1.411764705882353,23.30155635715991,26.134611501429013,25.759202141431217,-8.630504724404567
room_acoustic_data_room_0122.mat,-0.5,1.423529411764706,23.691707824811292,26.434671075662255,26.170441862744024,-8.746362914243601
room_acoustic_data_room_0123.mat,-0.5,1.4352941176470588,23.939411797800425,26.59895937585987,26.446077987508232,-8.812881273011893
room_acoustic_data_room_0124.mat,-0.5,1.4470588235294117,24.07338272483059,26.67466315895229,26.599717894115344,-8.860978002407679
room_acoustic_data_room_0125.mat,-0.5,1.4588235294117646,24.063817434024976,26.64114612193196,26.60688295929406,-8.861650171211874
room_acoustic_data_room_0126.mat,-0.5,1.4705882352941178,23.924804727067254,26.51699218400081,26.482110587076694,-8.828920464316145
room_acoustic_data_room_0127.mat,-0.5,1.4823529411764707,23.643316337942547,26.274830223986434,26.19878194078114,-8.748760343079745
room_acoustic_data_room_0128.mat,-0.5,1.4941176470588236,23.201509382587673,25.9086619345784,25.739651721925718,-8.600764243772796
room_acoustic_data_room_0129.mat,-0.5,1.5058823529411764,23.15867043762724,25.899435022197153,25.694982052731817,-8.557925364749131
room_acoustic_data_room_0130.mat,-0.5,1.5176470588235293,23.526841958025244,26.255836505415484,26.0794866709989,-8.632286106420183
room_acoustic_data_room_0131.mat,-0.5,1.5294117647058822,23.77414081750156,26.491558846328704,26.341308029556586,-8.67825677494012
room_acoustic_data_room_0132.mat,-0.5,1.5411764705882354,23.910421529135178,26.63032694052879,26.482138140792394,-8.7082545631424
room_acoustic_data_room_0133.mat,-0.5,1.5529411764705883,23.90917326434776,26.65978385681923,26.468659155739477,-8.69676891526227
room_acoustic_data_room_0134.mat,-0.5,1.5647058823529412,23.79334263821956,26.589862840364308,26.33237270802335,-8.666812563331284
room_acoustic_data_room_0135.mat,-0.5,1.576470588235294,23.556658855119377,26.40666147639677,26.07179503162767,-8.611314471062322
room_acoustic_data_room_0136.mat,-0.5,1.588235294117647,23.179685220718728,26.076981449613474,25.671256710431408,-8.508634190948145
room_acoustic_data_room_0137.mat,-0.5,1.6,22.955851021556985,25.862705297432992,25.44065125315278,-8.438856816254438
room_acoustic_data_room_0138.mat,-0.5,1.611764705882353,23.408517759770092,26.24836540478013,25.912476585092588,-8.578587135150485
room_acoustic_data_room_0139.mat,-0.5,1.6235294117647059,23.699498208592026,26.464923304584755,26.23747964308595,-8.648149202391377
room_acoustic_data_room_0140.mat,-0.5,1.6352941176470588,23.852192156997432,26.542214176255342,26.435699218523077,-8.673849730565932
room_acoustic_data_room_0141.mat,-0.5,1.6470588235294117,23.861417152432995,26.511637098606492,26.470166460780675,-8.651717097829529
room_acoustic_data_room_0142.mat,-0.5,1.6588235294117648,23.74880146284433,26.39117553694884,26.364446786291573,-8.603582044776756
room_acoustic_data_room_0143.mat,-0.5,1.6705882352941177,23.515018447639974,26.180015168277713,26.121286750101657,-8.529512705230655
room_acoustic_data_room_0144.mat,-0.5,1.6823529411764706,23.154892720850473,25.850062284282203,25.748535296067885,-8.422500171392727
room_acoustic_data_room_0145.mat,-0.5,1.6941176470588235,22.715548618331674,25.43575061503162,25.310447962247068,-8.283766687616323
room_acoustic_data_room_0146.mat,-0.5,1.7058823529411764,23.20148887264192,25.900398235889867,25.812803899259094,-8.436282824043712
room_acoustic_data_room_0147.mat,-0.5,1.7176470588235293,23.528392934638198,26.229754058536514,26.15482412626044,-8.520226118585917
room_acoustic_data_room_0148.mat,-0.5,1.7294117647058824,23.722899337238967,26.43926239504731,26.360531036102095,-8.56554313458796
room_acoustic_data_room_0149.mat,-0.5,1.7411764705882353,23.78041693952468,26.5208651057814,26.420795890207145,-8.569113226588328
room_acoustic_data_room_0150.mat,-0.5,1.7529411764705882,23.71798666414586,26.493741907051515,26.350124504093007,-8.548330755910952
room_acoustic_data_room_0151.mat,-0.5,1.7647058823529411,23.523005593332154,26.32611084713359,26.15388748665302,-8.49015588575164
room_acoustic_data_room_0152.mat,-0.5,1.776470588235294,23.195539658101872,26.020112286729137,25.827485992667118,-8.393135050731225
room_acoustic_data_room_0153.mat,-0.5,1.7882352941176471,22.750806821991723,25.569945134314832,25.385818992736127,-8.26918760828365
room_acoustic_data_room_0154.mat,-0.5,1.8,23.08171340577877,25.857309777519987,25.729004205192435,-8.366582013730396
room_acoustic_data_room_0155.mat,-0.5,1.811764705882353,23.448031399011427,26.166960020770986,26.10990288343636,-8.46727539883596
room_acoustic_data_room_0156.mat,-0.5,1.8235294117647058,23.697270689448004,26.34948367289958,26.383209727357674,-8.543920276792207
room_acoustic_data_room_0157.mat,-0.5,1.8352941176470587,23.81538534309014,26.418912391997466,26.512693057203045,-8.58423819723775
room_acoustic_data_room_0158.mat,-0.5,1.8470588235294119,23.774289916458148,26.368443373370802,26.467991103984122,-8.560665998612363
room_acoustic_data_room_0159.mat,-0.5,1.8588235294117648,23.60264379404785,26.218148785620304,26.282800190655394,-8.501587277252522
room_acoustic_data_room_0160.mat,-0.5,1.8705882352941177,23.306556296915875,25.96335659321077,25.962652776473355,-8.411882784757612
room_acoustic_data_room_0161.mat,-0.5,1.8823529411764706,22.894874317273192,25.603589776532548,25.526682463355964,-8.297576499711356
room_acoustic_data_room_0162.mat,-0.5,1.8941176470588235,23.02568639528522,25.752725715380382,25.64194626793836,-8.339397704644792
room_acoustic_data_room_0163.mat,-0.5,1.9058823529411764,23.41919051812516,26.154790283505665,26.02167495332331,-8.4446192470553
room_acoustic_data_room_0164.mat,-0.5,1.9176470588235295,23.67776237948639,26.420967602266042,26.276616748035796,-8.507114919077065
room_acoustic_data_room_0165.mat,-0.5,1.9294117647058824,23.798512798452464,26.55512390386569,26.399999582789718,-8.526134474905417
room_acoustic_data_room_0166.mat,-0.5,1.9411764705882353,23.80677240826617,26.58485443510827,26.406866907798555,-8.527754602610498
room_acoustic_data_room_0167.mat,-0.5,1.9529411764705882,23.689553982514933,26.49792601945643,26.27794473986483,-8.498901101724602
room_acoustic_data_room_0168.mat,-0.5,1.964705882352941,23.43655000011539,26.27825796968328,26.01141625418066,-8.428338908452853
room_acoustic_data_room_0169.mat,-0.5,1.9764705882352942,23.06711186779246,25.93195386133469,25.634730814838342,-8.333086403988734
room_acoustic_data_room_0170.mat,-0.5,1.988235294117647,22.970160324636346,25.820849418355017,25.537828904359557,-8.302072432540283
room_acoustic_data_room_0171.mat,-0.5,2.0,23.407255412452006,26.19326722519846,25.985780850824618,-8.429484693651254
room_acoustic_data_room_0172.mat,-0.5,2.011764705882353,23.70433961395317,26.4249271991633,26.299315471349672,-8.5083085672576
room_acoustic_data_room_0173.mat,-0.5,2.023529411764706,23.874485244017066,26.523814836370754,26.49670065301724,-8.554215358251431
room_acoustic_data_room_0174.mat,-0.5,2.0352941176470587,23.920830246016994,26.521534096304222,26.561433387321575,-8.571381952764835
room_acoustic_data_room_0175.mat,-0.5,2.0470588235294116,23.843488853659153,26.423945540960105,26.49296840894225,-8.560060325497114
room_acoustic_data_room_0176.mat,-0.5,2.0588235294117645,23.613612527906295,26.201556915598605,26.26839452736922,-8.490784755084665
room_acoustic_data_room_0177.mat,-0.5,2.070588235294118,23.2226348131315,25.8419583958988,25.881196795187805,-8.353151520306648
room_acoustic_data_room_0178.mat,-0.5,2.0823529411764707,22.867404552943853,25.518934317550137,25.527628286277185,-8.230656332593426
room_acoustic_data_room_0179.mat,-0.5,2.0941176470588236,23.360227984545133,26.005353705443397,26.007650064332232,-8.394107207117568
room_acoustic_data_room_0180.mat,-0.5,2.1058823529411765,23.709785194936998,26.349446287285122,26.35986043531455,-8.505050296800665
room_acoustic_data_room_0181.mat,-0.5,2.1176470588235294,23.89933046425238,26.549570114258305,26.551656492708034,-8.549853277565996
room_acoustic_data_room_0182.mat,-0.5,2.1294117647058823,23.963405914062612,26.627215288286486,26.621954242265232,-8.564427653858802
room_acoustic_data_room_0183.mat,-0.5,2.1411764705882352,23.90540851688702,26.597671952740303,26.56282336672951,-8.552530497751661
room_acoustic_data_room_0184.mat,-0.5,2.152941176470588,23.712737895114433,26.436622476469097,26.36800303044271,-8.501212259893357
room_acoustic_data_room_0185.mat,-0.5,2.164705882352941,23.36489892958792,26.115193675599556,26.018645120753927,-8.388576929598742
room_acoustic_data_room_0186.mat,-0.5,2.176470588235294,22.900711551533238,25.638095545721878,25.57680620105723,-8.250247264926509
room_acoustic_data_room_0187.mat,-0.5,2.1882352941176473,23.303867618426718,25.979529386497767,25.99263826171122,-8.380589257814798
room_acoustic_data_room_0188.mat,-0.5,2.2,23.65429584719311,26.265216333268114,26.35718128271943,-8.472626408398806
room_acoustic_data_room_0189.mat,-0.5,2.211764705882353,23.89212984835281,26.434502930057615,26.618015144318758,-8.545711018754266
room_acoustic_data_room_0190.mat,-0.5,2.223529411764706,23.99318607465397,26.492604045643063,26.73703062566863,-8.57733819417636
room_acoustic_data_room_0191.mat,-0.5,2.235294117647059,23.936854154059297,26.42838042786423,26.686902329482507,-8.547418165129546
room_acoustic_data_room_0192.mat,-0.5,2.2470588235294118,23.729923702362722,26.249966696627396,26.46243372830295,-8.462547509477115
room_acoustic_data_room_0193.mat,-0.5,2.2588235294117647,23.403568940703515,25.973050016312747,26.11284450298823,-8.352794656119842
room_acoustic_data_room_0194.mat,-0.5,2.2705882352941176,22.94075527200071,25.568499129564767,25.62942336149821,-8.198401199879065
room_acoustic_data_room_0195.mat,-0.5,2.2823529411764705,23.108551028343367,25.776713834467863,25.762010763956976,-8.242277899756052
room_acoustic_data_room_0196.mat,-0.5,2.2941176470588234,23.496880661422814,26.1758814704897,26.133704942265375,-8.350118307579672
room_acoustic_data_room_0197.mat,-0.5,2.3058823529411763,23.746645673262297,26.429789202704267,26.38526966786365,-8.412197524614024
room_acoustic_data_room_0198.mat,-0.5,2.3176470588235296,23.87978310487652,26.557690599751794,26.528766168208616,-8.4523911145985
room_acoustic_data_room_0199.mat,-0.5,2.3294117647058825,23.901541773841387,26.578219638328417,26.556874117459337,-8.476549290712383
room_acoustic_data_room_0200.mat,-0.5,2.3411764705882354,23.789076954273938,26.48009165763606,26.442357280649496,-8.46166349270716
room_acoustic_data_room_0201.mat,-0.5,2.3529411764705883,23.54163242119379,26.240973197836507,26.201129573147742,-8.406009357089516
room_acoustic_data_room_0202.mat,-0.5,2.364705882352941,23.15967574769791,25.844352061230232,25.84589921455364,-8.307657023116679
room_acoustic_data_room_0203.mat,-0.5,2.376470588235294,23.180945718607873,25.82556284749304,25.888332958574374,-8.328349427385136
room_acoustic_data_room_0204.mat,-0.5,2.388235294117647,23.638748876010858,26.229413695483892,26.35011148719757,-8.478603872465756
room_acoustic_data_room_0205.mat,-0.5,2.4,23.94454129272967,26.474828025781324,26.669800551620895,-8.56778782790564
room_acoustic_data_room_0206.mat,-0.5,2.411764705882353,24.116232262955158,26.587635010296378,26.863371521170237,-8.616010865260522
room_acoustic_data_room_0207.mat,-0.5,2.4235294117647057,24.148317203025215,26.59971399116751,26.896970683329403,-8.618436523021092
room_acoustic_data_room_0208.mat,-0.5,2.4352941176470586,24.06176917620971,26.51848941457566,26.801315494982365,-8.595856959760454
room_acoustic_data_room_0209.mat,-0.5,2.447058823529412,23.829057566119282,26.32454838886302,26.54637525287594,-8.51984824301968
room_acoustic_data_room_0210.mat,-0.5,2.458823529411765,23.466750513014546,26.02294480692698,26.154756088423685,-8.40486640964203
room_acoustic_data_room_0211.mat,-0.5,2.4705882352941178,23.292717342535823,25.90759794513144,25.954219335934468,-8.346152467243385
room_acoustic_data_room_0212.mat,-0.5,2.4823529411764707,23.793851733602295,26.427362466780643,26.435807614437948,-8.507437783682908
room_acoustic_data_room_0213.mat,-0.5,2.4941176470588236,24.157105155113975,26.804932496066115,26.790780846509644,-8.61905172383894
room_acoustic_data_room_0214.mat,-0.5,2.5058823529411764,24.37100588763929,27.0372780976939,26.999404568982733,-8.67211448844525
room_acoustic_data_room_0215.mat,-0.5,2.5176470588235293,24.465263890153448,27.168813145446972,27.0739973807719,-8.697202797698111
room_acoustic_data_room_0216.mat,-0.5,2.5294117647058822,24.43408663430313,27.18654527024739,27.013909575733948,-8.6884604295103
room_acoustic_data_room_0217.mat,-0.5,2.541176470588235,24.2871310790002,27.097474381636466,26.827529007338825,-8.65488554602431
room_acoustic_data_room_0218.mat,-0.5,2.552941176470588,24.010284158170585,26.871800037583693,26.516975859491318,-8.580753506683243
room_acoustic_data_room_0219.mat,-0.5,2.5647058823529414,23.614702800621153,26.50027558783952,26.1061340342104,-8.455014105783121
room_acoustic_data_room_0220.mat,-0.5,2.5764705882352943,24.16135330741318,26.983199420697865,26.642768289864904,-8.625156418817957
room_acoustic_data_room_0221.mat,-0.5,2.588235294117647,24.58099765417153,27.301918133298265,27.07757819230948,-8.753995174353454
room_acoustic_data_room_0222.mat,-0.5,2.6,24.820727478724677,27.454362963948768,27.33527150022624,-8.791880615275993
room_acoustic_data_room_0223.mat,-0.5,2.611764705882353,24.91584972438508,27.508897598251693,27.424461235067767,-8.775407249893293
room_acoustic_data_room_0224.mat,-0.5,2.623529411764706,24.88684091238413,27.448792318984182,27.40548357953617,-8.725297724052805
room_acoustic_data_room_0225.mat,-0.5,2.635294117647059,24.74340725887521,27.305450138870096,27.271443303070484,-8.651049587871078
room_acoustic_data_room_0226.mat,-0.5,2.6470588235294117,24.482425180187054,27.067003878617484,27.02326500420874,-8.548723456185709
room_acoustic_data_room_0227.mat,-0.5,2.6588235294117646,24.092102333404032,26.712894006538328,26.64573890567169,-8.404302256709697
room_acoustic_data_room_0228.mat,-0.5,2.6705882352941175,24.287138207401398,26.88752249920176,26.849364304273312,-8.435754813279466
room_acoustic_data_room_0229.mat,-0.5,2.6823529411764704,24.73661012510943,27.29169150345287,27.293606331733447,-8.55159807788214
room_acoustic_data_room_0230.mat,-0.5,2.6941176470588237,25.050977835046005,27.551277979948253,27.624088434766062,-8.621496375406952
room_acoustic_data_room_0231.mat,-0.5,2.7058823529411766,25.224992736152313,27.694682087537412,27.806815483596367,-8.642109619079125
room_acoustic_data_room_0232.mat,-0.5,2.7176470588235295,25.259413907908247,27.73256889465383,27.82559212344637,-8.614967766028508
room_acoustic_data_room_0233.mat,-0.5,2.7294117647058824,25.171753903160972,27.654088814829734,27.713135107202152,-8.558131881019323
room_acoustic_data_room_0234.mat,-0.5,2.7411764705882353,24.950942985217495,27.431967619048336,27.479348747395292,-8.460976710652195
room_acoustic_data_room_0235.mat,-0.5,2.7529411764705882,24.576554873299834,27.046828132768823,27.093193524243272,-8.302649351777522
room_acoustic_data_room_0236.mat,-0.5,2.764705882352941,24.35190666480193,26.77016843691243,26.853164163704353,-8.148250739094703
room_acoustic_data_room_0237.mat,-0.5,2.776470588235294,24.855430762732695,27.110930207890554,27.299885776599965,-8.263575365516827
room_acoustic_data_room_0238.mat,-0.5,2.788235294117647,25.231228682056166,27.323643860423935,27.640410786860134,-8.344507339436255
room_acoustic_data_room_0239.mat,-0.5,2.8,25.46533182132217,27.400030122083518,27.87108205679371,-8.379816711307358
room_acoustic_data_room_0240.mat,-0.5,2.8117647058823527,25.553122784747853,27.41239084583349,27.934356332884565,-8.366461543165379
room_acoustic_data_room_0241.mat,-0.5,2.823529411764706,25.489939761204855,27.34074411495994,27.813325505102352,-8.301511830007666
room_acoustic_data_room_0242.mat,-0.5,2.835294117647059,25.26158463582297,27.16109444815528,27.510308614364185,-8.17288526752029
room_acoustic_data_room_0243.mat,-0.5,2.847058823529412,24.85595429868511,26.865431082687287,27.021065780280523,-7.969680907930387
room_acoustic_data_room_0244.mat,-0.5,2.8588235294117648,25.190172183365426,27.26231859382159,27.25631585486838,-7.984359757752934
room_acoustic_data_room_0245.mat,-0.5,2.8705882352941177,25.73755456618413,27.833187717432267,27.71697537744221,-8.05244060798442
room_acoustic_data_room_0246.mat,-0.5,2.8823529411764706,26.188450986512578,28.313839264032975,28.112448105837977,-8.125525841492044
room_acoustic_data_room_0247.mat,-0.5,2.8941176470588235,26.458795821076965,28.67138105951639,28.324193261644286,-8.117847240982575
room_acoustic_data_room_0248.mat,-0.5,2.9058823529411764,26.53998745937441,28.956417122663602,28.31899176520323,-8.014538387948342
room_acoustic_data_room_0249.mat,-0.5,2.9176470588235293,27.217394492948767,29.811115341363564,28.858395690599387,-8.09707696625865
room_acoustic_data_room_0250.mat,-0.5,2.929411764705882,27.967756425504312,30.733585640091587,29.47828865996542,-8.168960950921193
room_acoustic_data_room_0251.mat,-0.5,2.9411764705882355,28.579045406662814,31.47435672625186,29.97190421055397,-8.196790055061594
room_acoustic_data_room_0252.mat,-0.5,2.9529411764705884,29.01315574086211,31.971575009620775,30.333229220483595,-8.138492582125368
room_acoustic_data_room_0253.mat,-0.5,2.9647058823529413,29.28822234957821,32.21055360881109,30.60087761012128,-8.005386671758338
room_acoustic_data_room_0254.mat,-0.5,2.976470588235294,29.398297055068127,32.219391218681764,30.764696892451266,-7.782451058506441
room_acoustic_data_room_0255.mat,-0.5,2.988235294117647,29.41367697568436,32.08340295241703,30.871518592611558,-7.529692262676106
room_acoustic_data_room_0256.mat,-0.5,3.0,29.36681112491015,31.856830575310408,30.947459624726147,-7.269116688066175
room_acoustic_data_room_0257.mat,3.5,0.0,30.774711854554795,33.157544444677335,32.18364172388356,-8.674004934819445
room_acoustic_data_room_0258.mat,3.5,0.011764705882352941,30.916418794441036,33.46018134506616,32.17961652653757,-9.028003241708532
room_acoustic_data_room_0259.mat,3.5,0.023529411764705882,30.99863880814343,33.658844844688424,32.144970781055335,-9.376418540099742
room_acoustic_data_room_0260.mat,3.5,0.03529411764705882,30.965860796613942,33.65970230624158,32.06472291827972,-9.674092443165298
room_acoustic_data_room_0261.mat,3.5,0.047058823529411764,30.768816098436034,33.381696114511676,31.898516306616457,-9.882015700949434
room_acoustic_data_room_0262.mat,3.5,0.058823529411764705,30.353547029351397,32.78191778191975,31.580888401264147,-9.955377766298644
room_acoustic_data_room_0263.mat,3.5,0.07058823529411765,29.69693836289863,31.878976318784492,31.106520613436416,-9.87809588361859
room_acoustic_data_room_0264.mat,3.5,0.08235294117647059,28.758576451797722,30.742173209469502,30.417768494501995,-9.614082299047574
room_acoustic_data_room_0265.mat,3.5,0.09411764705882353,27.86413258692193,29.724685320132195,29.717931012794118,-9.336191950998707
room_acoustic_data_room_0266.mat,3.5,0.10588235294117647,27.678559032199757,29.3312152026622,29.62355314191653,-9.333337191238071
room_acoustic_data_room_0267.mat,3.5,0.11764705882352941,27.312045376993694,28.878164495397645,29.320608554829583,-9.243313090278997
room_acoustic_data_room_0268.mat,3.5,0.12941176470588237,26.738721431921036,28.35584662753286,28.852710331484683,-9.046741976894005
room_acoustic_data_room_0269.mat,3.5,0.1411764705882353,26.085134664939055,27.79409955737873,28.34414165399344,-8.872034633750667
room_acoustic_data_room_0270.mat,3.5,0.15294117647058825,25.665651599071513,27.42488212379452,28.042621921916023,-8.78948158746611
room_acoustic_data_room_0271.mat,3.5,0.16470588235294117,26.04081475503557,27.69316145420078,28.49642088875529,-8.96093372862997
room_acoustic_data_room_0272.mat,3.5,0.17647058823529413,26.242165594170427,27.859570564088525,28.771099417259446,-9.062068442652834
room_acoustic_data_room_0273.mat,3.5,0.18823529411764706,26.302949815471045,27.956405067789362,28.885828684392933,-9.124992638680162
room_acoustic_data_room_0274.mat,3.5,0.2,26.236981420671412,27.99025437618402,28.864410722468282,-9.161423618042084
room_acoustic_data_room_0275.mat,3.5,0.21176470588235294,26.03515535967614,27.963995427097515,28.678072625978615,-9.160483785836032
room_acoustic_data_room_0276.mat,3.5,0.2235294117647059,25.699190461284086,27.76301656659326,28.335219285628618,-9.12216645623291
room_acoustic_data_room_0277.mat,3.5,0.23529411764705882,25.200148568937163,27.388571673249416,27.796230800215334,-9.014491686345417
room_acoustic_data_room_0278.mat,3.5,0.24705882352941178,25.38268963053417,27.570250978890996,27.951182241860906,-9.104054666380026
room_acoustic_data_room_0279.mat,3.5,0.25882352941176473,25.712792862267637,27.883537539088962,28.274914412664348,-9.219662710063423
room_acoustic_data_room_0280.mat,3.5,0.27058823529411763,25.898420849839315,28.045027674719417,28.453764093629708,-9.283530899214302
room_acoustic_data_room_0281.mat,3.5,0.2823529411764706,25.96225630582424,28.09703742584372,28.507631481180482,-9.318471573227157
room_acoustic_data_room_0282.mat,3.5,0.29411764705882354,25.91391737814853,28.054781955717523,28.450839862629707,-9.333421552563387
room_acoustic_data_room_0283.mat,3.5,0.3058823529411765,25.74139835644405,27.938583685349986,28.25478056286204,-9.31567463742856
room_acoustic_data_room_0284.mat,3.5,0.3176470588235294,25.459983418405272,27.74042534317013,27.941932337574485,-9.279670612020158
room_acoustic_data_room_0285.mat,3.5,0.32941176470588235,25.007151129172428,27.397814454044127,27.45845345312989,-9.16096763325546
room_acoustic_data_room_0286.mat,3.5,0.3411764705882353,24.840372292170436,27.33484079411027,27.263135445496154,-9.147762661789173
room_acoustic_data_room_0287.mat,3.5,0.35294117647058826,25.266175601724328,27.812825812186226,27.668167978835207,-9.3292101489981
room_acoustic_data_room_0288.mat,3.5,0.36470588235294116,25.53047505635305,28.110080079703938,27.92002204856714,-9.43597759101775
room_acoustic_data_room_0289.mat,3.5,0.3764705882352941,25.654311818184866,28.270843152631034,28.032719816712223,-9.491383930663183
room_acoustic_data_room_0290.mat,3.5,0.38823529411764707,25.645652953579624,28.328387847284958,28.015364665029487,-9.504277129557492
room_acoustic_data_room_0291.mat,3.5,0.4,25.544858959715807,28.303426587303235,27.90336557371898,-9.51528974687361
room_acoustic_data_room_0292.mat,3.5,0.4117647058823529,25.33114924531344,28.14823420401542,27.697576282466777,-9.50345238950369
room_acoustic_data_room_0293.mat,3.5,0.4235294117647059,24.970195841092288,27.82113577907293,27.36330326807805,-9.43320340819639
room_acoustic_data_room_0294.mat,3.5,0.43529411764705883,24.43051896663087,27.274953620093182,26.854948494296526,-9.269859030213436
room_acoustic_data_room_0295.mat,3.5,0.4470588235294118,24.771631230880846,27.539638574459865,27.210465111028807,-9.34227923601491
room_acoustic_data_room_0296.mat,3.5,0.4588235294117647,24.97743194334405,27.643353828036755,27.445290152198826,-9.345380550248409
room_acoustic_data_room_0297.mat,3.5,0.47058823529411764,25.05305607232434,27.620006529604844,27.554404643232786,-9.307579292759634
room_acoustic_data_room_0298.mat,3.5,0.4823529411764706,25.015377241832493,27.517879717688842,27.541794421516492,-9.247394865099489
room_acoustic_data_room_0299.mat,3.5,0.49411764705882355,24.89539525879634,27.3682399970508,27.43229022915415,-9.196512474944344
room_acoustic_data_room_0300.mat,3.5,0.5058823529411764,24.6798213002594,27.167076165890364,27.200119355151845,-9.141723687194244
room_acoustic_data_room_0301.mat,3.5,0.5176470588235295,24.382462207936463,26.88088915564474,26.888411056165538,-9.09597554570418
room_acoustic_data_room_0302.mat,3.5,0.5294117647058824,23.97108794063387,26.483837911048326,26.473752355955327,-9.024445138680889
room_acoustic_data_room_0303.mat,3.5,0.5411764705882353,24.140030772080664,26.631570167431192,26.667434202434194,-9.0783221514349
room_acoustic_data_room_0304.mat,3.5,0.5529411764705883,24.47844324743812,26.94090647178598,27.03577462574057,-9.169334902288002
room_acoustic_data_room_0305.mat,3.5,0.5647058823529412,24.700379189654875,27.14660980095357,27.28736170861197,-9.234522761104582
room_acoustic_data_room_0306.mat,3.5,0.5764705882352941,24.795115765889975,27.24646152059455,27.408316884866338,-9.265266269671876
room_acoustic_data_room_0307.mat,3.5,0.5882352941176471,24.786276325640713,27.27556568575182,27.416892220409746,-9.286074395383086
room_acoustic_data_room_0308.mat,3.5,0.6,24.660682711294232,27.218119621010494,27.294936773874422,-9.283944158652101
room_acoustic_data_room_0309.mat,3.5,0.611764705882353,24.418428169941187,27.03330004644699,27.039709166296323,-9.258296931895035
room_acoustic_data_room_0310.mat,3.5,0.6235294117647059,24.00975685573894,26.650390673594636,26.63321348820375,-9.157174384437633
room_acoustic_data_room_0311.mat,3.5,0.6352941176470588,23.992449230229006,26.60579541776923,26.634987847585194,-9.140426006513486
room_acoustic_data_room_0312.mat,3.5,0.6470588235294118,24.327155035092012,26.86971224116753,27.002999364388515,-9.191530086963155
room_acoustic_data_room_0313.mat,3.5,0.6588235294117647,24.513855275060294,26.97288316343873,27.22872449672959,-9.186442186771927
room_acoustic_data_room_0314.mat,3.5,0.6705882352941176,24.578154452675015,26.973251851173696,27.324373756236767,-9.153164068751135
room_acoustic_data_room_0315.mat,3.5,0.6823529411764706,24.547936693050325,26.91116254101599,27.30390948984864,-9.120547995493528
room_acoustic_data_room_0316.mat,3.5,0.6941176470588235,24.43043476343762,26.774935619602775,27.17903528864219,-9.09599064678972
room_acoustic_data_room_0317.mat,3.5,0.7058823529411765,24.189441640699272,26.550314460920333,26.915676262270022,-9.042683706903421
room_acoustic_data_room_0318.mat,3.5,0.7176470588235294,23.821981876621365,26.2110700044453,26.533578270290793,-8.95571330420275
room_acoustic_data_room_0319.mat,3.5,0.7294117647058823,23.657868067231767,26.080098891262352,26.3500131400655,-8.915517736683809
room_acoustic_data_room_0320.mat,3.5,0.7411764705882353,24.10467936195383,26.532763432871832,26.798542725604136,-9.053908922165567
room_acoustic_data_room_0321.mat,3.5,0.7529411764705882,24.4152102834809,26.84102984232898,27.13452673334686,-9.147837901183541
room_acoustic_data_room_0322.mat,3.5,0.7647058823529411,24.593552401944564,27.02335812251084,27.32795835711139,-9.204120103481209
room_acoustic_data_room_0323.mat,3.5,0.7764705882352941,24.664650188125187,27.118382754296228,27.40649458814197,-9.248805825733182
room_acoustic_data_room_0324.mat,3.5,0.788235294117647,24.62013073076726,27.12256724068788,27.35291328962793,-9.273715214252334
room_acoustic_data_room_0325.mat,3.5,0.8,24.454055560652908,26.991825600707276,27.174783215741243,-9.272389207423634
room_acoustic_data_room_0326.mat,3.5,0.8117647058823529,24.125724364579067,26.69407583700138,26.830858058205425,-9.202448844285888
room_acoustic_data_room_0327.mat,3.5,0.8235294117647058,23.6975802604426,26.2711675054949,26.405446237143618,-9.047118437102379
room_acoustic_data_room_0328.mat,3.5,0.8352941176470589,24.12307694414543,26.64289441368191,26.85833301650006,-9.146757159289265
room_acoustic_data_room_0329.mat,3.5,0.8470588235294118,24.40945799042347,26.860805439627164,27.170140742497946,-9.197934313484827
room_acoustic_data_room_0330.mat,3.5,0.8588235294117647,24.545388634133122,26.94681905083382,27.316370801046684,-9.192512311075564
room_acoustic_data_room_0331.mat,3.5,0.8705882352941177,24.561788677067003,26.93396165712119,27.328985455010834,-9.162811847997435
room_acoustic_data_room_0332.mat,3.5,0.8823529411764706,24.47853161314542,26.843095912419304,27.229469321328388,-9.12905559148249
room_acoustic_data_room_0333.mat,3.5,0.8941176470588236,24.29069004771298,26.663320934923238,27.019816703967244,-9.085956048071074
room_acoustic_data_room_0334.mat,3.5,0.9058823529411765,23.98012671463798,26.362502783336733,26.700240710783333,-9.014006569236782
room_acoustic_data_room_0335.mat,3.5,0.9176470588235294,23.532701314420624,25.922269563288584,26.264460183070263,-8.895953460398351
room_acoustic_data_room_0336.mat,3.5,0.9294117647058824,23.877771438277637,26.293322731388308,26.59313669716898,-9.008288220912819
room_acoustic_data_room_0337.mat,3.5,0.9411764705882353,24.24769648616273,26.68319190548136,26.958495578744554,-9.124868562083423
room_acoustic_data_room_0338.mat,3.5,0.9529411764705882,24.496790023257024,26.945755666375945,27.21106647624035,-9.213361121929303
room_acoustic_data_room_0339.mat,3.5,0.9647058823529412,24.617322437140455,27.094054240343336,27.3426382284864,-9.267873554161355
room_acoustic_data_room_0340.mat,3.5,0.9764705882352941,24.59954443574738,27.133420062392908,27.323318016715618,-9.279273749084794
room_acoustic_data_room_0341.mat,3.5,0.9882352941176471,24.436642141457362,27.041728962109204,27.148310893158914,-9.24061008798291
room_acoustic_data_room_0342.mat,3.5,1.0,24.10421329697519,26.77549133330963,26.79577071398637,-9.126441370883287
room_acoustic_data_room_0343.mat,3.5,1.011764705882353,23.605157164444325,26.326040187953396,26.27698053781087,-8.937067870251393
room_acoustic_data_room_0344.mat,3.5,1.0235294117647058,23.69211684623928,26.40434654619611,26.366747050620646,-8.958089791396262
room_acoustic_data_room_0345.mat,3.5,1.035294117647059,24.12301169103666,26.760222774709582,26.823402938477827,-9.114798864701934
room_acoustic_data_room_0346.mat,3.5,1.0470588235294118,24.3894127921628,26.938969805224456,27.110874264350272,-9.198758039212787
room_acoustic_data_room_0347.mat,3.5,1.0588235294117647,24.483470680321197,26.97244681965342,27.20812147140761,-9.20445087031718
room_acoustic_data_room_0348.mat,3.5,1.0705882352941176,24.434751589776255,26.874556183034485,27.16482973744892,-9.162371134048355
room_acoustic_data_room_0349.mat,3.5,1.0823529411764705,24.274409957622574,26.69876845462189,27.00175529360509,-9.103760240990528
room_acoustic_data_room_0350.mat,3.5,1.0941176470588236,23.998636765883763,26.437165227712086,26.712940707825894,-9.024063118374272
room_acoustic_data_room_0351.mat,3.5,1.1058823529411765,23.5951672610809,26.06725575658027,26.29648351615092,-8.908876078053904
room_acoustic_data_room_0352.mat,3.5,1.1176470588235294,23.47688540224224,25.990445880721534,26.154665172069254,-8.879584992350972
room_acoustic_data_room_0353.mat,3.5,1.1294117647058823,23.964483949303524,26.48593204974752,26.61413045199812,-9.069807779573326
room_acoustic_data_room_0354.mat,3.5,1.1411764705882352,24.324284478861287,26.855796763052645,26.963665918406456,-9.223225243096309
room_acoustic_data_room_0355.mat,3.5,1.1529411764705881,24.546447189292348,27.099091228106747,27.176519614670692,-9.332820493602267
room_acoustic_data_room_0356.mat,3.5,1.1647058823529413,24.634251242850116,27.23429432405496,27.251329146579316,-9.40310126151526
room_acoustic_data_room_0357.mat,3.5,1.1764705882352942,24.580747574489422,27.238454159962366,27.17968899513455,-9.42739426928229
room_acoustic_data_room_0358.mat,3.5,1.188235294117647,24.360297962424823,27.07661796692215,26.940753851504976,-9.379539013373652
room_acoustic_data_room_0359.mat,3.5,1.2,23.97370604074534,26.755166960402512,26.52985068535066,-9.258571644979327
room_acoustic_data_room_0360.mat,3.5,1.2117647058823529,23.607959231697578,26.425447965148724,26.144751866389583,-9.126336988472287
room_acoustic_data_room_0361.mat,3.5,1.223529411764706,24.07061718098992,26.844077609456576,26.608865742802305,-9.26820953432782
room_acoustic_data_room_0362.mat,3.5,1.2352941176470589,24.35587652394457,27.058662739285747,26.919063141737993,-9.323023768644235
room_acoustic_data_room_0363.mat,3.5,1.2470588235294118,24.492960062934436,27.135423131393303,27.074416943196997,-9.323301098568157
room_acoustic_data_room_0364.mat,3.5,1.2588235294117647,24.508141769284904,27.107480290413935,27.095647290724827,-9.296834990489153
room_acoustic_data_room_0365.mat,3.5,1.2705882352941176,24.40837597366308,26.98674362240718,26.991414798364552,-9.251016693436652
room_acoustic_data_room_0366.mat,3.5,1.2823529411764707,24.179739449048313,26.757350973916285,26.754191337593305,-9.171569541987724
room_acoustic_data_room_0367.mat,3.5,1.2941176470588236,23.8194740575507,26.41663446283343,26.390774649945698,-9.054264903748644
room_acoustic_data_room_0368.mat,3.5,1.3058823529411765,23.314836515694232,25.94999437391668,25.894675522727763,-8.883051465789952
room_acoustic_data_room_0369.mat,3.5,1.3176470588235294,23.789569481932812,26.439894317284335,26.346753878939904,-9.057173878688351
room_acoustic_data_room_0370.mat,3.5,1.3294117647058823,24.18311012581843,26.83619741423311,26.738900420452026,-9.197601350236756
room_acoustic_data_room_0371.mat,3.5,1.3411764705882352,24.444917976428393,27.1090516249355,27.009073132392576,-9.299695544216537
room_acoustic_data_room_0372.mat,3.5,1.3529411764705883,24.563219194899702,27.243148404651627,27.144174975880517,-9.353516142294861
room_acoustic_data_room_0373.mat,3.5,1.3647058823529412,24.55460373649888,27.27783159602152,27.14063273685756,-9.376258324621888
room_acoustic_data_room_0374.mat,3.5,1.3764705882352941,24.409769550503363,27.170062288948806,26.999065864654924,-9.358417568080327
room_acoustic_data_room_0375.mat,3.5,1.388235294117647,24.11054786011421,26.904989182088666,26.70243884743982,-9.280614266190938
room_acoustic_data_room_0376.mat,3.5,1.4,23.648950564041836,26.46301402403994,26.247763252724745,-9.13195339522925
room_acoustic_data_room_0377.mat,3.5,1.411764705882353,23.892081959119906,26.653239100561443,26.50195549781226,-9.22102804831252
room_acoustic_data_room_0378.mat,3.5,1.423529411764706,24.302846273475794,26.985624094975268,26.914718669684312,-9.357499036329951
room_acoustic_data_room_0379.mat,3.5,1.4352941176470588,24.54831702911057,27.157394414362912,27.163125201065967,-9.421784126665424
room_acoustic_data_room_0380.mat,3.5,1.4470588235294117,24.65291121090299,27.200623797468374,27.265444026257036,-9.44050405610507
room_acoustic_data_room_0381.mat,3.5,1.4588235294117646,24.61726487593255,27.126976577800782,27.21914504871571,-9.415095121593055
room_acoustic_data_room_0382.mat,3.5,1.4705882352941178,24.436505115742555,26.947690321834653,27.022133546934537,-9.340618297853085
room_acoustic_data_room_0383.mat,3.5,1.4823529411764707,24.120814588813502,26.660141185273183,26.693420846136494,-9.226255971533629
room_acoustic_data_room_0384.mat,3.5,1.4941176470588236,23.656140120047453,26.24314010261886,26.220501922034085,-9.055392289069633
room_acoustic_data_room_0385.mat,3.5,1.5058823529411764,23.641137429752476,26.26751364393238,26.1765901533478,-9.04038960159348
room_acoustic_data_room_0386.mat,3.5,1.5176470588235293,24.06632119998784,26.72263584662044,26.561278662562472,-9.171762533503783
room_acoustic_data_room_0387.mat,3.5,1.5294117647058822,24.339392671984733,27.02416339185641,26.828586410175753,-9.243505752746376
room_acoustic_data_room_0388.mat,3.5,1.5411764705882354,24.511491507603772,27.20806664253846,27.013892991743557,-9.30932159963575
room_acoustic_data_room_0389.mat,3.5,1.5529411764705883,24.546976743825798,27.271431680164167,27.06150042950492,-9.334569382890848
room_acoustic_data_room_0390.mat,3.5,1.5647058823529412,24.430192085136024,27.204711604106514,26.951271978426263,-9.30365892374782
room_acoustic_data_room_0391.mat,3.5,1.576470588235294,24.177680456768872,26.980396031156477,26.71963183781651,-9.232332907643949
room_acoustic_data_room_0392.mat,3.5,1.588235294117647,23.77264557181238,26.5880373961877,26.337788077999615,-9.101591295999775
room_acoustic_data_room_0393.mat,3.5,1.6,23.513119101792036,26.31244454578265,26.099429769134414,-8.99612156570132
room_acoustic_data_room_0394.mat,3.5,1.611764705882353,23.952006982578197,26.686142461337163,26.54426682070099,-9.122072958739661
room_acoustic_data_room_0395.mat,3.5,1.6235294117647059,24.22343914252515,26.874988582942233,26.84917958735975,-9.172086667625514
room_acoustic_data_room_0396.mat,3.5,1.6352941176470588,24.355130036070637,26.9207317162919,27.02015408701844,-9.176784069055033
room_acoustic_data_room_0397.mat,3.5,1.6470588235294117,24.372704849764855,26.88063172393739,27.058317711910405,-9.163001179029898
room_acoustic_data_room_0398.mat,3.5,1.6588235294117648,24.269340562693912,26.759372672826295,26.94850567457159,-9.124117448959693
room_acoustic_data_room_0399.mat,3.5,1.6705882352941177,24.03651918424385,26.52078167520569,26.705184995004462,-9.051009663592316
room_acoustic_data_room_0400.mat,3.5,1.6823529411764706,23.665381950764626,26.15321194941908,26.338237296724884,-8.932985539309614
room_acoustic_data_room_0401.mat,3.5,1.6941176470588235,23.215464472901154,25.720939145444994,25.90478859984829,-8.783678592835734
room_acoustic_data_room_0402.mat,3.5,1.7058823529411764,23.73427440171815,26.208885677249,26.43290910529582,-8.96906433838357
room_acoustic_data_room_0403.mat,3.5,1.7176470588235293,24.108603594716513,26.559628158286593,26.83079574287643,-9.100432700024827
room_acoustic_data_room_0404.mat,3.5,1.7294117647058824,24.34331491515779,26.783660645930564,27.096767660399436,-9.185954570166404
room_acoustic_data_room_0405.mat,3.5,1.7411764705882353,24.447489616242013,26.91532478622335,27.213409228162586,-9.236181696109858
room_acoustic_data_room_0406.mat,3.5,1.7529411764705882,24.413581316039796,26.941713060318833,27.17702938088262,-9.24392113418207
room_acoustic_data_room_0407.mat,3.5,1.7647058823529411,24.2293480157352,26.8320893790889,26.977971180464486,-9.196493967569548
room_acoustic_data_room_0408.mat,3.5,1.776470588235294,23.890548640934508,26.550681660120624,26.628719490863418,-9.08813962768603
room_acoustic_data_room_0409.mat,3.5,1.7882352941176471,23.38318898707692,26.08300761449549,26.113462742311818,-8.901565306284589
room_acoustic_data_room_0410.mat,3.5,1.8,23.724076786383897,26.38832664497409,26.449368276630494,-9.00894089029837
room_acoustic_data_room_0411.mat,3.5,1.811764705882353,24.100948409173558,26.70129377811062,26.81892490374368,-9.120187871379267
room_acoustic_data_room_0412.mat,3.5,1.8235294117647058,24.325384744939345,26.857830540156268,27.041473696228728,-9.17202976560851
room_acoustic_data_room_0413.mat,3.5,1.8352941176470587,24.380144213687615,26.884304366609975,27.085363157492136,-9.148992475212609
room_acoustic_data_room_0414.mat,3.5,1.8470588235294119,24.306962304206575,26.805369933587556,26.994966539819245,-9.093333770357585
room_acoustic_data_room_0415.mat,3.5,1.8588235294117648,24.121049350429075,26.632997397212996,26.787011171730608,-9.019988197822899
room_acoustic_data_room_0416.mat,3.5,1.8705882352941177,23.799535343599523,26.350755446928463,26.43595473132283,-8.904857181756045
room_acoustic_data_room_0417.mat,3.5,1.8823529411764706,23.338990928003174,25.94536031158125,25.956145354533085,-8.741688455561881
room_acoustic_data_room_0418.mat,3.5,1.8941176470588235,23.487638999417527,26.114142626565332,26.08254398105826,-8.8013456845176
room_acoustic_data_room_0419.mat,3.5,1.9058823529411764,23.93818706773517,26.5716179638326,26.51961922326629,-8.963611202767957
room_acoustic_data_room_0420.mat,3.5,1.9176470588235295,24.247667074846767,26.891622910991842,26.824965244690148,-9.07701506069402
room_acoustic_data_room_0421.mat,3.5,1.9294117647058824,24.426631598983267,27.08436540156212,27.004994993262454,-9.154248770158006
room_acoustic_data_room_0422.mat,3.5,1.9411764705882353,24.48323152436878,27.171270586618732,27.058815184809237,-9.204209269452976
room_acoustic_data_room_0423.mat,3.5,1.9529411764705882,24.40676929054668,27.132270030931668,26.971194055134596,-9.216112024780779
room_acoustic_data_room_0424.mat,3.5,1.964705882352941,24.17886603528439,26.944486224367118,26.73347268849191,-9.1706506332663
room_acoustic_data_room_0425.mat,3.5,1.9764705882352942,23.774921980366578,26.58656196947774,26.325900256136872,-9.040892293678263
room_acoustic_data_room_0426.mat,3.5,1.988235294117647,23.660171459638306,26.470426299393168,26.21582735463147,-8.992079474147213
room_acoustic_data_room_0427.mat,3.5,2.0,24.121261826506636,26.858211629528274,26.692916812316426,-9.143487140849164
room_acoustic_data_room_0428.mat,3.5,2.011764705882353,24.410199353815095,27.075465969957513,27.00149003758362,-9.214164480298807
room_acoustic_data_room_0429.mat,3.5,2.023529411764706,24.542576704770575,27.142584967248307,27.157967210483438,-9.222303144028256
room_acoustic_data_room_0430.mat,3.5,2.0352941176470587,24.542441749133527,27.097022567158863,27.16918928120834,-9.192989943368687
room_acoustic_data_room_0431.mat,3.5,2.0470588235294116,24.412188351133437,26.962036603482765,27.02956406322422,-9.12875648351613
room_acoustic_data_room_0432.mat,3.5,2.0588235294117645,24.15933837183595,26.7118318795239,26.76426185844004,-9.036507444230114
room_acoustic_data_room_0433.mat,3.5,2.070588235294118,23.772697524607764,26.331544259703886,26.376912400730546,-8.903211274573847
room_acoustic_data_room_0434.mat,3.5,2.0823529411764707,23.416982269122002,25.986472681780658,26.034488854035985,-8.780231324136324
room_acoustic_data_room_0435.mat,3.5,2.0941176470588236,23.931333070609302,26.46155841915182,26.568097627510973,-8.965209796595913
room_acoustic_data_room_0436.mat,3.5,2.1058823529411765,24.305667442334013,26.806467740465063,26.96430582545151,-9.10093028644703
room_acoustic_data_room_0437.mat,3.5,2.1176470588235294,24.5443062635788,27.042640253532863,27.21789744132666,-9.1948270665691
room_acoustic_data_room_0438.mat,3.5,2.1294117647058823,24.64646039604891,27.16021650959567,27.335078182687486,-9.2474803796755
room_acoustic_data_room_0439.mat,3.5,2.1411764705882352,24.597578463401724,27.15545160526411,27.296021903897653,-9.24469894775044
room_acoustic_data_room_0440.mat,3.5,2.152941176470588,24.39716292714681,27.004345994613196,27.107339429422797,-9.185636059626678
room_acoustic_data_room_0441.mat,3.5,2.164705882352941,24.02001450880182,26.671589546947768,26.745995422197172,-9.043691543694278
room_acoustic_data_room_0442.mat,3.5,2.176470588235294,23.453564732288164,26.1278534378797,26.20736327703674,-8.803099746925128
room_acoustic_data_room_0443.mat,3.5,2.1882352941176473,23.847687822279696,26.47698329670041,26.598273482748084,-8.924409036129816
room_acoustic_data_room_0444.mat,3.5,2.2,24.20940933407735,26.766251511857856,26.966290881008828,-9.027739718975848
room_acoustic_data_room_0445.mat,3.5,2.211764705882353,24.42170052925192,26.90945130238674,27.188227060368412,-9.07528172781985
room_acoustic_data_room_0446.mat,3.5,2.223529411764706,24.46918979258261,26.91400601430533,27.236612377041357,-9.053342040688682
room_acoustic_data_room_0447.mat,3.5,2.235294117647059,24.388618416764977,26.815209986731045,27.1464963158865,-8.999182428929126
room_acoustic_data_room_0448.mat,3.5,2.2470588235294118,24.16643017537195,26.61521320483022,26.895172829047254,-8.899053384325335
room_acoustic_data_room_0449.mat,3.5,2.2588235294117647,23.8211687196392,26.312964390445398,26.516979399580684,-8.770392317905063
room_acoustic_data_room_0450.mat,3.5,2.2705882352941176,23.318954212680612,25.86710127270843,25.998617411187045,-8.576594818650719
room_acoustic_data_room_0451.mat,3.5,2.2823529411764705,23.531590996252504,26.095366773805736,26.195091426654734,-8.665317687027077
room_acoustic_data_room_0452.mat,3.5,2.2941176470588234,24.00698409423928,26.563140977196316,26.665705149664603,-8.860217635017394
room_acoustic_data_room_0453.mat,3.5,2.3058823529411763,24.324060565942503,26.879193637750426,26.98901880510053,-8.98960023138471
room_acoustic_data_room_0454.mat,3.5,2.3176470588235296,24.503305334169745,27.07688689410874,27.172606014837402,-9.075886320183065
room_acoustic_data_room_0455.mat,3.5,2.3294117647058825,24.538093871315603,27.158015260848636,27.20071515019719,-9.113049214620393
room_acoustic_data_room_0456.mat,3.5,2.3411764705882354,24.426627923029898,27.091754206266817,27.082176417442465,-9.099122276510489
room_acoustic_data_room_0457.mat,3.5,2.3529411764705883,24.13656257510384,26.849339036155403,26.789646141292177,-9.00078703582232
room_acoustic_data_room_0458.mat,3.5,2.364705882352941,23.67424001604334,26.410415334667405,26.337607066630543,-8.821982271505908
room_acoustic_data_room_0459.mat,3.5,2.376470588235294,23.65022223226838,26.366073700927114,26.320297714808323,-8.797804210823264
room_acoustic_data_room_0460.mat,3.5,2.388235294117647,24.09813193980743,26.743870944566005,26.77668455090658,-8.938126156339953
room_acoustic_data_room_0461.mat,3.5,2.4,24.38161667289474,26.950157757242593,27.073851985652343,-9.004927487958295
room_acoustic_data_room_0462.mat,3.5,2.411764705882353,24.529396016195108,27.02940550227336,27.227357784317054,-9.029121845375679
room_acoustic_data_room_0463.mat,3.5,2.4235294117647057,24.546087239737844,27.008063315580205,27.234721821123742,-9.015991758248008
room_acoustic_data_room_0464.mat,3.5,2.4352941176470586,24.42755536395349,26.87007469600148,27.098301213889332,-8.96122536684412
room_acoustic_data_room_0465.mat,3.5,2.447058823529412,24.166068605781916,26.615766581684493,26.82291400230206,-8.856212916498205
room_acoustic_data_room_0466.mat,3.5,2.458823529411765,23.78146184619309,26.260877512325173,26.43462496274487,-8.718707003797972
room_acoustic_data_room_0467.mat,3.5,2.4705882352941178,23.60242119781216,26.106239497978834,26.262896787800372,-8.657607963258224
room_acoustic_data_room_0468.mat,3.5,2.4823529411764707,24.148681203255087,26.646535108495826,26.793734529547486,-8.863900142589262
room_acoustic_data_room_0469.mat,3.5,2.4941176470588236,24.530591878680234,27.037539461278904,27.16851085409555,-8.994032188623258
room_acoustic_data_room_0470.mat,3.5,2.5058823529411764,24.777283015570095,27.30714386507357,27.41463173584105,-9.07976096430484
room_acoustic_data_room_0471.mat,3.5,2.5176470588235293,24.881150642789805,27.47235792224732,27.506863331050905,-9.11437471974937
room_acoustic_data_room_0472.mat,3.5,2.5294117647058822,24.876136935534944,27.540455771283774,27.485009629802974,-9.131759971803724
room_acoustic_data_room_0473.mat,3.5,2.541176470588235,24.74346717409682,27.481170567603662,27.333555580007452,-9.112471765042715
room_acoustic_data_room_0474.mat,3.5,2.552941176470588,24.47324529424778,27.274558460274186,27.055819579851324,-9.044975854064432
room_acoustic_data_room_0475.mat,3.5,2.5647058823529414,24.08560283760152,26.908485607539475,26.68699320715801,-8.92520675225656
room_acoustic_data_room_0476.mat,3.5,2.5764705882352943,24.689110009189022,27.46715954942922,27.27205823683346,-9.15236650961643
room_acoustic_data_room_0477.mat,3.5,2.588235294117647,25.114146573641843,27.83460587973314,27.678660839611343,-9.286804434459842
room_acoustic_data_room_0478.mat,3.5,2.6,25.379625503876984,28.019506607264333,27.944629065425175,-9.350656417897607
room_acoustic_data_room_0479.mat,3.5,2.611764705882353,25.49955016760938,28.06334396883216,28.061723309107308,-9.359200054010298
room_acoustic_data_room_0480.mat,3.5,2.623529411764706,25.498594248688175,27.990830244762105,28.06315922508354,-9.33736557938975
room_acoustic_data_room_0481.mat,3.5,2.635294117647059,25.355140113579566,27.811560790792065,27.9177261172735,-9.263356628847168
room_acoustic_data_room_0482.mat,3.5,2.6470588235294117,25.058457783522506,27.510069848508397,27.626128434146345,-9.12567009199298
room_acoustic_data_room_0483.mat,3.5,2.6588235294117646,24.590380876196292,27.060692414388818,27.176656047290933,-8.90396336218566
room_acoustic_data_room_0484.mat,3.5,2.6705882352941175,24.79778434022183,27.248407357388807,27.366193860241555,-8.945525832382332
room_acoustic_data_room_0485.mat,3.5,2.6823529411764704,25.304144309385784,27.696541929589866,27.845207332751865,-9.118422859604161
room_acoustic_data_room_0486.mat,3.5,2.6941176470588237,25.66428648758178,27.999172098835228,28.198430422525206,-9.234471672377076
room_acoustic_data_room_0487.mat,3.5,2.7058823529411766,25.889185134153298,28.18819455243988,28.421834375133525,-9.306615823591443
room_acoustic_data_room_0488.mat,3.5,2.7176470588235295,25.983859201922705,28.260983775062613,28.524050314804285,-9.340689428079914
room_acoustic_data_room_0489.mat,3.5,2.7294117647058824,25.90757232256857,28.18458184634791,28.454128183985205,-9.296503449067474
room_acoustic_data_room_0490.mat,3.5,2.7411764705882353,25.65538777453107,27.932666445038173,28.210716910596933,-9.169472036101324
room_acoustic_data_room_0491.mat,3.5,2.7529411764705882,25.245016995654332,27.505032328076613,27.822520568775047,-8.976644520569998
room_acoustic_data_room_0492.mat,3.5,2.764705882352941,25.076792204569763,27.269670972864773,27.67050301137911,-8.86048856534409
room_acoustic_data_room_0493.mat,3.5,2.776470588235294,25.586486856351666,27.6022970297522,28.16206414599097,-8.982920707139291
room_acoustic_data_room_0494.mat,3.5,2.788235294117647,25.94310540138448,27.744043017572295,28.524554402975713,-9.04563671469787
room_acoustic_data_room_0495.mat,3.5,2.8,26.136450057479305,27.758165944111308,28.698717036396527,-9.040747805390538
room_acoustic_data_room_0496.mat,3.5,2.8117647058823527,26.191295919818618,27.70465470251747,28.69741944431305,-8.994247468083946
room_acoustic_data_room_0497.mat,3.5,2.823529411764706,26.14379359688818,27.581874029729903,28.59129920381546,-8.94387218885551
room_acoustic_data_room_0498.mat,3.5,2.835294117647059,25.967584787484306,27.37489445498464,28.374887995453296,-8.86556157985595
room_acoustic_data_room_0499.mat,3.5,2.847058823529412,25.55421151252922,27.051330458403903,27.93098795501286,-8.652611608146508
room_acoustic_data_room_0500.mat,3.5,2.8588235294117648,25.860602700134038,27.376494066314294,28.15835327811652,-8.677025441505997
room_acoustic_data_room_0501.mat,3.5,2.8705882352941177,26.42883661056889,27.96530670339618,28.628163715430187,-8.76156531857361
room_acoustic_data_room_0502.mat,3.5,2.8823529411764706,26.826790492797716,28.446214403444188,28.925780420564195,-8.777008329078107
room_acoustic_data_room_0503.mat,3.5,2.8941176470588235,27.05297692630247,28.81345837245105,29.051529434294515,-8.721115036441185
room_acoustic_data_room_0504.mat,3.5,2.9058823529411764,27.136760502082712,29.106574698296008,29.020191870959348,-8.61746408688089
room_acoustic_data_room_0505.mat,3.5,2.9176470588235293,27.814544121784866,29.98083671596504,29.50395810853705,-8.68747632771139
room_acoustic_data_room_0506.mat,3.5,2.929411764705882,28.614418278305067,30.91949849088868,30.13283078286266,-8.807422319777395
room_acoustic_data_room_0507.mat,3.5,2.9411764705882355,29.228087382461283,31.655262283153334,30.616399237461643,-8.837723797331131
room_acoustic_data_room_0508.mat,3.5,2.9529411764705884,29.654518587141702,32.14209298712839,30.95937550152169,-8.772732613578913
room_acoustic_data_room_0509.mat,3.5,2.9647058823529413,29.88730748089283,32.36230224439525,31.173346797690566,-8.598699373011568
room_acoustic_data_room_0510.mat,3.5,2.976470588235294,29.98702746220175,32.36231409843026,31.31656345362525,-8.366773659886972
room_acoustic_data_room_0511.mat,3.5,2.988235294117647,29.98980255491647,32.21533416532785,31.407737487123878,-8.102602808340963
room_acoustic_data_room_0512.mat,3.5,3.0,29.925703533083986,31.980357772304473,31.468299927804825,-7.825748037787696
room_acoustic_data_room_0513.mat,0.0,-0.5,28.920337201016157,31.934828446463627,30.480416845196597,-6.814377879359855
room_acoustic_data_room_0514.mat,0.011764705882352941,-0.5,29.076261863287165,32.30373863092312,30.491326842732242,-7.181463409902093
room_acoustic_data_room_0515.mat,0.023529411764705882,-0.5,29.16440611313346,32.58784435271814,30.459436690848403,-7.534644834148106
room_acoustic_data_room_0516.mat,0.03529411764705882,-0.5,29.142678515529553,32.71403942760851,30.35157023275743,-7.842317241062432
room_acoustic_data_room_0517.mat,0.047058823529411764,-0.5,28.990044799473033,32.61873841097783,30.15707363650742,-8.093895950180578
room_acoustic_data_room_0518.mat,0.058823529411764705,-0.5,28.660630538304936,32.228128816052106,29.850673940585807,-8.252882077939878
room_acoustic_data_room_0519.mat,0.07058823529411765,-0.5,28.145391529351798,31.543765654642513,29.42906854381896,-8.31748774538029
room_acoustic_data_room_0520.mat,0.08235294117647059,-0.5,27.434798653429212,30.609163084100924,28.89566533394308,-8.282668646387044
room_acoustic_data_room_0521.mat,0.09411764705882353,-0.5,26.74555217591072,29.701799799131877,28.379830853345783,-8.221841159428758
room_acoustic_data_room_0522.mat,0.10588235294117647,-0.5,26.64102754871322,29.350832104513437,28.396631753295907,-8.300694273825961
room_acoustic_data_room_0523.mat,0.11764705882352941,-0.5,26.372956180092665,28.893766219414374,28.24992989878078,-8.310199379598156
room_acoustic_data_room_0524.mat,0.12941176470588237,-0.5,25.906533619400072,28.34917277747288,27.895992401677745,-8.221934954510818
room_acoustic_data_room_0525.mat,0.1411764705882353,-0.5,25.271050570209475,27.713452841671774,27.35925789766273,-8.066881571263217
room_acoustic_data_room_0526.mat,0.15294117647058825,-0.5,24.915874049772043,27.37144990526835,27.05154984645929,-8.037187079347767
room_acoustic_data_room_0527.mat,0.16470588235294117,-0.5,25.280477797275978,27.658958743887588,27.514612348439687,-8.199219518810608
room_acoustic_data_room_0528.mat,0.17647058823529413,-0.5,25.521392330915752,27.853912463234177,27.84207345736903,-8.341022343136311
room_acoustic_data_room_0529.mat,0.18823529411764706,-0.5,25.65151396823859,27.98997838013406,28.021227003997303,-8.474184625782229
room_acoustic_data_room_0530.mat,0.2,-0.5,25.659129755175908,28.065172693730943,28.048336604990723,-8.584770506587503
room_acoustic_data_room_0531.mat,0.21176470588235294,-0.5,25.54458902383447,28.078438238605816,27.91049390978909,-8.671274431896661
room_acoustic_data_room_0532.mat,0.2235294117647059,-0.5,25.286550390565843,27.95007746708738,27.64028314227116,-8.710605306064275
room_acoustic_data_room_0533.mat,0.23529411764705882,-0.5,24.844313040179145,27.618407162297764,27.200529856224275,-8.659076081777851
room_acoustic_data_room_0534.mat,0.24705882352941178,-0.5,25.07420496051932,27.80572739814511,27.454057519058953,-8.79469246572896
room_acoustic_data_room_0535.mat,0.25882352941176473,-0.5,25.437884389880594,28.08255702515269,27.841314106167513,-8.944567859669236
room_acoustic_data_room_0536.mat,0.27058823529411763,-0.5,25.649985737740757,28.1971190095209,28.083031753840338,-9.03526507824057
room_acoustic_data_room_0537.mat,0.2823529411764706,-0.5,25.717591008525716,28.183592819427382,28.17422571479113,-9.074099439735813
room_acoustic_data_room_0538.mat,0.29411764705882354,-0.5,25.680400602377432,28.103235257820014,28.12713245526661,-9.100191646056931
room_acoustic_data_room_0539.mat,0.3058823529411765,-0.5,25.51746174021467,27.93716403859104,27.94635410190732,-9.091959738678028
room_acoustic_data_room_0540.mat,0.3176470588235294,-0.5,25.22004428593153,27.671328724433458,27.617656903955208,-9.039862980465875
room_acoustic_data_room_0541.mat,0.32941176470588235,-0.5,24.783979234483652,27.283507263749165,27.160978338036696,-8.937816931729722
room_acoustic_data_room_0542.mat,0.3411764705882353,-0.5,24.571585308547014,27.111699786992926,26.936634895235564,-8.87927055535587
room_acoustic_data_room_0543.mat,0.35294117647058826,-0.5,24.89746238952226,27.45144161249054,27.269897402669983,-8.960704841351339
room_acoustic_data_room_0544.mat,0.36470588235294116,-0.5,25.12236462930663,27.697581044096566,27.525251302951872,-9.028020069060883
room_acoustic_data_room_0545.mat,0.3764705882352941,-0.5,25.237946514277535,27.85410217240285,27.674748971091425,-9.075137392186333
room_acoustic_data_room_0546.mat,0.38823529411764707,-0.5,25.24076828343727,27.945196953994625,27.68398523364338,-9.099498826044858
room_acoustic_data_room_0547.mat,0.4,-0.5,25.14969566284657,27.971200141352988,27.575810221960786,-9.120252868960979
room_acoustic_data_room_0548.mat,0.4117647058823529,-0.5,24.940256777773318,27.894716674061378,27.32922299815514,-9.112752346296444
room_acoustic_data_room_0549.mat,0.4235294117647059,-0.5,24.61775861103616,27.686871478622052,26.961598122921107,-9.08107793198756
room_acoustic_data_room_0550.mat,0.43529411764705883,-0.5,24.137735143161983,27.28355109727771,26.442162751370454,-8.97755340396127
room_acoustic_data_room_0551.mat,0.4470588235294118,-0.5,24.471374414308965,27.58345820246032,26.79005993013859,-9.042129613158362
room_acoustic_data_room_0552.mat,0.4588235294117647,-0.5,24.674769810330666,27.691197888452464,27.041043612780054,-9.042780076939868
room_acoustic_data_room_0553.mat,0.47058823529411764,-0.5,24.735443767443407,27.64429635218271,27.155414046596903,-8.990026860104209
room_acoustic_data_room_0554.mat,0.4823529411764706,-0.5,24.691706414297325,27.489424358651156,27.155531527122054,-8.9238081966267
room_acoustic_data_room_0555.mat,0.49411764705882355,-0.5,24.54614643182576,27.260337729526647,27.026275296758463,-8.84737846327328
room_acoustic_data_room_0556.mat,0.5058823529411764,-0.5,24.315853067580004,26.97485525284034,26.784715392614782,-8.777891481066764
room_acoustic_data_room_0557.mat,0.5176470588235295,-0.5,23.986136013876205,26.605289257273466,26.43806155507276,-8.69978862917917
room_acoustic_data_room_0558.mat,0.5294117647058824,-0.5,23.539841634501744,26.14024166610129,25.969439925879687,-8.593323166725078
room_acoustic_data_room_0559.mat,0.5411764705882353,-0.5,23.66502294108274,26.22182156966922,26.10326912973744,-8.603232838302837
room_acoustic_data_room_0560.mat,0.5529411764705883,-0.5,23.972206073274428,26.4717877410621,26.44800250995354,-8.663096700800478
room_acoustic_data_room_0561.mat,0.5647058823529412,-0.5,24.17590554761975,26.63450688990103,26.696739488435007,-8.710102353175898
room_acoustic_data_room_0562.mat,0.5764705882352941,-0.5,24.286499190570588,26.73433102754266,26.841709382064156,-8.75673951441532
room_acoustic_data_room_0563.mat,0.5882352941176471,-0.5,24.306181814750197,26.780481918919303,26.878584067863684,-8.806096589329558
room_acoustic_data_room_0564.mat,0.6,-0.5,24.22388183589898,26.766721917043277,26.792169592849973,-8.84728250084655
room_acoustic_data_room_0565.mat,0.611764705882353,-0.5,23.99681181771986,26.63366839157434,26.544800769414834,-8.836839973667542
room_acoustic_data_room_0566.mat,0.6235294117647059,-0.5,23.610381819971437,26.33663724704118,26.13354402227758,-8.757975856693328
room_acoustic_data_room_0567.mat,0.6352941176470588,-0.5,23.60707736355394,26.381883688657773,26.120392864211066,-8.754950954008761
room_acoustic_data_room_0568.mat,0.6470588235294118,-0.5,23.959286668590146,26.738274873296323,26.484499092982027,-8.823581200105266
room_acoustic_data_room_0569.mat,0.6588235294117647,-0.5,24.16209793901579,26.87923918152348,26.73092623629038,-8.834628873710583
room_acoustic_data_room_0570.mat,0.6705882352941176,-0.5,24.224538630186316,26.872249943373888,26.829881413283353,-8.799515349277675
room_acoustic_data_room_0571.mat,0.6823529411764706,-0.5,24.192752965581583,26.770464287226222,26.823596184822847,-8.765350838318051
room_acoustic_data_room_0572.mat,0.6941176470588235,-0.5,24.05426423268085,26.585676999921837,26.688839590062976,-8.719821572715778
room_acoustic_data_room_0573.mat,0.7058823529411765,-0.5,23.801045764256436,26.297097234380722,26.437473344108877,-8.654299481757477
room_acoustic_data_room_0574.mat,0.7176470588235294,-0.5,23.41701090942008,25.89712559649405,26.050476113576877,-8.550759892851987
room_acoustic_data_room_0575.mat,0.7294117647058823,-0.5,23.245235952538366,25.707138221933555,25.87359567259355,-8.502845685588419
room_acoustic_data_room_0576.mat,0.7411764705882353,-0.5,23.653869935933955,26.082754802049408,26.295280834704094,-8.603071669288187
room_acoustic_data_room_0577.mat,0.7529411764705882,-0.5,23.93558007720624,26.354536604946993,26.605936216837488,-8.668188655404057
room_acoustic_data_room_0578.mat,0.7647058823529411,-0.5,24.113092462231233,26.545438512003095,26.81464025539985,-8.723647222947434
room_acoustic_data_room_0579.mat,0.7764705882352941,-0.5,24.187290955148143,26.65987959592546,26.903690484484027,-8.771437702145636
room_acoustic_data_room_0580.mat,0.788235294117647,-0.5,24.134907680085583,26.682034561517295,26.844610504140096,-8.788485855686975
room_acoustic_data_room_0581.mat,0.8,-0.5,23.938107277154963,26.59183786922245,26.621679433547452,-8.756436212011701
room_acoustic_data_room_0582.mat,0.8117647058823529,-0.5,23.58138356431982,26.34197946952778,26.223821771648325,-8.658104308714261
room_acoustic_data_room_0583.mat,0.8235294117647058,-0.5,23.161429639567636,25.999166053992532,25.76877695365092,-8.510963657272258
room_acoustic_data_room_0584.mat,0.8352941176470589,-0.5,23.62673975674568,26.44631606497998,26.245037073722447,-8.650416681433361
room_acoustic_data_room_0585.mat,0.8470588235294118,-0.5,23.90655435579472,26.674835795750973,26.549637308327526,-8.695027995542633
room_acoustic_data_room_0586.mat,0.8588235294117647,-0.5,24.050322461787367,26.74964878063422,26.71285821435612,-8.697443915744154
room_acoustic_data_room_0587.mat,0.8705882352941177,-0.5,24.068699531073065,26.709469685056476,26.730947402717604,-8.66972086084377
room_acoustic_data_room_0588.mat,0.8823529411764706,-0.5,23.966372310361642,26.572490633597763,26.608712948367742,-8.616894789041854
room_acoustic_data_room_0589.mat,0.8941176470588236,-0.5,23.73501633003036,26.323920416606153,26.353353182783685,-8.530281151890437
room_acoustic_data_room_0590.mat,0.9058823529411765,-0.5,23.370529968435644,25.960479995671342,25.963630378094255,-8.404408954903312
room_acoustic_data_room_0591.mat,0.9176470588235294,-0.5,22.874413038834284,25.460613899784153,25.4726034731995,-8.237664620000407
room_acoustic_data_room_0592.mat,0.9294117647058824,-0.5,23.1955701999662,25.757137140863847,25.792352737584032,-8.326086720442673
room_acoustic_data_room_0593.mat,0.9411764705882353,-0.5,23.547282330537996,26.097667872160667,26.139931910875028,-8.424454403494412
room_acoustic_data_room_0594.mat,0.9529411764705882,-0.5,23.76194164915619,26.31821327718071,26.363100807508438,-8.478512995437647
room_acoustic_data_room_0595.mat,0.9647058823529412,-0.5,23.837367503702723,26.440177610132626,26.438921916505905,-8.48791910992458
room_acoustic_data_room_0596.mat,0.9764705882352941,-0.5,23.800161686948282,26.490184216860566,26.3845882961944,-8.479891722189176
room_acoustic_data_room_0597.mat,0.9882352941176471,-0.5,23.654579236721595,26.450424772556744,26.21734558670434,-8.45854812919294
room_acoustic_data_room_0598.mat,1.0,-0.5,23.374533036974675,26.28809408533485,25.902813387222334,-8.396762272224915
room_acoustic_data_room_0599.mat,1.011764705882353,-0.5,22.957983295505848,25.956348553647896,25.47007777738639,-8.289895369126276
room_acoustic_data_room_0600.mat,1.0235294117647058,-0.5,23.04811888416768,26.06784415733378,25.556944061317605,-8.314093364591242
room_acoustic_data_room_0601.mat,1.035294117647059,-0.5,23.420296939707654,26.392496144880177,25.949463679277763,-8.412085804307324
room_acoustic_data_room_0602.mat,1.0470588235294118,-0.5,23.63293079326651,26.525103433543258,26.204781190821627,-8.442277878139127
room_acoustic_data_room_0603.mat,1.0588235294117647,-0.5,23.73029270103857,26.512393151142575,26.353902114843383,-8.451274867971751
room_acoustic_data_room_0604.mat,1.0705882352941176,-0.5,23.69727692020334,26.393978712794173,26.353304676225072,-8.424898573843361
room_acoustic_data_room_0605.mat,1.0823529411764705,-0.5,23.540500721148156,26.19700614543756,26.20088405833478,-8.369853240292919
room_acoustic_data_room_0606.mat,1.0941176470588236,-0.5,23.262477134586316,25.899700237452706,25.920867828184097,-8.287905843234553
room_acoustic_data_room_0607.mat,1.1058823529411765,-0.5,22.847391186397566,25.489943453840592,25.498375365824195,-8.161102473408246
room_acoustic_data_room_0608.mat,1.1176470588235294,-0.5,22.704201968095784,25.34718219533523,25.348676933673957,-8.106904086339808
room_acoustic_data_room_0609.mat,1.1294117647058823,-0.5,23.131718358923266,25.750200151158445,25.774800612914387,-8.237044790384475
room_acoustic_data_room_0610.mat,1.1411764705882352,-0.5,23.442645770303805,26.052947001673786,26.090956521638397,-8.341589203287533
room_acoustic_data_room_0611.mat,1.1529411764705881,-0.5,23.620459448594655,26.25021592922185,26.26873316106815,-8.406835485156437
room_acoustic_data_room_0612.mat,1.1647058823529413,-0.5,23.673136686509345,26.357886467658325,26.31111316105267,-8.441989498263595
room_acoustic_data_room_0613.mat,1.1764705882352942,-0.5,23.608053053973627,26.36380670680486,26.236040197223005,-8.454702600732729
room_acoustic_data_room_0614.mat,1.188235294117647,-0.5,23.41378506246099,26.260069881982126,26.016163009659298,-8.43302902207345
room_acoustic_data_room_0615.mat,1.2,-0.5,23.11782526239245,26.0505921999237,25.687046051851294,-8.402693828954863
room_acoustic_data_room_0616.mat,1.2117647058823529,-0.5,22.843024377046973,25.826582726596648,25.389734310832246,-8.361405095649625
room_acoustic_data_room_0617.mat,1.223529411764706,-0.5,23.249702276109797,26.189070644883863,25.820513817983258,-8.4472976185709
room_acoustic_data_room_0618.mat,1.2352941176470589,-0.5,23.495213120251087,26.35202156195853,26.10505772584327,-8.462363378674771
room_acoustic_data_room_0619.mat,1.2470588235294118,-0.5,23.627320309729456,26.396838129313174,26.262524454458486,-8.457664382459116
room_acoustic_data_room_0620.mat,1.2588235294117647,-0.5,23.639407903874286,26.333937389824648,26.28002781099784,-8.428104185787802
room_acoustic_data_room_0621.mat,1.2705882352941176,-0.5,23.536837866644923,26.186106083248678,26.16592883723957,-8.379481671730675
room_acoustic_data_room_0622.mat,1.2823529411764707,-0.5,23.326821768109834,25.958405714451764,25.931192359214478,-8.318654971656812
room_acoustic_data_room_0623.mat,1.2941176470588236,-0.5,23.005986223805035,25.617316974163174,25.612337988704894,-8.240780205517845
room_acoustic_data_room_0624.mat,1.3058823529411765,-0.5,22.55701625310205,25.166374757262542,25.17253992015426,-8.125234362084994
room_acoustic_data_room_0625.mat,1.3176470588235294,-0.5,22.957108994255407,25.541084245302734,25.57425998442,-8.224716525210479
room_acoustic_data_room_0626.mat,1.3294117647058823,-0.5,23.281623759119338,25.858349741321742,25.910507568515328,-8.296118127797904
room_acoustic_data_room_0627.mat,1.3411764705882352,-0.5,23.496915918471814,26.0811267971568,26.1424682191557,-8.351696640963674
room_acoustic_data_room_0628.mat,1.3529411764705883,-0.5,23.608569822294868,26.239427221820947,26.251650369103338,-8.398869936788447
room_acoustic_data_room_0629.mat,1.3647058823529412,-0.5,23.604590344414163,26.331002362019426,26.21556878646542,-8.426248114889459
room_acoustic_data_room_0630.mat,1.3764705882352941,-0.5,23.48907988129813,26.340066398471862,26.05040758034842,-8.437731099144296
room_acoustic_data_room_0631.mat,1.388235294117647,-0.5,23.244490437287013,26.2188749487471,25.74461492133505,-8.414560063080943
room_acoustic_data_room_0632.mat,1.4,-0.5,22.853460087066424,25.904755967539455,25.317965758702627,-8.336466157583276
room_acoustic_data_room_0633.mat,1.411764705882353,-0.5,23.079911417074026,26.11697111129098,25.544741443779575,-8.408860747349085
room_acoustic_data_room_0634.mat,1.423529411764706,-0.5,23.462700281763368,26.440979834143437,25.945552037641693,-8.517356298907906
room_acoustic_data_room_0635.mat,1.4352941176470588,-0.5,23.721944251366338,26.616153272382924,26.227888299613884,-8.59541461767892
room_acoustic_data_room_0636.mat,1.4470588235294117,-0.5,23.844791425775014,26.65648936496599,26.37271114043166,-8.632387557174983
room_acoustic_data_room_0637.mat,1.4588235294117646,-0.5,23.82583004062652,26.58218539903316,26.361826958272523,-8.623663594063082
room_acoustic_data_room_0638.mat,1.4705882352941178,-0.5,23.6582556053688,26.38084262687218,26.19930035211806,-8.562372120996812
room_acoustic_data_room_0639.mat,1.4823529411764707,-0.5,23.407581171139693,26.09273845648532,25.9534434892897,-8.513025916200384
room_acoustic_data_room_0640.mat,1.4941176470588236,-0.5,23.002457235492408,25.681375537495033,25.542967366590098,-8.401712797223142
room_acoustic_data_room_0641.mat,1.5058823529411764,-0.5,23.014880851038946,25.685921868555226,25.55582842255032,-8.414136453014647
room_acoustic_data_room_0642.mat,1.5176470588235293,-0.5,23.44886313050852,26.085928356985622,26.01119194833337,-8.554307919470665
room_acoustic_data_room_0643.mat,1.5294117647058822,-0.5,23.750446126848438,26.368858466042862,26.3442122537947,-8.654562689983228
room_acoustic_data_room_0644.mat,1.5411764705882354,-0.5,23.93788509020991,26.56629646856834,26.553432013278375,-8.735718694945136
room_acoustic_data_room_0645.mat,1.5529411764705883,-0.5,24.015079944328917,26.69071593282964,26.629276286001826,-8.802676131236236
room_acoustic_data_room_0646.mat,1.5647058823529412,-0.5,23.94931897962951,26.715428879203028,26.541589213943283,-8.822789406307072
room_acoustic_data_room_0647.mat,1.576470588235294,-0.5,23.710803862169744,26.58966626151426,26.269234166284757,-8.765459945430674
room_acoustic_data_room_0648.mat,1.588235294117647,-0.5,23.301751170870904,26.28074498588241,25.830655363499474,-8.630700574171964
room_acoustic_data_room_0649.mat,1.6,-0.5,23.055211122255905,26.072191841727363,25.575774260855297,-8.538217332281155
room_acoustic_data_room_0650.mat,1.611764705882353,-0.5,23.51667540260857,26.47322157244316,26.05679721762812,-8.686745163447098
room_acoustic_data_room_0651.mat,1.6235294117647059,-0.5,23.82918540194273,26.703635590010343,26.393285207253626,-8.777836751576643
room_acoustic_data_room_0652.mat,1.6352941176470588,-0.5,23.984378646214385,26.77567141807181,26.565669946647983,-8.80603654659791
room_acoustic_data_room_0653.mat,1.6470588235294117,-0.5,24.002871190540557,26.72591922820225,26.58645642510827,-8.793171434612995
room_acoustic_data_room_0654.mat,1.6588235294117648,-0.5,23.877845420905736,26.559875671166143,26.444047118198096,-8.732626274387252
room_acoustic_data_room_0655.mat,1.6705882352941177,-0.5,23.627101159208156,26.292069491304662,26.17332438883997,-8.641595662247637
room_acoustic_data_room_0656.mat,1.6823529411764706,-0.5,23.234997868513133,25.898910476999113,25.773340472824614,-8.502605539414931
room_acoustic_data_room_0657.mat,1.6941176470588235,-0.5,22.768073218135882,25.443400444064224,25.31788713245495,-8.336291501592536
room_acoustic_data_room_0658.mat,1.7058823529411764,-0.5,23.255629984969723,25.87369592977591,25.832313347496104,-8.49042412946472
room_acoustic_data_room_0659.mat,1.7176470588235293,-0.5,23.606638690069737,26.182121543343648,26.222634629704128,-8.598472047323229
room_acoustic_data_room_0660.mat,1.7294117647058824,-0.5,23.8268944900135,26.40802593733794,26.46533924427436,-8.669538442427067
room_acoustic_data_room_0661.mat,1.7411764705882353,-0.5,23.952583491429884,26.581679272908193,26.590530798920508,-8.741279917080801
room_acoustic_data_room_0662.mat,1.7529411764705882,-0.5,23.963506018188177,26.67907778171678,26.580702706687696,-8.793850233976912
room_acoustic_data_room_0663.mat,1.7647058823529411,-0.5,23.819572253831417,26.646718464181678,26.407189332764798,-8.786722657717787
room_acoustic_data_room_0664.mat,1.776470588235294,-0.5,23.548034497585945,26.478642984370953,26.099955059673636,-8.745629991208041
room_acoustic_data_room_0665.mat,1.7882352941176471,-0.5,23.088759109226842,26.083702364491707,25.625793868094078,-8.607139988218755
room_acoustic_data_room_0666.mat,1.8,-0.5,23.470869863607543,26.43847319908921,26.017568687713446,-8.755738580415883
room_acoustic_data_room_0667.mat,1.811764705882353,-0.5,23.852483645555548,26.767366911586702,26.407750101441955,-8.871727749151093
room_acoustic_data_room_0668.mat,1.8235294117647058,-0.5,24.049148559354187,26.90440888900094,26.612870912195188,-8.895798247785745
room_acoustic_data_room_0669.mat,1.8352941176470587,-0.5,24.120672235926243,26.8984168601067,26.697462893671865,-8.889525191014636
room_acoustic_data_room_0670.mat,1.8470588235294119,-0.5,24.061669041609896,26.783260200590053,26.633580412030557,-8.848045227202695
room_acoustic_data_room_0671.mat,1.8588235294117648,-0.5,23.890953669378646,26.557872950491767,26.464543736269476,-8.789897261237611
room_acoustic_data_room_0672.mat,1.8705882352941177,-0.5,23.604485146105322,26.225172318923757,26.18759219366283,-8.70981175057836
room_acoustic_data_room_0673.mat,1.8823529411764706,-0.5,23.140669209507216,25.753868638770314,25.7358442856836,-8.543371519341981
room_acoustic_data_room_0674.mat,1.8941176470588235,-0.5,23.28285883304855,25.881996220623403,25.8795735159104,-8.596570309970462
room_acoustic_data_room_0675.mat,1.9058823529411764,-0.5,23.719569488169874,26.311272890837408,26.31031958282462,-8.744998395014418
room_acoustic_data_room_0676.mat,1.9176470588235295,-0.5,24.012807465843018,26.616175308966525,26.60455066303136,-8.842160196240581
room_acoustic_data_room_0677.mat,1.9294117647058824,-0.5,24.181778715627797,26.820154643373986,26.779230366376193,-8.909400598345664
room_acoustic_data_room_0678.mat,1.9411764705882353,-0.5,24.24475439875082,26.94569102742673,26.836635313755437,-8.965736817403947
room_acoustic_data_room_0679.mat,1.9529411764705882,-0.5,24.171975766043307,26.965573815362536,26.742074171060025,-8.981323130172115
room_acoustic_data_room_0680.mat,1.964705882352941,-0.5,23.937592109970893,26.84798004342799,26.467168587407496,-8.929381286325345
room_acoustic_data_room_0681.mat,1.9764705882352942,-0.5,23.544812939417085,26.568576551078866,26.027180435987344,-8.810787769091528
room_acoustic_data_room_0682.mat,1.988235294117647,-0.5,23.434045320707785,26.50346357632521,25.8956441135756,-8.765957779687412
room_acoustic_data_room_0683.mat,2.0,-0.5,23.887962807997724,26.893654029707847,26.381786187350777,-8.910192458391602
room_acoustic_data_room_0684.mat,2.011764705882353,-0.5,24.158779224978453,27.072372795733635,26.69846405889026,-8.962748567332104
room_acoustic_data_room_0685.mat,2.023529411764706,-0.5,24.27811314228695,27.10290650676713,26.845374608896336,-8.957843667191145
room_acoustic_data_room_0686.mat,2.0352941176470587,-0.5,24.26615445527076,27.011708114266646,26.846370143107173,-8.916706596151581
room_acoustic_data_room_0687.mat,2.0470588235294116,-0.5,24.123196280434787,26.81350235041673,26.695140957429516,-8.839768211766396
room_acoustic_data_room_0688.mat,2.0588235294117645,-0.5,23.880601133274805,26.53442026342998,26.43712136490035,-8.757773847205724
room_acoustic_data_room_0689.mat,2.070588235294118,-0.5,23.51106188604689,26.143931466725512,26.05665558090491,-8.641579109114016
room_acoustic_data_room_0690.mat,2.0823529411764707,-0.5,23.144978276924416,25.773861294602835,25.698500175116,-8.508230636745365
room_acoustic_data_room_0691.mat,2.0941176470588236,-0.5,23.612200895602488,26.188084774355517,26.19002092114856,-8.646080713091337
room_acoustic_data_room_0692.mat,2.1058823529411765,-0.5,23.921012173279852,26.467050644614346,26.53617866375137,-8.716277886835993
room_acoustic_data_room_0693.mat,2.1176470588235294,-0.5,24.129407193648955,26.671749065656027,26.77915547494984,-8.779930637999785
room_acoustic_data_room_0694.mat,2.1294117647058823,-0.5,24.240851319593368,26.81751676645352,26.900165773104277,-8.841873713035335
room_acoustic_data_room_0695.mat,2.1411764705882352,-0.5,24.24663352575042,26.899272552993246,26.890351809914385,-8.893756186879546
room_acoustic_data_room_0696.mat,2.152941176470588,-0.5,24.14175181773257,26.894563839045112,26.753677166640323,-8.930226894141367
room_acoustic_data_room_0697.mat,2.164705882352941,-0.5,23.906207141567734,26.76613252904497,26.473748089208176,-8.92988589006876
room_acoustic_data_room_0698.mat,2.176470588235294,-0.5,23.485729950792972,26.428310917537793,26.021402372599592,-8.835266455893166
room_acoustic_data_room_0699.mat,2.1882352941176473,-0.5,23.898026827815286,26.806632499770263,26.4566919696342,-8.974749310547177
room_acoustic_data_room_0700.mat,2.2,-0.5,24.265412506462116,27.061006189834714,26.884289985692178,-9.08374394219087
room_acoustic_data_room_0701.mat,2.211764705882353,-0.5,24.49893060584752,27.185056072760748,27.157491818371177,-9.152512691215332
room_acoustic_data_room_0702.mat,2.223529411764706,-0.5,24.592783710644785,27.165620109761974,27.286526819658114,-9.1769367962829
room_acoustic_data_room_0703.mat,2.235294117647059,-0.5,24.53992922205493,27.037236966113262,27.24088873880017,-9.150494262454776
room_acoustic_data_room_0704.mat,2.2470588235294118,-0.5,24.34352080156289,26.80508945272832,27.034156309960572,-9.07614571434
room_acoustic_data_room_0705.mat,2.2588235294117647,-0.5,24.00646855484625,26.45636769538077,26.686058989392166,-8.955695465990559
room_acoustic_data_room_0706.mat,2.2705882352941176,-0.5,23.523677919423392,25.984827548744207,26.193136062495622,-8.781325147026413
room_acoustic_data_room_0707.mat,2.2823529411764705,-0.5,23.70113474805828,26.13976039342948,26.371422414063467,-8.83486296762007
room_acoustic_data_room_0708.mat,2.2941176470588234,-0.5,24.112026250422552,26.517796696774006,26.795159689055534,-8.965265340136758
room_acoustic_data_room_0709.mat,2.3058823529411763,-0.5,24.370252656503013,26.776401095682107,27.065691938269207,-9.035806061002297
room_acoustic_data_room_0710.mat,2.3176470588235296,-0.5,24.49943327847553,26.950647265615913,27.193276472921966,-9.072042970280938
room_acoustic_data_room_0711.mat,2.3294117647058825,-0.5,24.5148496458647,27.050371803889682,27.18993621221172,-9.089859009896813
room_acoustic_data_room_0712.mat,2.3411764705882354,-0.5,24.413648366412957,27.06493190137607,27.051262034306905,-9.08623700007182
room_acoustic_data_room_0713.mat,2.3529411764705883,-0.5,24.187145590386855,26.972764327943175,26.77278053590331,-9.05152507116849
room_acoustic_data_room_0714.mat,2.364705882352941,-0.5,23.82531757330916,26.72873732912731,26.35555900771482,-8.97330232116645
room_acoustic_data_room_0715.mat,2.376470588235294,-0.5,23.813668846758315,26.774537620536467,26.307249426715163,-8.961075437610953
room_acoustic_data_room_0716.mat,2.388235294117647,-0.5,24.219717521094925,27.14904002772473,26.71270617712309,-9.059577368777877
room_acoustic_data_room_0717.mat,2.4,-0.5,24.450321116006922,27.305967159052212,26.960613064931426,-9.073576953855248
room_acoustic_data_room_0718.mat,2.411764705882353,-0.5,24.548536745792575,27.32591062497512,27.06718532042784,-9.048333932344589
room_acoustic_data_room_0719.mat,2.4235294117647057,-0.5,24.53043421180613,27.235222173365035,27.047010346459594,-9.000590027938202
room_acoustic_data_room_0720.mat,2.4352941176470586,-0.5,24.411944884615696,27.066845828956104,26.913582475831014,-8.946101199693405
room_acoustic_data_room_0721.mat,2.447058823529412,-0.5,24.204627626231563,26.81997384421671,26.68613439257242,-8.895539864939865
room_acoustic_data_room_0722.mat,2.458823529411765,-0.5,23.875139405199185,26.4617373994435,26.35214110605057,-8.813457827583127
room_acoustic_data_room_0723.mat,2.4705882352941178,-0.5,23.72344428054895,26.277812645413142,26.217866669913356,-8.776740774941374
room_acoustic_data_room_0724.mat,2.4823529411764707,-0.5,24.172379351455604,26.66752149541867,26.70376678540422,-8.885832441202417
room_acoustic_data_room_0725.mat,2.4941176470588236,-0.5,24.521935583550526,26.983610424455197,27.09203081948177,-8.983775191130674
room_acoustic_data_room_0726.mat,2.5058823529411764,-0.5,24.76026865241995,27.236281796889248,27.358457690091896,-9.061314094114708
room_acoustic_data_room_0727.mat,2.5176470588235293,-0.5,24.908693291988083,27.437057118964443,27.516820607467697,-9.140620883481175
room_acoustic_data_room_0728.mat,2.5294117647058822,-0.5,24.932040996218625,27.561361756519844,27.52114210193757,-9.186446673474602
room_acoustic_data_room_0729.mat,2.541176470588235,-0.5,24.83457569659436,27.604652446801616,27.374052955805432,-9.202375857403005
room_acoustic_data_room_0730.mat,2.552941176470588,-0.5,24.594499354127166,27.513609234513563,27.07540517677082,-9.16497993663112
room_acoustic_data_room_0731.mat,2.5647058823529414,-0.5,24.227890028210986,27.252654375082933,26.66710421493303,-9.067623884197873
room_acoustic_data_room_0732.mat,2.5764705882352943,-0.5,24.74038017794516,27.712929036944374,27.19803273188653,-9.203810557138734
room_acoustic_data_room_0733.mat,2.588235294117647,-0.5,25.084040526266588,27.94873305182871,27.587116688666434,-9.25682476936048
room_acoustic_data_room_0734.mat,2.6,-0.5,25.29329631022538,28.06283453462186,27.82232804370028,-9.264345573057412
room_acoustic_data_room_0735.mat,2.611764705882353,-0.5,25.397099336323564,28.071951730138895,27.94452886022245,-9.256626340109012
room_acoustic_data_room_0736.mat,2.623529411764706,-0.5,25.386703952918147,28.003025478979087,27.929068194304314,-9.225194633168963
room_acoustic_data_room_0737.mat,2.635294117647059,-0.5,25.261256485730787,27.835099324506164,27.79295045880214,-9.16902073681028
room_acoustic_data_room_0738.mat,2.6470588235294117,-0.5,25.010591960694093,27.5592508070387,27.52820563042657,-9.077154801116997
room_acoustic_data_room_0739.mat,2.6588235294117646,-0.5,24.618702651613784,27.149633512809377,27.129184327712448,-8.93138752237515
room_acoustic_data_room_0740.mat,2.6705882352941175,-0.5,24.763303800600298,27.242525068255073,27.294188178474656,-8.911482294095903
room_acoustic_data_room_0741.mat,2.6823529411764704,-0.5,25.15127500794822,27.577624154121366,27.71858263638417,-8.965776369682084
room_acoustic_data_room_0742.mat,2.6941176470588237,-0.5,25.438801279030592,27.824729598847743,28.046499662822654,-9.008889279709857
room_acoustic_data_room_0743.mat,2.7058823529411766,-0.5,25.623747798688278,28.01504463993934,28.25054590567462,-9.0405838678432
room_acoustic_data_room_0744.mat,2.7176470588235295,-0.5,25.72497898600476,28.17022707892668,28.332169816907623,-9.080459828076709
room_acoustic_data_room_0745.mat,2.7294117647058824,-0.5,25.70476256494444,28.245701536225326,28.26683360620533,-9.09126073672806
room_acoustic_data_room_0746.mat,2.7411764705882353,-0.5,25.53567625762223,28.21017219273973,28.03634157784902,-9.045883258517813
room_acoustic_data_room_0747.mat,2.7529411764705882,-0.5,25.177355373225303,27.973979676147685,27.628741599854227,-8.903348486417562
room_acoustic_data_room_0748.mat,2.764705882352941,-0.5,24.983504816172044,27.819589560784316,27.413317229168914,-8.776985035021532
room_acoustic_data_room_0749.mat,2.776470588235294,-0.5,25.492183259158402,28.19714820670697,27.901632351903153,-8.897874657099225
room_acoustic_data_room_0750.mat,2.788235294117647,-0.5,25.841755962632355,28.318546599079355,28.23338190368971,-8.95262708442779
room_acoustic_data_room_0751.mat,2.8,-0.5,26.07223969882424,28.31368228455358,28.45022800810503,-8.983762384624717
room_acoustic_data_room_0752.mat,2.8117647058823527,-0.5,26.135877443041217,28.1944598432558,28.485491000660517,-8.944950554524524
room_acoustic_data_room_0753.mat,2.823529411764706,-0.5,26.03228137928256,27.970875606831935,28.33723002536513,-8.837559438708082
room_acoustic_data_room_0754.mat,2.835294117647059,-0.5,25.780769079226733,27.67268045362468,28.008898927486197,-8.683301533626553
room_acoustic_data_room_0755.mat,2.847058823529412,-0.5,25.353736649983016,27.260609845097214,27.49404741402011,-8.456341415650257
room_acoustic_data_room_0756.mat,2.8588235294117648,-0.5,25.763034526658572,27.567778885030712,27.847885992617208,-8.581164591449442
room_acoustic_data_room_0757.mat,2.8705882352941177,-0.5,26.510918666694245,28.165165052967353,28.56247191797531,-8.844783050294911
room_acoustic_data_room_0758.mat,2.8823529411764706,-0.5,27.06059051740056,28.681884722093844,29.036664116399592,-9.011872649486161
room_acoustic_data_room_0759.mat,2.8941176470588235,-0.5,27.426877588686757,29.12537063517366,29.291626265035063,-9.096363787151473
room_acoustic_data_room_0760.mat,2.9058823529411764,-0.5,27.628290669605505,29.507454411182344,29.365333185182962,-9.110875130970236
room_acoustic_data_room_0761.mat,2.9176470588235293,-0.5,28.518485628972496,30.550068218381604,30.091489279260017,-9.379448512476042
room_acoustic_data_room_0762.mat,2.929411764705882,-0.5,29.44516365391265,31.677485328526945,30.816124465770812,-9.626245728368172
room_acoustic_data_room_0763.mat,2.9411764705882355,-0.5,30.10003229520464,32.570637718635275,31.29846914216827,-9.698279058252329
room_acoustic_data_room_0764.mat,2.9529411764705884,-0.5,30.54630646280836,33.17192726196089,31.643561673015167,-9.654067291379839
room_acoustic_data_room_0765.mat,2.9647058823529413,-0.5,30.772669379428883,33.46649241814737,31.842701871834713,-9.47481359597515
room_acoustic_data_room_0766.mat,2.976470588235294,-0.5,30.83848959264682,33.491297836171874,31.95271082363078,-9.21031396402439
room_acoustic_data_room_0767.mat,2.988235294117647,-0.5,30.790328952424602,33.32548658617493,32.0157742161993,-8.89652558002454
room_acoustic_data_room_0768.mat,3.0,-0.5,30.679168395594406,33.05612819138831,32.04833057055085,-8.573830014633511
room_acoustic_data_room_0769.mat,0.0,3.5,29.46908221097206,31.967769038171717,31.123995230523693,-7.362876243107568
room_acoustic_data_room_0770.mat,0.011764705882352941,3.5,29.554296900915702,32.24223993290798,31.09448854920325,-7.659146694173719
room_acoustic_data_room_0771.mat,0.023529411764705882,3.5,29.591226621274316,32.44732199442762,31.0456701178502,-7.960967452981508
room_acoustic_data_room_0772.mat,0.03529411764705882,3.5,29.550142683215405,32.533974014963775,30.95298983016899,-8.249092953169907
room_acoustic_data_room_0773.mat,0.047058823529411764,3.5,29.349099434950197,32.39707903363581,30.766546487260843,-8.452033660252654
room_acoustic_data_room_0774.mat,0.058823529411764705,3.5,28.982096811313212,31.99380824438785,30.478876034335386,-8.57318710121897
room_acoustic_data_room_0775.mat,0.07058823529411765,3.5,28.414034673590656,31.31752931626756,30.03884322134265,-8.584748574284424
room_acoustic_data_room_0776.mat,0.08235294117647059,3.5,27.69962224368229,30.458364237992576,29.45641957372706,-8.545959646183384
room_acoustic_data_room_0777.mat,0.09411764705882353,3.5,27.018645502182736,29.608837354705962,28.899757425906323,-8.49520697432052
room_acoustic_data_room_0778.mat,0.10588235294117647,3.5,26.97025009782206,29.30608326129108,28.925320300499994,-8.63019938096592
room_acoustic_data_room_0779.mat,0.11764705882352941,3.5,26.724879633588262,28.870137008361358,28.740996220143483,-8.66233777109804
room_acoustic_data_room_0780.mat,0.12941176470588237,3.5,26.25232247451354,28.316567611650004,28.402034227739218,-8.567663727686746
room_acoustic_data_room_0781.mat,0.1411764705882353,3.5,25.66650947393342,27.686562480956223,27.971374795623305,-8.461638876460139
room_acoustic_data_room_0782.mat,0.15294117647058825,3.5,25.329077896566478,27.300559903116945,27.734854896532944,-8.44974869774115
room_acoustic_data_room_0783.mat,0.16470588235294117,3.5,25.76736746968745,27.574363842776496,28.246952431007465,-8.685389980267882
room_acoustic_data_room_0784.mat,0.17647058823529413,3.5,26.03663260794493,27.735560290670122,28.579765196343878,-8.855393641133759
room_acoustic_data_room_0785.mat,0.18823529411764706,3.5,26.133649591041017,27.805040081573623,28.731951070477994,-8.955294234831415
room_acoustic_data_room_0786.mat,0.2,3.5,26.07594034424947,27.82995837206029,28.69965087594158,-9.000530423630815
room_acoustic_data_room_0787.mat,0.21176470588235294,3.5,25.864761924081648,27.780172162557044,28.487418097985092,-8.99066836705138
room_acoustic_data_room_0788.mat,0.2235294117647059,3.5,25.47483934232399,27.58627355884744,28.103245961001612,-8.89880204728725
room_acoustic_data_room_0789.mat,0.23529411764705882,3.5,24.92990414127329,27.222875624645763,27.568026238059243,-8.745683745964373
room_acoustic_data_room_0790.mat,0.24705882352941178,3.5,25.160516547782766,27.465543986396554,27.807813375160443,-8.88245360301375
room_acoustic_data_room_0791.mat,0.25882352941176473,3.5,25.545415377061115,27.808373020816937,28.200240672060207,-9.052936836931842
room_acoustic_data_room_0792.mat,0.27058823529411763,3.5,25.75380178583262,27.95754815356823,28.429730071296575,-9.139693777880169
room_acoustic_data_room_0793.mat,0.2823529411764706,3.5,25.799119226130323,27.9493744223026,28.49093491183121,-9.156293229329632
room_acoustic_data_room_0794.mat,0.29411764705882354,3.5,25.737510975966362,27.836932090453004,28.442019197107086,-9.158171356469238
room_acoustic_data_room_0795.mat,0.3058823529411765,3.5,25.55026838424142,27.61965605598843,28.26341447471142,-9.125886937328758
room_acoustic_data_room_0796.mat,0.3176470588235294,3.5,25.22547905488544,27.29770213351062,27.938427319646237,-9.046651931396996
room_acoustic_data_room_0797.mat,0.32941176470588235,3.5,24.78808005604457,26.893208588874803,27.477872922910787,-8.94345390606198
room_acoustic_data_room_0798.mat,0.3411764705882353,3.5,24.612147812709946,26.756798451941606,27.258119137340856,-8.919185556299096
room_acoustic_data_room_0799.mat,0.35294117647058826,3.5,25.0158708207581,27.164396379862975,27.630690983562772,-9.078798710118292
room_acoustic_data_room_0800.mat,0.36470588235294116,3.5,25.282140356537155,27.444567054612257,27.877644227994605,-9.187690262862848
room_acoustic_data_room_0801.mat,0.3764705882352941,3.5,25.433823818304127,27.62731739048222,28.021526304988452,-9.27099344495016
room_acoustic_data_room_0802.mat,0.38823529411764707,3.5,25.468224553516436,27.72767043072106,28.045761449919084,-9.326893190761293
room_acoustic_data_room_0803.mat,0.4,3.5,25.381642339174,27.724016239003312,27.94762691134934,-9.351980560043106
room_acoustic_data_room_0804.mat,0.4117647058823529,3.5,25.154840376246604,27.58885326470736,27.714801872861266,-9.326874081081808
room_acoustic_data_room_0805.mat,0.4235294117647059,3.5,24.79965545438993,27.320965923359225,27.34993076128543,-9.262248117652415
room_acoustic_data_room_0806.mat,0.43529411764705883,3.5,24.261457557172843,26.845028662674487,26.82568345060907,-9.100359108536399
room_acoustic_data_room_0807.mat,0.4470588235294118,3.5,24.630937663319354,27.20314709860141,27.20993932969566,-9.203762441751852
room_acoustic_data_room_0808.mat,0.4588235294117647,3.5,24.85876085086614,27.388746139093385,27.461845492888443,-9.228928683990942
room_acoustic_data_room_0809.mat,0.47058823529411764,3.5,24.930868987984898,27.400447864188173,27.564216708336453,-9.18769633441843
room_acoustic_data_room_0810.mat,0.4823529411764706,3.5,24.88068392056451,27.293895053562185,27.542683771433172,-9.115166790100565
room_acoustic_data_room_0811.mat,0.49411764705882355,3.5,24.721899684606164,27.090943264203574,27.411905927882664,-9.025714272827539
room_acoustic_data_room_0812.mat,0.5058823529411764,3.5,24.46344164403799,26.785488890685357,27.177167125029065,-8.92830042514531
room_acoustic_data_room_0813.mat,0.5176470588235295,3.5,24.083895179409375,26.37711030014126,26.815428164439304,-8.800580429301995
room_acoustic_data_room_0814.mat,0.5294117647058824,3.5,23.574002900339313,25.86786902145635,26.31661548897807,-8.630629839829503
room_acoustic_data_room_0815.mat,0.5411764705882353,3.5,23.739477862881703,26.01223878069365,26.473830058051206,-8.675623500289118
room_acoustic_data_room_0816.mat,0.5529411764705883,3.5,24.084305825358992,26.337991439268652,26.79759687009639,-8.773637937477659
room_acoustic_data_room_0817.mat,0.5647058823529412,3.5,24.31338474886576,26.56345305954304,27.013520406792594,-8.846483027317053
room_acoustic_data_room_0818.mat,0.5764705882352941,3.5,24.412177218057558,26.681432856632345,27.11635894941488,-8.881683477499974
room_acoustic_data_room_0819.mat,0.5882352941176471,3.5,24.39668498299941,26.721613705333034,27.10403181838075,-8.896120661445293
room_acoustic_data_room_0820.mat,0.6,3.5,24.26988892042297,26.678797660773537,26.96123835252848,-8.8929670450316
room_acoustic_data_room_0821.mat,0.611764705882353,3.5,24.019940402933223,26.500826908865637,26.703301996040423,-8.859727922975853
room_acoustic_data_room_0822.mat,0.6235294117647059,3.5,23.63250975731726,26.154917231312808,26.331830615372954,-8.77989708441217
room_acoustic_data_room_0823.mat,0.6352941176470588,3.5,23.680716426325823,26.19744217137324,26.39592036564913,-8.828599606324211
room_acoustic_data_room_0824.mat,0.6470588235294118,3.5,24.12233045850002,26.59669036685889,26.852252141732123,-8.98666054439832
room_acoustic_data_room_0825.mat,0.6588235294117647,3.5,24.370821611348067,26.78431525761503,27.13437519520057,-9.043387419942338
room_acoustic_data_room_0826.mat,0.6705882352941176,3.5,24.475489467608828,26.82257173500583,27.2708792151923,-9.05048869582226
room_acoustic_data_room_0827.mat,0.6823529411764706,3.5,24.451172559629025,26.747972225256294,27.267528526646746,-9.023777811850604
room_acoustic_data_room_0828.mat,0.6941176470588235,3.5,24.332816572211968,26.583564410629783,27.165722565233995,-8.99836794810362
room_acoustic_data_room_0829.mat,0.7058823529411765,3.5,24.116872819782383,26.337464490129655,26.947185943384298,-8.97011084628382
room_acoustic_data_room_0830.mat,0.7176470588235294,3.5,23.77317156628342,25.977018708081523,26.599865441782164,-8.90689908793836
room_acoustic_data_room_0831.mat,0.7294117647058823,3.5,23.64703402756373,25.82723619408673,26.475365446349706,-8.90468057070069
room_acoustic_data_room_0832.mat,0.7411764705882353,3.5,24.040740338148225,26.214129001580577,26.863910875483924,-8.989966657478403
room_acoustic_data_room_0833.mat,0.7529411764705882,3.5,24.313756756749278,26.49175222766114,27.13355264664188,-9.046381104654076
room_acoustic_data_room_0834.mat,0.7647058823529411,3.5,24.481038683698195,26.674607148377948,27.30578403446544,-9.091603153411372
room_acoustic_data_room_0835.mat,0.7764705882352941,3.5,24.53954253564197,26.77759857178611,27.35521762382745,-9.123695023792525
room_acoustic_data_room_0836.mat,0.788235294117647,3.5,24.490613994203073,26.801318011667195,27.27743284727695,-9.144195438780974
room_acoustic_data_room_0837.mat,0.8,3.5,24.3476842494842,26.727763575230213,27.111093360362247,-9.166014986891629
room_acoustic_data_room_0838.mat,0.8117647058823529,3.5,24.099258286186704,26.534961865386506,26.847842938450377,-9.175980000614283
room_acoustic_data_room_0839.mat,0.8235294117647058,3.5,23.790609414035714,26.264530932989114,26.53270821564042,-9.140145089366962
room_acoustic_data_room_0840.mat,0.8352941176470589,3.5,24.194407554363593,26.66953315306763,26.92998107010228,-9.218085401325698
room_acoustic_data_room_0841.mat,0.8470588235294118,3.5,24.46675368595148,26.892830705820366,27.22509437320113,-9.25522778128675
room_acoustic_data_room_0842.mat,0.8588235294117647,3.5,24.611087528998826,26.949677233390133,27.4093939951453,-9.258209123075373
room_acoustic_data_room_0843.mat,0.8705882352941177,3.5,24.636000354568026,26.88765232256323,27.459388061112225,-9.237021589628077
room_acoustic_data_room_0844.mat,0.8823529411764706,3.5,24.555761439747133,26.739601226966304,27.383642940303478,-9.206283630139215
room_acoustic_data_room_0845.mat,0.8941176470588236,3.5,24.364581890904155,26.528776260389595,27.165779648905364,-9.159846252017328
room_acoustic_data_room_0846.mat,0.9058823529411765,3.5,24.044420344090064,26.218872222841267,26.812615486327136,-9.078298709373822
room_acoustic_data_room_0847.mat,0.9176470588235294,3.5,23.622031607482473,25.811233076823235,26.37279326667064,-8.985282415769856
room_acoustic_data_room_0848.mat,0.9294117647058824,3.5,23.92034443848683,26.104358902224128,26.64645405797802,-9.05086003568078
room_acoustic_data_room_0849.mat,0.9411764705882353,3.5,24.243158034295856,26.445422197337486,26.942834322650498,-9.120329040281273
room_acoustic_data_room_0850.mat,0.9529411764705882,3.5,24.44315180613939,26.67060814469085,27.135303886429703,-9.15972195023268
room_acoustic_data_room_0851.mat,0.9647058823529412,3.5,24.528789615367288,26.813752267699083,27.20649888671986,-9.17933989231902
room_acoustic_data_room_0852.mat,0.9764705882352941,3.5,24.508877193753488,26.882614405961206,27.15629844495625,-9.18860578054067
room_acoustic_data_room_0853.mat,0.9882352941176471,3.5,24.395696873558457,26.86379978418106,27.018445603360885,-9.19966420646843
room_acoustic_data_room_0854.mat,1.0,3.5,24.157651141657798,26.720515305823504,26.761477423312265,-9.179878715011784
room_acoustic_data_room_0855.mat,1.011764705882353,3.5,23.762215396896256,26.39695104273799,26.362222468029373,-9.094125716025484
room_acoustic_data_room_0856.mat,1.0235294117647058,3.5,23.853892625931067,26.493195453682766,26.466469807058907,-9.11986525494028
room_acoustic_data_room_0857.mat,1.035294117647059,3.5,24.213644963843123,26.79728881420395,26.848333633431608,-9.20543190035115
room_acoustic_data_room_0858.mat,1.0470588235294118,3.5,24.463575832555804,26.951411728976073,27.133765714066534,-9.272920922576878
room_acoustic_data_room_0859.mat,1.0588235294117647,3.5,24.57813140291271,26.988315334683683,27.27896393002713,-9.299111516976419
room_acoustic_data_room_0860.mat,1.0705882352941176,3.5,24.56611869524066,26.911740719999248,27.284675627071646,-9.293738245708255
room_acoustic_data_room_0861.mat,1.0823529411764705,3.5,24.428734710502653,26.734556762689422,27.139924033690022,-9.258085083482898
room_acoustic_data_room_0862.mat,1.0941176470588236,3.5,24.15351008048645,26.453240125044367,26.84042007326609,-9.178936607603097
room_acoustic_data_room_0863.mat,1.1058823529411765,3.5,23.749245454656798,26.060114542086946,26.419154108131934,-9.062954533078383
room_acoustic_data_room_0864.mat,1.1176470588235294,3.5,23.655899464102035,25.950809613789623,26.32265410919559,-9.05859933596979
room_acoustic_data_room_0865.mat,1.1294117647058823,3.5,24.141259620537245,26.386387286404155,26.80206595645666,-9.24658379321881
room_acoustic_data_room_0866.mat,1.1411764705882352,3.5,24.48090121177114,26.695022912014874,27.14520710273675,-9.379842381067558
room_acoustic_data_room_0867.mat,1.1529411764705881,3.5,24.67218037109902,26.889164414664023,27.34592489637828,-9.458554144986529
room_acoustic_data_room_0868.mat,1.1647058823529413,3.5,24.726435360843038,26.983754996060885,27.39522259100856,-9.495285915458718
room_acoustic_data_room_0869.mat,1.1764705882352942,3.5,24.64863864924905,26.971533932838373,27.30974172601496,-9.495285948209784
room_acoustic_data_room_0870.mat,1.188235294117647,3.5,24.43858513484411,26.84312715464776,27.08890014265345,-9.457826859870488
room_acoustic_data_room_0871.mat,1.2,3.5,24.0635454728409,26.547552397335497,26.711183624762253,-9.348411822413416
room_acoustic_data_room_0872.mat,1.2117647058823529,3.5,23.69750876902507,26.221731822053616,26.35860162779887,-9.215887261716484
room_acoustic_data_room_0873.mat,1.223529411764706,3.5,24.161158309643515,26.646701943120274,26.844141795812536,-9.35875145418388
room_acoustic_data_room_0874.mat,1.2352941176470589,3.5,24.46560525974888,26.882064872723916,27.189341129158684,-9.432753351910474
room_acoustic_data_room_0875.mat,1.2470588235294118,3.5,24.62526145424306,26.96871724576397,27.377714908948306,-9.455603394513755
room_acoustic_data_room_0876.mat,1.2588235294117647,3.5,24.65048990225401,26.936768772573107,27.41390978280181,-9.439184086249027
room_acoustic_data_room_0877.mat,1.2705882352941176,3.5,24.530061609066394,26.788973217911053,27.28069885495078,-9.372703350703725
room_acoustic_data_room_0878.mat,1.2823529411764707,3.5,24.275005464949885,26.513650193340915,27.010225191437765,-9.26683663937387
room_acoustic_data_room_0879.mat,1.2941176470588236,3.5,23.88934356884549,26.139452462193734,26.599565529332526,-9.124135556004601
room_acoustic_data_room_0880.mat,1.3058823529411765,3.5,23.35313720206309,25.637485325997385,26.046739665784663,-8.921353351639167
room_acoustic_data_room_0881.mat,1.3176470588235294,3.5,23.81850787713605,26.050246742593608,26.50211401933701,-9.086113443897581
room_acoustic_data_room_0882.mat,1.3294117647058823,3.5,24.21974568654332,26.412513612089164,26.895947894562923,-9.234238134741874
room_acoustic_data_room_0883.mat,1.3411764705882352,3.5,24.474802441481597,26.656884925049624,27.159366458961056,-9.3295812860358
room_acoustic_data_room_0884.mat,1.3529411764705883,3.5,24.608183851556156,26.814967388377223,27.300160203820415,-9.398482128262494
room_acoustic_data_room_0885.mat,1.3647058823529412,3.5,24.618246904484185,26.888811747619265,27.30103278864036,-9.439902874171551
room_acoustic_data_room_0886.mat,1.3764705882352941,3.5,24.483351526159176,26.853899234349903,27.141038946032708,-9.432000976930807
room_acoustic_data_room_0887.mat,1.388235294117647,3.5,24.17689146139349,26.663967710831212,26.794648615957726,-9.34695935084932
room_acoustic_data_room_0888.mat,1.4,3.5,23.725709169397,26.294836588005758,26.32976300288448,-9.208713531673986
room_acoustic_data_room_0889.mat,1.411764705882353,3.5,23.978797121237424,26.55187708865991,26.572951499480205,-9.30774472385447
room_acoustic_data_room_0890.mat,1.423529411764706,3.5,24.392398834695356,26.919989947278896,26.99380838329691,-9.44705316508494
room_acoustic_data_room_0891.mat,1.4352941176470588,3.5,24.63278058598439,27.096459543539844,27.256007150840734,-9.506249302985584
room_acoustic_data_room_0892.mat,1.4470588235294117,3.5,24.725341130436938,27.139250021147344,27.35570688839951,-9.512935645551346
room_acoustic_data_room_0893.mat,1.4588235294117646,3.5,24.66245770674673,27.030660155329617,27.295043917465655,-9.460289671865068
room_acoustic_data_room_0894.mat,1.4705882352941178,3.5,24.459993146619226,26.816538986031574,27.084523999424658,-9.364108096702656
room_acoustic_data_room_0895.mat,1.4823529411764707,3.5,24.146051072411154,26.48807632071567,26.77712391795527,-9.251494269784207
room_acoustic_data_room_0896.mat,1.4941176470588236,3.5,23.702614486268594,26.04325859916369,26.346039065730437,-9.101868513628041
room_acoustic_data_room_0897.mat,1.5058823529411764,3.5,23.710571122419196,26.034288294327563,26.351557223916213,-9.109825160408556
room_acoustic_data_room_0898.mat,1.5176470588235293,3.5,24.158086113732253,26.43767265966655,26.794093029293272,-9.263529372290936
room_acoustic_data_room_0899.mat,1.5294117647058822,3.5,24.46894548900528,26.734134705208497,27.098194730729475,-9.373060550711685
room_acoustic_data_room_0900.mat,1.5411764705882354,3.5,24.638294261938768,26.92462893909138,27.25967837000131,-9.43612638894136
room_acoustic_data_room_0901.mat,1.5529411764705883,3.5,24.66840673157863,27.009982575696245,27.28440564275626,-9.456001458680108
room_acoustic_data_room_0902.mat,1.5647058823529412,3.5,24.561860658001315,26.991876580631306,27.16628158999949,-9.435329636929092
room_acoustic_data_room_0903.mat,1.576470588235294,3.5,24.33253726625164,26.85217373660501,26.932356716058294,-9.387191908216288
room_acoustic_data_room_0904.mat,1.588235294117647,3.5,23.941924927034755,26.54142578936384,26.539080988100284,-9.270872890304707
room_acoustic_data_room_0905.mat,1.6,3.5,23.707818540773506,26.347641086676504,26.303676857284923,-9.190823284291094
room_acoustic_data_room_0906.mat,1.611764705882353,3.5,24.141777391805842,26.759512925479,26.745909812456176,-9.311845714833893
room_acoustic_data_room_0907.mat,1.6235294117647059,3.5,24.417020120225622,26.98769300403314,27.03813171428243,-9.365670055903037
room_acoustic_data_room_0908.mat,1.6352941176470588,3.5,24.550764037770477,27.067045190367203,27.194212474862113,-9.372420542792954
room_acoustic_data_room_0909.mat,1.6470588235294117,3.5,24.543723965839774,27.00801316912758,27.204129261237956,-9.334022827540494
room_acoustic_data_room_0910.mat,1.6588235294117648,3.5,24.40530171439324,26.832283301096727,27.065946293417213,-9.260081192821108
room_acoustic_data_room_0911.mat,1.6705882352941177,3.5,24.133658820702394,26.53822427892502,26.788676624981452,-9.148151950589632
room_acoustic_data_room_0912.mat,1.6823529411764706,3.5,23.72953642099885,26.125255131127947,26.38575620427335,-8.997142715654428
room_acoustic_data_room_0913.mat,1.6941176470588235,3.5,23.27065105595526,25.66242538762891,25.937031010279824,-8.838867949508334
room_acoustic_data_room_0914.mat,1.7058823529411764,3.5,23.771356247190205,26.125603726477074,26.42161248375826,-9.006149029877148
room_acoustic_data_room_0915.mat,1.7176470588235293,3.5,24.149359904563227,26.478859045219988,26.787608579714743,-9.141191923478598
room_acoustic_data_room_0916.mat,1.7294117647058824,3.5,24.39824737871088,26.727886468346476,27.028680449732036,-9.240890011366819
room_acoustic_data_room_0917.mat,1.7411764705882353,3.5,24.507316991655287,26.880658929691176,27.120528409782718,-9.296012110956475
room_acoustic_data_room_0918.mat,1.7529411764705882,3.5,24.471664360070903,26.935057853322398,27.052738649051822,-9.30200727765827
room_acoustic_data_room_0919.mat,1.7647058823529411,3.5,24.290152573866234,26.859417103657663,26.839331757040206,-9.257301682624588
room_acoustic_data_room_0920.mat,1.776470588235294,3.5,23.95555175179033,26.600471526065242,26.503674939907192,-9.15314594863683
room_acoustic_data_room_0921.mat,1.7882352941176471,3.5,23.476953043432008,26.15874176608656,26.05508163108695,-8.995332619581887
room_acoustic_data_room_0922.mat,1.8,3.5,23.856268008009454,26.520197635440432,26.42826957198606,-9.141135451163336
room_acoustic_data_room_0923.mat,1.811764705882353,3.5,24.264208090289404,26.881218537817105,26.84241948692224,-9.283450944472637
room_acoustic_data_room_0924.mat,1.8235294117647058,3.5,24.51230189781019,27.07967298991123,27.09897313439988,-9.358950356229435
room_acoustic_data_room_0925.mat,1.8352941176470587,3.5,24.614537182633043,27.127376677416564,27.205994697738973,-9.38338892192123
room_acoustic_data_room_0926.mat,1.8470588235294119,3.5,24.56397555701193,27.029767781296123,27.155328121996924,-9.35035053560169
room_acoustic_data_room_0927.mat,1.8588235294117648,3.5,24.36418323486324,26.799218135458656,26.957299389060427,-9.263125623092627
room_acoustic_data_room_0928.mat,1.8705882352941177,3.5,24.031330710958684,26.435090358947168,26.636472166853085,-9.13665610990384
room_acoustic_data_room_0929.mat,1.8823529411764706,3.5,23.55812709587643,25.944130301923167,26.190713588505158,-8.960828193143962
room_acoustic_data_room_0930.mat,1.8941176470588235,3.5,23.68402976870721,26.040223640386138,26.31451755461441,-8.997740046061724
room_acoustic_data_room_0931.mat,1.9058823529411764,3.5,24.120523672358026,26.4429191676315,26.738778947301782,-9.145951398913509
room_acoustic_data_room_0932.mat,1.9176470588235295,3.5,24.41014213295229,26.722794836022597,27.03159895232581,-9.23949369638483
room_acoustic_data_room_0933.mat,1.9294117647058824,3.5,24.558311861875115,26.89344189054936,27.19342523688252,-9.285932584449354
room_acoustic_data_room_0934.mat,1.9411764705882353,3.5,24.588306879908615,26.961296556918523,27.244630239435104,-9.30928813822974
room_acoustic_data_room_0935.mat,1.9529411764705882,3.5,24.475916249832842,26.908520836930194,27.148450803662843,-9.285262446091506
room_acoustic_data_room_0936.mat,1.964705882352941,3.5,24.213387350134717,26.70827981757617,26.89822609488644,-9.205175343551605
room_acoustic_data_room_0937.mat,1.9764705882352942,3.5,23.786547032536447,26.3407385414709,26.48794715539836,-9.052520656523592
room_acoustic_data_room_0938.mat,1.988235294117647,3.5,23.660264385999735,26.232494387666485,26.378130299211563,-8.992175609488758
room_acoustic_data_room_0939.mat,2.0,3.5,24.136042892021802,26.68128087456505,26.850353407482377,-9.158271305983547
room_acoustic_data_room_0940.mat,2.011764705882353,3.5,24.42349673490898,26.92412415928057,27.149299618114515,-9.227464830972828
room_acoustic_data_room_0941.mat,2.023529411764706,3.5,24.560099407011435,26.993068627911402,27.300778098684162,-9.23982866603298
room_acoustic_data_room_0942.mat,2.0352941176470587,3.5,24.558584708839653,26.92160175290782,27.316580935688286,-9.209135553660616
room_acoustic_data_room_0943.mat,2.0470588235294116,3.5,24.40779649521756,26.706090932893773,27.17988950951313,-9.124367089034802
room_acoustic_data_room_0944.mat,2.0588235294117645,3.5,24.10387544505919,26.38391286462037,26.868427814682278,-8.981046768290732
room_acoustic_data_room_0945.mat,2.070588235294118,3.5,23.647618645491416,25.93552867972035,26.41416377770917,-8.778134412664167
room_acoustic_data_room_0946.mat,2.0823529411764707,3.5,23.235350252492037,25.536872885757425,26.008675664861734,-8.598601068218834
room_acoustic_data_room_0947.mat,2.0941176470588236,3.5,23.762458086449033,26.030011564052977,26.498538643115136,-8.796336313083753
room_acoustic_data_room_0948.mat,2.1058823529411765,3.5,24.15392159714279,26.39967840832448,26.871203371982144,-8.949185660094136
room_acoustic_data_room_0949.mat,2.1176470588235294,3.5,24.39807386230488,26.640023968658344,27.121326125668777,-9.04859558247303
room_acoustic_data_room_0950.mat,2.1294117647058823,3.5,24.522230615877877,26.787517501252267,27.24867200806028,-9.123251196808981
room_acoustic_data_room_0951.mat,2.1411764705882352,3.5,24.503912077407342,26.82396075686649,27.229267915474473,-9.151032822280213
room_acoustic_data_room_0952.mat,2.152941176470588,3.5,24.336244393021403,26.7301015362144,27.05388933410444,-9.124717433867037
room_acoustic_data_room_0953.mat,2.164705882352941,3.5,23.994258691123736,26.459750256642984,26.712567995702592,-9.01793526960964
room_acoustic_data_room_0954.mat,2.176470588235294,3.5,23.459156602597897,25.981113918784324,26.198245426698744,-8.808690788811989
room_acoustic_data_room_0955.mat,2.1882352941176473,3.5,23.947695385240905,26.461304168103467,26.65960791500297,-9.024415444572911
room_acoustic_data_room_0956.mat,2.2,3.5,24.379915427708852,26.851469947767647,27.084249402687664,-9.198244310887052
room_acoustic_data_room_0957.mat,2.211764705882353,3.5,24.62082768406862,27.041545709127877,27.326690273597602,-9.274407074457027
room_acoustic_data_room_0958.mat,2.223529411764706,3.5,24.67618495369195,27.040910956655342,27.402031683786795,-9.260335188534455
room_acoustic_data_room_0959.mat,2.235294117647059,3.5,24.566492318928287,26.894697205675044,27.304737080888994,-9.177054339701924
room_acoustic_data_room_0960.mat,2.2470588235294118,3.5,24.324885402539866,26.634393908018907,27.065668326597656,-9.057507115271928
room_acoustic_data_room_0961.mat,2.2588235294117647,3.5,23.954401314038062,26.250428628583418,26.702316491671834,-8.903624835753684
room_acoustic_data_room_0962.mat,2.2705882352941176,3.5,23.435781123506175,25.732012384814755,26.202983228758963,-8.69342476667838
room_acoustic_data_room_0963.mat,2.2823529411764705,3.5,23.641265742129164,25.916693707939693,26.383337815186394,-8.774990256922639
room_acoustic_data_room_0964.mat,2.2941176470588234,3.5,24.092921617491186,26.346300632679906,26.803253454078263,-8.946156843162676
room_acoustic_data_room_0965.mat,2.3058823529411763,3.5,24.399063231684757,26.631943059298475,27.114240190569557,-9.064612611245636
room_acoustic_data_room_0966.mat,2.3176470588235296,3.5,24.56363637591048,26.804471067773346,27.285770915526154,-9.136241873743533
room_acoustic_data_room_0967.mat,2.3294117647058825,3.5,24.592368526694095,26.883379740298388,27.304264046125223,-9.167373498642844
room_acoustic_data_room_0968.mat,2.3411764705882354,3.5,24.47462528272553,26.8400692612378,27.175526232244273,-9.147209239196693
room_acoustic_data_room_0969.mat,2.3529411764705883,3.5,24.192921809051423,26.642897273061532,26.886295357503602,-9.057296092651724
room_acoustic_data_room_0970.mat,2.364705882352941,3.5,23.714210309681334,26.245378057244515,26.41539724913999,-8.862188756233735
room_acoustic_data_room_0971.mat,2.376470588235294,3.5,23.705859277209097,26.26627074362503,26.403637221186564,-8.853259775635339
room_acoustic_data_room_0972.mat,2.388235294117647,3.5,24.200796805327723,26.730380424357477,26.894730264251038,-9.040648097795762
room_acoustic_data_room_0973.mat,2.4,3.5,24.519282792983574,26.99501112515349,27.230200523109026,-9.142524440060892
room_acoustic_data_room_0974.mat,2.411764705882353,3.5,24.67243526085796,27.071399915855476,27.415517270144335,-9.172206347633882
room_acoustic_data_room_0975.mat,2.4235294117647057,3.5,24.677649056113747,26.999913712420522,27.447145565602767,-9.14775549134678
room_acoustic_data_room_0976.mat,2.4352941176470586,3.5,24.552170223523756,26.80943357070118,27.32874337270445,-9.086234989956166
room_acoustic_data_room_0977.mat,2.447058823529412,3.5,24.294888852446114,26.524797669986675,27.061468739078283,-8.985638816356719
room_acoustic_data_room_0978.mat,2.458823529411765,3.5,23.88115481173363,26.10968798925757,26.645791529285784,-8.819201366232717
room_acoustic_data_room_0979.mat,2.4705882352941178,3.5,23.699854107919677,25.913849179172853,26.461014641460764,-8.753329262628126
room_acoustic_data_room_0980.mat,2.4823529411764707,3.5,24.271882912222548,26.44227010486249,26.98975673332913,-8.985503413149965
room_acoustic_data_room_0981.mat,2.4941176470588236,3.5,24.6752138412742,26.821519157111688,27.370917548820614,-9.137177895850208
room_acoustic_data_room_0982.mat,2.5058823529411764,3.5,24.928234975163015,27.088655433053432,27.601448480209175,-9.22932956838664
room_acoustic_data_room_0983.mat,2.5176470588235293,3.5,25.04842642992341,27.266142547140724,27.697819742677027,-9.280302714929153
room_acoustic_data_room_0984.mat,2.5294117647058822,3.5,25.037897149356382,27.355739923992623,27.653709242758588,-9.292140085347086
room_acoustic_data_room_0985.mat,2.541176470588235,3.5,24.888743873576082,27.3354576436768,27.462948087250595,-9.256276085846707
room_acoustic_data_room_0986.mat,2.552941176470588,3.5,24.61033534672978,27.153529425676876,27.17041252168316,-9.180461468808465
room_acoustic_data_room_0987.mat,2.5647058823529414,3.5,24.206501241989734,26.798044656830257,26.792514616564294,-9.047417738240231
room_acoustic_data_room_0988.mat,2.5764705882352943,3.5,24.828731045353422,27.403205072550556,27.390583762759352,-9.293048908051015
room_acoustic_data_room_0989.mat,2.588235294117647,3.5,25.28941046141128,27.811768613385148,27.85397245968141,-9.46278077147657
room_acoustic_data_room_0990.mat,2.6,3.5,25.561924108620268,28.02550519092985,28.14053577751773,-9.533230838662668
room_acoustic_data_room_0991.mat,2.611764705882353,3.5,25.67537253098202,28.068074941213222,28.26375587008429,-9.5347465542312
room_acoustic_data_room_0992.mat,2.623529411764706,3.5,25.661892675671588,27.994060332855376,28.26170911388209,-9.499654526391327
room_acoustic_data_room_0993.mat,2.635294117647059,3.5,25.514056908525802,27.80020443532144,28.128014624860548,-9.420248426983973
room_acoustic_data_room_0994.mat,2.6470588235294117,3.5,25.241675643370066,27.48489983649138,27.88010549516953,-9.305446156941933
room_acoustic_data_room_0995.mat,2.6588235294117646,3.5,24.816102202903245,27.028134387501858,27.489525553177767,-9.124305163079443
room_acoustic_data_room_0996.mat,2.6705882352941175,3.5,25.03057971428285,27.18149067808094,27.701551805618422,-9.18412425608575
room_acoustic_data_room_0997.mat,2.6823529411764704,3.5,25.525118262960383,27.611146485746353,28.180304831605667,-9.344543369211575
room_acoustic_data_room_0998.mat,2.6941176470588237,3.5,25.86860781481411,27.919982099968546,28.513531013068633,-9.44262133229211
room_acoustic_data_room_0999.mat,2.7058823529411766,3.5,26.050889901973587,28.09498870987476,28.69455391840326,-9.470082316663866
room_acoustic_data_room_1000.mat,2.7176470588235295,3.5,26.108985962386633,28.19218614210651,28.73746292765985,-9.46474255865634
room_acoustic_data_room_1001.mat,2.7294117647058824,3.5,26.03047099216098,28.1988771686119,28.632895740962546,-9.414824337589234
room_acoustic_data_room_1002.mat,2.7411764705882353,3.5,25.803586729039377,28.039906131259915,28.395370032567815,-9.30920882459063
room_acoustic_data_room_1003.mat,2.7529411764705882,3.5,25.419989549526342,27.684880435119126,28.017710920790417,-9.139410872511887
room_acoustic_data_room_1004.mat,2.764705882352941,3.5,25.197732413810655,27.441112043978233,27.79751929259417,-9.015214119758925
room_acoustic_data_room_1005.mat,2.776470588235294,3.5,25.68385209719015,27.80665957748276,28.24886984080997,-9.109991551655977
room_acoustic_data_room_1006.mat,2.788235294117647,3.5,25.98571474887467,27.964904629140776,28.544525161766234,-9.1139285832319
room_acoustic_data_room_1007.mat,2.8,3.5,26.135156662070198,27.975835032002763,28.695543281879175,-9.0619472429935
room_acoustic_data_room_1008.mat,2.8117647058823527,3.5,26.145818303274602,27.876938169264545,28.696714772724476,-8.969465998404134
room_acoustic_data_room_1009.mat,2.823529411764706,3.5,26.0418377039245,27.69262003523736,28.55664998629349,-8.862442828201461
room_acoustic_data_room_1010.mat,2.835294117647059,3.5,25.816727991585488,27.408063625321667,28.26911089844021,-8.736538634514726
room_acoustic_data_room_1011.mat,2.847058823529412,3.5,25.408560444422292,27.00468324738955,27.788421143439635,-8.531045057092655
room_acoustic_data_room_1012.mat,2.8588235294117648,3.5,25.79452965159583,27.32843113983342,28.06013466689666,-8.588245335289463
room_acoustic_data_room_1013.mat,2.8705882352941177,3.5,26.381825106185065,27.843415781126545,28.536776071184626,-8.69578652464235
room_acoustic_data_room_1014.mat,2.8823529411764706,3.5,26.7769435799605,28.28227511750217,28.828612881679906,-8.713282842557934
room_acoustic_data_room_1015.mat,2.8941176470588235,3.5,27.020019800871523,28.63293312528658,28.96885712072271,-8.679160502623644
room_acoustic_data_room_1016.mat,2.9058823529411764,3.5,27.122760565090488,28.918354470084875,28.96862561510266,-8.598763326768427
room_acoustic_data_room_1017.mat,2.9176470588235293,3.5,27.874966531418302,29.829525201318788,29.551251439057737,-8.722539039884134
room_acoustic_data_room_1018.mat,2.929411764705882,3.5,28.661833870204546,30.77173245262648,30.15755888447955,-8.833785434770476
room_acoustic_data_room_1019.mat,2.9411764705882355,3.5,29.272438375288893,31.50401501009387,30.62020171335596,-8.864628760227939
room_acoustic_data_room_1020.mat,2.9529411764705884,3.5,29.692309199595947,31.98753958036278,30.954700171837395,-8.796141920741114
room_acoustic_data_room_1021.mat,2.9647058823529413,3.5,29.91617925700126,32.21448365255833,31.16515103149088,-8.615819732824407
room_acoustic_data_room_1022.mat,2.976470588235294,3.5,30.00843070005843,32.23284292390013,31.308834906663105,-8.378679630495045
room_acoustic_data_room_1023.mat,2.988235294117647,3.5,30.00251935068544,32.10558659632202,31.399391384316967,-8.107733888234412
room_acoustic_data_room_1024.mat,3.0,3.5,29.933007747445654,31.89257359960631,31.45783824786326,-7.827061702379926
room_acoustic_data_room_1025.mat,-1.0,0.0,28.85536398230959,31.776803508272202,30.423937567383557,-6.656650593504906
room_acoustic_data_room_1026.mat,-1.0,0.011764705882352941,28.9844808510226,32.086178165596806,30.423391504490947,-6.967615718889561
room_acoustic_data_room_1027.mat,-1.0,0.023529411764705882,29.095086110557993,32.370934925656684,30.406232463274904,-7.306832503187245
room_acoustic_data_room_1028.mat,-1.0,0.03529411764705882,29.126596073923228,32.53338612396383,30.342126321953522,-7.6240301185514685
room_acoustic_data_room_1029.mat,-1.0,0.047058823529411764,29.03032289661462,32.50322731197195,30.18650812330186,-7.88189010988991
room_acoustic_data_room_1030.mat,-1.0,0.058823529411764705,28.79521822652663,32.24578075548864,29.946496373266992,-8.081261589758299
room_acoustic_data_room_1031.mat,-1.0,0.07058823529411765,28.387659870142997,31.69967020301412,29.60231734070316,-8.200229645258792
room_acoustic_data_room_1032.mat,-1.0,0.08235294117647059,27.76979647412288,30.848623053285493,29.11761109767141,-8.211701216671965
room_acoustic_data_room_1033.mat,-1.0,0.09411764705882353,26.908072886552695,29.745698838214874,28.416207816939625,-8.091286627066873
room_acoustic_data_room_1034.mat,-1.0,0.10588235294117647,26.51834649751055,29.14514149749626,28.130945593998543,-8.096481038434076
room_acoustic_data_room_1035.mat,-1.0,0.11764705882352941,26.305824266851026,28.746366024007393,28.007883166963026,-8.145391201612057
room_acoustic_data_room_1036.mat,-1.0,0.12941176470588237,25.876562490305073,28.209489908251264,27.687048456709682,-8.091250073860957
room_acoustic_data_room_1037.mat,-1.0,0.1411764705882353,25.22100431117589,27.550959117386753,27.18651538897899,-7.927003898200422
room_acoustic_data_room_1038.mat,-1.0,0.15294117647058825,24.708214472922204,27.07176527347165,26.78696956510123,-7.852921116385473
room_acoustic_data_room_1039.mat,-1.0,0.16470588235294117,25.028632983360602,27.31827037171098,27.186031693744862,-7.9444584048675075
room_acoustic_data_room_1040.mat,-1.0,0.17647058823529413,25.200937845497307,27.448759375631017,27.438815143064588,-8.00257316756736
room_acoustic_data_room_1041.mat,-1.0,0.18823529411764706,25.258691002074997,27.498283381480523,27.589160936752283,-8.056002472650107
room_acoustic_data_room_1042.mat,-1.0,0.2,25.21053512821443,27.48765229809901,27.60536675182548,-8.107837680777243
room_acoustic_data_room_1043.mat,-1.0,0.21176470588235294,25.071703927516346,27.415382728339708,27.49729337651734,-8.169118969023778
room_acoustic_data_room_1044.mat,-1.0,0.2235294117647059,24.804881059088615,27.217575225733416,27.244864160012536,-8.19953013121239
room_acoustic_data_room_1045.mat,-1.0,0.23529411764705882,24.392053846612747,26.865159761928574,26.829605700417048,-8.177651209643024
room_acoustic_data_room_1046.mat,-1.0,0.24705882352941178,24.57420313843935,27.03572153166889,27.014113570050252,-8.272842692065439
room_acoustic_data_room_1047.mat,-1.0,0.25882352941176473,24.868312028140288,27.30989014024032,27.315539165742685,-8.352017647861818
room_acoustic_data_room_1048.mat,-1.0,0.27058823529411763,25.02953101779468,27.463605538412608,27.492717313888058,-8.390555850646127
room_acoustic_data_room_1049.mat,-1.0,0.2823529411764706,25.08655620139499,27.544708601936634,27.54844879256458,-8.417710048326136
room_acoustic_data_room_1050.mat,-1.0,0.29411764705882354,25.029471700264118,27.523053347344092,27.47005797355227,-8.423294291111866
room_acoustic_data_room_1051.mat,-1.0,0.3058823529411765,24.879244992762793,27.43654784031335,27.284456085606543,-8.427894086442011
room_acoustic_data_room_1052.mat,-1.0,0.3176470588235294,24.62733503824265,27.25413615011567,26.99905855213514,-8.422308372344588
room_acoustic_data_room_1053.mat,-1.0,0.32941176470588235,24.261654216498027,26.96230374721159,26.609237440896777,-8.392551203298266
room_acoustic_data_room_1054.mat,-1.0,0.3411764705882353,24.114605281447968,26.858501767587857,26.45654012386986,-8.405048376829363
room_acoustic_data_room_1055.mat,-1.0,0.35294117647058826,24.47138903776286,27.230920680160523,26.807265845197556,-8.5143953500876
room_acoustic_data_room_1056.mat,-1.0,0.36470588235294116,24.70037555428897,27.46222561549175,27.049190710394377,-8.58364326324597
room_acoustic_data_room_1057.mat,-1.0,0.3764705882352941,24.810888181534757,27.594023416000702,27.161222602665053,-8.62424702315937
room_acoustic_data_room_1058.mat,-1.0,0.38823529411764707,24.83379317506614,27.652273843324323,27.184919735938134,-8.667855736765251
room_acoustic_data_room_1059.mat,-1.0,0.4,24.76206955142458,27.624642151883805,27.10518665198054,-8.707732057808867
room_acoustic_data_room_1060.mat,-1.0,0.4117647058823529,24.58631922406611,27.492961672210605,26.92445351505745,-8.7344134179285
room_acoustic_data_room_1061.mat,-1.0,0.4235294117647059,24.25500521568548,27.18751820204354,26.60665678664273,-8.695312675843974
room_acoustic_data_room_1062.mat,-1.0,0.43529411764705883,23.756603775358375,26.700561072719,26.129371975212017,-8.575854990548384
room_acoustic_data_room_1063.mat,-1.0,0.4470588235294118,24.147138127428626,27.037905415723777,26.51932457196257,-8.70119561617968
room_acoustic_data_room_1064.mat,-1.0,0.4588235294117647,24.42906650270003,27.244537416372324,26.820562949543202,-8.778475956114672
room_acoustic_data_room_1065.mat,-1.0,0.47058823529411764,24.56592152868793,27.309427541445018,26.980501928027508,-8.80086687644054
room_acoustic_data_room_1066.mat,-1.0,0.4823529411764706,24.56325802880739,27.25076107364362,26.997391590045787,-8.775573525841693
room_acoustic_data_room_1067.mat,-1.0,0.49411764705882355,24.45602685062593,27.10651114087029,26.90841838117947,-8.738183572007705
room_acoustic_data_room_1068.mat,-1.0,0.5058823529411764,24.24371833197927,26.893540946718932,26.699400668121953,-8.688184592276736
room_acoustic_data_room_1069.mat,-1.0,0.5176470588235295,23.886104307390013,26.55582889486196,26.35099124024486,-8.584369673232313
room_acoustic_data_room_1070.mat,-1.0,0.5294117647058824,23.38419826608986,26.07388708949976,25.870810251573637,-8.42499645017302
room_acoustic_data_room_1071.mat,-1.0,0.5411764705882353,23.529988371970635,26.223247522452947,26.013672099461704,-8.443762742599494
room_acoustic_data_room_1072.mat,-1.0,0.5529411764705883,23.843560070335577,26.509916520127348,26.340726490933662,-8.50931729653302
room_acoustic_data_room_1073.mat,-1.0,0.5647058823529412,24.025220844680767,26.68397352205268,26.534542087729186,-8.534148954365724
room_acoustic_data_room_1074.mat,-1.0,0.5764705882352941,24.104620535250838,26.75921850871521,26.632423930724105,-8.549880438166323
room_acoustic_data_room_1075.mat,-1.0,0.5882352941176471,24.088499238637286,26.754080381316946,26.627613146376767,-8.564105297441518
room_acoustic_data_room_1076.mat,-1.0,0.6,23.974801311380176,26.663883050671302,26.512588416053944,-8.575006145727711
room_acoustic_data_room_1077.mat,-1.0,0.611764705882353,23.73197371152903,26.458387159115304,26.257964188555746,-8.55046926503027
room_acoustic_data_room_1078.mat,-1.0,0.6235294117647059,23.349210365647433,26.096408070635675,25.872306242749925,-8.477572188509987
room_acoustic_data_room_1079.mat,-1.0,0.6352941176470588,23.370738306516238,26.066775926272964,25.919675445506634,-8.498862894338991
room_acoustic_data_room_1080.mat,-1.0,0.6470588235294118,23.76324418336399,26.36754750944133,26.350080000603757,-8.605792268637526
room_acoustic_data_room_1081.mat,-1.0,0.6588235294117647,24.00877373383089,26.52524257505974,26.639645057125524,-8.658243408503466
room_acoustic_data_room_1082.mat,-1.0,0.6705882352941176,24.140374384077422,26.59425081788654,26.797301448668357,-8.691630273697958
room_acoustic_data_room_1083.mat,-1.0,0.6823529411764706,24.152465839609754,26.579951491427146,26.816511209860707,-8.701306171940447
room_acoustic_data_room_1084.mat,-1.0,0.6941176470588235,24.03197796482855,26.466559773466457,26.695607159164627,-8.674372942175241
room_acoustic_data_room_1085.mat,-1.0,0.7058823529411765,23.774708780932883,26.248051348911755,26.42941485884112,-8.606078730766413
room_acoustic_data_room_1086.mat,-1.0,0.7176470588235294,23.414119470525723,25.93816255206965,26.045209519937732,-8.527997062969757
room_acoustic_data_room_1087.mat,-1.0,0.7294117647058823,23.251845136275996,25.809457723498465,25.879178076245086,-8.49051509403672
room_acoustic_data_room_1088.mat,-1.0,0.7411764705882353,23.624955079761733,26.185719334647448,26.26331557656141,-8.552930157726532
room_acoustic_data_room_1089.mat,-1.0,0.7529411764705882,23.8742680986852,26.4345610241623,26.529226462098624,-8.584101394848222
room_acoustic_data_room_1090.mat,-1.0,0.7647058823529411,24.035011029542822,26.584651526083135,26.712971968991827,-8.621942132734686
room_acoustic_data_room_1091.mat,-1.0,0.7764705882352941,24.10179679753203,26.6504414667483,26.790684485597332,-8.662115822105974
room_acoustic_data_room_1092.mat,-1.0,0.788235294117647,24.06544055681303,26.63648969065202,26.741559354142787,-8.69561213377558
room_acoustic_data_room_1093.mat,-1.0,0.8,23.9361771503885,26.545173206164275,26.582956021709414,-8.732179550813887
room_acoustic_data_room_1094.mat,-1.0,0.8117647058823529,23.667103386540024,26.31629258540517,26.280328173943506,-8.723291828513604
room_acoustic_data_room_1095.mat,-1.0,0.8235294117647058,23.360403354417265,26.02550044425369,25.9488730600372,-8.691822384034273
room_acoustic_data_room_1096.mat,-1.0,0.8352941176470589,23.746568312397457,26.35536250474258,26.36052238490347,-8.749649022110557
room_acoustic_data_room_1097.mat,-1.0,0.8470588235294118,23.994331589631997,26.55229856112546,26.622446919364467,-8.760451703746167
room_acoustic_data_room_1098.mat,-1.0,0.8588235294117647,24.13677952231865,26.654828557440435,26.764054839837993,-8.760501947850335
room_acoustic_data_room_1099.mat,-1.0,0.8705882352941177,24.170534274950157,26.64766740865677,26.809838461601633,-8.74776977832247
room_acoustic_data_room_1100.mat,-1.0,0.8823529411764706,24.087090239093104,26.558525326261456,26.72236699614267,-8.714064335223368
room_acoustic_data_room_1101.mat,-1.0,0.8941176470588236,23.910372307735365,26.409537505927048,26.520159508977287,-8.682965774982295
room_acoustic_data_room_1102.mat,-1.0,0.9058823529411765,23.630977241241705,26.17971814874053,26.2085116330088,-8.643752127580676
room_acoustic_data_room_1103.mat,-1.0,0.9176470588235294,23.243827308251408,25.845191802485743,25.79089359849355,-8.588266308886483
room_acoustic_data_room_1104.mat,-1.0,0.9294117647058824,23.522252214116758,26.14095692096745,26.058243789397597,-8.632816452231936
room_acoustic_data_room_1105.mat,-1.0,0.9411764705882353,23.821775395377607,26.445121331915274,26.366794951952066,-8.677027337109372
room_acoustic_data_room_1106.mat,-1.0,0.9529411764705882,23.989907303597384,26.621445042581207,26.54958293404291,-8.683305575928268
room_acoustic_data_room_1107.mat,-1.0,0.9647058823529412,24.050677914445295,26.699970910461253,26.619812759613097,-8.677478702499485
room_acoustic_data_room_1108.mat,-1.0,0.9764705882352941,24.027789125165583,26.720235603046753,26.57764873122407,-8.683823324327891
room_acoustic_data_room_1109.mat,-1.0,0.9882352941176471,23.91542010456657,26.659972065066718,26.43439288437724,-8.696377114401276
room_acoustic_data_room_1110.mat,-1.0,1.0,23.68306803862488,26.478013357364855,26.16650540648315,-8.68363549726235
room_acoustic_data_room_1111.mat,-1.0,1.011764705882353,23.307330952169526,26.1300374325033,25.76340104339934,-8.61963768495822
room_acoustic_data_room_1112.mat,-1.0,1.0235294117647058,23.37173590701138,26.175734930629304,25.828928013179386,-8.618298844370738
room_acoustic_data_room_1113.mat,-1.0,1.035294117647059,23.692472697108805,26.436218556677424,26.171345775462846,-8.662697440937109
room_acoustic_data_room_1114.mat,-1.0,1.0470588235294118,23.941810559475787,26.61134742491398,26.44471337186518,-8.728144897531505
room_acoustic_data_room_1115.mat,-1.0,1.0588235294117647,24.077118372067908,26.67070227287619,26.61209588320139,-8.77432501532088
room_acoustic_data_room_1116.mat,-1.0,1.0705882352941176,24.06733177668961,26.632123188152622,26.61036662826753,-8.771059642117372
room_acoustic_data_room_1117.mat,-1.0,1.0823529411764705,23.93247382705463,26.511227607084255,26.471542781716025,-8.738439859007443
room_acoustic_data_room_1118.mat,-1.0,1.0941176470588236,23.666992019908662,26.286464261958372,26.197531610616554,-8.670186461339078
room_acoustic_data_room_1119.mat,-1.0,1.1058823529411765,23.280714471124636,25.94122434311959,25.803372864358668,-8.574024036363122
room_acoustic_data_room_1120.mat,-1.0,1.1176470588235294,23.145317861284273,25.838457712697107,25.665064356468,-8.529037349864627
room_acoustic_data_room_1121.mat,-1.0,1.1294117647058823,23.53292149771962,26.22341221864417,26.071179766795304,-8.616968977342161
room_acoustic_data_room_1122.mat,-1.0,1.1411764705882352,23.792470979788423,26.487476692485757,26.336910282686745,-8.668517587676238
room_acoustic_data_room_1123.mat,-1.0,1.1529411764705881,23.923496564688932,26.638147086255714,26.466920981554182,-8.686044040822393
room_acoustic_data_room_1124.mat,-1.0,1.1647058823529413,23.945851980828007,26.687763493533325,26.48600537960716,-8.690599080909568
room_acoustic_data_room_1125.mat,-1.0,1.1764705882352942,23.85371374320671,26.63614915046366,26.380913858011503,-8.676607712260378
room_acoustic_data_room_1126.mat,-1.0,1.188235294117647,23.642505995620922,26.469425645798626,26.15108499616496,-8.638973282673824
room_acoustic_data_room_1127.mat,-1.0,1.2,23.311435952664382,26.162737987510106,25.816163391839716,-8.575158069957535
room_acoustic_data_room_1128.mat,-1.0,1.2117647058823529,23.016572448094795,25.85600571586952,25.536317140429254,-8.51631733353049
room_acoustic_data_room_1129.mat,-1.0,1.223529411764706,23.453253554784457,26.22273489841749,25.997109684437596,-8.629818467449295
room_acoustic_data_room_1130.mat,-1.0,1.2352941176470589,23.760456740263344,26.440353063445244,26.34132313791379,-8.704823307665468
room_acoustic_data_room_1131.mat,-1.0,1.2470588235294118,23.937065353550636,26.53587805539994,26.553189015879628,-8.743547118720798
room_acoustic_data_room_1132.mat,-1.0,1.2588235294117647,23.994945360958496,26.532646936377738,26.639915605852813,-8.759360358054654
room_acoustic_data_room_1133.mat,-1.0,1.2705882352941176,23.92294335080136,26.44411835273305,26.575692834627823,-8.74151924334375
room_acoustic_data_room_1134.mat,-1.0,1.2823529411764707,23.724144707021082,26.271994537086208,26.35359905887426,-8.692743147099861
room_acoustic_data_room_1135.mat,-1.0,1.2941176470588236,23.37481441029145,25.974654954649633,25.977283086207574,-8.587831822403492
room_acoustic_data_room_1136.mat,-1.0,1.3058823529411765,22.86872511313456,25.5320340866505,25.454308763620137,-8.417251646089293
room_acoustic_data_room_1137.mat,-1.0,1.3176470588235294,23.29075240346436,25.952266068655774,25.860587698254932,-8.537545134048097
room_acoustic_data_room_1138.mat,-1.0,1.3294117647058823,23.67428951979519,26.324966809209506,26.231186188280965,-8.666114520657075
room_acoustic_data_room_1139.mat,-1.0,1.3411764705882352,23.933916831756864,26.581884082498917,26.482453890723235,-8.764826288655815
room_acoustic_data_room_1140.mat,-1.0,1.3529411764705883,24.036178125315935,26.711269553255317,26.57423089665292,-8.80206304804903
room_acoustic_data_room_1141.mat,-1.0,1.3647058823529412,23.996335993643058,26.720398297355143,26.510478603781145,-8.793673757017142
room_acoustic_data_room_1142.mat,-1.0,1.3764705882352941,23.821890863619984,26.611083076250694,26.30239680445058,-8.746936611560088
room_acoustic_data_room_1143.mat,-1.0,1.388235294117647,23.51112182836236,26.361788084478597,25.965071171542462,-8.658907658071149
room_acoustic_data_room_1144.mat,-1.0,1.4,23.08121737183071,25.96003683310268,25.53387912125484,-8.543854256087794
room_acoustic_data_room_1145.mat,-1.0,1.411764705882353,23.325959827447296,26.153545153700087,25.786898151398546,-8.634232101516371
room_acoustic_data_room_1146.mat,-1.0,1.423529411764706,23.714400625960074,26.452626971611796,26.196284909839882,-8.746455103255174
room_acoustic_data_room_1147.mat,-1.0,1.4352941176470588,23.964203270269905,26.6189973563815,26.47434955134941,-8.813775893888725
room_acoustic_data_room_1148.mat,-1.0,1.4470588235294117,24.097620225004263,26.69444336783464,26.627802392971862,-8.860680633142083
room_acoustic_data_room_1149.mat,-1.0,1.4588235294117646,24.086182222356946,26.65971812496956,26.632569758443253,-8.859503012399896
room_acoustic_data_room_1150.mat,-1.0,1.4705882352941178,23.948098439428776,26.534839913919576,26.509198024508084,-8.82837492415874
room_acoustic_data_room_1151.mat,-1.0,1.4823529411764707,23.66549191841532,26.291103556090334,26.22443633966237,-8.748398944954689
room_acoustic_data_room_1152.mat,-1.0,1.4941176470588236,23.22107549951339,25.922522492464637,25.761855910246844,-8.59969059335336
room_acoustic_data_room_1153.mat,-1.0,1.5058823529411764,23.1763671230207,25.911158267003866,25.716514754490994,-8.554982282727167
room_acoustic_data_room_1154.mat,-1.0,1.5176470588235293,23.55106119047184,26.274336386058607,26.107060404566088,-8.633968360153387
room_acoustic_data_room_1155.mat,-1.0,1.5294117647058822,23.802246031456956,26.513288068511308,26.37292516763093,-8.682522736216665
room_acoustic_data_room_1156.mat,-1.0,1.5411764705882354,23.939139390471954,26.653340737165536,26.514064095706182,-8.712460477132772
room_acoustic_data_room_1157.mat,-1.0,1.5529411764705883,23.936834438970983,26.682082977538656,26.49898400871973,-8.699895220203231
room_acoustic_data_room_1158.mat,-1.0,1.5647058823529412,23.81806044578118,26.61008955352699,26.359241282059315,-8.667633519017294
room_acoustic_data_room_1159.mat,-1.0,1.576470588235294,23.579295567521793,26.42444038028481,26.096756448611163,-8.6113505710029
room_acoustic_data_room_1160.mat,-1.0,1.588235294117647,23.198755896348434,26.09063792722145,25.692597613969014,-8.50702877303226
room_acoustic_data_room_1161.mat,-1.0,1.6,22.975152169195077,25.8758686492991,25.462428259477402,-8.437789778150544
room_acoustic_data_room_1162.mat,-1.0,1.611764705882353,23.432744202381713,26.264180768944954,25.94101574879978,-8.580530822157737
room_acoustic_data_room_1163.mat,-1.0,1.6235294117647059,23.72436848352934,26.480751499418158,26.26786447991414,-8.649415085853537
room_acoustic_data_room_1164.mat,-1.0,1.6352941176470588,23.877342552309653,26.558002061685993,26.466774815422585,-8.674681233587847
room_acoustic_data_room_1165.mat,-1.0,1.6470588235294117,23.888892715209696,26.529095178931335,26.50366044791732,-8.654778618879922
room_acoustic_data_room_1166.mat,-1.0,1.6588235294117648,23.774714290700473,26.408014850575906,26.395516122188095,-8.605624791208575
room_acoustic_data_room_1167.mat,-1.0,1.6705882352941177,23.538503573200966,26.195448526678675,26.149248437713055,-8.530329679777356
room_acoustic_data_room_1168.mat,-1.0,1.6823529411764706,23.17767538604724,25.86514713525763,25.77477842268803,-8.42446928339332
room_acoustic_data_room_1169.mat,-1.0,1.6941176470588235,22.735700058711195,25.44800935386142,25.334763321073094,-8.28422785120141
room_acoustic_data_room_1170.mat,-1.0,1.7058823529411764,23.22515449664057,25.913564766411273,25.843132493663784,-8.438173208138492
room_acoustic_data_room_1171.mat,-1.0,1.7176470588235293,23.553637687308534,26.24387154408348,26.18665678723136,-8.522237464330791
room_acoustic_data_room_1172.mat,-1.0,1.7294117647058824,23.747775357270818,26.453002151456747,26.391987155710193,-8.566352622314838
room_acoustic_data_room_1173.mat,-1.0,1.7411764705882353,23.80500384534666,26.534502899042323,26.451649558945114,-8.569420248849871
room_acoustic_data_room_1174.mat,-1.0,1.7529411764705882,23.741614908864037,26.506752330588373,26.379829531156158,-8.548098112767237
room_acoustic_data_room_1175.mat,-1.0,1.7647058823529411,23.545053755788132,26.33849273380391,26.181423910822584,-8.489421792294639
room_acoustic_data_room_1176.mat,-1.0,1.776470588235294,23.21616755676925,26.03240217235891,25.851996675050795,-8.392733966219902
room_acoustic_data_room_1177.mat,-1.0,1.7882352941176471,22.768860806401953,25.57971990836696,25.40738573860147,-8.268607212834683
room_acoustic_data_room_1178.mat,-1.0,1.8,23.102779351919214,25.866885909476295,25.756154662175618,-8.366503005850651
room_acoustic_data_room_1179.mat,-1.0,1.811764705882353,23.47260714639689,26.177463488046975,26.142335519363723,-8.469075963941266
room_acoustic_data_room_1180.mat,-1.0,1.8235294117647058,23.72189903616215,26.358264314971123,26.41712289399812,-8.544794525597435
room_acoustic_data_room_1181.mat,-1.0,1.8352941176470587,23.839653233851973,26.427753570904425,26.54572847543283,-8.58440184055662
room_acoustic_data_room_1182.mat,-1.0,1.8470588235294119,23.798007345107198,26.37702979848705,26.500432537908445,-8.560556310482092
room_acoustic_data_room_1183.mat,-1.0,1.8588235294117648,23.626918674325267,26.227506260888024,26.3149690674581,-8.502966750012039
room_acoustic_data_room_1184.mat,-1.0,1.8705882352941177,23.33116623164193,25.973684884994586,25.994376857477878,-8.415215152772905
room_acoustic_data_room_1185.mat,-1.0,1.8823529411764706,22.91605964392078,25.61106177070978,25.554901478717504,-8.299780542068186
room_acoustic_data_room_1186.mat,-1.0,1.8941176470588235,23.04892349185474,25.761275225872858,25.673262007005896,-8.342234403073995
room_acoustic_data_room_1187.mat,-1.0,1.9058823529411764,23.441547348385154,26.162419763282063,26.05260337223099,-8.444743068820475
room_acoustic_data_room_1188.mat,-1.0,1.9176470588235295,23.69888974180277,26.425599703900676,26.30832194559289,-8.504856979903977
room_acoustic_data_room_1189.mat,-1.0,1.9294117647058824,23.818799750230674,26.558125588485378,26.43229436204253,-8.522528743336624
room_acoustic_data_room_1190.mat,-1.0,1.9411764705882353,23.827316441615377,26.587955709134306,26.43938994197375,-8.524524128490732
room_acoustic_data_room_1191.mat,-1.0,1.9529411764705882,23.710775573758717,26.502821173068547,26.310114457718818,-8.49711086548872
room_acoustic_data_room_1192.mat,-1.0,1.964705882352941,23.457516570381017,26.284172816703574,26.042249155268067,-8.4277421715563
room_acoustic_data_room_1193.mat,-1.0,1.9764705882352942,23.084519228586068,25.934463071826276,25.661678078003547,-8.331082920210369
room_acoustic_data_room_1194.mat,-1.0,1.988235294117647,22.988557562534698,25.823170754973212,25.566185394738188,-8.300864890646313
room_acoustic_data_room_1195.mat,-1.0,2.0,23.426055412472138,26.193906723959238,26.016026156361104,-8.426623332213682
room_acoustic_data_room_1196.mat,-1.0,2.011764705882353,23.726984684641323,26.426763860331963,26.334389411883308,-8.5079420156696
room_acoustic_data_room_1197.mat,-1.0,2.023529411764706,23.89852249938096,26.525006745269728,26.533952405371622,-8.554556874426448
room_acoustic_data_room_1198.mat,-1.0,2.0352941176470587,23.944337260455207,26.522993592115608,26.597755704429524,-8.571138073792413
room_acoustic_data_room_1199.mat,-1.0,2.0470588235294116,23.86945785268644,26.428557169859594,26.53077224552056,-8.562855994443897
room_acoustic_data_room_1200.mat,-1.0,2.0588235294117645,23.639463598704,26.2074912606719,26.304916877909037,-8.494715248954952
room_acoustic_data_room_1201.mat,-1.0,2.070588235294118,23.246682446445277,25.846601838308267,25.916682617426527,-8.357246227695995
room_acoustic_data_room_1202.mat,-1.0,2.0823529411764707,22.889085245412254,25.52267482586415,25.560544844602205,-8.233523548950076
room_acoustic_data_room_1203.mat,-1.0,2.0941176470588236,23.385716709289706,26.009839173648196,26.04737452612047,-8.398490720733392
room_acoustic_data_room_1204.mat,-1.0,2.1058823529411765,23.735224144440295,26.3533411601827,26.400937718856667,-8.507816558010287
room_acoustic_data_room_1205.mat,-1.0,2.1176470588235294,23.923357221082302,26.550436597429808,26.593825892037145,-8.550330084080942
room_acoustic_data_room_1206.mat,-1.0,2.1294117647058823,23.988128661018102,26.62803913213805,26.66557462756419,-8.565362751208434
room_acoustic_data_room_1207.mat,-1.0,2.1411764705882352,23.931173577639324,26.59926676540718,26.607018527318715,-8.554894409613148
room_acoustic_data_room_1208.mat,-1.0,2.152941176470588,23.73789844644636,26.439458906559118,26.408865446287702,-8.504016787169599
room_acoustic_data_room_1209.mat,-1.0,2.164705882352941,23.38912820348333,26.11795557448476,26.056595034647838,-8.392206962066584
room_acoustic_data_room_1210.mat,-1.0,2.176470588235294,22.921438339565796,25.637250722632633,25.609726567866325,-8.252855244273205
room_acoustic_data_room_1211.mat,-1.0,2.1882352941176473,23.327668336754968,25.97981494774178,26.029354944077635,-8.383854425952201
room_acoustic_data_room_1212.mat,-1.0,2.2,23.68047206128374,26.26639442061481,26.39630962832189,-8.476471958622836
room_acoustic_data_room_1213.mat,-1.0,2.211764705882353,23.92148593793376,26.435351773986085,26.662340535022842,-8.551654868603542
room_acoustic_data_room_1214.mat,-1.0,2.223529411764706,24.021027235368138,26.4911847319576,26.779970024062226,-8.581343477191632
room_acoustic_data_room_1215.mat,-1.0,2.235294117647059,23.96070146697204,26.423121859333435,26.724661227796158,-8.547629658583569
room_acoustic_data_room_1216.mat,-1.0,2.2470588235294118,23.754100657059745,26.247820685059644,26.498024778466494,-8.463930925367375
room_acoustic_data_room_1217.mat,-1.0,2.2588235294117647,23.427639928924478,25.973753038239895,26.146360003927217,-8.355611891079844
room_acoustic_data_room_1218.mat,-1.0,2.2705882352941176,22.967769153711558,25.574924057651955,25.663814938896948,-8.206435981334778
room_acoustic_data_room_1219.mat,-1.0,2.2823529411764705,23.13661265942436,25.78434657493245,25.797368717878232,-8.250487086653514
room_acoustic_data_room_1220.mat,-1.0,2.2941176470588234,23.525532684368894,26.181388071506937,26.173136461605427,-8.356899863979901
room_acoustic_data_room_1221.mat,-1.0,2.3058823529411763,23.775984254493657,26.433609689045525,26.42762932672985,-8.418377722533911
room_acoustic_data_room_1222.mat,-1.0,2.3176470588235296,23.91150316569892,26.561458064117723,26.57515784936038,-8.460345414092957
room_acoustic_data_room_1223.mat,-1.0,2.3294117647058825,23.935958122811357,26.58465204173882,26.60606880480215,-8.487224426365321
room_acoustic_data_room_1224.mat,-1.0,2.3411764705882354,23.82357796736231,26.488553011772318,26.490289557489398,-8.473077653941289
room_acoustic_data_room_1225.mat,-1.0,2.3529411764705883,23.581677091087528,26.257844461098184,26.252039056314935,-8.424297389283392
room_acoustic_data_room_1226.mat,-1.0,2.364705882352941,23.196031185965023,25.858976232509086,25.89297908063667,-8.324312871339508
room_acoustic_data_room_1227.mat,-1.0,2.376470588235294,23.216249135586736,25.839839225858924,25.933733359385215,-8.344653537475496
room_acoustic_data_room_1228.mat,-1.0,2.388235294117647,23.674902161242354,26.243664418220177,26.39742517369024,-8.493537731348377
room_acoustic_data_room_1229.mat,-1.0,2.4,23.985395450719555,26.489971814380183,26.7235780910933,-8.585931702990814
room_acoustic_data_room_1230.mat,-1.0,2.411764705882353,24.15385590263842,26.597851906329918,26.914253054423654,-8.630125594671526
room_acoustic_data_room_1231.mat,-1.0,2.4235294117647057,24.18732971215169,26.61060542575236,26.94860780197194,-8.633771060995949
room_acoustic_data_room_1232.mat,-1.0,2.4352941176470586,24.101723102279347,26.530855268600725,26.85273555873442,-8.612558905323933
room_acoustic_data_room_1233.mat,-1.0,2.447058823529412,23.865937169055886,26.336996724672215,26.591672634161423,-8.534509473191648
room_acoustic_data_room_1234.mat,-1.0,2.458823529411765,23.50252798626431,26.038361859730816,26.196058767667417,-8.420100855521762
room_acoustic_data_room_1235.mat,-1.0,2.4705882352941178,23.32438304345976,25.920725169472362,25.99096700978041,-8.359851553591783
room_acoustic_data_room_1236.mat,-1.0,2.4823529411764707,23.82754209192809,26.441826998824407,26.477134071155387,-8.520729172956514
room_acoustic_data_room_1237.mat,-1.0,2.4941176470588236,24.189805925310274,26.8164888688864,26.83360742582082,-8.629578448143594
room_acoustic_data_room_1238.mat,-1.0,2.5058823529411764,24.40477355200764,27.048713672912058,27.043222141444993,-8.682573928993182
room_acoustic_data_room_1239.mat,-1.0,2.5176470588235293,24.499261856092254,27.178634632352725,27.11870736481735,-8.707350824884223
room_acoustic_data_room_1240.mat,-1.0,2.5294117647058822,24.467481027951923,27.194788857599953,27.057613696032607,-8.698037561916859
room_acoustic_data_room_1241.mat,-1.0,2.541176470588235,24.32357576748785,27.11039826253295,26.871529878188213,-8.66816740568688
room_acoustic_data_room_1242.mat,-1.0,2.552941176470588,24.045021465328688,26.884645188299487,26.558665126678246,-8.593702874877136
room_acoustic_data_room_1243.mat,-1.0,2.5647058823529414,23.64269116453706,26.50787354525476,26.141826274034557,-8.4675696178182
room_acoustic_data_room_1244.mat,-1.0,2.5764705882352943,24.19583202021476,26.994822019174343,26.68459446024802,-8.641177858232918
room_acoustic_data_room_1245.mat,-1.0,2.588235294117647,24.616971231583975,27.314340748631626,27.119834538779145,-8.769212730584199
room_acoustic_data_room_1246.mat,-1.0,2.6,24.853610849812977,27.46226597678511,27.374445057087048,-8.802506126021765
room_acoustic_data_room_1247.mat,-1.0,2.611764705882353,24.94866854992307,27.514247725172034,27.464286716762267,-8.785231795792876
room_acoustic_data_room_1248.mat,-1.0,2.623529411764706,24.918313665084526,27.452504776827176,27.444417207203653,-8.733731819272357
room_acoustic_data_room_1249.mat,-1.0,2.635294117647059,24.7754998817673,27.311958817117798,27.31044181351517,-8.660694478007304
room_acoustic_data_room_1250.mat,-1.0,2.6470588235294117,24.51464075756609,27.078168538287958,27.059737646309895,-8.559702159077865
room_acoustic_data_room_1251.mat,-1.0,2.6588235294117646,24.122307107276583,26.725575251542452,26.679473094202578,-8.4151078332161
room_acoustic_data_room_1252.mat,-1.0,2.6705882352941175,24.319426401473994,26.905183159832383,26.88298127243194,-8.447989250369737
room_acoustic_data_room_1253.mat,-1.0,2.6823529411764704,24.77137237171499,27.309643753097163,27.33152788116427,-8.564338811318265
room_acoustic_data_room_1254.mat,-1.0,2.6941176470588237,25.08460637818835,27.568195530501,27.662317422699555,-8.631757790270122
room_acoustic_data_room_1255.mat,-1.0,2.7058823529411766,25.254300069117846,27.70858524258535,27.841616938425993,-8.64726585670778
room_acoustic_data_room_1256.mat,-1.0,2.7176470588235295,25.286160515642365,27.74060853360989,27.859332558391117,-8.617241056490126
room_acoustic_data_room_1257.mat,-1.0,2.7294117647058824,25.19793676248385,27.660597009262503,27.74760145358547,-8.559892529419361
room_acoustic_data_room_1258.mat,-1.0,2.7411764705882353,24.976569756918074,27.435376124939413,27.511840897789995,-8.462571962284763
room_acoustic_data_room_1259.mat,-1.0,2.7529411764705882,24.60415207578192,27.052169410108267,27.126075964960492,-8.307000019275213
room_acoustic_data_room_1260.mat,-1.0,2.764705882352941,24.371177506668438,26.767574120701163,26.876122045514354,-8.151300728056675
room_acoustic_data_room_1261.mat,-1.0,2.776470588235294,24.880281257630234,27.112091391360174,27.325554992160647,-8.270015375000694
room_acoustic_data_room_1262.mat,-1.0,2.788235294117647,25.258672841689425,27.32779654318168,27.66985957201517,-8.35233451247426
room_acoustic_data_room_1263.mat,-1.0,2.8,25.48938753895432,27.40082932130901,27.898414822076564,-8.384784438708103
room_acoustic_data_room_1264.mat,-1.0,2.8117647058823527,25.57291275245901,27.412084844846106,27.95620941045696,-8.370739169145391
room_acoustic_data_room_1265.mat,-1.0,2.823529411764706,25.491125263878605,27.330688100224222,27.81124418848997,-8.295837623760978
room_acoustic_data_room_1266.mat,-1.0,2.835294117647059,25.23720714700035,27.135135507705392,27.47930255358147,-8.157987780517097
room_acoustic_data_room_1267.mat,-1.0,2.847058823529412,24.78108641245662,26.8102868593672,26.930361509914746,-7.930822906305793
room_acoustic_data_room_1268.mat,-1.0,2.8588235294117648,25.300517828756902,27.38670730385609,27.340128459695173,-7.991122810979743
room_acoustic_data_room_1269.mat,-1.0,2.8705882352941177,25.87515266090627,27.99266465061845,27.819864129504573,-8.082081545713116
room_acoustic_data_room_1270.mat,-1.0,2.8823529411764706,26.29663989373661,28.463934366850886,28.180488815397577,-8.133577513456373
room_acoustic_data_room_1271.mat,-1.0,2.8941176470588235,26.499562554540503,28.81740121472173,28.305995101251725,-8.077340026270297
room_acoustic_data_room_1272.mat,-1.0,2.9058823529411764,26.810992736628222,29.33225193586449,28.503167067302094,-8.039133267998736
room_acoustic_data_room_1273.mat,-1.0,2.9176470588235293,27.671693750384414,30.359019579674737,29.229768269795798,-8.154636931871273
room_acoustic_data_room_1274.mat,-1.0,2.929411764705882,28.35315972761141,31.197789333924042,29.777382839120406,-8.200465089530276
room_acoustic_data_room_1275.mat,-1.0,2.9411764705882355,28.854109141224342,31.803043168444596,30.183527595116168,-8.167815076137515
room_acoustic_data_room_1276.mat,-1.0,2.9529411764705884,29.19920659959214,32.15709183157836,30.489755642922027,-8.07173878070041
room_acoustic_data_room_1277.mat,-1.0,2.9647058823529413,29.37500327665344,32.26742157169304,30.689384992406108,-7.887697381416533
room_acoustic_data_room_1278.mat,-1.0,2.976470588235294,29.432236562744237,32.20541727287534,30.81372847636155,-7.654731863568132
room_acoustic_data_room_1279.mat,-1.0,2.988235294117647,29.417689062767508,32.03166984250645,30.90027550783397,-7.408196431657805
room_acoustic_data_room_1280.mat,-1.0,3.0,29.355539619590708,31.795383911713877,30.9625829138816,-7.161774418490513
room_acoustic_data_room_1281.mat,4.0,0.0,30.73125901041143,33.06021716607324,32.169673915059256,-8.531631625600001
room_acoustic_data_room_1282.mat,4.0,0.011764705882352941,30.87258878787354,33.36387209272311,32.16982538836297,-8.854261906768796
room_acoustic_data_room_1283.mat,4.0,0.023529411764705882,30.98775437454822,33.60916731974038,32.15824884421223,-9.197168281146798
room_acoustic_data_room_1284.mat,4.0,0.03529411764705882,31.015270242128622,33.711349814731165,32.10625240168072,-9.509001636830947
room_acoustic_data_room_1285.mat,4.0,0.047058823529411764,30.922012927724666,33.5913411088863,32.005254129533505,-9.767752841301009
room_acoustic_data_room_1286.mat,4.0,0.058823529411764705,30.646520539823122,33.18587508228122,31.79226025340549,-9.923506735251854
room_acoustic_data_room_1287.mat,4.0,0.07058823529411765,30.14968104438383,32.46685602050827,31.42547443868954,-9.948408088557258
room_acoustic_data_room_1288.mat,4.0,0.08235294117647059,29.384122885143093,31.46062219991022,30.881515134306316,-9.80532039933076
room_acoustic_data_room_1289.mat,4.0,0.09411764705882353,28.324832439631194,30.261406408933453,30.0684592071876,-9.477885418658506
room_acoustic_data_room_1290.mat,4.0,0.10588235294117647,27.783783918990807,29.54746320001057,29.67319031324026,-9.345625255337467
room_acoustic_data_room_1291.mat,4.0,0.11764705882352941,27.489388690111618,29.10133962979841,29.457757505301775,-9.30387943053028
room_acoustic_data_room_1292.mat,4.0,0.12941176470588237,26.94750110194276,28.555972585305902,29.009957620053093,-9.126756844453904
room_acoustic_data_room_1293.mat,4.0,0.1411764705882353,26.257868623022333,27.95660237557284,28.473120496479595,-8.91789658018724
room_acoustic_data_room_1294.mat,4.0,0.15294117647058825,25.57245374838135,27.36008716895517,27.93593189776564,-8.748249231555597
room_acoustic_data_room_1295.mat,4.0,0.16470588235294117,26.00957683887224,27.664902066428265,28.45880358207179,-8.950236752421537
room_acoustic_data_room_1296.mat,4.0,0.17647058823529413,26.241667074120564,27.845402131795638,28.768782336300763,-9.063125999639997
room_acoustic_data_room_1297.mat,4.0,0.18823529411764706,26.31861193579565,27.953865340836693,28.900752964286713,-9.1333933337631
room_acoustic_data_room_1298.mat,4.0,0.2,26.254721708746786,27.988244460611146,28.882115002524102,-9.170661958703029
room_acoustic_data_room_1299.mat,4.0,0.21176470588235294,26.04906530497341,27.96074182475516,28.694283781930025,-9.17003679791484
room_acoustic_data_room_1300.mat,4.0,0.2235294117647059,25.703368176259396,27.750695302531163,28.343602105775922,-9.129770599759974
room_acoustic_data_room_1301.mat,4.0,0.23529411764705882,25.185182195074756,27.356420637930672,27.788299464410166,-9.012807990837558
room_acoustic_data_room_1302.mat,4.0,0.24705882352941178,25.442239534852146,27.60421594884307,28.019953632596767,-9.12508143663689
room_acoustic_data_room_1303.mat,4.0,0.25882352941176473,25.76165581986698,27.90267099873512,28.332435085562135,-9.232453786316128
room_acoustic_data_room_1304.mat,4.0,0.27058823529411763,25.937643907282045,28.051787438622846,28.50076719207435,-9.290535342468287
room_acoustic_data_room_1305.mat,4.0,0.2823529411764706,25.99485286576649,28.097326534359354,28.545659255629392,-9.323267527371993
room_acoustic_data_room_1306.mat,4.0,0.29411764705882354,25.945040106375092,28.056582150813046,28.484316791537015,-9.341154498577142
room_acoustic_data_room_1307.mat,4.0,0.3058823529411765,25.770993816601244,27.941788555509195,28.28514517878788,-9.325999258713516
room_acoustic_data_room_1308.mat,4.0,0.3176470588235294,25.489179670857467,27.746021119268125,27.97365017748854,-9.29335373333495
room_acoustic_data_room_1309.mat,4.0,0.32941176470588235,25.036546837337717,27.4041919345068,27.492291614481594,-9.178286299860762
room_acoustic_data_room_1310.mat,4.0,0.3411764705882353,24.895250516016624,27.363433437013764,27.324464523750347,-9.174139699254356
room_acoustic_data_room_1311.mat,4.0,0.35294117647058826,25.317818901574782,27.834790578599815,27.72354709468639,-9.353580915197286
room_acoustic_data_room_1312.mat,4.0,0.36470588235294116,25.574048101641246,28.1239261559989,27.96886461281789,-9.453288387743966
room_acoustic_data_room_1313.mat,4.0,0.3764705882352941,25.695850057736504,28.279587267521972,28.0799139459586,-9.507558752161932
room_acoustic_data_room_1314.mat,4.0,0.38823529411764707,25.686223186961783,28.335553034921514,28.06129956985059,-9.52041400075563
room_acoustic_data_room_1315.mat,4.0,0.4,25.581557272162584,28.31286798329858,27.943808418045325,-9.52869158990225
room_acoustic_data_room_1316.mat,4.0,0.4117647058823529,25.37087290756359,28.162604584132048,27.739875807414588,-9.521404219293668
room_acoustic_data_room_1317.mat,4.0,0.4235294117647059,25.010755888179666,27.839465954150768,27.407224235306195,-9.454041442333844
room_acoustic_data_room_1318.mat,4.0,0.43529411764705883,24.46446620128373,27.289747660234205,26.896063359081694,-9.286702575165892
room_acoustic_data_room_1319.mat,4.0,0.4470588235294118,24.810542374997837,27.55469253030293,27.255887574448575,-9.360115493662816
room_acoustic_data_room_1320.mat,4.0,0.4588235294117647,25.013815805142517,27.652575472453258,27.486901267294776,-9.359302234599747
room_acoustic_data_room_1321.mat,4.0,0.47058823529411764,25.089020864898064,27.624016775648666,27.597189244877534,-9.32028829045591
room_acoustic_data_room_1322.mat,4.0,0.4823529411764706,25.050517131191924,27.51968582723425,27.584756993225987,-9.259056467702077
room_acoustic_data_room_1323.mat,4.0,0.49411764705882355,24.929873015897883,27.370680767836426,27.477204071596482,-9.207871497683373
room_acoustic_data_room_1324.mat,4.0,0.5058823529411764,24.713787081094623,27.168694440863558,27.24661927664171,-9.153565325503642
room_acoustic_data_room_1325.mat,4.0,0.5176470588235295,24.412373579361866,26.885253558015645,26.929116549946063,-9.105453561757654
room_acoustic_data_room_1326.mat,4.0,0.5294117647058824,23.998720397255916,26.485694298766372,26.51197640483659,-9.034043305990439
room_acoustic_data_room_1327.mat,4.0,0.5411764705882353,24.16988897599865,26.633697412765535,26.707445044989253,-9.087911522729305
room_acoustic_data_room_1328.mat,4.0,0.5529411764705883,24.50830656861534,26.937751159519646,27.07898951734261,-9.177124707981012
room_acoustic_data_room_1329.mat,4.0,0.5647058823529412,24.731065328973855,27.141689518074923,27.331924283275804,-9.242027263287401
room_acoustic_data_room_1330.mat,4.0,0.5764705882352941,24.82634235350129,27.241269488909108,27.452967697858753,-9.272846962949725
room_acoustic_data_room_1331.mat,4.0,0.5882352941176471,24.818947802856815,27.272300981253114,27.461342992686454,-9.295252073536531
room_acoustic_data_room_1332.mat,4.0,0.6,24.695383972056337,27.218530881717683,27.34143875943406,-9.295944320530833
room_acoustic_data_room_1333.mat,4.0,0.611764705882353,24.451742577289806,27.0379528335565,27.083881268309284,-9.270400007632078
room_acoustic_data_room_1334.mat,4.0,0.6235294117647059,24.04193348975632,26.65536246084741,26.674751724291447,-9.170360227074898
room_acoustic_data_room_1335.mat,4.0,0.6352941176470588,24.024394514240658,26.61068257957819,26.676695685566525,-9.152660004286897
room_acoustic_data_room_1336.mat,4.0,0.6470588235294118,24.359180771847704,26.873188358845155,27.046083487510927,-9.201791062853937
room_acoustic_data_room_1337.mat,4.0,0.6588235294117647,24.544091546508703,26.972782068215906,27.271868524882986,-9.193586350105829
room_acoustic_data_room_1338.mat,4.0,0.6705882352941176,24.60717709686942,26.969737448440206,27.3683745176986,-9.158442324211352
room_acoustic_data_room_1339.mat,4.0,0.6823529411764706,24.57414138294611,26.90603214165515,27.346427924331064,-9.12298514263798
room_acoustic_data_room_1340.mat,4.0,0.6941176470588235,24.456603248834416,26.771485087059553,27.221196270094946,-9.098999833276357
room_acoustic_data_room_1341.mat,4.0,0.7058823529411765,24.21567692833758,26.54914817628327,26.956148980818455,-9.047048108295572
room_acoustic_data_room_1342.mat,4.0,0.7176470588235294,23.84661127451785,26.2095731712561,26.571695259581553,-8.960490096087668
room_acoustic_data_room_1343.mat,4.0,0.7294117647058823,23.6823641009193,26.07934146616255,26.387654437235845,-8.921034291453175
room_acoustic_data_room_1344.mat,4.0,0.7411764705882353,24.129217643876245,26.531753398931034,26.836304124220156,-9.057193268426838
room_acoustic_data_room_1345.mat,4.0,0.7529411764705882,24.43988434139211,26.83923478594604,27.172909975648114,-9.149718336665288
room_acoustic_data_room_1346.mat,4.0,0.7647058823529411,24.61567419746597,27.01761853665314,27.36635635362002,-9.202606042537427
room_acoustic_data_room_1347.mat,4.0,0.7764705882352941,24.68636200256374,27.11175274769447,27.44503659506513,-9.246681746251998
room_acoustic_data_room_1348.mat,4.0,0.788235294117647,24.6434354865667,27.11865862314807,27.39206358023326,-9.273607723035685
room_acoustic_data_room_1349.mat,4.0,0.8,24.477878314267265,26.992326316674355,27.212175914887176,-9.273881293742765
room_acoustic_data_room_1350.mat,4.0,0.8117647058823529,24.148531857049356,26.695814999261334,26.865671668916082,-9.204720784892794
room_acoustic_data_room_1351.mat,4.0,0.8235294117647058,23.720453953254378,26.27544426784656,26.438602354413394,-9.051873320592389
room_acoustic_data_room_1352.mat,4.0,0.8352941176470589,24.144699445289653,26.644840247393518,26.891134165407905,-9.14778041891905
room_acoustic_data_room_1353.mat,4.0,0.8470588235294118,24.430287455187404,26.861463477402317,27.202250314722185,-9.196407754430401
room_acoustic_data_room_1354.mat,4.0,0.8588235294117647,24.564184958721647,26.943784031117957,27.348471340152724,-9.187907487293081
room_acoustic_data_room_1355.mat,4.0,0.8705882352941177,24.576882003898348,26.926973439590398,27.359039814311483,-9.154117526072762
room_acoustic_data_room_1356.mat,4.0,0.8823529411764706,24.494675442768234,26.83734335056881,27.259536757626655,-9.121649472030052
room_acoustic_data_room_1357.mat,4.0,0.8941176470588236,24.30767784664061,26.65918878075687,27.05035839828062,-9.080271160353208
room_acoustic_data_room_1358.mat,4.0,0.9058823529411765,23.99573706075795,26.359426336932223,26.727501335484945,-9.008511706247095
room_acoustic_data_room_1359.mat,4.0,0.9176470588235294,23.547898990429648,25.921394980220583,26.289747409519233,-8.892337662613274
room_acoustic_data_room_1360.mat,4.0,0.9294117647058824,23.895733464995562,26.294758803141207,26.621017918240568,-9.006297324368532
room_acoustic_data_room_1361.mat,4.0,0.9411764705882353,24.270208025210778,26.686506671725784,26.99147289133844,-9.125459527097863
room_acoustic_data_room_1362.mat,4.0,0.9529411764705882,24.52410951119299,26.9507129080979,27.250327413044268,-9.217507282902597
room_acoustic_data_room_1363.mat,4.0,0.9647058823529412,24.645607672124044,27.09806240065077,27.385071432302578,-9.272407899072967
room_acoustic_data_room_1364.mat,4.0,0.9764705882352941,24.627580744026133,27.137552971934355,27.366063372943206,-9.283614321711285
room_acoustic_data_room_1365.mat,4.0,0.9882352941176471,24.465914578327073,27.049125024376465,27.190801206268972,-9.246870906261544
room_acoustic_data_room_1366.mat,4.0,1.0,24.134256628264268,26.786257921640633,26.83803038856736,-9.134823344487344
room_acoustic_data_room_1367.mat,4.0,1.011764705882353,23.63256996822942,26.33814870794298,26.31468033313609,-8.944875898058545
room_acoustic_data_room_1368.mat,4.0,1.0235294117647058,23.72054432937478,26.417860389811196,26.404270476372727,-8.967106433708299
room_acoustic_data_room_1369.mat,4.0,1.035294117647059,24.154646405342373,26.77544811281397,26.863948722853188,-9.124870275735642
room_acoustic_data_room_1370.mat,4.0,1.0470588235294118,24.420380946266384,26.952860437965995,27.150211357510564,-9.20671436989127
room_acoustic_data_room_1371.mat,4.0,1.0588235294117647,24.51112840132078,26.982152801170724,27.244458865867283,-9.208334088058528
room_acoustic_data_room_1372.mat,4.0,1.0705882352941176,24.461409686332807,26.882746857250837,27.20061828312264,-9.165136551570988
room_acoustic_data_room_1373.mat,4.0,1.0823529411764705,24.2994275824947,26.706209942206804,27.034955005524335,-9.105392568700925
room_acoustic_data_room_1374.mat,4.0,1.0941176470588236,24.02390527901497,26.446444011584344,26.74473278446857,-9.027098627264568
room_acoustic_data_room_1375.mat,4.0,1.1058823529411765,23.619565974414265,26.077464182353566,26.3257052958495,-8.912874397373683
room_acoustic_data_room_1376.mat,4.0,1.1176470588235294,23.50058161433573,26.001691051450667,26.181856639090984,-8.884299923988024
room_acoustic_data_room_1377.mat,4.0,1.1294117647058823,23.99247961769117,26.500766606790734,26.64628499173398,-9.076525885137123
room_acoustic_data_room_1378.mat,4.0,1.1411764705882352,24.35311246598831,26.870616719087707,26.99741509374977,-9.229157826693129
room_acoustic_data_room_1379.mat,4.0,1.1529411764705881,24.57741812084119,27.11544358890653,27.212674965726386,-9.339964312471865
room_acoustic_data_room_1380.mat,4.0,1.1647058823529413,24.667198181454854,27.25154623193849,27.29049563028523,-9.411943956844993
room_acoustic_data_room_1381.mat,4.0,1.1764705882352942,24.613102999208113,27.253999480957173,27.219698688106657,-9.435995600238742
room_acoustic_data_room_1382.mat,4.0,1.188235294117647,24.39249809584986,27.09446627176536,26.979288139923252,-9.388963968544905
room_acoustic_data_room_1383.mat,4.0,1.2,24.003220723920403,26.773138624804872,26.564302362128846,-9.26694137797127
room_acoustic_data_room_1384.mat,4.0,1.2117647058823529,23.634274047650855,26.44156556265645,26.17513186506745,-9.134017428048832
room_acoustic_data_room_1385.mat,4.0,1.223529411764706,24.09720933744241,26.85995658131104,26.640510732541983,-9.273772711060701
room_acoustic_data_room_1386.mat,4.0,1.2352941176470589,24.381393004165254,27.07349752474652,26.950682672762767,-9.325757996440103
room_acoustic_data_room_1387.mat,4.0,1.2470588235294118,24.518258012597357,27.149413909637147,27.10594947248125,-9.324738163916294
room_acoustic_data_room_1388.mat,4.0,1.2588235294117647,24.535381871203906,27.121365920351415,27.129714928175193,-9.299795212436626
room_acoustic_data_room_1389.mat,4.0,1.2705882352941176,24.434839738240782,26.99894056828991,27.025280153099427,-9.253413929277666
room_acoustic_data_room_1390.mat,4.0,1.2823529411764707,24.20436190075856,26.768631008726004,26.78561502047897,-9.17295859023729
room_acoustic_data_room_1391.mat,4.0,1.2941176470588236,23.841821079312343,26.427086823066723,26.419665723473283,-9.054836688898241
room_acoustic_data_room_1392.mat,4.0,1.3058823529411765,23.335536346484528,25.960810958072752,25.9202246412424,-8.88406102287359
room_acoustic_data_room_1393.mat,4.0,1.3176470588235294,23.810482870765682,26.451563511946176,26.37210455815609,-9.05727371722511
room_acoustic_data_room_1394.mat,4.0,1.3294117647058823,24.207156597395624,26.8503338192072,26.767994259537428,-9.198979673660618
room_acoustic_data_room_1395.mat,4.0,1.3411764705882352,24.470976948185644,27.12434798454844,27.040844706176443,-9.301884437406308
room_acoustic_data_room_1396.mat,4.0,1.3529411764705883,24.589632678703822,27.258502956535317,27.176820309524174,-9.355515587233745
room_acoustic_data_room_1397.mat,4.0,1.3647058823529412,24.58178854240227,27.293954863274582,27.174320614893098,-9.379124241075246
room_acoustic_data_room_1398.mat,4.0,1.3764705882352941,24.435155278927482,27.183955646674352,27.0315414573474,-9.360198907800907
room_acoustic_data_room_1399.mat,4.0,1.388235294117647,24.1329643607318,26.91773109811745,26.731438335737273,-9.280748013857584
room_acoustic_data_room_1400.mat,4.0,1.4,23.66848625468701,26.474383360227307,26.27368786895388,-9.131120902635427
room_acoustic_data_room_1401.mat,4.0,1.411764705882353,23.911674491106332,26.665277786703054,26.527071980528948,-9.219944489075987
room_acoustic_data_room_1402.mat,4.0,1.423529411764706,24.323707878895465,27.000358192414552,26.939442593931705,-9.355760031522891
room_acoustic_data_room_1403.mat,4.0,1.4352941176470588,24.570791501855574,27.17447792705675,27.188433989633577,-9.420361749710258
room_acoustic_data_room_1404.mat,4.0,1.4470588235294117,24.674938944478598,27.21729982353503,27.290335331782902,-9.437996922139199
room_acoustic_data_room_1405.mat,4.0,1.4588235294117646,24.638560857129068,27.1427383941632,27.243175355147955,-9.411879157563762
room_acoustic_data_room_1406.mat,4.0,1.4705882352941178,24.45487471839067,26.9619766862094,27.042501546063157,-9.33514864992664
room_acoustic_data_room_1407.mat,4.0,1.4823529411764707,24.136965228840772,26.67264814203278,26.710793804647828,-9.21986963493355
room_acoustic_data_room_1408.mat,4.0,1.4941176470588236,23.669043830844025,26.253135577004514,26.234401080791443,-9.047656234515678
room_acoustic_data_room_1409.mat,4.0,1.5058823529411764,23.65432628919058,26.27924059247691,26.18994321684051,-9.032938695647871
room_acoustic_data_room_1410.mat,4.0,1.5176470588235293,24.08114680896499,26.737592685154574,26.576323958815205,-9.164051165807624
room_acoustic_data_room_1411.mat,4.0,1.5294117647058822,24.35907333692272,27.042547797173626,26.849751662476482,-9.239347167051271
room_acoustic_data_room_1412.mat,4.0,1.5411764705882354,24.532223071933934,27.22615929835537,27.037767312753047,-9.305541218669909
room_acoustic_data_room_1413.mat,4.0,1.5529411764705883,24.56822969742557,27.2909028394661,27.085592647190296,-9.331287468869586
room_acoustic_data_room_1414.mat,4.0,1.5647058823529412,24.45227923741902,27.223798593826878,26.976957400682252,-9.301849226246816
room_acoustic_data_room_1415.mat,4.0,1.576470588235294,24.196287520104278,26.99566140057332,26.742151065392356,-9.228339360673441
room_acoustic_data_room_1416.mat,4.0,1.588235294117647,23.788907404305895,26.601195977045528,26.35771630503173,-9.097177037208931
room_acoustic_data_room_1417.mat,4.0,1.6,23.528044492567833,26.324188824632824,26.11717372217163,-8.9906787731023
room_acoustic_data_room_1418.mat,4.0,1.611764705882353,23.967678439970605,26.69817243929301,26.563562817827847,-9.115461663036125
room_acoustic_data_room_1419.mat,4.0,1.6235294117647059,24.24074125789295,26.887096772775756,26.87030089554805,-9.165784394142815
room_acoustic_data_room_1420.mat,4.0,1.6352941176470588,24.373333048955516,26.934435492614885,27.04123875081377,-9.170668192341934
room_acoustic_data_room_1421.mat,4.0,1.6470588235294117,24.3931499316699,26.896966191302944,27.08050488894053,-9.159032221919382
room_acoustic_data_room_1422.mat,4.0,1.6588235294117648,24.28963610570677,26.775821569398836,26.969380606501062,-9.12054291325546
room_acoustic_data_room_1423.mat,4.0,1.6705882352941177,24.05588073995535,26.535522667164926,26.725135535143494,-9.047703071015503
room_acoustic_data_room_1424.mat,4.0,1.6823529411764706,23.683117672075184,26.166020433734904,26.356250441074756,-8.92990771023054
room_acoustic_data_room_1425.mat,4.0,1.6941176470588235,23.231255492260217,25.732137804602857,25.920706521045688,-8.779779338285657
room_acoustic_data_room_1426.mat,4.0,1.7058823529411764,23.753095505352636,26.221422934477072,26.452651658718324,-8.966110205216548
room_acoustic_data_room_1427.mat,4.0,1.7176470588235293,24.12944002984655,26.57296641584276,26.85317972001997,-9.098035731533763
room_acoustic_data_room_1428.mat,4.0,1.7294117647058824,24.366363042688633,26.79951459826404,27.12150570841594,-9.184936168824748
room_acoustic_data_room_1429.mat,4.0,1.7411764705882353,24.470402724337156,26.93171394733438,27.238799310189016,-9.234814924104981
room_acoustic_data_room_1430.mat,4.0,1.7529411764705882,24.436590786628823,26.958993500730802,27.2026301268699,-9.243069720321323
room_acoustic_data_room_1431.mat,4.0,1.7647058823529411,24.2520067422495,26.848775382511608,27.004185300486746,-9.196370441524408
room_acoustic_data_room_1432.mat,4.0,1.776470588235294,23.91155585489558,26.566603666836794,26.652490285617063,-9.088117861829064
room_acoustic_data_room_1433.mat,4.0,1.7882352941176471,23.40023271559548,26.092661699569895,26.134954992829897,-8.899974658421394
room_acoustic_data_room_1434.mat,4.0,1.8,23.746141679085973,26.40018876333793,26.47586304041552,-9.009860832602968
room_acoustic_data_room_1435.mat,4.0,1.811764705882353,24.12457665627837,26.71211521273279,26.847433385282976,-9.121040940098643
room_acoustic_data_room_1436.mat,4.0,1.8235294117647058,24.347883037748538,26.867831427479906,27.069280556041868,-9.17077396459822
room_acoustic_data_room_1437.mat,4.0,1.8352941176470587,24.401439925697737,26.894330397985904,27.1111834956605,-9.146183943922605
room_acoustic_data_room_1438.mat,4.0,1.8470588235294119,24.330414140559384,26.817140164569256,27.02275378637514,-9.092958493989503
room_acoustic_data_room_1439.mat,4.0,1.8588235294117648,24.144329538278818,26.646202995777266,26.81363482340786,-9.020372982063815
room_acoustic_data_room_1440.mat,4.0,1.8705882352941177,23.82073290306755,26.36339972057624,26.459019825353394,-8.904777178314209
room_acoustic_data_room_1441.mat,4.0,1.8823529411764706,23.3586796230053,25.957062583814054,25.977491142934962,-8.742395870089839
room_acoustic_data_room_1442.mat,4.0,1.8941176470588235,23.510330950013834,26.12690626185247,26.108707016187527,-8.803637240871998
room_acoustic_data_room_1443.mat,4.0,1.9058823529411764,23.96275958635597,26.585359730134265,26.548939674971557,-8.965950717064384
room_acoustic_data_room_1444.mat,4.0,1.9176470588235295,24.273749536205848,26.904028424340222,26.857577935408024,-9.0797122249524
room_acoustic_data_room_1445.mat,4.0,1.9294117647058824,24.455276498106386,27.09779081493174,27.04254475169529,-9.159000990388561
room_acoustic_data_room_1446.mat,4.0,1.9411764705882353,24.514405621547173,27.187377824818597,27.099052768136097,-9.21160886350264
room_acoustic_data_room_1447.mat,4.0,1.9529411764705882,24.43830205003501,27.148702636764952,27.012821786510933,-9.22463296089491
room_acoustic_data_room_1448.mat,4.0,1.964705882352941,24.210616153458687,26.963243961467114,26.774782785068044,-9.180837448142947
room_acoustic_data_room_1449.mat,4.0,1.9764705882352942,23.803089802035913,26.60380339675583,26.36206305722918,-9.049649274500695
room_acoustic_data_room_1450.mat,4.0,1.988235294117647,23.689828138162813,26.487162810851615,26.25391527611739,-9.002131376540287
room_acoustic_data_room_1451.mat,4.0,2.0,24.149596811508047,26.870787364659602,26.731654174779557,-9.150160768204604
room_acoustic_data_room_1452.mat,4.0,2.011764705882353,24.437257445301157,27.084514733057862,27.040268157534445,-9.2182109534529
room_acoustic_data_room_1453.mat,4.0,2.023529411764706,24.56908801135325,27.148627524752765,27.197264604122502,-9.22511871537154
room_acoustic_data_room_1454.mat,4.0,2.0352941176470587,24.569126703879203,27.104357322933623,27.20704140687908,-9.195924008483114
room_acoustic_data_room_1455.mat,4.0,2.0470588235294116,24.439127118429695,26.970832606017396,27.066119113687307,-9.13252192420072
room_acoustic_data_room_1456.mat,4.0,2.0588235294117645,24.187838686648384,26.721051337495858,26.802168908314496,-9.043087185227279
room_acoustic_data_room_1457.mat,4.0,2.070588235294118,23.801378538985375,26.341654045359874,26.413850404694124,-8.911939365835103
room_acoustic_data_room_1458.mat,4.0,2.0823529411764707,23.445400245731676,25.997257653656067,26.071331568825723,-8.789835827189389
room_acoustic_data_room_1459.mat,4.0,2.0941176470588236,23.96255131337446,26.473944120688042,26.60816693948615,-8.975322830701957
room_acoustic_data_room_1460.mat,4.0,2.1058823529411765,24.337777776793025,26.819100130958653,27.0051724399754,-9.110367934993869
room_acoustic_data_room_1461.mat,4.0,2.1176470588235294,24.577521638291607,27.054618206395254,27.261652800197986,-9.20449249317609
room_acoustic_data_room_1462.mat,4.0,2.1294117647058823,24.680250578516,27.173267886073752,27.38013305874994,-9.25748291444019
room_acoustic_data_room_1463.mat,4.0,2.1411764705882352,24.63093000071915,27.168491432240906,27.34138723781519,-9.254649337608566
room_acoustic_data_room_1464.mat,4.0,2.152941176470588,24.432043021191554,27.01974795661348,27.15394190849777,-9.198160130269056
room_acoustic_data_room_1465.mat,4.0,2.164705882352941,24.05370968753058,26.688969638773678,26.78936857791143,-9.05678747996047
room_acoustic_data_room_1466.mat,4.0,2.176470588235294,23.481574215501677,26.139781340893606,26.24390609217989,-8.812990415797048
room_acoustic_data_room_1467.mat,4.0,2.1882352941176473,23.88057875590195,26.490603920083785,26.640765343586004,-8.936764408731081
room_acoustic_data_room_1468.mat,4.0,2.2,24.244528794794466,26.779172535997215,27.012364067168242,-9.040528481207673
room_acoustic_data_room_1469.mat,4.0,2.211764705882353,24.455985965506365,26.91906453492023,27.2343122290326,-9.086154823038957
room_acoustic_data_room_1470.mat,4.0,2.223529411764706,24.504034438210574,26.923755346961475,27.28303732249703,-9.064350531657004
room_acoustic_data_room_1471.mat,4.0,2.235294117647059,24.42372676301515,26.825095821308942,27.192810731522545,-9.010654244100484
room_acoustic_data_room_1472.mat,4.0,2.2470588235294118,24.20154650509874,26.6269899459255,26.939083340856467,-8.911374452846255
room_acoustic_data_room_1473.mat,4.0,2.2588235294117647,23.854606189306367,26.326191230051936,26.55685959180512,-8.782572102191434
room_acoustic_data_room_1474.mat,4.0,2.2705882352941176,23.353530683124415,25.88241536823012,26.039860547653394,-8.592183711911513
room_acoustic_data_room_1475.mat,4.0,2.2823529411764705,23.567359948682917,26.111784836103755,26.23813984559736,-8.681230001067053
room_acoustic_data_room_1476.mat,4.0,2.2941176470588234,24.046111818102496,26.580397340080815,26.71422946802626,-8.877463877056144
room_acoustic_data_room_1477.mat,4.0,2.3058823529411763,24.36399512088292,26.894489880200844,27.039974326519296,-9.006351682547075
room_acoustic_data_room_1478.mat,4.0,2.3176470588235296,24.545324879494437,27.093579807312857,27.226199006288432,-9.09409011457026
room_acoustic_data_room_1479.mat,4.0,2.3294117647058825,24.581377594876088,27.17583203024457,27.25546186091819,-9.132498281241356
room_acoustic_data_room_1480.mat,4.0,2.3411764705882354,24.470420481553788,27.110266766551337,27.13700894559493,-9.119664170413289
room_acoustic_data_room_1481.mat,4.0,2.3529411764705883,24.17680763329704,26.866708810078443,26.839874038572688,-9.019003683005101
room_acoustic_data_room_1482.mat,4.0,2.364705882352941,23.713584490013528,26.428354276065708,26.385866469520103,-8.841197740625223
room_acoustic_data_room_1483.mat,4.0,2.376470588235294,23.686239222506458,26.379456013540626,26.366573553376654,-8.815041813801129
room_acoustic_data_room_1484.mat,4.0,2.388235294117647,24.13532957325854,26.756103651526434,26.82454468235575,-8.95423336636429
room_acoustic_data_room_1485.mat,4.0,2.4,24.42079113602012,26.961217642457683,27.122784561122696,-9.021356995094802
room_acoustic_data_room_1486.mat,4.0,2.411764705882353,24.569661560397744,27.039926579865377,27.276520426033525,-9.045592597072856
room_acoustic_data_room_1487.mat,4.0,2.4235294117647057,24.586609747048026,27.017292320033786,27.283261739089994,-9.032202741003239
room_acoustic_data_room_1488.mat,4.0,2.4352941176470586,24.467690359289882,26.877402110611094,27.14681330868506,-8.977035271191959
room_acoustic_data_room_1489.mat,4.0,2.447058823529412,24.20571675979064,26.625252130336996,26.86954895745577,-8.872066700965052
room_acoustic_data_room_1490.mat,4.0,2.458823529411765,23.82151176981965,26.27390282518405,26.480265054414367,-8.736133113512441
room_acoustic_data_room_1491.mat,4.0,2.4705882352941178,23.630964924269048,26.110695587095595,26.297008959259674,-8.670993858746192
room_acoustic_data_room_1492.mat,4.0,2.4823529411764707,24.181126425351678,26.657216409479908,26.830077537717948,-8.878427071926568
room_acoustic_data_room_1493.mat,4.0,2.4941176470588236,24.563894224276822,27.049233945572297,27.205799830166644,-9.007284632621223
room_acoustic_data_room_1494.mat,4.0,2.5058823529411764,24.811322114225472,27.320091579271487,27.453728017887734,-9.092315177882295
room_acoustic_data_room_1495.mat,4.0,2.5176470588235293,24.917279425847582,27.488660296090657,27.54715891054126,-9.12829629779424
room_acoustic_data_room_1496.mat,4.0,2.5294117647058822,24.914506379297787,27.556721625888386,27.529134018209373,-9.147919460061546
room_acoustic_data_room_1497.mat,4.0,2.541176470588235,24.783247512507984,27.502173348231075,27.37757116061458,-9.130783847825045
room_acoustic_data_room_1498.mat,4.0,2.552941176470588,24.513151217816844,27.29632853203779,27.101074042927404,-9.064935148985077
room_acoustic_data_room_1499.mat,4.0,2.5647058823529414,24.12334260776651,26.927772690829425,26.731174905418357,-8.945571280554617
room_acoustic_data_room_1500.mat,4.0,2.5764705882352943,24.729455511165703,27.490436986580992,27.316071893729436,-9.172592812963893
room_acoustic_data_room_1501.mat,4.0,2.588235294117647,25.15500381649247,27.857323789112606,27.722544516519342,-9.305649312306643
room_acoustic_data_room_1502.mat,4.0,2.6,25.418499764105377,28.037910681259252,27.98816431826724,-9.36645688008786
room_acoustic_data_room_1503.mat,4.0,2.611764705882353,25.538959990317718,28.078966931625125,28.106506663898337,-9.375233321964094
room_acoustic_data_room_1504.mat,4.0,2.623529411764706,25.537161693648617,28.00622507707478,28.10655885139777,-9.352951391820222
room_acoustic_data_room_1505.mat,4.0,2.635294117647059,25.39018055624038,27.826030758882702,27.95677932492813,-9.276508358751297
room_acoustic_data_room_1506.mat,4.0,2.6470588235294117,25.088627945747476,27.523338781800504,27.658949095881784,-9.13581337423709
room_acoustic_data_room_1507.mat,4.0,2.6588235294117646,24.617534047989746,27.074466651931512,27.20405015961559,-8.913827595738026
room_acoustic_data_room_1508.mat,4.0,2.6705882352941175,24.836130908166638,27.27264425394248,27.402730623447123,-8.962415259465
room_acoustic_data_room_1509.mat,4.0,2.6823529411764704,25.345139063310206,27.723292985855608,27.88373907655016,-9.136386710871887
room_acoustic_data_room_1510.mat,4.0,2.6941176470588237,25.705663684635645,28.025480468044076,28.237562216440306,-9.252314449987797
room_acoustic_data_room_1511.mat,4.0,2.7058823529411766,25.929734563810143,28.212849399121154,28.460562947596692,-9.32427946274207
room_acoustic_data_room_1512.mat,4.0,2.7176470588235295,26.021760236968206,28.278541885200326,28.56286750032813,-9.357525424819736
room_acoustic_data_room_1513.mat,4.0,2.7294117647058824,25.938621346934177,28.194073011623694,28.485748386609902,-9.309429425642263
room_acoustic_data_room_1514.mat,4.0,2.7411764705882353,25.68046764633623,27.932740119273536,28.23775000265656,-9.1803079507864
room_acoustic_data_room_1515.mat,4.0,2.7529411764705882,25.262582348407996,27.49596997376416,27.842453345768547,-8.984376043218404
room_acoustic_data_room_1516.mat,4.0,2.764705882352941,25.134697493030632,27.293992201165736,27.728877745363896,-8.88031679741287
room_acoustic_data_room_1517.mat,4.0,2.776470588235294,25.643599869139567,27.61530432623465,28.223272664550947,-9.001959034861006
room_acoustic_data_room_1518.mat,4.0,2.788235294117647,25.995361367286044,27.74599704902515,28.583059354898552,-9.060839731284796
room_acoustic_data_room_1519.mat,4.0,2.8,26.17827491130293,27.751123020114115,28.748025376988878,-9.047336122137802
room_acoustic_data_room_1520.mat,4.0,2.8117647058823527,26.22773997760365,27.694343967029088,28.743930503964634,-8.998495083965816
room_acoustic_data_room_1521.mat,4.0,2.823529411764706,26.1726812386777,27.569092880978,28.630514366769187,-8.946405884649334
room_acoustic_data_room_1522.mat,4.0,2.835294117647059,25.98104037311409,27.361294398966407,28.398855246988983,-8.864250541316018
room_acoustic_data_room_1523.mat,4.0,2.847058823529412,25.525927054653536,27.022703429934992,27.907935766925544,-8.630734536776853
room_acoustic_data_room_1524.mat,4.0,2.8588235294117648,25.93226495905027,27.45836441447763,28.21692628725737,-8.68611119320301
room_acoustic_data_room_1525.mat,4.0,2.8705882352941177,26.513436984099762,28.092665086246654,28.67842207716557,-8.769557503563135
room_acoustic_data_room_1526.mat,4.0,2.8823529411764706,26.89590628187336,28.593801370950708,28.94133474572471,-8.767397914308335
room_acoustic_data_room_1527.mat,4.0,2.8941176470588235,27.086279974634763,28.963280344677585,29.0151399621258,-8.686572866812806
room_acoustic_data_room_1528.mat,4.0,2.9058823529411764,27.420247118204266,29.52019763405053,29.190013676572974,-8.639946325300357
room_acoustic_data_room_1529.mat,4.0,2.9176470588235293,28.31059048312786,30.56655620105008,29.882338991986927,-8.776306227302529
room_acoustic_data_room_1530.mat,4.0,2.929411764705882,29.013981393405032,31.39870274604498,30.438509420776274,-8.841283129851211
room_acoustic_data_room_1531.mat,4.0,2.9411764705882355,29.51481466236874,31.993113095545226,30.83398229274043,-8.809556262732201
room_acoustic_data_room_1532.mat,4.0,2.9529411764705884,29.82345583232991,32.327403076778324,31.091732529007835,-8.679952596976113
room_acoustic_data_room_1533.mat,4.0,2.9647058823529413,29.975959805895016,32.422081426163075,31.254226754549975,-8.476089393404408
room_acoustic_data_room_1534.mat,4.0,2.976470588235294,30.018430128149404,32.34445455943543,31.358381368694232,-8.231605469073367
room_acoustic_data_room_1535.mat,4.0,2.988235294117647,29.989501508645056,32.16050233818525,31.430973902524162,-7.9733741592684115
room_acoustic_data_room_1536.mat,4.0,3.0,29.91208985162764,31.9170416253108,31.479423420007816,-7.713749414216449
room_acoustic_data_room_1537.mat,0.0,-1.0,28.87639122469023,31.824417466625178,30.469285386586918,-6.661072895008372
room_acoustic_data_room_1538.mat,0.011764705882352941,-1.0,29.012119877210594,32.155373815015615,30.476873579949814,-6.974711632251864
room_acoustic_data_room_1539.mat,0.023529411764705882,-1.0,29.140929506656263,32.48636870609293,30.474278575641492,-7.327709070268131
room_acoustic_data_room_1540.mat,0.03529411764705882,-1.0,29.194687611226698,32.70584124797659,30.428803471038172,-7.662427743480086
room_acoustic_data_room_1541.mat,0.047058823529411764,-1.0,29.12324130750902,32.74478976416718,30.292877574937567,-7.940378232547721
room_acoustic_data_room_1542.mat,0.058823529411764705,-1.0,28.917042583781857,32.54804832345425,30.06835665271922,-8.1642822859033
room_acoustic_data_room_1543.mat,0.07058823529411765,-1.0,28.52304673281171,32.045458676113505,29.72378936960155,-8.293156922105814
room_acoustic_data_room_1544.mat,0.08235294117647059,-1.0,27.935232483558266,31.263973533286094,29.257799051750503,-8.331925042025695
room_acoustic_data_room_1545.mat,0.09411764705882353,-1.0,27.125488252150966,30.229145572780926,28.64572834850805,-8.26151371259493
room_acoustic_data_room_1546.mat,0.10588235294117647,-1.0,26.703955686714423,29.568462651758324,28.375419064970593,-8.2774247534452
room_acoustic_data_room_1547.mat,0.11764705882352941,-1.0,26.50694833934946,29.13379618920203,28.30931064483807,-8.336456587147222
room_acoustic_data_room_1548.mat,0.12941176470588237,-1.0,26.076501605677347,28.563962410474293,28.010824679134288,-8.275569756487714
room_acoustic_data_room_1549.mat,0.1411764705882353,-1.0,25.425692606814888,27.87970330801714,27.4850966989103,-8.111028577688256
room_acoustic_data_room_1550.mat,0.15294117647058825,-1.0,24.852150164223644,27.322199756133664,26.977036271870823,-8.016758141423674
room_acoustic_data_room_1551.mat,0.16470588235294117,-1.0,25.25802557173833,27.641377374945893,27.484404246603322,-8.191507812737427
room_acoustic_data_room_1552.mat,0.17647058823529413,-1.0,25.523034631727008,27.851028494494553,27.84444581244065,-8.34122180752363
room_acoustic_data_room_1553.mat,0.18823529411764706,-1.0,25.665602119273778,27.994096149836352,28.039951103364164,-8.48025251143559
room_acoustic_data_room_1554.mat,0.2,-1.0,25.676943613786193,28.072146075411418,28.071014557486077,-8.594689579921605
room_acoustic_data_room_1555.mat,0.21176470588235294,-1.0,25.55891642384571,28.082921679188786,27.92896745315916,-8.6821883289007
room_acoustic_data_room_1556.mat,0.2235294117647059,-1.0,25.291482685077582,27.94580119543291,27.649139148434735,-8.719227607141915
room_acoustic_data_room_1557.mat,0.23529411764705882,-1.0,24.834836087985167,27.598057606959017,27.19743856876694,-8.661665199474077
room_acoustic_data_room_1558.mat,0.24705882352941178,-1.0,25.131381601653278,27.840989906053288,27.52012563753415,-8.812901694397322
room_acoustic_data_room_1559.mat,0.25882352941176473,-1.0,25.486856612859917,28.104523195879892,27.902045638539743,-8.958120245947237
room_acoustic_data_room_1560.mat,0.27058823529411763,-1.0,25.68965929256255,28.208548794983503,28.135000540340876,-9.043772655590157
room_acoustic_data_room_1561.mat,0.2823529411764706,-1.0,25.749671661127106,28.18879561775301,28.21839288838058,-9.079424992887647
room_acoustic_data_room_1562.mat,0.29411764705882354,-1.0,25.707064028761355,28.105465083212295,28.16461251386905,-9.104339009132413
room_acoustic_data_room_1563.mat,0.3058823529411765,-1.0,25.54085281889778,27.94111194949464,27.977138328068293,-9.096762154912128
room_acoustic_data_room_1564.mat,0.3176470588235294,-1.0,25.242409980442062,27.6757718548242,27.64510289648465,-9.047231036282064
room_acoustic_data_room_1565.mat,0.32941176470588235,-1.0,24.803657177437263,27.285172885583723,27.18509125807612,-8.945766773369035
room_acoustic_data_room_1566.mat,0.3411764705882353,-1.0,24.614623369301093,27.132864302167214,26.984931745401756,-8.893835335721459
room_acoustic_data_room_1567.mat,0.35294117647058826,-1.0,24.937471255010024,27.46734605462573,27.316360647522224,-8.973323127232568
room_acoustic_data_room_1568.mat,0.36470588235294116,-1.0,25.156929268011034,27.70840721382848,27.56818818642597,-9.03614536372127
room_acoustic_data_room_1569.mat,0.3764705882352941,-1.0,25.273191251805606,27.863941153108996,27.719756024841864,-9.08482775177816
room_acoustic_data_room_1570.mat,0.38823529411764707,-1.0,25.273898667276544,27.951864336150965,27.728928592553295,-9.108031906736535
room_acoustic_data_room_1571.mat,0.4,-1.0,25.18604125346583,27.982794897367302,27.622073663848894,-9.133230750187277
room_acoustic_data_room_1572.mat,0.4117647058823529,-1.0,24.97694470333797,27.90857241923081,27.375449051139338,-9.127789379739635
room_acoustic_data_room_1573.mat,0.4235294117647059,-1.0,24.651342362295896,27.70038821320721,27.00339862574623,-9.095371080416067
room_acoustic_data_room_1574.mat,0.43529411764705883,-1.0,24.167792563149042,27.29395027160139,26.483214344797123,-8.991352051699677
room_acoustic_data_room_1575.mat,0.4470588235294118,-1.0,24.509607010450367,27.601637800894103,26.83765916601148,-9.059051762690487
room_acoustic_data_room_1576.mat,0.4588235294117647,-1.0,24.714059874192028,27.707608267580586,27.089505468622775,-9.059310491431491
room_acoustic_data_room_1577.mat,0.47058823529411764,-1.0,24.77533594025839,27.65882588774103,27.205582215029104,-9.006409329657652
room_acoustic_data_room_1578.mat,0.4823529411764706,-1.0,24.729232450811956,27.500979452267586,27.204218038223893,-8.937705405168817
room_acoustic_data_room_1579.mat,0.49411764705882355,-1.0,24.582143817642752,27.271643821913955,27.073209713793617,-8.860221531939374
room_acoustic_data_room_1580.mat,0.5058823529411764,-1.0,24.34848117320495,26.984058206717243,26.826925234584152,-8.788449612226156
room_acoustic_data_room_1581.mat,0.5176470588235295,-1.0,24.01484025063016,26.61121180543892,26.47549746135411,-8.708159918601778
room_acoustic_data_room_1582.mat,0.5294117647058824,-1.0,23.56637109082167,26.140568293633915,26.005656841243358,-8.601922705097078
room_acoustic_data_room_1583.mat,0.5411764705882353,-1.0,23.692602458418328,26.220122924412806,26.14008824557086,-8.610311629151994
room_acoustic_data_room_1584.mat,0.5529411764705883,-1.0,23.998686274985587,26.468212411472983,26.48259600254027,-8.66742433167962
room_acoustic_data_room_1585.mat,0.5647058823529412,-1.0,24.20096273228492,26.628191128338713,26.73058718514038,-8.711999552455541
room_acoustic_data_room_1586.mat,0.5764705882352941,-1.0,24.3130234345529,26.72834388268344,26.876307582912315,-8.759708448147652
room_acoustic_data_room_1587.mat,0.5882352941176471,-1.0,24.332788768139743,26.773280650023494,26.913590077434137,-8.809355029549158
room_acoustic_data_room_1588.mat,0.6,-1.0,24.253136818476165,26.762487738203113,26.82850529099631,-8.854032768976035
room_acoustic_data_room_1589.mat,0.611764705882353,-1.0,24.03105228593443,26.635646138178434,26.58509512256468,-8.850115855762178
room_acoustic_data_room_1590.mat,0.6235294117647059,-1.0,23.643179561881666,26.338945252453925,26.17150464144801,-8.772075936204601
room_acoustic_data_room_1591.mat,0.6352941176470588,-1.0,23.63996075220854,26.386195733358097,26.16027906687952,-8.767876993795067
room_acoustic_data_room_1592.mat,0.6470588235294118,-1.0,23.992282379781386,26.743258436624004,26.52698887216738,-8.834618575801285
room_acoustic_data_room_1593.mat,0.6588235294117647,-1.0,24.19449232056764,26.88715218346558,26.77392964307397,-8.843793676032396
room_acoustic_data_room_1594.mat,0.6705882352941176,-1.0,24.25533225161349,26.8777221851646,26.874338012703486,-8.806479214326334
room_acoustic_data_room_1595.mat,0.6823529411764706,-1.0,24.220215729909565,26.773943020041436,26.865246827329877,-8.769004241423325
room_acoustic_data_room_1596.mat,0.6941176470588235,-1.0,24.080672487892876,26.590100156153067,26.729261482210312,-8.723061919175594
room_acoustic_data_room_1597.mat,0.7058823529411765,-1.0,23.824684776494017,26.300171059940265,26.473973041846502,-8.656081950579019
room_acoustic_data_room_1598.mat,0.7176470588235294,-1.0,23.437072367543855,25.897765956204477,26.082684256501366,-8.550996899350714
room_acoustic_data_room_1599.mat,0.7294117647058823,-1.0,23.264545349850003,25.706983404167744,25.90622599752656,-8.503111511253367
room_acoustic_data_room_1600.mat,0.7411764705882353,-1.0,23.671559915680508,26.079482081012586,26.32799247944896,-8.599466185083399
room_acoustic_data_room_1601.mat,0.7529411764705882,-1.0,23.95505551170342,26.350871388602744,26.64237036541122,-8.664844854437364
room_acoustic_data_room_1602.mat,0.7647058823529411,-1.0,24.132284572393296,26.540347224112413,26.851889793951564,-8.719188526551655
room_acoustic_data_room_1603.mat,0.7764705882352941,-1.0,24.211944488154742,26.658324012969583,26.947634407191007,-8.772247151221354
room_acoustic_data_room_1604.mat,0.788235294117647,-1.0,24.160206882074338,26.68232330894103,26.888280654150236,-8.790368655858709
room_acoustic_data_room_1605.mat,0.8,-1.0,23.964840084317917,26.59570870150801,26.665385331612335,-8.760836446154565
room_acoustic_data_room_1606.mat,0.8117647058823529,-1.0,23.608265915107275,26.349042651810247,26.265008315676752,-8.664450355439818
room_acoustic_data_room_1607.mat,0.8235294117647058,-1.0,23.18482093234945,26.00512406591385,25.805246488185244,-8.516234649078314
room_acoustic_data_room_1608.mat,0.8352941176470589,-1.0,23.653364004838412,26.45436043327685,26.286176796646977,-8.656440979500367
room_acoustic_data_room_1609.mat,0.8470588235294118,-1.0,23.933193521262076,26.681380105849858,26.592511605938046,-8.69931081983496
room_acoustic_data_room_1610.mat,0.8588235294117647,-1.0,24.076161219856584,26.753579333107325,26.75661027738254,-8.699881391823144
room_acoustic_data_room_1611.mat,0.8705882352941177,-1.0,24.092506758992794,26.711039494733257,26.772754249807925,-8.669740387348781
room_acoustic_data_room_1612.mat,0.8823529411764706,-1.0,23.989803271477218,26.573593371869602,26.649786876033694,-8.616775781743563
room_acoustic_data_room_1613.mat,0.8941176470588236,-1.0,23.759326474152168,26.327639850835837,26.39275921477571,-8.531918602723271
room_acoustic_data_room_1614.mat,0.9058823529411765,-1.0,23.395283126508758,25.965911481239566,26.00249359371361,-8.408056901623302
room_acoustic_data_room_1615.mat,0.9176470588235294,-1.0,22.896097464296318,25.4645342101419,25.507508111167724,-8.24053557076494
room_acoustic_data_room_1616.mat,0.9294117647058824,-1.0,23.215872220627606,25.760549930447127,25.825556760962307,-8.326435817138222
room_acoustic_data_room_1617.mat,0.9411764705882353,-1.0,23.568935598194763,26.10108558311831,26.175293443598132,-8.424187096400267
room_acoustic_data_room_1618.mat,0.9529411764705882,-1.0,23.78272550610326,26.31995097966714,26.398287496095598,-8.476123524513389
room_acoustic_data_room_1619.mat,0.9647058823529412,-1.0,23.85724472679099,26.43959113374063,26.4746541957043,-8.484045441799887
room_acoustic_data_room_1620.mat,0.9764705882352941,-1.0,23.82090752695833,26.489723266021336,26.421866936921866,-8.476941825198612
room_acoustic_data_room_1621.mat,0.9882352941176471,-1.0,23.676873208082117,26.452300035715414,26.25479669815742,-8.45783048047403
room_acoustic_data_room_1622.mat,1.0,-1.0,23.396680556733408,26.29197735317781,25.93852653960778,-8.397248432753758
room_acoustic_data_room_1623.mat,1.011764705882353,-1.0,22.978505162334557,25.961182478721252,25.502687699886014,-8.290812458443366
room_acoustic_data_room_1624.mat,1.0235294117647058,-1.0,23.068733785151487,26.07284256824467,25.58975938472374,-8.315297423401795
room_acoustic_data_room_1625.mat,1.035294117647059,-1.0,23.442621166377346,26.397996876434448,25.985271957587436,-8.412846726158072
room_acoustic_data_room_1626.mat,1.0470588235294118,-1.0,23.65821256449328,26.529976979050485,26.244961617567974,-8.44454782418903
room_acoustic_data_room_1627.mat,1.0588235294117647,-1.0,23.75589087896056,26.51661186381523,26.394332243554995,-8.453098540703312
room_acoustic_data_room_1628.mat,1.0705882352941176,-1.0,23.72419451926413,26.39952420223473,26.394711832922866,-8.427923491830239
room_acoustic_data_room_1629.mat,1.0823529411764705,-1.0,23.565465683176264,26.20257692668432,26.238472608085367,-8.371432903119821
room_acoustic_data_room_1630.mat,1.0941176470588236,-1.0,23.286247989959264,25.906021995074116,25.955929389595127,-8.289443692435455
room_acoustic_data_room_1631.mat,1.1058823529411765,-1.0,22.87006295212272,25.497049981812097,25.531002986331565,-8.163373843365905
room_acoustic_data_room_1632.mat,1.1176470588235294,-1.0,22.724217589036684,25.352869756387534,25.37841321306321,-8.10793842539253
room_acoustic_data_room_1633.mat,1.1294117647058823,-1.0,23.15487534771547,25.759191161057913,25.807140929969528,-8.238924214831227
room_acoustic_data_room_1634.mat,1.1411764705882352,-1.0,23.46565028071032,26.06050901356335,26.124546815474567,-8.341698308511988
room_acoustic_data_room_1635.mat,1.1529411764705881,-1.0,23.64419220693625,26.25747349129865,26.303708013402588,-8.406741129033819
room_acoustic_data_room_1636.mat,1.1647058823529413,-1.0,23.69586713134588,26.36370672525762,26.345545594647938,-8.440615697962961
room_acoustic_data_room_1637.mat,1.1764705882352942,-1.0,23.631699267847516,26.370891541239182,26.270833347868038,-8.454594719007845
room_acoustic_data_room_1638.mat,1.188235294117647,-1.0,23.436882399980586,26.26873397902284,26.048650772102174,-8.43335117964085
room_acoustic_data_room_1639.mat,1.2,-1.0,23.138970227865915,26.05930819195286,25.716512058159154,-8.40269384276413
room_acoustic_data_room_1640.mat,1.2117647058823529,-1.0,22.863316019561438,25.837028202511956,25.41681601087783,-8.363062360621159
room_acoustic_data_room_1641.mat,1.223529411764706,-1.0,23.270938212310163,26.200387749113876,25.848901586121965,-8.44750457388189
room_acoustic_data_room_1642.mat,1.2352941176470589,-1.0,23.514968570986333,26.361165937527197,26.132804164089443,-8.45933657576073
room_acoustic_data_room_1643.mat,1.2470588235294118,-1.0,23.648319208328452,26.406050481103897,26.29203265558919,-8.454802395435921
room_acoustic_data_room_1644.mat,1.2588235294117647,-1.0,23.655523429132423,26.338925531689682,26.304450093747356,-8.419939829705926
room_acoustic_data_room_1645.mat,1.2705882352941176,-1.0,23.55175783818926,26.189694368590608,26.188637728955424,-8.370335113179843
room_acoustic_data_room_1646.mat,1.2823529411764707,-1.0,23.339556512548846,25.96014929680049,25.95208391208109,-8.308156311380415
room_acoustic_data_room_1647.mat,1.2941176470588236,-1.0,23.02375038024836,25.624374358915652,25.637915410382345,-8.236769124277277
room_acoustic_data_room_1648.mat,1.3058823529411765,-1.0,22.57186351349852,25.17202060814528,25.19513313993873,-8.120391347922574
room_acoustic_data_room_1649.mat,1.3176470588235294,-1.0,22.972322241811277,25.54942963767587,25.595555391942394,-8.219116221686727
room_acoustic_data_room_1650.mat,1.3294117647058823,-1.0,23.298704032512624,25.868058923187206,25.93458537119361,-8.290530252264501
room_acoustic_data_room_1651.mat,1.3411764705882352,-1.0,23.514552524555775,26.091649681805716,26.165985928679824,-8.345463167680764
room_acoustic_data_room_1652.mat,1.3529411764705883,-1.0,23.62481880567102,26.248021692936643,26.274583877760307,-8.390704880467744
room_acoustic_data_room_1653.mat,1.3647058823529412,-1.0,23.61975194114236,26.339432841383935,26.236212132722105,-8.41709082133636
room_acoustic_data_room_1654.mat,1.3764705882352941,-1.0,23.504587869778838,26.34851401240713,26.070350311417258,-8.429634698150789
room_acoustic_data_room_1655.mat,1.388235294117647,-1.0,23.258944272715226,26.226023640940742,25.763118368655928,-8.406731144912316
room_acoustic_data_room_1656.mat,1.4,-1.0,22.864898624479714,25.908997635711685,25.334050770209195,-8.327536511281616
room_acoustic_data_room_1657.mat,1.411764705882353,-1.0,23.0942835192823,26.12367580563385,25.563776334495124,-8.402556757929482
room_acoustic_data_room_1658.mat,1.423529411764706,-1.0,23.478642849162597,26.449639625516443,25.965711161999934,-8.510698255726954
room_acoustic_data_room_1659.mat,1.4352941176470588,-1.0,23.740690900286673,26.626885691669994,26.250803386773335,-8.590264416571436
room_acoustic_data_room_1660.mat,1.4470588235294117,-1.0,23.864832423525684,26.667510918819776,26.398280034239296,-8.627893687060151
room_acoustic_data_room_1661.mat,1.4588235294117646,-1.0,23.84632135749337,26.59446409400388,26.3874340538796,-8.619642965375014
room_acoustic_data_room_1662.mat,1.4705882352941178,-1.0,23.67402509701921,26.39039607742859,26.22001606423192,-8.554302361743991
room_acoustic_data_room_1663.mat,1.4823529411764707,-1.0,23.4224326933801,26.10256338101227,25.973142947784062,-8.505340461499923
room_acoustic_data_room_1664.mat,1.4941176470588236,-1.0,23.020811267802614,25.69332070887124,25.565089981155854,-8.39942706390234
room_acoustic_data_room_1665.mat,1.5058823529411764,-1.0,23.032037492588337,25.698087067448377,25.57579258944868,-8.410653328896503
room_acoustic_data_room_1666.mat,1.5176470588235293,-1.0,23.46893106248952,26.100494578820754,26.03534624024009,-8.55183887445253
room_acoustic_data_room_1667.mat,1.5294117647058822,-1.0,23.772766722984997,26.386698479200454,26.37031529481089,-8.653044035137263
room_acoustic_data_room_1668.mat,1.5411764705882354,-1.0,23.961491635192466,26.586050824823566,26.580574648305713,-8.734813294274478
room_acoustic_data_room_1669.mat,1.5529411764705883,-1.0,24.038231386718092,26.71064127961014,26.655883702980923,-8.801292705645748
room_acoustic_data_room_1670.mat,1.5647058823529412,-1.0,23.97375098331139,26.736406430829646,26.569236785092404,-8.823324559835724
room_acoustic_data_room_1671.mat,1.576470588235294,-1.0,23.7343699341371,26.61009395329938,26.295390344888062,-8.76642540668758
room_acoustic_data_room_1672.mat,1.588235294117647,-1.0,23.322987004912417,26.298129158544825,25.854806260127205,-8.631260316459011
room_acoustic_data_room_1673.mat,1.6,-1.0,23.07685818729352,26.087690898367285,25.601298794513887,-8.539496213409459
room_acoustic_data_room_1674.mat,1.611764705882353,-1.0,23.543129487642354,26.491066807853603,26.08948091722962,-8.690916494643181
room_acoustic_data_room_1675.mat,1.6235294117647059,-1.0,23.856643281266564,26.7213635237856,26.427681074354417,-8.781690241149835
room_acoustic_data_room_1676.mat,1.6352941176470588,-1.0,24.01177429209365,26.79357540491165,26.60016685986491,-8.809113301894406
room_acoustic_data_room_1677.mat,1.6470588235294117,-1.0,24.02958042916517,26.744116064004867,26.61880464457793,-8.795466633224487
room_acoustic_data_room_1678.mat,1.6588235294117648,-1.0,23.902643017863248,26.57644016406693,26.473690515919483,-8.733553791657583
room_acoustic_data_room_1679.mat,1.6705882352941177,-1.0,23.64972440175528,26.306643654967722,26.200279656281293,-8.64155075555572
room_acoustic_data_room_1680.mat,1.6823529411764706,-1.0,23.25339871602455,25.908896689896387,25.79649699786444,-8.50019283555647
room_acoustic_data_room_1681.mat,1.6941176470588235,-1.0,22.78547046300996,25.45149388153338,25.34025451251379,-8.333998471572494
room_acoustic_data_room_1682.mat,1.7058823529411764,-1.0,23.276861842521605,25.884072585286916,25.859140775064073,-8.489880748935047
room_acoustic_data_room_1683.mat,1.7176470588235293,-1.0,23.628456121395757,26.19218511366322,26.250610470941076,-8.597056073491212
room_acoustic_data_room_1684.mat,1.7294117647058824,-1.0,23.850405622050527,26.419999529835003,26.494649285862792,-8.66898304389659
room_acoustic_data_room_1685.mat,1.7411764705882353,-1.0,23.978575915620084,26.59690378623614,26.621336914944663,-8.742992459442329
room_acoustic_data_room_1686.mat,1.7529411764705882,-1.0,23.98855250289706,26.694729268698172,26.609701414269864,-8.79503583257089
room_acoustic_data_room_1687.mat,1.7647058823529411,-1.0,23.843348819495485,26.6615360422211,26.434902954289008,-8.787716969248756
room_acoustic_data_room_1688.mat,1.776470588235294,-1.0,23.573073562515976,26.494413937246918,26.128752493062546,-8.749640074788301
room_acoustic_data_room_1689.mat,1.7882352941176471,-1.0,23.11534287161987,26.09959606222499,25.656647534541644,-8.615089372647738
room_acoustic_data_room_1690.mat,1.8,-1.0,23.49603261700836,26.451151290431383,26.04866661529487,-8.759756381585827
room_acoustic_data_room_1691.mat,1.811764705882353,-1.0,23.875758392035205,26.776936756117117,26.43841264837244,-8.872227315059067
room_acoustic_data_room_1692.mat,1.8235294117647058,-1.0,24.070950356323774,26.911722996889136,26.642877458731093,-8.893845948498498
room_acoustic_data_room_1693.mat,1.8352941176470587,-1.0,24.143150438179166,26.906032773793854,26.728012257682224,-8.887899147444895
room_acoustic_data_room_1694.mat,1.8470588235294119,-1.0,24.085583708307215,26.792076936030075,26.66524233402516,-8.848132778732674
room_acoustic_data_room_1695.mat,1.8588235294117648,-1.0,23.91409242094557,26.56634084072261,26.495486132916163,-8.790140606911528
room_acoustic_data_room_1696.mat,1.8705882352941177,-1.0,23.62723835006767,26.233646823731952,26.21794698036725,-8.711287389487115
room_acoustic_data_room_1697.mat,1.8823529411764706,-1.0,23.161123268201056,25.760035585308056,25.764217243118757,-8.544844295452902
room_acoustic_data_room_1698.mat,1.8941176470588235,-1.0,23.304755571743748,25.889027764439994,25.91042541538316,-8.59806665204889
room_acoustic_data_room_1699.mat,1.9058823529411764,-1.0,23.743338023010736,26.31865539827743,26.345101726654043,-8.746533922763923
room_acoustic_data_room_1700.mat,1.9176470588235295,-1.0,24.03696721101149,26.622911918742442,26.641229132541227,-8.842934641227489
room_acoustic_data_room_1701.mat,1.9294117647058824,-1.0,24.20612903057092,26.825561081911143,26.818071800256455,-8.909858231181659
room_acoustic_data_room_1702.mat,1.9411764705882353,-1.0,24.27297465502287,26.954484744706107,26.879116365401018,-8.970182567408017
room_acoustic_data_room_1703.mat,1.9529411764705882,-1.0,24.19948546727108,26.975244210612843,26.78287791648497,-8.98582100511024
room_acoustic_data_room_1704.mat,1.964705882352941,-1.0,23.963701999181048,26.858048810433903,26.505223492879097,-8.93392786957628
room_acoustic_data_room_1705.mat,1.9764705882352942,-1.0,23.5704997765124,26.579372813617045,26.063799264065743,-8.817063762849756
room_acoustic_data_room_1706.mat,1.988235294117647,-1.0,23.45920393990557,26.512893471535467,25.932344654891345,-8.77151162006186
room_acoustic_data_room_1707.mat,2.0,-1.0,23.913168414576468,26.898937584581084,26.42141272382878,-8.913736704324277
room_acoustic_data_room_1708.mat,2.011764705882353,-1.0,24.183470283153092,27.074759941620986,26.738795610163013,-8.964428003909402
room_acoustic_data_room_1709.mat,2.023529411764706,-1.0,24.303930754713427,27.104484136808395,26.88760184133459,-8.959965541007568
room_acoustic_data_room_1710.mat,2.0352941176470587,-1.0,24.29172310045842,27.01334514927008,26.88745587546861,-8.918524348446917
room_acoustic_data_room_1711.mat,2.0470588235294116,-1.0,24.147486130540273,26.81551678808496,26.732923327231155,-8.840884732289318
room_acoustic_data_room_1712.mat,2.0588235294117645,-1.0,23.89954821570942,26.53268172485486,26.468910982559017,-8.754800353224455
room_acoustic_data_room_1713.mat,2.070588235294118,-1.0,23.527030692574208,26.140444089137812,26.084863033771832,-8.63759499026577
room_acoustic_data_room_1714.mat,2.0823529411764707,-1.0,23.158462585539418,25.76844862356627,25.725317069594652,-8.502901469498015
room_acoustic_data_room_1715.mat,2.0941176470588236,-1.0,23.626843541077356,26.182895333600428,26.21914901084233,-8.639618147530683
room_acoustic_data_room_1716.mat,2.1058823529411765,-1.0,23.935787559698948,26.459924351172795,26.567924936809383,-8.708380584922013
room_acoustic_data_room_1717.mat,2.1176470588235294,-1.0,24.14630540428556,26.66529287423608,26.813575027784182,-8.77327889818672
room_acoustic_data_room_1718.mat,2.1294117647058823,-1.0,24.259061957043734,26.81267984533516,26.935571945997914,-8.83629670069983
room_acoustic_data_room_1719.mat,2.1411764705882352,-1.0,24.267581802685328,26.89755371388808,26.92892541208408,-8.891303314753166
room_acoustic_data_room_1720.mat,2.152941176470588,-1.0,24.16530583893442,26.897394595623435,26.79297439119307,-8.931424891174943
room_acoustic_data_room_1721.mat,2.164705882352941,-1.0,23.929263093320653,26.770725250081817,26.510969044349682,-8.932342600372632
room_acoustic_data_room_1722.mat,2.176470588235294,-1.0,23.508574127373638,26.434936887518695,26.056835009769493,-8.839991823873627
room_acoustic_data_room_1723.mat,2.1882352941176473,-1.0,23.9249364020328,26.81196069687495,26.499173510759626,-8.98112333420395
room_acoustic_data_room_1724.mat,2.2,-1.0,24.295724779427704,27.066350753581734,26.93085476254538,-9.091725550829299
room_acoustic_data_room_1725.mat,2.211764705882353,-1.0,24.529719136738642,27.186804925385392,27.206875395414247,-9.15988898184577
room_acoustic_data_room_1726.mat,2.223529411764706,-1.0,24.623388820868986,27.166677635722657,27.33639721216798,-9.183706028251216
room_acoustic_data_room_1727.mat,2.235294117647059,-1.0,24.56638504358998,27.035033339670683,27.28626937689265,-9.153314263999322
room_acoustic_data_room_1728.mat,2.2470588235294118,-1.0,24.370255801234514,26.80523509927734,27.07859581521101,-9.08008717474982
room_acoustic_data_room_1729.mat,2.2588235294117647,-1.0,24.032054490830443,26.456809345832255,26.728470623214985,-8.960027648374293
room_acoustic_data_room_1730.mat,2.2705882352941176,-1.0,23.54785919502539,25.986661399310492,26.232122448255794,-8.786527322197701
room_acoustic_data_room_1731.mat,2.2823529411764705,-1.0,23.725846811783704,26.141749353473106,26.411280678507296,-8.839722586500653
room_acoustic_data_room_1732.mat,2.2941176470588234,-1.0,24.139399995446876,26.521175000531684,26.838508806269058,-8.970768618636287
room_acoustic_data_room_1733.mat,2.3058823529411763,-1.0,24.395537459899916,26.776832847003046,27.10826644452988,-9.037932484212012
room_acoustic_data_room_1734.mat,2.3176470588235296,-1.0,24.525762491915003,26.95118341687745,27.237108793343264,-9.074606436975374
room_acoustic_data_room_1735.mat,2.3294117647058825,-1.0,24.54204087921429,27.051675446270956,27.235098915823972,-9.09330908239586
room_acoustic_data_room_1736.mat,2.3411764705882354,-1.0,24.441926132715103,27.068996987049367,27.0957946169765,-9.091428082694298
room_acoustic_data_room_1737.mat,2.3529411764705883,-1.0,24.21757580512452,26.981328402517974,26.817338755249253,-9.060199146298295
room_acoustic_data_room_1738.mat,2.364705882352941,-1.0,23.855163737725018,26.739209912724164,26.397605172714826,-8.983450274510886
room_acoustic_data_room_1739.mat,2.376470588235294,-1.0,23.84023416208858,26.783704574198147,26.345180387122717,-8.968642898259208
room_acoustic_data_room_1740.mat,2.388235294117647,-1.0,24.252080471416765,27.156949850827626,26.76009386152673,-9.070724925294245
room_acoustic_data_room_1741.mat,2.4,-1.0,24.482256929058973,27.310681591299016,27.008738477064075,-9.082812660695739
room_acoustic_data_room_1742.mat,2.411764705882353,-1.0,24.580370058827544,27.327177095138403,27.117409879514213,-9.056681978800805
room_acoustic_data_room_1743.mat,2.4235294117647057,-1.0,24.560048347363555,27.23293764259543,27.094736203573035,-9.006577139213297
room_acoustic_data_room_1744.mat,2.4352941176470586,-1.0,24.44410990038594,27.068042586279724,26.96248980184233,-8.955116456709945
room_acoustic_data_room_1745.mat,2.447058823529412,-1.0,24.23853388809855,26.82173317763249,26.736782214035266,-8.907419044079424
room_acoustic_data_room_1746.mat,2.458823529411765,-1.0,23.909112952496493,26.466980457371363,26.401599630865398,-8.82722222897334
room_acoustic_data_room_1747.mat,2.4705882352941178,-1.0,23.755011076485488,26.281660429379453,26.265734348875714,-8.790188571406976
room_acoustic_data_room_1748.mat,2.4823529411764707,-1.0,24.208019727093202,26.675971918586377,26.75571246731557,-8.900956602231817
room_acoustic_data_room_1749.mat,2.4941176470588236,-1.0,24.55908779240562,26.994845296742035,27.14526437154783,-8.998715898635941
room_acoustic_data_room_1750.mat,2.5058823529411764,-1.0,24.79907473528658,27.24827241809035,27.413810210142056,-9.076895822324774
room_acoustic_data_room_1751.mat,2.5176470588235293,-1.0,24.942974386631604,27.44655137115613,27.566915732240723,-9.151279078449978
room_acoustic_data_room_1752.mat,2.5294117647058822,-1.0,24.965964419641477,27.572999357403866,27.569062656997396,-9.196907416795723
room_acoustic_data_room_1753.mat,2.541176470588235,-1.0,24.864689697486032,27.618042293402247,27.414977325569655,-9.209743332361185
room_acoustic_data_room_1754.mat,2.552941176470588,-1.0,24.626932489794186,27.530141397839078,27.115975871968825,-9.175987812967247
room_acoustic_data_room_1755.mat,2.5647058823529414,-1.0,24.256458056580485,27.26382155047151,26.70401928493131,-9.079771942952684
room_acoustic_data_room_1756.mat,2.5764705882352943,-1.0,24.772164599571855,27.71972069294413,27.239789346726052,-9.2166046682733
room_acoustic_data_room_1757.mat,2.588235294117647,-1.0,25.11714856514817,27.956044940005196,27.628942395671437,-9.268994852963857
room_acoustic_data_room_1758.mat,2.6,-1.0,25.329202878329056,28.072666164933917,27.86582871947367,-9.278043674052464
room_acoustic_data_room_1759.mat,2.611764705882353,-1.0,25.4301866092654,28.079551351962074,27.985197475862613,-9.266908377650731
room_acoustic_data_room_1760.mat,2.623529411764706,-1.0,25.41986225096039,28.011037066969223,27.97044680033604,-9.235610520538149
room_acoustic_data_room_1761.mat,2.635294117647059,-1.0,25.291793164336347,27.843352220468894,27.83187026945289,-9.17755225850854
room_acoustic_data_room_1762.mat,2.6470588235294117,-1.0,25.03811172632956,27.569641962508243,27.56255553549758,-9.084132375748517
room_acoustic_data_room_1763.mat,2.6588235294117646,-1.0,24.64612347331729,27.160133644326024,27.165376331867247,-8.94051050438468
room_acoustic_data_room_1764.mat,2.6705882352941175,-1.0,24.7936994902795,27.2584280709911,27.3334562796839,-8.9213195645689
room_acoustic_data_room_1765.mat,2.6823529411764704,-1.0,25.18497678000378,27.597189586175954,27.761231222112546,-8.976932966296172
room_acoustic_data_room_1766.mat,2.6941176470588237,-1.0,25.471454192588673,27.841566910093086,28.0908170922456,-9.017858610383128
room_acoustic_data_room_1767.mat,2.7058823529411766,-1.0,25.655907264370583,28.032451310087943,28.29326857629657,-9.04869269357482
room_acoustic_data_room_1768.mat,2.7176470588235295,-1.0,25.754991433203784,28.186007024272453,28.37300014419902,-9.086665912133803
room_acoustic_data_room_1769.mat,2.7294117647058824,-1.0,25.73240040730004,28.258111120614366,28.30673341520006,-9.095731124186731
room_acoustic_data_room_1770.mat,2.7411764705882353,-1.0,25.56206002831037,28.222021849233464,28.07484444181521,-9.049867007454406
room_acoustic_data_room_1771.mat,2.7529411764705882,-1.0,25.20542338347639,27.98148170380974,27.66956666095238,-8.909602143571444
room_acoustic_data_room_1772.mat,2.764705882352941,-1.0,25.014333085024493,27.826073534892302,27.455446599841675,-8.786359026066089
room_acoustic_data_room_1773.mat,2.776470588235294,-1.0,25.523673521130977,28.196544880988288,27.94182283001534,-8.906490354694919
room_acoustic_data_room_1774.mat,2.788235294117647,-1.0,25.880666316577148,28.315326843261502,28.283044153981763,-8.967451320453485
room_acoustic_data_room_1775.mat,2.8,-1.0,26.1122064172337,28.310300536793314,28.502388944556493,-8.9988569520972
room_acoustic_data_room_1776.mat,2.8117647058823527,-1.0,26.173389676046487,28.186690139782037,28.539156819652124,-8.958149334838513
room_acoustic_data_room_1777.mat,2.823529411764706,-1.0,26.062607106751305,27.96086549869633,28.38081085713712,-8.84747651825007
room_acoustic_data_room_1778.mat,2.835294117647059,-1.0,25.795821969086788,27.65950471634531,28.02959800817964,-8.688408795670796
room_acoustic_data_room_1779.mat,2.847058823529412,-1.0,25.328082592810013,27.22608696995473,27.461158421620894,-8.441675946869747
room_acoustic_data_room_1780.mat,2.8588235294117648,-1.0,25.871753233400053,27.658391951886586,27.94456641265805,-8.627037716477687
room_acoustic_data_room_1781.mat,2.8705882352941177,-1.0,26.643331316264472,28.302801523936537,28.658988142702825,-8.899065080634955
room_acoustic_data_room_1782.mat,2.8823529411764706,-1.0,27.185294982675305,28.855462953459494,29.096644059664975,-9.056448623271601
room_acoustic_data_room_1783.mat,2.8941176470588235,-1.0,27.523846385047413,29.320378048706253,29.291942842263733,-9.125173685768816
room_acoustic_data_room_1784.mat,2.9058823529411764,-1.0,28.07605049658004,30.048423979400802,29.6970886310965,-9.260696283349574
room_acoustic_data_room_1785.mat,2.9176470588235293,-1.0,29.143112785516077,31.27992038260954,30.5710343551444,-9.572348975114021
room_acoustic_data_room_1786.mat,2.929411764705882,-1.0,29.905983384615674,32.28149114542578,31.14289251949883,-9.697072999844371
room_acoustic_data_room_1787.mat,2.9411764705882355,-1.0,30.426151248402352,32.99727855403099,31.53062680058695,-9.686516223227986
room_acoustic_data_room_1788.mat,2.9529411764705884,-1.0,30.728872394558564,33.40560024123385,31.777340532922253,-9.554036289219296
room_acoustic_data_room_1789.mat,2.9647058823529413,-1.0,30.84708839528442,33.53492015776749,31.907560912435233,-9.319659749601048
room_acoustic_data_room_1790.mat,2.976470588235294,-1.0,30.843726811429356,33.450236867610585,31.98366585979864,-9.03338539330562
room_acoustic_data_room_1791.mat,2.988235294117647,-1.0,30.75890249569894,33.2336917721096,32.02325172766362,-8.723201412134719
room_acoustic_data_room_1792.mat,3.0,-1.0,30.641898234092313,32.95565102338131,32.04755358395534,-8.427590765849587
room_acoustic_data_room_1793.mat,0.0,4.0,29.43993273726539,31.873196022167413,31.12470921979861,-7.224005903895188
room_acoustic_data_room_1794.mat,0.011764705882352941,4.0,29.5345919564566,32.150421926313044,31.10245329842742,-7.4962920292936595
room_acoustic_data_room_1795.mat,0.023529411764705882,4.0,29.596612611452077,32.384786054355054,31.06819927041036,-7.7821064041534695
room_acoustic_data_room_1796.mat,0.03529411764705882,4.0,29.60545752140836,32.538574496475846,31.010428205616442,-8.071392261154829
room_acoustic_data_room_1797.mat,0.047058823529411764,4.0,29.514761595187235,32.54463944982311,30.895481099794374,-8.329456112810865
room_acoustic_data_room_1798.mat,0.058823529411764705,4.0,29.261098354752434,32.31611751324658,30.683318259907043,-8.505190181225718
room_acoustic_data_room_1799.mat,0.07058823529411765,4.0,28.822651260938727,31.808726484428107,30.351307918605734,-8.588942132495555
room_acoustic_data_room_1800.mat,0.08235294117647059,4.0,28.1936239678144,31.051016110380512,29.856605606759224,-8.586004666697571
room_acoustic_data_room_1801.mat,0.09411764705882353,4.0,27.39648848649102,30.113343850672614,29.18725185885326,-8.528016607096692
room_acoustic_data_room_1802.mat,0.10588235294117647,4.0,26.99858977587475,29.490941205220246,28.898947488879017,-8.572715803576884
room_acoustic_data_room_1803.mat,0.11764705882352941,4.0,26.83431336883659,29.087053205652843,28.79803471233863,-8.664249158718999
room_acoustic_data_room_1804.mat,0.12941176470588237,4.0,26.40797637489697,28.518425030718966,28.492156750387334,-8.606648250105543
room_acoustic_data_room_1805.mat,0.1411764705882353,4.0,25.799118597442742,27.844316011752753,28.06533741594423,-8.482116397232865
room_acoustic_data_room_1806.mat,0.15294117647058825,4.0,25.240947185357072,27.241672813970492,27.636784003882482,-8.4036521704614
room_acoustic_data_room_1807.mat,0.16470588235294117,4.0,25.733649050026624,27.547246325609898,28.21138581960403,-8.664991630983685
room_acoustic_data_room_1808.mat,0.17647058823529413,4.0,26.034047664393945,27.723954736904048,28.579690842928738,-8.84958506938096
room_acoustic_data_room_1809.mat,0.18823529411764706,4.0,26.14788109877757,27.800721147635944,28.75031566766311,-8.95934124958184
room_acoustic_data_room_1810.mat,0.2,4.0,26.095787997461038,27.82717961091609,28.724960789479642,-9.010265595927677
room_acoustic_data_room_1811.mat,0.21176470588235294,4.0,25.879296687137167,27.776280895334526,28.50679808226433,-9.000227208870857
room_acoustic_data_room_1812.mat,0.2235294117647059,4.0,25.475337011438654,27.571158511906553,28.110755090546835,-8.903015103093034
room_acoustic_data_room_1813.mat,0.23529411764705882,4.0,24.91185840866232,27.18953333073594,27.561652488600043,-8.742172523467838
room_acoustic_data_room_1814.mat,0.24705882352941178,4.0,25.223836313177166,27.50217725139807,27.88077308371864,-8.9066028880857
room_acoustic_data_room_1815.mat,0.25882352941176473,4.0,25.59981395373775,27.832268227324796,28.266119682090935,-9.070628842118944
room_acoustic_data_room_1816.mat,0.27058823529411763,4.0,25.798303317373925,27.971972526894525,28.484439612094196,-9.151510405495314
room_acoustic_data_room_1817.mat,0.2823529411764706,4.0,25.8355469580674,27.957187829444862,28.53510033267536,-9.164746336152913
room_acoustic_data_room_1818.mat,0.29411764705882354,4.0,25.767568671426826,27.843138729460787,28.476553950215155,-9.165021478686409
room_acoustic_data_room_1819.mat,0.3058823529411765,4.0,25.576711189345524,27.62561767505837,28.292856205880625,-9.133605296058635
room_acoustic_data_room_1820.mat,0.3176470588235294,4.0,25.248123980684205,27.301823956693887,27.963983751499036,-9.054656630517892
room_acoustic_data_room_1821.mat,0.32941176470588235,4.0,24.807452871029334,26.893484703365758,27.504680103887313,-8.95186785472961
room_acoustic_data_room_1822.mat,0.3411764705882353,4.0,24.6603987906826,26.78333197746092,27.31514765812925,-8.937679922125206
room_acoustic_data_room_1823.mat,0.35294117647058826,4.0,25.058804310580026,27.181453108068773,27.6808641877777,-9.093415905794052
room_acoustic_data_room_1824.mat,0.36470588235294116,4.0,25.320955846277066,27.454883596011825,27.920749394757316,-9.1992939512206
room_acoustic_data_room_1825.mat,0.3764705882352941,4.0,25.469481695625458,27.632222504436594,28.061517803283472,-9.280288038118785
room_acoustic_data_room_1826.mat,0.38823529411764707,4.0,25.503232691109634,27.734447582165615,28.084776696639988,-9.336263895390747
room_acoustic_data_room_1827.mat,0.4,4.0,25.419214546324813,27.737160833791,27.98901923541876,-9.364724368197521
room_acoustic_data_room_1828.mat,0.4117647058823529,4.0,25.19395300358553,27.60597343325509,27.758923357735938,-9.342321343942947
room_acoustic_data_room_1829.mat,0.4235294117647059,4.0,24.836660941991887,27.339992923842217,27.393078644788016,-9.27739860835092
room_acoustic_data_room_1830.mat,0.43529411764705883,4.0,24.300212115087,26.86674829833565,26.871652173851672,-9.119960506090983
room_acoustic_data_room_1831.mat,0.4470588235294118,4.0,24.668530341990728,27.221562482567222,27.25286260973375,-9.22314248185415
room_acoustic_data_room_1832.mat,0.4588235294117647,4.0,24.900477119130784,27.40745745644379,27.50847162518438,-9.250926294266774
room_acoustic_data_room_1833.mat,0.47058823529411764,4.0,24.968740734336173,27.416582522126586,27.604915869535553,-9.20511968957529
room_acoustic_data_room_1834.mat,0.4823529411764706,4.0,24.91846534368183,27.30808482861658,27.584145323814795,-9.132593779448765
room_acoustic_data_room_1835.mat,0.49411764705882355,4.0,24.757264970699314,27.105307418429287,27.44942929881827,-9.041627425767464
room_acoustic_data_room_1836.mat,0.5058823529411764,4.0,24.4950192038039,26.800261536155666,27.211947501203845,-8.942072954595279
room_acoustic_data_room_1837.mat,0.5176470588235295,4.0,24.116147581763574,26.388911140639934,26.8539817034635,-8.817308867598769
room_acoustic_data_room_1838.mat,0.5294117647058824,4.0,23.602047292634833,25.87407432118795,26.352774700349215,-8.645904963156948
room_acoustic_data_room_1839.mat,0.5411764705882353,4.0,23.78400897082922,26.031040563772013,26.526998153677614,-8.695423521978462
room_acoustic_data_room_1840.mat,0.5529411764705883,4.0,24.126275635232087,26.35034061072311,26.84986661723979,-8.790342977086803
room_acoustic_data_room_1841.mat,0.5647058823529412,4.0,24.35182722351341,26.56864154587248,27.062400894694093,-8.859638355627812
room_acoustic_data_room_1842.mat,0.5764705882352941,4.0,24.449022639786833,26.683559783549473,27.162510146497183,-8.893602805880224
room_acoustic_data_room_1843.mat,0.5882352941176471,4.0,24.43570021024523,26.725000318918276,27.153441937353506,-8.91092812908281
room_acoustic_data_room_1844.mat,0.6,4.0,24.307285667189113,26.68587770816822,27.010421629220282,-8.907301142179634
room_acoustic_data_room_1845.mat,0.611764705882353,4.0,24.05689583365682,26.512486402665417,26.75135130508498,-8.875308742453843
room_acoustic_data_room_1846.mat,0.6235294117647059,4.0,23.665149739304464,26.165108095468746,26.375873515949763,-8.793482467541802
room_acoustic_data_room_1847.mat,0.6352941176470588,4.0,23.714090516273494,26.21016077248885,26.440462293291738,-8.842129337159905
room_acoustic_data_room_1848.mat,0.6470588235294118,4.0,24.150929647042286,26.603864436812998,26.89234316076441,-8.993436323691647
room_acoustic_data_room_1849.mat,0.6588235294117647,4.0,24.39744644103568,26.786989482842152,27.17436696847304,-9.046896477081427
room_acoustic_data_room_1850.mat,0.6705882352941176,4.0,24.50086164668312,26.824422308216455,27.312051376099234,-9.05210789829293
room_acoustic_data_room_1851.mat,0.6823529411764706,4.0,24.47034565430496,26.74487059656634,27.30151913935877,-9.019180654513365
room_acoustic_data_room_1852.mat,0.6941176470588235,4.0,24.350178770796994,26.582204636326658,27.195819417590464,-8.99257015691868
room_acoustic_data_room_1853.mat,0.7058823529411765,4.0,24.134140077148945,26.33508572397038,26.979241051318237,-8.965507100206146
room_acoustic_data_room_1854.mat,0.7176470588235294,4.0,23.793997731048986,25.977657046725025,26.635298668380113,-8.907872641702825
room_acoustic_data_room_1855.mat,0.7294117647058823,4.0,23.665021342821404,25.82420760983545,26.50958077767729,-8.903688694343622
room_acoustic_data_room_1856.mat,0.7411764705882353,4.0,24.055553422078077,26.208114683111372,26.893290586445893,-8.983525962151091
room_acoustic_data_room_1857.mat,0.7529411764705882,4.0,24.328301526423893,26.483435644751452,27.16384703225753,-9.038132328967448
room_acoustic_data_room_1858.mat,0.7647058823529411,4.0,24.494852917622516,26.663716947455782,27.33639505404699,-9.081781566754458
room_acoustic_data_room_1859.mat,0.7764705882352941,4.0,24.556110321283807,26.766794975181778,27.390705414871682,-9.116426932068697
room_acoustic_data_room_1860.mat,0.788235294117647,4.0,24.506932977740643,26.790860926851256,27.312577038076228,-9.137102183340405
room_acoustic_data_room_1861.mat,0.8,4.0,24.362864086716915,26.71877494976347,27.142857442930147,-9.158864161191765
room_acoustic_data_room_1862.mat,0.8117647058823529,4.0,24.118057993155197,26.530638479227,26.881758252808766,-9.174244158464127
room_acoustic_data_room_1863.mat,0.8235294117647058,4.0,23.80901707077932,26.261438745824893,26.56473131181834,-9.140433939169375
room_acoustic_data_room_1864.mat,0.8352941176470589,4.0,24.21364422016851,26.66652079554172,26.963405141933755,-9.216722827483132
room_acoustic_data_room_1865.mat,0.8470588235294118,4.0,24.487725946769213,26.888320085652452,27.262758463923277,-9.25384401990546
room_acoustic_data_room_1866.mat,0.8588235294117647,4.0,24.630910440523444,26.9427305930243,27.447386357338722,-9.254630887683268
room_acoustic_data_room_1867.mat,0.8705882352941177,4.0,24.654481147059446,26.87759172176807,27.496257606697128,-9.23171473463056
room_acoustic_data_room_1868.mat,0.8823529411764706,4.0,24.5770039293203,26.732027676482716,27.421616061663787,-9.203976171661164
room_acoustic_data_room_1869.mat,0.8941176470588236,4.0,24.385978226108463,26.522960487207754,27.202110439949223,-9.158569901330413
room_acoustic_data_room_1870.mat,0.9058823529411765,4.0,24.06542788268559,26.215767324079806,26.844984790721618,-9.078201039381872
room_acoustic_data_room_1871.mat,0.9176470588235294,4.0,23.642677304724977,25.80959970441034,26.40368384819937,-8.987114639607732
room_acoustic_data_room_1872.mat,0.9294117647058824,4.0,23.941647689949047,26.104165726053573,26.677035555315634,-9.052210364336622
room_acoustic_data_room_1873.mat,0.9411764705882353,4.0,24.264843605871313,26.44470452120163,26.974456166963176,-9.120094038137314
room_acoustic_data_room_1874.mat,0.9529411764705882,4.0,24.464574995264897,26.668435652776733,27.167254763063163,-9.157971812626414
room_acoustic_data_room_1875.mat,0.9647058823529412,4.0,24.550703830141025,26.810689841388722,27.238979015692824,-9.177503217183482
room_acoustic_data_room_1876.mat,0.9764705882352941,4.0,24.532336931673715,26.88021518832599,27.189593745814022,-9.188369782897876
room_acoustic_data_room_1877.mat,0.9882352941176471,4.0,24.422247179764547,26.86576650154379,27.05338720053494,-9.20320289410299
room_acoustic_data_room_1878.mat,1.0,4.0,24.18525869476602,26.725791289315172,26.796056005979274,-9.18582491041748
room_acoustic_data_room_1879.mat,1.011764705882353,4.0,23.787622515206138,26.40258448527785,26.394296629776093,-9.099928058365734
room_acoustic_data_room_1880.mat,1.0235294117647058,4.0,23.87946481540159,26.49866629228542,26.49914230895679,-9.12602660385567
room_acoustic_data_room_1881.mat,1.035294117647059,4.0,24.243927156225034,26.80487340646502,26.885858767756492,-9.21415078960843
room_acoustic_data_room_1882.mat,1.0470588235294118,4.0,24.49471255098684,26.95670496679081,27.174241360432745,-9.281045817657283
room_acoustic_data_room_1883.mat,1.0588235294117647,4.0,24.609667730803977,26.99339395799307,27.320735642205335,-9.306873341641085
room_acoustic_data_room_1884.mat,1.0705882352941176,4.0,24.59832772768101,26.91603277480575,27.327645233389497,-9.3020545991261
room_acoustic_data_room_1885.mat,1.0823529411764705,4.0,24.459315430432817,26.73736682863894,27.180392132957685,-9.265280506270194
room_acoustic_data_room_1886.mat,1.0941176470588236,4.0,24.183878838830243,26.458350262378843,26.878497076549188,-9.187072361771607
room_acoustic_data_room_1887.mat,1.1058823529411765,4.0,23.77914062483107,26.06722131712634,26.4544969102326,-9.072449309400273
room_acoustic_data_room_1888.mat,1.1176470588235294,4.0,23.683406954629532,25.957304752834563,26.35459234083242,-9.06712554651721
room_acoustic_data_room_1889.mat,1.1294117647058823,4.0,24.172517987284003,26.396879039827365,26.836840821262655,-9.256564597512687
room_acoustic_data_room_1890.mat,1.1411764705882352,4.0,24.51175538908286,26.705477523445424,27.18111874802338,-9.387801155144057
room_acoustic_data_room_1891.mat,1.1529411764705881,4.0,24.704407159714737,26.900519333373204,27.383497330253,-9.466953821166943
room_acoustic_data_room_1892.mat,1.1647058823529413,4.0,24.75895636254119,26.995515847404448,27.433232667006457,-9.503702674104504
room_acoustic_data_room_1893.mat,1.1764705882352942,4.0,24.68196033592163,26.983699135992893,27.349606402008394,-9.504853541360816
room_acoustic_data_room_1894.mat,1.188235294117647,4.0,24.472128472676662,26.857666757211117,27.128298843664073,-9.468595019755195
room_acoustic_data_room_1895.mat,1.2,4.0,24.094756021563157,26.562999420681095,26.746508609483975,-9.358477421370381
room_acoustic_data_room_1896.mat,1.2117647058823529,4.0,23.725195033953543,26.236002460611594,26.38973817109955,-9.224939150970375
room_acoustic_data_room_1897.mat,1.223529411764706,4.0,24.19315905634356,26.665597576255134,26.880555479334646,-9.369723221798775
room_acoustic_data_room_1898.mat,1.2352941176470589,4.0,24.49981191968226,26.90266390932234,27.228628602954323,-9.444177759996338
room_acoustic_data_room_1899.mat,1.2470588235294118,4.0,24.659918666599566,26.98914464952265,27.417815170543165,-9.466399723085512
room_acoustic_data_room_1900.mat,1.2588235294117647,4.0,24.683883622144272,26.95487025221777,27.454722476216965,-9.448297926671028
room_acoustic_data_room_1901.mat,1.2705882352941176,4.0,24.561974405922218,26.804677311786136,27.32052486567804,-9.380549619335088
room_acoustic_data_room_1902.mat,1.2823529411764707,4.0,24.305481907060052,26.52917794574347,27.047536762581256,-9.274079678590777
room_acoustic_data_room_1903.mat,1.2941176470588236,4.0,23.918796463019753,26.155876254222882,26.63404893798912,-9.131813214233862
room_acoustic_data_room_1904.mat,1.3058823529411765,4.0,23.378228341884476,25.65142954306413,26.075882505981184,-8.926754218551238
room_acoustic_data_room_1905.mat,1.3176470588235294,4.0,23.846567954347627,26.06853022295619,26.532375420313983,-9.093359971683974
room_acoustic_data_room_1906.mat,1.3294117647058823,4.0,24.25063747555951,26.433931589220066,26.929852364187816,-9.242461776461028
room_acoustic_data_room_1907.mat,1.3411764705882352,4.0,24.50699461981127,26.679705876668475,27.195370024412348,-9.337903386634279
room_acoustic_data_room_1908.mat,1.3529411764705883,4.0,24.64127926528548,26.838480416322096,27.3367899690366,-9.40716350394667
room_acoustic_data_room_1909.mat,1.3647058823529412,4.0,24.651084755695727,26.911862257035608,27.337640473114384,-9.448421836756584
room_acoustic_data_room_1910.mat,1.3764705882352941,4.0,24.515061001229668,26.876729341232203,27.17582103920066,-9.440106064157561
room_acoustic_data_room_1911.mat,1.388235294117647,4.0,24.207530473717075,26.68661842585518,26.82722732528761,-9.355315611153538
room_acoustic_data_room_1912.mat,1.4,4.0,23.75210488450607,26.31504490270632,26.357481035800134,-9.214741064573673
room_acoustic_data_room_1913.mat,1.411764705882353,4.0,24.005771307588404,26.57413986384161,26.60110016090938,-9.314042820082603
room_acoustic_data_room_1914.mat,1.423529411764706,4.0,24.420285894654363,26.944408754422188,27.023283080137574,-9.452339615949239
room_acoustic_data_room_1915.mat,1.4352941176470588,4.0,24.661650174573822,27.12170167493493,27.287109348317045,-9.511222043026164
room_acoustic_data_room_1916.mat,1.4470588235294117,4.0,24.754307697535396,27.1651260553191,27.38665487549616,-9.517367346265631
room_acoustic_data_room_1917.mat,1.4588235294117646,4.0,24.688708515038293,27.05390992048453,27.323253477674744,-9.462028536086521
room_acoustic_data_room_1918.mat,1.4705882352941178,4.0,24.485019864577318,26.838413320776155,27.110974549265272,-9.365295565239004
room_acoustic_data_room_1919.mat,1.4823529411764707,4.0,24.16954568072854,26.508064124453703,26.80118155790357,-9.252451902626555
room_acoustic_data_room_1920.mat,1.4941176470588236,4.0,23.72404532834838,26.06077821292617,26.367284813131626,-9.102659591511241
room_acoustic_data_room_1921.mat,1.5058823529411764,4.0,23.73200671824283,26.05153345226774,26.372348884245138,-9.110620992007295
room_acoustic_data_room_1922.mat,1.5176470588235293,4.0,24.180855072524075,26.45702569901754,26.816250452639835,-9.263761355561678
room_acoustic_data_room_1923.mat,1.5294117647058822,4.0,24.492125664317236,26.754128977941235,27.121611800739224,-9.372401476538258
room_acoustic_data_room_1924.mat,1.5411764705882354,4.0,24.66161796309106,26.94482485638371,27.28446689245702,-9.434938145941857
room_acoustic_data_room_1925.mat,1.5529411764705883,4.0,24.6904072793425,27.02956189271471,27.308334074748494,-9.453467139958544
room_acoustic_data_room_1926.mat,1.5647058823529412,4.0,24.583773111387224,27.012800092805737,27.18956223112059,-9.433345241641451
room_acoustic_data_room_1927.mat,1.576470588235294,4.0,24.351126116897092,26.869124059115382,26.95301239820495,-9.383180149611745
room_acoustic_data_room_1928.mat,1.588235294117647,4.0,23.959431186861316,26.55699062144581,26.558024557173248,-9.267703059811886
room_acoustic_data_room_1929.mat,1.6,4.0,23.724516488940214,26.361342119316227,26.322878863410992,-9.187153049985831
room_acoustic_data_room_1930.mat,1.611764705882353,4.0,24.160587661066792,26.77358167846103,26.76794526794159,-9.30837323179061
room_acoustic_data_room_1931.mat,1.6235294117647059,4.0,24.43847603148114,27.003124528294645,27.06433821249351,-9.363521579003654
room_acoustic_data_room_1932.mat,1.6352941176470588,4.0,24.57222642042573,27.081168733302754,27.221582867590804,-9.369564036485178
room_acoustic_data_room_1933.mat,1.6470588235294117,4.0,24.566380788494353,27.02346042988713,27.23251278207675,-9.332265611790762
room_acoustic_data_room_1934.mat,1.6588235294117648,4.0,24.429309451037305,26.848256976745006,27.09537444824533,-9.260218851350599
room_acoustic_data_room_1935.mat,1.6705882352941177,4.0,24.156768808853634,26.55256040733978,26.817358343411666,-9.148593791025183
room_acoustic_data_room_1936.mat,1.6823529411764706,4.0,23.74972446087917,26.13681770947837,26.41057337013526,-8.996517205633879
room_acoustic_data_room_1937.mat,1.6941176470588235,4.0,23.29065425994297,25.673455552221334,25.960914221092253,-8.839180880049204
room_acoustic_data_room_1938.mat,1.7058823529411764,4.0,23.794239412053617,26.137878333123908,26.448889475628686,-9.00725695822905
room_acoustic_data_room_1939.mat,1.7176470588235293,4.0,24.172776354689294,26.491659749368083,26.81562967295333,-9.141374970105174
room_acoustic_data_room_1940.mat,1.7294117647058824,4.0,24.422512005427613,26.740824836751344,27.05888893429418,-9.241088109218149
room_acoustic_data_room_1941.mat,1.7411764705882353,4.0,24.531234031011525,26.894992319836586,27.1496765239634,-9.295649270182597
room_acoustic_data_room_1942.mat,1.7529411764705882,4.0,24.496405688585376,26.950713706214792,27.082279408047995,-9.30288772171502
room_acoustic_data_room_1943.mat,1.7647058823529411,4.0,24.317089408695324,26.877971058897767,26.86962236805968,-9.261456264914756
room_acoustic_data_room_1944.mat,1.776470588235294,4.0,23.981018339083974,26.616513097623162,26.532993917437008,-9.157583556106077
room_acoustic_data_room_1945.mat,1.7882352941176471,4.0,23.50041870502809,26.17171235569492,26.08272090203835,-9.00016390467157
room_acoustic_data_room_1946.mat,1.8,4.0,23.882324067004177,26.534571249161033,26.45868531458018,-9.146046559605502
room_acoustic_data_room_1947.mat,1.811764705882353,4.0,24.291981099116796,26.895327504052936,26.876442813554245,-9.28844877451578
room_acoustic_data_room_1948.mat,1.8235294117647058,4.0,24.54310373547316,27.09466121668292,27.137094593622358,-9.365998099490213
room_acoustic_data_room_1949.mat,1.8352941176470587,4.0,24.645292050222423,27.140486526609656,27.24572944064002,-9.390039545559837
room_acoustic_data_room_1950.mat,1.8470588235294119,4.0,24.594419434989426,27.042419226888164,27.195497707270384,-9.356967300255517
room_acoustic_data_room_1951.mat,1.8588235294117648,4.0,24.394848732925517,26.811677627711774,26.997683418237813,-9.270895717048125
room_acoustic_data_room_1952.mat,1.8705882352941177,4.0,24.058779233669206,26.446217870491893,26.671851556477467,-9.142827069280532
room_acoustic_data_room_1953.mat,1.8823529411764706,4.0,23.581118880149475,25.95157318111844,26.220690054660935,-8.964838696492922
room_acoustic_data_room_1954.mat,1.8941176470588235,4.0,23.70965740390541,26.049292213880577,26.346023274187008,-9.002967286576025
room_acoustic_data_room_1955.mat,1.9058823529411764,4.0,24.150644422531652,26.454869696414693,26.774064856971247,-9.153839144048485
room_acoustic_data_room_1956.mat,1.9176470588235295,4.0,24.44043075702482,26.734649857438725,27.067574981317893,-9.246397022418137
room_acoustic_data_room_1957.mat,1.9294117647058824,4.0,24.588374260945642,26.904677369519725,27.23011259756323,-9.292102303600068
room_acoustic_data_room_1958.mat,1.9411764705882353,4.0,24.620301135721625,26.973867506839927,27.28394323838068,-9.317507889959717
room_acoustic_data_room_1959.mat,1.9529411764705882,4.0,24.50745426785606,26.922730437506317,27.185607683732975,-9.293788639971783
room_acoustic_data_room_1960.mat,1.964705882352941,4.0,24.244481244462662,26.725114256491523,26.933015791983543,-9.214705934013901
room_acoustic_data_room_1961.mat,1.9764705882352942,4.0,23.814622448238314,26.355725998505292,26.519904307526588,-9.061185230934752
room_acoustic_data_room_1962.mat,1.988235294117647,4.0,23.691574240610812,26.24890824368698,26.41419269594559,-9.003880687550678
room_acoustic_data_room_1963.mat,2.0,4.0,24.169800607548474,26.698333821747298,26.890076929248757,-9.170367663273938
room_acoustic_data_room_1964.mat,2.011764705882353,4.0,24.454277930776982,26.936171261645935,27.187571274981394,-9.235234407776101
room_acoustic_data_room_1965.mat,2.023529411764706,4.0,24.591427799731534,27.002460081407612,27.34168807025,-9.247461322763863
room_acoustic_data_room_1966.mat,2.0352941176470587,4.0,24.593299513401952,26.932034273268464,27.362145035766602,-9.220099467990835
room_acoustic_data_room_1967.mat,2.0470588235294116,4.0,24.440267573811138,26.715975876145286,27.22167559331171,-9.133664840698668
room_acoustic_data_room_1968.mat,2.0588235294117645,4.0,24.135230550295297,26.39576739556315,26.907820517719724,-8.99048129972911
room_acoustic_data_room_1969.mat,2.070588235294118,4.0,23.679825880464517,25.94928034729353,26.45358766521149,-8.790388724846904
room_acoustic_data_room_1970.mat,2.0823529411764707,4.0,23.265673214074415,25.550165166919612,26.045157970155998,-8.610110556528406
room_acoustic_data_room_1971.mat,2.0941176470588236,4.0,23.797113416538913,26.04517611949829,26.541261499597194,-8.809886434919848
room_acoustic_data_room_1972.mat,2.1058823529411765,4.0,24.189052707184906,26.413776963583317,26.915520056410568,-8.961644084792614
room_acoustic_data_room_1973.mat,2.1176470588235294,4.0,24.43508123071174,26.652942155663876,27.169735682720603,-9.062053003608069
room_acoustic_data_room_1974.mat,2.1294117647058823,4.0,24.560003860962013,26.801152537111,27.29688502649974,-9.137236795418604
room_acoustic_data_room_1975.mat,2.1411764705882352,4.0,24.543386804384593,26.839983116183586,27.27828858192362,-9.167106403569
room_acoustic_data_room_1976.mat,2.152941176470588,4.0,24.377380269262815,26.749275164402803,27.10342962373378,-9.143497289317647
room_acoustic_data_room_1977.mat,2.164705882352941,4.0,24.034950405451543,26.480950008645422,26.760639910213413,-9.03802774585828
room_acoustic_data_room_1978.mat,2.176470588235294,4.0,23.49578416969042,26.00028975288239,26.242331858883297,-8.827199550709125
room_acoustic_data_room_1979.mat,2.1882352941176473,4.0,23.98912769930636,26.482673649568667,26.711017464671748,-9.045312211436455
room_acoustic_data_room_1980.mat,2.2,4.0,24.422901201687953,26.87214701698,27.138154246096708,-9.21889942429189
room_acoustic_data_room_1981.mat,2.211764705882353,4.0,24.66243425287,27.05765491037571,27.3832948193775,-9.292601407159893
room_acoustic_data_room_1982.mat,2.223529411764706,4.0,24.715903369749196,27.051404085563785,27.45942582849295,-9.27621773084756
room_acoustic_data_room_1983.mat,2.235294117647059,4.0,24.605176892760294,26.90447017169805,27.360414341065837,-9.192103098290142
room_acoustic_data_room_1984.mat,2.2470588235294118,4.0,24.365793745410798,26.64473908458706,27.122180469496072,-9.075621923746088
room_acoustic_data_room_1985.mat,2.2588235294117647,4.0,23.994459876439183,26.26330369343522,26.753279811778235,-8.922429649468942
room_acoustic_data_room_1986.mat,2.2705882352941176,4.0,23.472559215271986,25.743934950468883,26.248546374845418,-8.71122376293743
room_acoustic_data_room_1987.mat,2.2823529411764705,4.0,23.680087009009412,25.93221795051438,26.428549161463874,-8.793959083515293
room_acoustic_data_room_1988.mat,2.2941176470588234,4.0,24.13350746050876,26.36121065244051,26.851815332097843,-8.964872223586886
room_acoustic_data_room_1989.mat,2.3058823529411763,4.0,24.441715843348938,26.645040637778074,27.167055563010493,-9.08410684260794
room_acoustic_data_room_1990.mat,2.3176470588235296,4.0,24.606651134228684,26.817542688194017,27.338362206200706,-9.155490869427746
room_acoustic_data_room_1991.mat,2.3294117647058825,4.0,24.634935765135815,26.89760158959976,27.35457158246915,-9.186199507839307
room_acoustic_data_room_1992.mat,2.3411764705882354,4.0,24.518799786216633,26.855948149478607,27.228040036550098,-9.168296830540193
room_acoustic_data_room_1993.mat,2.3529411764705883,4.0,24.235634306381616,26.660594476810033,26.9365379638368,-9.078251766426531
room_acoustic_data_room_1994.mat,2.364705882352941,4.0,23.756258807958247,26.265457843595698,26.463996321495213,-8.88453714438705
room_acoustic_data_room_1995.mat,2.376470588235294,4.0,23.746866060474325,26.285254094472336,26.452697866888442,-8.875266695645571
room_acoustic_data_room_1996.mat,2.388235294117647,4.0,24.2422175396208,26.747491323128514,26.946250499205536,-9.060847860077327
room_acoustic_data_room_1997.mat,2.4,4.0,24.562543091112094,27.00987090855702,27.286788617293126,-9.163070537329867
room_acoustic_data_room_1998.mat,2.411764705882353,4.0,24.712770142654747,27.080146777475164,27.470699571680125,-9.189023149807436
room_acoustic_data_room_1999.mat,2.4235294117647057,4.0,24.718347952389713,27.0049977030709,27.50321330532,-9.164756460146835
room_acoustic_data_room_2000.mat,2.4352941176470586,4.0,24.593416969056396,26.815472040075015,27.383520912855595,-9.104189191604105
room_acoustic_data_room_2001.mat,2.447058823529412,4.0,24.335251823771934,26.533562738345257,27.112746577649794,-9.003706239127183
room_acoustic_data_room_2002.mat,2.458823529411765,4.0,23.9203727808102,26.121145502805703,26.69376006662801,-8.837738707817818
room_acoustic_data_room_2003.mat,2.4705882352941178,4.0,23.736580445478012,25.92512394466744,26.505490274563478,-8.772142695512104
room_acoustic_data_room_2004.mat,2.4823529411764707,4.0,24.3110379135608,26.45654840692565,27.035077911013623,-9.004291431498267
room_acoustic_data_room_2005.mat,2.4941176470588236,4.0,24.713722115643574,26.83502047394096,27.415830729574665,-9.153495079206689
room_acoustic_data_room_2006.mat,2.5058823529411764,4.0,24.966640829338363,27.101098265733725,27.64822552913291,-9.244326733204591
room_acoustic_data_room_2007.mat,2.5176470588235293,4.0,25.086125325141523,27.279868015986786,27.743189607393465,-9.29392865173119
room_acoustic_data_room_2008.mat,2.5294117647058822,4.0,25.077863377731326,27.371181398144184,27.701044026814067,-9.30790186548027
room_acoustic_data_room_2009.mat,2.541176470588235,4.0,24.928840386951098,27.354029177336013,27.507440889402133,-9.272614881816803
room_acoustic_data_room_2010.mat,2.552941176470588,4.0,24.652247540168876,27.173296572573506,27.217670412274494,-9.19973441225975
room_acoustic_data_room_2011.mat,2.5647058823529414,4.0,24.237983523149236,26.80998335028887,26.829078204634243,-9.064539168346068
room_acoustic_data_room_2012.mat,2.5764705882352943,4.0,24.86615326893436,27.421776974958746,27.430891759507098,-9.312825550818594
room_acoustic_data_room_2013.mat,2.588235294117647,4.0,25.32858807233797,27.83096460201477,27.897659189836247,-9.481653552439722
room_acoustic_data_room_2014.mat,2.6,4.0,25.600675918433055,28.044437565938228,28.1820948343627,-9.549675586622175
room_acoustic_data_room_2015.mat,2.611764705882353,4.0,25.71576371899755,28.08434602128407,28.309238286766224,-9.551384560165916
room_acoustic_data_room_2016.mat,2.623529411764706,4.0,25.702637482462038,28.010410359949596,28.309072376359072,-9.515582119203659
room_acoustic_data_room_2017.mat,2.635294117647059,4.0,25.556708156713484,27.816749974232543,28.177990948357845,-9.43721532004142
room_acoustic_data_room_2018.mat,2.6470588235294117,4.0,25.28545950259259,27.50413451669339,27.92952468881877,-9.322713615301184
room_acoustic_data_room_2019.mat,2.6588235294117646,4.0,24.862941392119357,27.052699017116208,27.539815654713244,-9.143691627500335
room_acoustic_data_room_2020.mat,2.6705882352941175,4.0,25.055878019882133,27.18698707807841,27.73026483281201,-9.196251791313877
room_acoustic_data_room_2021.mat,2.6823529411764704,4.0,25.553853159629725,27.61888506922979,28.212070912106036,-9.356671841037192
room_acoustic_data_room_2022.mat,2.6941176470588237,4.0,25.900245556535005,27.92653950059982,28.550397540058775,-9.45392699496422
room_acoustic_data_room_2023.mat,2.7058823529411766,4.0,26.087603322804647,28.10029583808288,28.739672735343543,-9.482333860845038
room_acoustic_data_room_2024.mat,2.7176470588235295,4.0,26.151826039461092,28.199700725942805,28.790165197335487,-9.478552125665818
room_acoustic_data_room_2025.mat,2.7294117647058824,4.0,26.082192323097082,28.213800805573385,28.69449451863752,-9.43267392128772
room_acoustic_data_room_2026.mat,2.7411764705882353,4.0,25.86552580449871,28.0671339941637,28.46386055783869,-9.332628554864344
room_acoustic_data_room_2027.mat,2.7529411764705882,4.0,25.49052534275766,27.725994713979475,28.091007829494412,-9.16775375534547
room_acoustic_data_room_2028.mat,2.764705882352941,4.0,25.17644871794336,27.40368908996334,27.782262261802412,-9.011338668723893
room_acoustic_data_room_2029.mat,2.776470588235294,4.0,25.67894391270508,27.789129884948387,28.245806949126504,-9.112615367290639
room_acoustic_data_room_2030.mat,2.788235294117647,4.0,25.991697058373944,27.959608395105686,28.55041039223454,-9.119016349480585
room_acoustic_data_room_2031.mat,2.8,4.0,26.146188948673004,27.974546161484668,28.706472803690147,-9.066725348740842
room_acoustic_data_room_2032.mat,2.8117647058823527,4.0,26.154601522234792,27.872700903028743,28.705854895946583,-8.971521690500753
room_acoustic_data_room_2033.mat,2.823529411764706,4.0,26.038931752227754,27.67643774095668,28.553551606404962,-8.85948853628481
room_acoustic_data_room_2034.mat,2.835294117647059,4.0,25.784580790546634,27.367733013841644,28.23037780321066,-8.720886266024904
room_acoustic_data_room_2035.mat,2.847058823529412,4.0,25.315104551112647,26.923465877307486,27.682054998219666,-8.483025986584972
room_acoustic_data_room_2036.mat,2.8588235294117648,4.0,25.936674222925742,27.463229059899767,28.167197172679096,-8.61573032423759
room_acoustic_data_room_2037.mat,2.8705882352941177,4.0,26.514576327522544,28.010125753477816,28.619240607738213,-8.709465211697761
room_acoustic_data_room_2038.mat,2.8823529411764706,4.0,26.879129617710852,28.45232676274062,28.865322051792944,-8.706090591920217
room_acoustic_data_room_2039.mat,2.8941176470588235,4.0,27.07995405417583,28.801317885798888,28.954508629585295,-8.651991846401987
room_acoustic_data_room_2040.mat,2.9058823529411764,4.0,27.534408540146863,29.441574714253257,29.264778037044074,-8.668874217460356
room_acoustic_data_room_2041.mat,2.9176470588235293,4.0,28.418079508022554,30.479035668319263,29.95895433928059,-8.813930358537627
room_acoustic_data_room_2042.mat,2.929411764705882,4.0,29.0963098214824,31.2951033902401,30.475453670645578,-8.86598474249881
room_acoustic_data_room_2043.mat,2.9411764705882355,4.0,29.588232399387383,31.871726680823087,30.854397279497636,-8.835256680596903
room_acoustic_data_room_2044.mat,2.9529411764705884,4.0,29.869280606573255,32.18796825627967,31.09324555217295,-8.686316730464508
room_acoustic_data_room_2045.mat,2.9647058823529413,4.0,30.00843590164191,32.28598183915014,31.25592712206481,-8.476133160721714
room_acoustic_data_room_2046.mat,2.976470588235294,4.0,30.036515645570642,32.2181187543309,31.356879341010078,-8.223280782165066
room_acoustic_data_room_2047.mat,2.988235294117647,4.0,29.995302546320843,32.0493476560232,31.424134406766786,-7.957893420152105
room_acoustic_data_room_2048.mat,3.0,4.0,29.915590060852715,31.82508515254871,31.473208985498115,-7.700277054867102
room_acoustic_data_room_2049.mat,-1.5,0.0,28.802745599444965,31.653023652358794,30.42224309228661,-6.509281104026275
room_acoustic_data_room_2050.mat,-1.5,0.011764705882352941,28.92327460718869,31.944704689598666,30.419632504138114,-6.784071827615142
room_acoustic_data_room_2051.mat,-1.5,0.023529411764705882,29.052268683347666,32.25108598960502,30.419553603385392,-7.10738425562802
room_acoustic_data_room_2052.mat,-1.5,0.03529411764705882,29.13125485203247,32.48721597700617,30.38658479875043,-7.43044550693272
room_acoustic_data_room_2053.mat,-1.5,0.047058823529411764,29.125213281067236,32.58660524649934,30.29961324177469,-7.729677490573071
room_acoustic_data_room_2054.mat,-1.5,0.058823529411764705,28.981016359071305,32.478707904913065,30.11725280734656,-7.9650927847523825
room_acoustic_data_room_2055.mat,-1.5,0.07058823529411765,28.691109124268888,32.12307759055332,29.842771231485862,-8.143765418322758
room_acoustic_data_room_2056.mat,-1.5,0.08235294117647059,28.20893773098991,31.469403431869424,29.449148571079554,-8.23485756851673
room_acoustic_data_room_2057.mat,-1.5,0.09411764705882353,27.480369341562536,30.468606780361974,28.87508919362519,-8.200366627587716
room_acoustic_data_room_2058.mat,-1.5,0.10588235294117647,26.55338441034715,29.343972160108976,28.090482836187853,-8.072602141041973
room_acoustic_data_room_2059.mat,-1.5,0.11764705882352941,26.392762969455315,28.963643904625286,28.025172380904195,-8.145882563792867
room_acoustic_data_room_2060.mat,-1.5,0.12941176470588237,26.01756055387655,28.419950965026107,27.764793639154096,-8.131085870749517
room_acoustic_data_room_2061.mat,-1.5,0.1411764705882353,25.368720206509458,27.72894608499852,27.28340734818933,-7.974980999893635
room_acoustic_data_room_2062.mat,-1.5,0.15294117647058825,24.631899603342227,27.03123213291502,26.690624923324364,-7.8407672317700925
room_acoustic_data_room_2063.mat,-1.5,0.16470588235294117,24.997692045795485,27.306306844009498,27.142580057693323,-7.945659722710983
room_acoustic_data_room_2064.mat,-1.5,0.17647058823529413,25.19013381270424,27.44572468850778,27.422224974473544,-8.005344162675938
room_acoustic_data_room_2065.mat,-1.5,0.18823529411764706,25.25654250441731,27.4971635034734,27.585511092596683,-8.058521106427412
room_acoustic_data_room_2066.mat,-1.5,0.2,25.21079031748719,27.485248017135817,27.607023039894656,-8.109609075481004
room_acoustic_data_room_2067.mat,-1.5,0.21176470588235294,25.071425507665413,27.410957646995072,27.499034465653992,-8.170042507769503
room_acoustic_data_room_2068.mat,-1.5,0.2235294117647059,24.80332142315275,27.211203717852076,27.24532932513342,-8.199920847035548
room_acoustic_data_room_2069.mat,-1.5,0.23529411764705882,24.38854771214096,26.85636385181133,26.82795687896794,-8.177015725004054
room_acoustic_data_room_2070.mat,-1.5,0.24705882352941178,24.58599194828281,27.04054068063702,27.028168065334302,-8.274745339095416
room_acoustic_data_room_2071.mat,-1.5,0.25882352941176473,24.87760562730751,27.312391875991256,27.327092739942707,-8.353182317596321
room_acoustic_data_room_2072.mat,-1.5,0.27058823529411763,25.037030751956443,27.464803361271347,27.502343703478587,-8.391306742772276
room_acoustic_data_room_2073.mat,-1.5,0.2823529411764706,25.093307772007304,27.54585093995107,27.55732575122054,-8.418772555931236
room_acoustic_data_room_2074.mat,-1.5,0.29411764705882354,25.035800360698843,27.52455631547347,27.477907628455984,-8.424779776038788
room_acoustic_data_room_2075.mat,-1.5,0.3058823529411765,24.885057068111657,27.438351033564654,27.29115695897714,-8.429589339253182
room_acoustic_data_room_2076.mat,-1.5,0.3176470588235294,24.632630911557996,27.25563282155032,27.004937817702586,-8.424147261126935
room_acoustic_data_room_2077.mat,-1.5,0.32941176470588235,24.266185263707463,26.96298741027099,26.614356638583455,-8.39422145603736
room_acoustic_data_room_2078.mat,-1.5,0.3411764705882353,24.122411612697235,26.861890145524157,26.465078828157456,-8.407220582724142
room_acoustic_data_room_2079.mat,-1.5,0.35294117647058826,24.47845774615171,27.23267967650485,26.815638780917777,-8.515753487044295
room_acoustic_data_room_2080.mat,-1.5,0.36470588235294116,24.70713690324603,27.463300494382764,27.057107433167435,-8.584599940800322
room_acoustic_data_room_2081.mat,-1.5,0.3764705882352941,24.81733821135552,27.593977899564862,27.169223456287078,-8.624752171922562
room_acoustic_data_room_2082.mat,-1.5,0.38823529411764707,24.84037490296334,27.652095673780018,27.192840826832054,-8.668314894094385
room_acoustic_data_room_2083.mat,-1.5,0.4,24.769293800099163,27.625406772594804,27.113240145066197,-8.70867980593654
room_acoustic_data_room_2084.mat,-1.5,0.4117647058823529,24.594461433906424,27.49536816276261,26.932732836158692,-8.73626260425343
room_acoustic_data_room_2085.mat,-1.5,0.4235294117647059,24.26492827158842,27.19223047818714,26.616765252317563,-8.699210842676257
room_acoustic_data_room_2086.mat,-1.5,0.43529411764705883,23.765827686524336,26.705104743172893,26.139487094474525,-8.579750185788647
room_acoustic_data_room_2087.mat,-1.5,0.4470588235294118,24.152171687289886,27.03873289000725,26.52519294338017,-8.704178358998732
room_acoustic_data_room_2088.mat,-1.5,0.4588235294117647,24.435031422342945,27.245983420818625,26.827554486600302,-8.781809018305854
room_acoustic_data_room_2089.mat,-1.5,0.47058823529411764,24.572171945097516,27.311115904837774,26.988088345857303,-8.804228934128089
room_acoustic_data_room_2090.mat,-1.5,0.4823529411764706,24.57010407795501,27.25376184723755,27.005046923708026,-8.779624339459156
room_acoustic_data_room_2091.mat,-1.5,0.49411764705882355,24.462039132965074,27.108687744969792,26.915177321070583,-8.741807532565137
room_acoustic_data_room_2092.mat,-1.5,0.5058823529411764,24.248237376071152,26.89455222360763,26.704827838010452,-8.690952404640807
room_acoustic_data_room_2093.mat,-1.5,0.5176470588235295,23.889104696415867,26.555667282029244,26.354864409180628,-8.586373639558143
room_acoustic_data_room_2094.mat,-1.5,0.5294117647058824,23.38581266893987,26.071371547555525,25.874153263097558,-8.426369342404099
room_acoustic_data_room_2095.mat,-1.5,0.5411764705882353,23.540437124277204,26.228216883545507,26.02621496989456,-8.44703294841694
room_acoustic_data_room_2096.mat,-1.5,0.5529411764705883,23.853210038486058,26.513087269923115,26.352551161327632,-8.512265344684769
room_acoustic_data_room_2097.mat,-1.5,0.5647058823529412,24.033427074089037,26.684753519665172,26.545278002554312,-8.536147270895615
room_acoustic_data_room_2098.mat,-1.5,0.5764705882352941,24.111929335891414,26.759406961322178,26.642141874357765,-8.551433683276699
room_acoustic_data_room_2099.mat,-1.5,0.5882352941176471,24.095673208312938,26.754361150432754,26.63726863594029,-8.565932420563811
room_acoustic_data_room_2100.mat,-1.5,0.6,23.982054105984343,26.664666209504336,26.52217581692402,-8.57731576003792
room_acoustic_data_room_2101.mat,-1.5,0.611764705882353,23.738282675342578,26.458607214045855,26.26691165650999,-8.552288423027376
room_acoustic_data_room_2102.mat,-1.5,0.6235294117647059,23.35512065944346,26.097031948471567,25.88083511578771,-8.479541291114769
room_acoustic_data_room_2103.mat,-1.5,0.6352941176470588,23.37663036542967,26.068032366242676,25.927971636238997,-8.500587689840135
room_acoustic_data_room_2104.mat,-1.5,0.6470588235294118,23.768669448420656,26.36781946476555,26.358271210604016,-8.606659121043624
room_acoustic_data_room_2105.mat,-1.5,0.6588235294117647,24.013897458367964,26.524881156638628,26.647826497001525,-8.658550178751407
room_acoustic_data_room_2106.mat,-1.5,0.6705882352941176,24.14557014398698,26.59388044790411,26.805951150008674,-8.691882372994083
room_acoustic_data_room_2107.mat,-1.5,0.6823529411764706,24.15802944189171,26.579582801607884,26.825489042164644,-8.701926763914082
room_acoustic_data_room_2108.mat,-1.5,0.6941176470588235,24.03788748091668,26.467410112292413,26.70388595626835,-8.675471728344462
room_acoustic_data_room_2109.mat,-1.5,0.7058823529411765,23.780536497407162,26.248765238287127,26.43813879670241,-8.60737362503084
room_acoustic_data_room_2110.mat,-1.5,0.7176470588235294,23.418962827894884,25.938605968689718,26.052769879965044,-8.52874471199502
room_acoustic_data_room_2111.mat,-1.5,0.7294117647058823,23.25613007646681,25.809253090619627,25.886358469726765,-8.490890106482142
room_acoustic_data_room_2112.mat,-1.5,0.7411764705882353,23.628995168475356,26.185369102731563,26.2700892647294,-8.552568220720445
room_acoustic_data_room_2113.mat,-1.5,0.7529411764705882,23.877912977561436,26.4332230835184,26.53598790929342,-8.5830132638263
room_acoustic_data_room_2114.mat,-1.5,0.7647058823529411,24.037743410308174,26.582677636791793,26.71852074498243,-8.619761516831872
room_acoustic_data_room_2115.mat,-1.5,0.7764705882352941,24.104891929408137,26.648107974499894,26.79733788724066,-8.660254955029364
room_acoustic_data_room_2116.mat,-1.5,0.788235294117647,24.068484290414247,26.63439624295139,26.747701350975763,-8.693789152586898
room_acoustic_data_room_2117.mat,-1.5,0.8,23.93959573112791,26.54375958635534,26.58914377107095,-8.730961517156185
room_acoustic_data_room_2118.mat,-1.5,0.8117647058823529,23.670797432576617,26.315582338937602,26.28635970937532,-8.722734432156118
room_acoustic_data_room_2119.mat,-1.5,0.8235294117647058,23.36336703426934,26.02426127939082,25.954134291782122,-8.691069319794192
room_acoustic_data_room_2120.mat,-1.5,0.8352941176470589,23.74977450883225,26.353974576834247,26.36627493453753,-8.748598630506931
room_acoustic_data_room_2121.mat,-1.5,0.8470588235294118,23.997507143216787,26.550268314619263,26.628687930209264,-8.758989624531242
room_acoustic_data_room_2122.mat,-1.5,0.8588235294117647,24.139842388959025,26.6522957265005,26.770490766609495,-8.758701148100013
room_acoustic_data_room_2123.mat,-1.5,0.8705882352941177,24.173392784808843,26.64453071881597,26.816448533471444,-8.745680037319357
room_acoustic_data_room_2124.mat,-1.5,0.8823529411764706,24.089598960199208,26.55528065449151,26.72845587421049,-8.71167275859667
room_acoustic_data_room_2125.mat,-1.5,0.8941176470588236,23.912844051845227,26.40659736762728,26.525779371440187,-8.680721188566196
room_acoustic_data_room_2126.mat,-1.5,0.9058823529411765,23.633663575055852,26.177439057988003,26.213944670648598,-8.64205479272727
room_acoustic_data_room_2127.mat,-1.5,0.9176470588235294,23.246392142961913,25.843206823690316,25.796001596991562,-8.586938422560724
room_acoustic_data_room_2128.mat,-1.5,0.9294117647058824,23.525020962512105,26.139155979248038,26.06362662371766,-8.631471099035132
room_acoustic_data_room_2129.mat,-1.5,0.9411764705882353,23.824567140010654,26.443377648504615,26.37233123956157,-8.675275827045848
room_acoustic_data_room_2130.mat,-1.5,0.9529411764705882,23.992228328942197,26.618874059618665,26.555188576021827,-8.68081018029168
room_acoustic_data_room_2131.mat,-1.5,0.9647058823529412,24.05318156507478,26.697385425012378,26.62582632444633,-8.675038641445951
room_acoustic_data_room_2132.mat,-1.5,0.9764705882352941,24.030430907344048,26.71779339048074,26.583658803604745,-8.681529016915274
room_acoustic_data_room_2133.mat,-1.5,0.9882352941176471,23.91807400220398,26.657908698651124,26.440052120111964,-8.694235884203033
room_acoustic_data_room_2134.mat,-1.5,1.0,23.685931268350817,26.47648654435816,26.172005243825303,-8.68198676612556
room_acoustic_data_room_2135.mat,-1.5,1.011764705882353,23.31036956935965,26.128833184029638,25.768941753121858,-8.61860038554105
room_acoustic_data_room_2136.mat,-1.5,1.0235294117647058,23.374514480422427,26.174342073422878,25.834049027442823,-8.617081888758921
room_acoustic_data_room_2137.mat,-1.5,1.035294117647059,23.697037262114044,26.43644946559074,26.17801851675094,-8.662796186980879
room_acoustic_data_room_2138.mat,-1.5,1.0470588235294118,23.94671661401606,26.611186479577352,26.452132638462984,-8.728267863403659
room_acoustic_data_room_2139.mat,-1.5,1.0588235294117647,24.08201990709541,26.67044585755786,26.61957306537162,-8.774274786229372
room_acoustic_data_room_2140.mat,-1.5,1.0705882352941176,24.07180638476412,26.63167901210816,26.617359776449398,-8.77055193118537
room_acoustic_data_room_2141.mat,-1.5,1.0823529411764705,23.93714108188576,26.511120892595933,26.478650649862317,-8.738226905054466
room_acoustic_data_room_2142.mat,-1.5,1.0941176470588236,23.672204585821852,26.287245268602536,26.204770985591143,-8.670757576928892
room_acoustic_data_room_2143.mat,-1.5,1.1058823529411765,23.285793180532895,25.94252451482181,25.810056245076108,-8.574845568563067
room_acoustic_data_room_2144.mat,-1.5,1.1176470588235294,23.15014125320159,25.83991538545783,25.671304014515588,-8.529956396100625
room_acoustic_data_room_2145.mat,-1.5,1.1294117647058823,23.53838653266145,26.22562806774409,26.07789984510541,-8.618028992431121
room_acoustic_data_room_2146.mat,-1.5,1.1411764705882352,23.798006341638093,26.489939525080082,26.343698582874573,-8.669293323746917
room_acoustic_data_room_2147.mat,-1.5,1.1529411764705881,23.929161416262282,26.640665769369907,26.474038986348205,-8.686743070677716
room_acoustic_data_room_2148.mat,-1.5,1.1647058823529413,23.951304546633484,26.68973361024004,26.493165895341857,-8.691020420297633
room_acoustic_data_room_2149.mat,-1.5,1.1764705882352942,23.858747340859647,26.637767183216848,26.38770068814825,-8.676678086180631
room_acoustic_data_room_2150.mat,-1.5,1.188235294117647,23.647742580855116,26.47149186898904,26.157901471742647,-8.639447283610542
room_acoustic_data_room_2151.mat,-1.5,1.2,23.316884052708545,26.16529332719242,25.82300336484987,-8.576181844858782
room_acoustic_data_room_2152.mat,-1.5,1.2117647058823529,23.0213910686494,25.85804412939835,25.542533452433783,-8.517299161484036
room_acoustic_data_room_2153.mat,-1.5,1.223529411764706,23.459162333539236,26.225899783677864,26.00449993561348,-8.631371438221247
room_acoustic_data_room_2154.mat,-1.5,1.2352941176470589,23.766723853835174,26.443858214399295,26.34912947900622,-8.706351595181884
room_acoustic_data_room_2155.mat,-1.5,1.2470588235294118,23.944006537003112,26.53987897176159,26.56178769107551,-8.745511405652294
room_acoustic_data_room_2156.mat,-1.5,1.2588235294117647,24.00146375249745,26.53611435745261,26.648224110641678,-8.760805761075297
room_acoustic_data_room_2157.mat,-1.5,1.2705882352941176,23.929620964032267,26.447446150218568,26.584194245271576,-8.743162769430056
room_acoustic_data_room_2158.mat,-1.5,1.2823529411764707,23.730436812923777,26.275055667084608,26.361475953892107,-8.694170705736303
room_acoustic_data_room_2159.mat,-1.5,1.2941176470588236,23.38088149074927,25.97820137276853,25.984430068430893,-8.58933458514121
room_acoustic_data_room_2160.mat,-1.5,1.3058823529411765,22.87445464415978,25.53567903050319,25.46098446471065,-8.418848463428906
room_acoustic_data_room_2161.mat,-1.5,1.3176470588235294,23.296959660087566,25.956789872579193,25.867243591818333,-8.539432735500718
room_acoustic_data_room_2162.mat,-1.5,1.3294117647058823,23.681238928622438,26.33023165759233,26.238562648830914,-8.668342219038532
room_acoustic_data_room_2163.mat,-1.5,1.3411764705882352,23.941051713849557,26.587388159949334,26.490111161897488,-8.766975975430782
room_acoustic_data_room_2164.mat,-1.5,1.3529411764705883,24.042699935609782,26.716045784105518,26.581562063455326,-8.80347734336975
room_acoustic_data_room_2165.mat,-1.5,1.3647058823529412,24.00269714709326,26.724940973272624,26.517825851028306,-8.794941936091032
room_acoustic_data_room_2166.mat,-1.5,1.3764705882352941,23.82811218775853,26.615519717249605,26.309681758791065,-8.748210387301569
room_acoustic_data_room_2167.mat,-1.5,1.388235294117647,23.516902204937622,26.366118590927474,25.971654934723393,-8.660012013958259
room_acoustic_data_room_2168.mat,-1.5,1.4,23.086575440595347,25.964354755801857,25.53971190398016,-8.544929674400917
room_acoustic_data_room_2169.mat,-1.5,1.411764705882353,23.331147750854576,26.157991918993467,25.792491267423287,-8.635112100877883
room_acoustic_data_room_2170.mat,-1.5,1.423529411764706,23.719343672856237,26.457085126784513,26.20153772483944,-8.746678089809013
room_acoustic_data_room_2171.mat,-1.5,1.4352941176470588,23.96957457100299,26.623983061896336,26.480037722411982,-8.81414644991467
room_acoustic_data_room_2172.mat,-1.5,1.4470588235294117,24.10288400956512,26.69942553309307,26.633402461349792,-8.860803618744761
room_acoustic_data_room_2173.mat,-1.5,1.4588235294117646,24.091151915558658,26.664495917192255,26.637774221165472,-8.859334368407229
room_acoustic_data_room_2174.mat,-1.5,1.4705882352941178,23.953115951473904,26.5392774515781,26.514624317719854,-8.828395836778332
room_acoustic_data_room_2175.mat,-1.5,1.4823529411764707,23.670263251818085,26.295103390171786,26.229660598343397,-8.748447837071069
room_acoustic_data_room_2176.mat,-1.5,1.4941176470588236,23.225336638594225,25.925975347045323,25.766363747389484,-8.599625661069725
room_acoustic_data_room_2177.mat,-1.5,1.5058823529411764,23.180257364687446,25.914211754521293,25.720921504941636,-8.554546453015599
room_acoustic_data_room_2178.mat,-1.5,1.5176470588235293,23.556144583206063,26.27874415174587,26.11246256286392,-8.63432931157975
room_acoustic_data_room_2179.mat,-1.5,1.5294117647058822,23.808402728944845,26.518600157966354,26.37939007276816,-8.683682834250405
room_acoustic_data_room_2180.mat,-1.5,1.5411764705882354,23.945419435780142,26.65899762122742,26.520525172353704,-8.713602185211428
room_acoustic_data_room_2181.mat,-1.5,1.5529411764705883,23.942895735641073,26.687602252812937,26.50512558349252,-8.700815717873637
room_acoustic_data_room_2182.mat,-1.5,1.5647058823529412,23.823670661973132,26.61527748682272,26.364893459939154,-8.668242990453656
room_acoustic_data_room_2183.mat,-1.5,1.576470588235294,23.584233140752147,26.428820875995825,26.101807936127017,-8.61156808383431
room_acoustic_data_room_2184.mat,-1.5,1.588235294117647,23.20290186271461,26.09401566160734,25.69691815533755,-8.506866815286463
room_acoustic_data_room_2185.mat,-1.5,1.6,22.979408540526506,25.879091242952093,25.466971797214768,-8.437763498922365
room_acoustic_data_room_2186.mat,-1.5,1.611764705882353,23.43790677079128,26.267852196336413,25.946847075295857,-8.581017369752571
room_acoustic_data_room_2187.mat,-1.5,1.6235294117647059,23.72970163475489,26.484462090161376,26.27409487816604,-8.649800688539575
room_acoustic_data_room_2188.mat,-1.5,1.6352941176470588,23.882768388019514,26.561767734791104,26.473160754123892,-8.675014094767198
room_acoustic_data_room_2189.mat,-1.5,1.6470588235294117,23.894780774562953,26.533214661107564,26.51052138647644,-8.655559163097747
room_acoustic_data_room_2190.mat,-1.5,1.6588235294117648,23.780294114927187,26.412024469696767,26.401894015992823,-8.60621941994903
room_acoustic_data_room_2191.mat,-1.5,1.6705882352941177,23.543507848169284,26.199085797613563,26.15490558654375,-8.530612244124136
room_acoustic_data_room_2192.mat,-1.5,1.6823529411764706,23.182474662201876,25.86855646342073,25.78009337098233,-8.424948904191327
room_acoustic_data_room_2193.mat,-1.5,1.6941176470588235,22.739951534966764,25.450731276773823,25.339768025703368,-8.284346613524574
room_acoustic_data_room_2194.mat,-1.5,1.7058823529411764,23.230201164577696,25.916527301350342,25.849409063926704,-8.438655558080848
room_acoustic_data_room_2195.mat,-1.5,1.7176470588235293,23.55904096497067,26.24700056531141,26.193329629347875,-8.522776194428324
room_acoustic_data_room_2196.mat,-1.5,1.7294117647058824,23.753013384557825,26.45599144361809,26.398480097527287,-8.566556562143022
room_acoustic_data_room_2197.mat,-1.5,1.7411764705882353,23.810149592743524,26.537473569064947,26.457968151932523,-8.569493007407244
room_acoustic_data_room_2198.mat,-1.5,1.7529411764705882,23.746609593685374,26.50966227213771,26.385928961858717,-8.548115900745902
room_acoustic_data_room_2199.mat,-1.5,1.7647058823529411,23.549742166152917,26.341291106169766,26.18708357021946,-8.48937137628303
room_acoustic_data_room_2200.mat,-1.5,1.776470588235294,23.22046989991827,26.03504644496841,25.85696529514638,-8.392680501061667
room_acoustic_data_room_2201.mat,-1.5,1.7882352941176471,22.77253464110419,25.581648117828045,25.411728033615777,-8.268444254601308
room_acoustic_data_room_2202.mat,-1.5,1.8,23.107362063478895,25.86897625152407,25.761886724773984,-8.36666139185153
room_acoustic_data_room_2203.mat,-1.5,1.811764705882353,23.4777009544308,26.179499583359018,26.14906453783229,-8.469407187237815
room_acoustic_data_room_2204.mat,-1.5,1.8235294117647058,23.726970331823036,26.359918996648762,26.424105374880412,-8.544902597070745
room_acoustic_data_room_2205.mat,-1.5,1.8352941176470587,23.844548835784742,26.429324169563436,26.55247922081869,-8.584266215614507
room_acoustic_data_room_2206.mat,-1.5,1.8470588235294119,23.802902465338512,26.378687991120646,26.507116662297218,-8.560485608545951
room_acoustic_data_room_2207.mat,-1.5,1.8588235294117648,23.631868699849438,26.229369904172167,26.321485957630422,-8.50315714932054
room_acoustic_data_room_2208.mat,-1.5,1.8705882352941177,23.33611090121059,25.975629155760508,26.00077886999238,-8.415754802061834
room_acoustic_data_room_2209.mat,-1.5,1.8823529411764706,22.920419716052653,25.61246016025647,25.560737277674356,-8.30023626809431
room_acoustic_data_room_2210.mat,-1.5,1.8941176470588235,23.05356147039966,25.762811387155473,25.67953268238105,-8.342615203931857
room_acoustic_data_room_2211.mat,-1.5,1.9058823529411764,23.44605463552874,26.163651287905708,26.058977527693585,-8.444608905153355
room_acoustic_data_room_2212.mat,-1.5,1.9176470588235295,23.70306048196629,26.426123677570622,26.3147646781294,-8.504147510794484
room_acoustic_data_room_2213.mat,-1.5,1.9294117647058824,23.822917233744725,26.558370350570122,26.439016616895476,-8.521663907364793
room_acoustic_data_room_2214.mat,-1.5,1.9411764705882353,23.83146049189179,26.58822954394403,26.446108729785067,-8.523716414188625
room_acoustic_data_room_2215.mat,-1.5,1.9529411764705882,23.71502004288464,26.503485127453274,26.316708717707648,-8.496572245512171
room_acoustic_data_room_2216.mat,-1.5,1.964705882352941,23.461760751283474,26.285130553687477,26.048546925095366,-8.42752053308722
room_acoustic_data_room_2217.mat,-1.5,1.9764705882352942,23.08797972495146,25.934644181118635,25.667138514312885,-8.33054788716258
room_acoustic_data_room_2218.mat,-1.5,1.988235294117647,22.992311232398496,25.82333420834008,25.57205125320474,-8.300542643514714
room_acoustic_data_room_2219.mat,-1.5,2.0,23.429850454314824,26.19358637428544,26.0222991947397,-8.42590641283032
room_acoustic_data_room_2220.mat,-1.5,2.011764705882353,23.7315103065024,26.426589648739807,26.341598955087093,-8.507672509361598
room_acoustic_data_room_2221.mat,-1.5,2.023529411764706,23.903081559599816,26.52443332197651,26.541447787805048,-8.554179844756034
room_acoustic_data_room_2222.mat,-1.5,2.0352941176470587,23.949083293054176,26.52278957056518,26.605288346757693,-8.57094039444757
room_acoustic_data_room_2223.mat,-1.5,2.0470588235294116,23.8746808881486,26.429021950695237,26.53855934312501,-8.56326260869901
room_acoustic_data_room_2224.mat,-1.5,2.0588235294117645,23.64470323990911,26.208295028773726,26.3124584817621,-8.495411635268713
room_acoustic_data_room_2225.mat,-1.5,2.070588235294118,23.251458904042302,25.847179294416122,25.923815205956934,-8.357908583535256
room_acoustic_data_room_2226.mat,-1.5,2.0823529411764707,22.89351004159218,25.52306663366078,25.567397296082127,-8.234055623987302
room_acoustic_data_room_2227.mat,-1.5,2.0941176470588236,23.390846367140938,26.010357454538507,26.055490190368666,-8.399236709873902
room_acoustic_data_room_2228.mat,-1.5,2.1058823529411765,23.740306822983626,26.353531457556212,26.409424362700094,-8.508182906055252
room_acoustic_data_room_2229.mat,-1.5,2.1176470588235294,23.927983734432043,26.549830332532814,26.602400703449423,-8.550056299795187
room_acoustic_data_room_2230.mat,-1.5,2.1294117647058823,23.993012485840847,26.62745393515188,26.674614727989507,-8.565298325324168
room_acoustic_data_room_2231.mat,-1.5,2.1411764705882352,23.936295017422893,26.598954836994224,26.616106531817145,-8.555152183198443
room_acoustic_data_room_2232.mat,-1.5,2.152941176470588,23.742743947535075,26.43933657263596,26.417066205414773,-8.504224655670885
room_acoustic_data_room_2233.mat,-1.5,2.164705882352941,23.394032211295283,26.118073977145706,26.064414595575297,-8.39285438206607
room_acoustic_data_room_2234.mat,-1.5,2.176470588235294,22.92562668457429,25.63659186958605,25.616643479070376,-8.253326845438785
room_acoustic_data_room_2235.mat,-1.5,2.1882352941176473,23.33250497600417,25.979453661416436,26.036876879592196,-8.384439623181905
room_acoustic_data_room_2236.mat,-1.5,2.2,23.68578094535946,26.266053071693214,26.40446484242772,-8.477144228779355
room_acoustic_data_room_2237.mat,-1.5,2.211764705882353,23.927378756319946,26.43486150285481,26.67147809534379,-8.552680972821706
room_acoustic_data_room_2238.mat,-1.5,2.223529411764706,24.026054451261306,26.48966714275432,26.788333854890528,-8.581414695052219
room_acoustic_data_room_2239.mat,-1.5,2.235294117647059,23.965443194418825,26.42134270674291,26.73242913328009,-8.547458391241236
room_acoustic_data_room_2240.mat,-1.5,2.2470588235294118,23.75874997439183,26.24659460669035,26.505146360024003,-8.463847238181149
room_acoustic_data_room_2241.mat,-1.5,2.2588235294117647,23.432438644105886,25.9732810859322,26.153238418820347,-8.356008598341345
room_acoustic_data_room_2242.mat,-1.5,2.2705882352941176,22.9730746807925,25.575641531698842,25.670751418757458,-8.207831639997256
room_acoustic_data_room_2243.mat,-1.5,2.2823529411764705,23.14214077973152,25.785286560985657,25.804556925313197,-8.251919604961564
room_acoustic_data_room_2244.mat,-1.5,2.2941176470588234,23.531130574032012,26.181777894203357,26.181142128083714,-8.357965271088744
room_acoustic_data_room_2245.mat,-1.5,2.3058823529411763,23.781935658322922,26.43373506656254,26.436518524076963,-8.419519409826115
room_acoustic_data_room_2246.mat,-1.5,2.3176470588235296,23.917822239078173,26.56148221482107,26.584733484101505,-8.461724306992886
room_acoustic_data_room_2247.mat,-1.5,2.3294117647058825,23.942338593988097,26.584835079949777,26.61569636602588,-8.488668648259178
room_acoustic_data_room_2248.mat,-1.5,2.3411764705882354,23.83046797070135,26.489572652638568,26.50017442798734,-8.475168930237032
room_acoustic_data_room_2249.mat,-1.5,2.3529411764705883,23.589023394233173,26.259952648344836,26.261938525806258,-8.427127391572071
room_acoustic_data_room_2250.mat,-1.5,2.364705882352941,23.203363931971957,25.861478140591245,25.902631540419023,-8.327569743734973
room_acoustic_data_room_2251.mat,-1.5,2.376470588235294,23.223336996592256,25.842277360029968,25.943000040603575,-8.347835062331919
room_acoustic_data_room_2252.mat,-1.5,2.388235294117647,23.682117870694913,26.246032645990894,26.406982714406517,-8.496361718351409
room_acoustic_data_room_2253.mat,-1.5,2.4,23.99368077519987,26.49248240617636,26.734652491730113,-8.589496903787516
room_acoustic_data_room_2254.mat,-1.5,2.411764705882353,24.1612764581437,26.599135768450466,26.924561759868002,-8.632642119515216
room_acoustic_data_room_2255.mat,-1.5,2.4235294117647057,24.194942883352475,26.611906537366757,26.958999888721763,-8.636419812300257
room_acoustic_data_room_2256.mat,-1.5,2.4352941176470586,24.109780724955698,26.53273285580677,26.86336867161422,-8.61569798362167
room_acoustic_data_room_2257.mat,-1.5,2.447058823529412,23.873545841379897,26.3390502840587,26.60121368968989,-8.537342715074718
room_acoustic_data_room_2258.mat,-1.5,2.458823529411765,23.510143152078538,26.0412617888193,26.20498894944269,-8.423175203911178
room_acoustic_data_room_2259.mat,-1.5,2.4705882352941178,23.330430659582476,25.922520279882097,25.99813380400011,-8.362332127076513
room_acoustic_data_room_2260.mat,-1.5,2.4823529411764707,23.834156718786772,26.44392698398437,26.48547895528569,-8.52320618710408
room_acoustic_data_room_2261.mat,-1.5,2.4941176470588236,24.196152340959465,26.81778336454795,26.842257537024373,-8.631311514915248
room_acoustic_data_room_2262.mat,-1.5,2.5058823529411764,24.411543218731175,27.04994255446882,27.052443067343425,-8.684338747203528
room_acoustic_data_room_2263.mat,-1.5,2.5176470588235293,24.50622254123489,27.179375992216762,27.128508582158183,-8.70899173774749
room_acoustic_data_room_2264.mat,-1.5,2.5294117647058822,24.474760319603135,27.19575654321272,27.06753864276238,-8.699772416360688
room_acoustic_data_room_2265.mat,-1.5,2.541176470588235,24.3318452583846,27.11283661037262,26.881822099874867,-8.670802508846053
room_acoustic_data_room_2266.mat,-1.5,2.552941176470588,24.053452451528727,26.88783351177367,26.568846584094338,-8.596612217019363
room_acoustic_data_room_2267.mat,-1.5,2.5647058823529414,23.645737956640893,26.50653333897266,26.146694474787292,-8.469197537380914
room_acoustic_data_room_2268.mat,-1.5,2.5764705882352943,24.20081046680985,26.99522709706212,26.691088090219964,-8.643671540865789
room_acoustic_data_room_2269.mat,-1.5,2.588235294117647,24.6229382861438,27.31572688485609,27.12696062762361,-8.771815000932268
room_acoustic_data_room_2270.mat,-1.5,2.6,24.85968283619339,27.463349197136804,27.38170815252193,-8.804579653030892
room_acoustic_data_room_2271.mat,-1.5,2.611764705882353,24.954772534722732,27.514745601112836,27.471782899986504,-8.786957910971045
room_acoustic_data_room_2272.mat,-1.5,2.623529411764706,24.924468438742295,27.452836843046477,27.45214159540695,-8.735355887733888
room_acoustic_data_room_2273.mat,-1.5,2.635294117647059,24.781779673895258,27.312846299693668,27.318200516303357,-8.662477044279308
room_acoustic_data_room_2274.mat,-1.5,2.6470588235294117,24.521040805799924,27.08017868603783,27.06699669870489,-8.5617887095694
room_acoustic_data_room_2275.mat,-1.5,2.6588235294117646,24.128419786573858,26.72796852880613,26.686298959311003,-8.41721390641781
room_acoustic_data_room_2276.mat,-1.5,2.6705882352941175,24.326159063952993,26.908901681703735,26.88985761035474,-8.450436900116264
room_acoustic_data_room_2277.mat,-1.5,2.6823529411764704,24.77849836716532,27.313456979138078,27.339124294633184,-8.566803555070573
room_acoustic_data_room_2278.mat,-1.5,2.6941176470588237,25.091612088524407,27.571680471997876,27.670208400879126,-8.63380771979902
room_acoustic_data_room_2279.mat,-1.5,2.7058823529411766,25.26040409922824,27.71138669213101,27.84885835672092,-8.648163163738884
room_acoustic_data_room_2280.mat,-1.5,2.7176470588235295,25.292080937095225,27.742410916008954,27.866758740884766,-8.617696253490692
room_acoustic_data_room_2281.mat,-1.5,2.7294117647058824,25.204232111370843,27.662547864385214,27.75558424762398,-8.56040230734162
room_acoustic_data_room_2282.mat,-1.5,2.7411764705882353,24.98352721933632,27.437413474602135,27.520285852007284,-8.46332726105586
room_acoustic_data_room_2283.mat,-1.5,2.7529411764705882,24.613052733723006,27.056099068036417,27.13615073485989,-8.309219340558196
room_acoustic_data_room_2284.mat,-1.5,2.764705882352941,24.372070635691966,26.764706823445362,26.87801342522549,-8.151166914108574
room_acoustic_data_room_2285.mat,-1.5,2.776470588235294,24.882272768024066,27.110666920175706,27.327920441752426,-8.270624810856935
room_acoustic_data_room_2286.mat,-1.5,2.788235294117647,25.261027290113034,27.328043504488612,27.672174688272815,-8.353492509724443
room_acoustic_data_room_2287.mat,-1.5,2.8,25.490026747521398,27.401525978566248,27.898263445148658,-8.385852569917406
room_acoustic_data_room_2288.mat,-1.5,2.8117647058823527,25.568112417182682,27.412081266242385,27.94846452786195,-8.371068631443224
room_acoustic_data_room_2289.mat,-1.5,2.823529411764706,25.46807972825504,27.32234499527598,27.77995629433096,-8.288225822820461
room_acoustic_data_room_2290.mat,-1.5,2.835294117647059,25.181262043685525,27.107477293541365,27.408906566516936,-8.13656966312805
room_acoustic_data_room_2291.mat,-1.5,2.847058823529412,24.704805178811313,26.780519805813046,26.829482794418173,-7.895264200986435
room_acoustic_data_room_2292.mat,-1.5,2.8588235294117648,25.42193497509649,27.54463532257048,27.422085165475927,-8.009943158901446
room_acoustic_data_room_2293.mat,-1.5,2.8705882352941177,26.001701073602938,28.174701911053855,27.905363847988053,-8.108326599373251
room_acoustic_data_room_2294.mat,-1.5,2.8823529411764706,26.377495252739894,28.631357739557764,28.206781726366685,-8.13009132376999
room_acoustic_data_room_2295.mat,-1.5,2.8941176470588235,26.507889011286725,28.97097232482931,28.244831849782905,-8.028172876709935
room_acoustic_data_room_2296.mat,-1.5,2.9058823529411764,27.354899444626856,29.98821171654988,28.94513237261542,-8.143712103738899
room_acoustic_data_room_2297.mat,-1.5,2.9176470588235293,28.114746979148336,30.921307080993586,29.573758904204908,-8.200037433377398
room_acoustic_data_room_2298.mat,-1.5,2.929411764705882,28.699824820712937,31.631123490441183,30.04811942850332,-8.20031745763967
room_acoustic_data_room_2299.mat,-1.5,2.9411764705882355,29.103981212609852,32.084429071756446,30.389196689605683,-8.124577885429755
room_acoustic_data_room_2300.mat,-1.5,2.9529411764705884,29.344608482307418,32.28620432228937,30.628489063626066,-7.975780109876304
room_acoustic_data_room_2301.mat,-1.5,2.9647058823529413,29.43663592357378,32.28378295211826,30.771179202373634,-7.7546970570771565
room_acoustic_data_room_2302.mat,-1.5,2.976470588235294,29.4484341614333,32.15354049873071,30.867312018998913,-7.516520656318974
room_acoustic_data_room_2303.mat,-1.5,2.988235294117647,29.40548082989705,31.943707631221685,30.936723960967413,-7.27499891622264
room_acoustic_data_room_2304.mat,-1.5,3.0,29.328222027628602,31.696895589384336,30.98605211599358,-7.040516701147891
room_acoustic_data_room_2305.mat,4.5,0.0,30.66277588514785,32.92353158116731,32.15752532749532,-8.368306013486901
room_acoustic_data_room_2306.mat,4.5,0.011764705882352941,30.814117635834943,33.23400521675461,32.16683504730945,-8.673268371121342
room_acoustic_data_room_2307.mat,4.5,0.023529411764705882,30.94065890859588,33.51007303693941,32.163125530222295,-8.993075529975366
room_acoustic_data_room_2308.mat,4.5,0.03529411764705882,31.028283261912556,33.704570034421266,32.1409145809872,-9.323057045363663
room_acoustic_data_room_2309.mat,4.5,0.047058823529411764,31.019270402807262,33.73264357233895,32.08119654088075,-9.616541451477453
room_acoustic_data_room_2310.mat,4.5,0.058823529411764705,30.868349693703465,33.51295556760897,31.953390059462784,-9.840813988342603
room_acoustic_data_room_2311.mat,4.5,0.07058823529411765,30.52361848052368,33.002581761270164,31.692675929218808,-9.957778773022895
room_acoustic_data_room_2312.mat,4.5,0.08235294117647059,29.937707934080912,32.177701615347445,31.264924253428454,-9.934717178955779
room_acoustic_data_room_2313.mat,4.5,0.09411764705882353,29.046426248887197,31.06749817875822,30.621015373142523,-9.722361893865228
room_acoustic_data_room_2314.mat,4.5,0.10588235294117647,27.85884077336297,29.796969393737744,29.67107693935851,-9.344078132694278
room_acoustic_data_room_2315.mat,4.5,0.11764705882352941,27.61966791883111,29.347348228188213,29.536236873136076,-9.33378200296471
room_acoustic_data_room_2316.mat,4.5,0.12941176470588237,27.15306498574947,28.805811998102516,29.156708015899678,-9.20889137562221
room_acoustic_data_room_2317.mat,4.5,0.1411764705882353,26.435148895302476,28.15997217290586,28.595576245930523,-8.963893858247804
room_acoustic_data_room_2318.mat,4.5,0.15294117647058825,25.631969349080425,27.448883154684033,27.962070750804237,-8.760822796946742
room_acoustic_data_room_2319.mat,4.5,0.16470588235294117,25.93542577716812,27.6354372414962,28.371831808425956,-8.926353878241338
room_acoustic_data_room_2320.mat,4.5,0.17647058823529413,26.208112212622478,27.837716930635672,28.729735353689335,-9.056185895464587
room_acoustic_data_room_2321.mat,4.5,0.18823529411764706,26.304536266468,27.956030612019305,28.884980163880766,-9.13433778924355
room_acoustic_data_room_2322.mat,4.5,0.2,26.245189275661254,27.990449226310503,28.87292867734316,-9.17338623408013
room_acoustic_data_room_2323.mat,4.5,0.21176470588235294,26.0348350558329,27.955120781706363,28.680750052699814,-9.171240846802336
room_acoustic_data_room_2324.mat,4.5,0.2235294117647059,25.678097319018033,27.73196765038227,28.31811301455722,-9.12673818199862
room_acoustic_data_room_2325.mat,4.5,0.23529411764705882,25.142459524108688,27.313388449628388,27.744949926374687,-9.000807363130939
room_acoustic_data_room_2326.mat,4.5,0.24705882352941178,25.476939595161202,27.63035897457201,28.05756576432854,-9.136790290183974
room_acoustic_data_room_2327.mat,4.5,0.25882352941176473,25.786385868872376,27.91601329281095,28.360838767719372,-9.238253109280269
room_acoustic_data_room_2328.mat,4.5,0.27058823529411763,25.953474532512715,28.054879431098282,28.519752749879736,-9.292431537965726
room_acoustic_data_room_2329.mat,4.5,0.2823529411764706,26.003846019137157,28.094022344927524,28.55729815576861,-9.32337877006575
room_acoustic_data_room_2330.mat,4.5,0.29411764705882354,25.9486438873888,28.049933943723353,28.489284812860124,-9.340401178236931
room_acoustic_data_room_2331.mat,4.5,0.3058823529411765,25.771702026087546,27.934877016895886,28.286076031294854,-9.326042472809048
room_acoustic_data_room_2332.mat,4.5,0.3176470588235294,25.487255281334814,27.738335757447334,27.971641589860795,-9.293526323590159
room_acoustic_data_room_2333.mat,4.5,0.32941176470588235,25.032464588852466,27.395825078932976,27.488688419112535,-9.178167387432344
room_acoustic_data_room_2334.mat,4.5,0.3411764705882353,24.918078819433166,27.38011628547403,27.348004057264646,-9.183678700984512
room_acoustic_data_room_2335.mat,4.5,0.35294117647058826,25.335062673398042,27.844865075671585,27.74107858699822,-9.360354358159908
room_acoustic_data_room_2336.mat,4.5,0.36470588235294116,25.586578608198835,28.12906393132389,27.982217453352426,-9.45742748429614
room_acoustic_data_room_2337.mat,4.5,0.3764705882352941,25.70583382962311,28.281763022916394,28.09098316911784,-9.510633582246562
room_acoustic_data_room_2338.mat,4.5,0.38823529411764707,25.695075441702883,28.33667214144445,28.071186756406426,-9.523408052643653
room_acoustic_data_room_2339.mat,4.5,0.4,25.58921589968069,28.314221274923682,27.952196456687073,-9.531271743873134
room_acoustic_data_room_2340.mat,4.5,0.4117647058823529,25.378789282647336,28.16479302529382,27.748338920836385,-9.524888880929199
room_acoustic_data_room_2341.mat,4.5,0.4235294117647059,25.01821215323053,27.841884763983977,27.41532154792656,-9.457682191955403
room_acoustic_data_room_2342.mat,4.5,0.43529411764705883,24.470803443941016,27.2917186473882,26.903895226951708,-9.289869452696639
room_acoustic_data_room_2343.mat,4.5,0.4470588235294118,24.818743156454715,27.55749423752322,27.26541782999458,-9.363567038953764
room_acoustic_data_room_2344.mat,4.5,0.4588235294117647,25.02099354718998,27.65364756841732,27.495156678960058,-9.361593523467368
room_acoustic_data_room_2345.mat,4.5,0.47058823529411764,25.096046591461256,27.62386516037345,27.605642344225284,-9.32236483149215
room_acoustic_data_room_2346.mat,4.5,0.4823529411764706,25.05705100887201,27.518798204611418,27.59300139770342,-9.260664194533234
room_acoustic_data_room_2347.mat,4.5,0.49411764705882355,24.936635406697157,27.370414990715595,27.486185617346838,-9.209831743935931
room_acoustic_data_room_2348.mat,4.5,0.5058823529411764,24.72066013491855,27.16850564615251,27.25605777875773,-9.155882467031411
room_acoustic_data_room_2349.mat,4.5,0.5176470588235295,24.418285161302073,26.885544641290142,26.937285309185746,-9.107197333205727
room_acoustic_data_room_2350.mat,4.5,0.5294117647058824,24.00404720465101,26.485358670017977,26.51954780441079,-9.035737651726633
room_acoustic_data_room_2351.mat,4.5,0.5411764705882353,24.175949257737862,26.63356832515397,26.715710359919438,-9.089705023655073
room_acoustic_data_room_2352.mat,4.5,0.5529411764705883,24.51433181508714,26.936562182189622,27.087851765311925,-9.178519024563736
room_acoustic_data_room_2353.mat,4.5,0.5647058823529412,24.73689367344464,27.139823066226768,27.340690588378592,-9.243007137315416
room_acoustic_data_room_2354.mat,4.5,0.5764705882352941,24.832506910709125,27.239433549357344,27.46208518272263,-9.274078900705895
room_acoustic_data_room_2355.mat,4.5,0.5882352941176471,24.825310773378405,27.27084633340575,27.470236340190553,-9.296725633181449
room_acoustic_data_room_2356.mat,4.5,0.6,24.702161068301326,27.217976171138012,27.350592336717213,-9.298009590531738
room_acoustic_data_room_2357.mat,4.5,0.611764705882353,24.45846051322156,27.038459535223875,27.092866136418667,-9.272732943624778
room_acoustic_data_room_2358.mat,4.5,0.6235294117647059,24.048414006093033,26.655958271298775,26.683194404428896,-9.172941082581453
room_acoustic_data_room_2359.mat,4.5,0.6352941176470588,24.030885548639766,26.611269042161858,26.685245631163554,-9.155065808265597
room_acoustic_data_room_2360.mat,4.5,0.6470588235294118,24.36563224736667,26.87332998381612,27.05492823860923,-9.203719938817855
room_acoustic_data_room_2361.mat,4.5,0.6588235294117647,24.55014662851748,26.97205949761823,27.280767510787612,-9.194838762666867
room_acoustic_data_room_2362.mat,4.5,0.6705882352941176,24.61282677300767,26.968152724833057,27.37729692643469,-9.159153446601495
room_acoustic_data_room_2363.mat,4.5,0.6823529411764706,24.579391267985883,26.904188334604996,27.355243634420408,-9.123293593488716
room_acoustic_data_room_2364.mat,4.5,0.6941176470588235,24.461731770853564,26.77003403818096,27.229792149928112,-9.099318011279093
room_acoustic_data_room_2365.mat,4.5,0.7058823529411765,24.220882254559335,26.54826851057797,26.964490598096916,-9.047720669995488
room_acoustic_data_room_2366.mat,4.5,0.7176470588235294,23.8515187117156,26.208757135044834,26.579478309782655,-8.961301823417413
room_acoustic_data_room_2367.mat,4.5,0.7294117647058823,23.687234784919152,26.078681646659668,26.39532167419121,-8.921994881463212
room_acoustic_data_room_2368.mat,4.5,0.7411764705882353,24.134108000117813,26.53100721439405,26.84402736544099,-9.057681510976456
room_acoustic_data_room_2369.mat,4.5,0.7529411764705882,24.444656805055462,26.83814071203759,27.180638296861922,-9.149757748781925
room_acoustic_data_room_2370.mat,4.5,0.7647058823529411,24.62005521151934,27.01574699276016,27.374294231146745,-9.202074041857134
room_acoustic_data_room_2371.mat,4.5,0.7764705882352941,24.690661084412856,27.109686875757767,27.45300399159328,-9.246024821893679
room_acoustic_data_room_2372.mat,4.5,0.788235294117647,24.648206915880788,27.117325934312547,27.40025304383498,-9.273512434867154
room_acoustic_data_room_2373.mat,4.5,0.8,24.482799986057564,26.99201621791797,27.220014400737895,-9.274166350241014
room_acoustic_data_room_2374.mat,4.5,0.8117647058823529,24.15304660342017,26.69567279427799,26.872773601050973,-9.204984088643704
room_acoustic_data_room_2375.mat,4.5,0.8235294117647058,23.725007136193682,26.275869439423552,26.44540442102072,-9.052709759391044
room_acoustic_data_room_2376.mat,4.5,0.8352941176470589,24.149070785772416,26.644881259841288,26.897850662399357,-9.147895171478579
room_acoustic_data_room_2377.mat,4.5,0.8470588235294118,24.434505326683677,26.861131372001942,27.208924503534565,-9.19598799331499
room_acoustic_data_room_2378.mat,4.5,0.8588235294117647,24.5679271095661,26.942586982975172,27.355121732501026,-9.186785971977251
room_acoustic_data_room_2379.mat,4.5,0.8705882352941177,24.57973195619139,26.924756820672997,27.365195799682844,-9.152019227766754
room_acoustic_data_room_2380.mat,4.5,0.8823529411764706,24.497788161987984,26.835472873707403,27.265705699410354,-9.119861893806577
room_acoustic_data_room_2381.mat,4.5,0.8941176470588236,24.311006521907483,26.657710559054117,27.056653156439744,-9.078883505403699
room_acoustic_data_room_2382.mat,4.5,0.9058823529411765,23.998846727568704,26.358300121814114,26.73312680390431,-9.007237704710581
room_acoustic_data_room_2383.mat,4.5,0.9176470588235294,23.551007118664465,25.920883230989546,26.29498202498947,-8.891553070133794
room_acoustic_data_room_2384.mat,4.5,0.9294117647058824,23.899419488673605,26.29471455746451,26.626825733006054,-9.005869246791299
room_acoustic_data_room_2385.mat,4.5,0.9411764705882353,24.274768137198524,26.686780399206423,26.998243834435907,-9.12547638474768
room_acoustic_data_room_2386.mat,4.5,0.9529411764705882,24.52970339766235,26.95128456767474,27.258484226494417,-9.21828474876799
room_acoustic_data_room_2387.mat,4.5,0.9647058823529412,24.651316591182017,27.098351570464686,27.393790725525257,-9.273173106839913
room_acoustic_data_room_2388.mat,4.5,0.9764705882352941,24.63318368379141,27.137873446075545,27.374751297991125,-9.284281172285079
room_acoustic_data_room_2389.mat,4.5,0.9882352941176471,24.471888974138135,27.05015333178897,27.199619152756785,-9.248050174634928
room_acoustic_data_room_2390.mat,4.5,1.0,24.140368562225596,26.788154806804037,26.846633066863262,-9.13642331797329
room_acoustic_data_room_2391.mat,4.5,1.011764705882353,23.63827884261761,26.340430153545277,26.322554799536654,-8.946508856210215
room_acoustic_data_room_2392.mat,4.5,1.0235294117647058,23.726398425588478,26.420418277970548,26.412019007796044,-8.968965001253205
room_acoustic_data_room_2393.mat,4.5,1.035294117647059,24.1611407144738,26.778361479788977,26.872282863392968,-9.126898766272054
room_acoustic_data_room_2394.mat,4.5,1.0470588235294118,24.426849437016873,26.955601558128315,27.158405535581494,-9.208399772354316
room_acoustic_data_room_2395.mat,4.5,1.0588235294117647,24.516741292942882,26.98383521656741,27.25188155957714,-9.208995215955088
room_acoustic_data_room_2396.mat,4.5,1.0705882352941176,24.466830137327598,26.884094033500116,27.207988232583613,-9.165574683958948
room_acoustic_data_room_2397.mat,4.5,1.0823529411764705,24.30451018729623,26.707373469333568,27.04179843831232,-9.105594965113932
room_acoustic_data_room_2398.mat,4.5,1.0941176470588236,24.02905750210211,26.448051801917124,26.751268437794362,-9.027609400409386
room_acoustic_data_room_2399.mat,4.5,1.1058823529411765,23.62454219107933,26.079334123074407,26.331675364327054,-8.91359343718997
room_acoustic_data_room_2400.mat,4.5,1.1176470588235294,23.505424515639383,26.00385648661605,26.18737084655514,-8.885238479957247
room_acoustic_data_room_2401.mat,4.5,1.1294117647058823,23.998247186613035,26.503725149786934,26.652865839567134,-9.07788843456025
room_acoustic_data_room_2402.mat,4.5,1.1411764705882352,24.359069013472837,26.873559886298594,27.00435885053867,-9.230354748765443
room_acoustic_data_room_2403.mat,4.5,1.1529411764705881,24.583837743356895,27.118711077470508,27.220121971797695,-9.34141811365093
room_acoustic_data_room_2404.mat,4.5,1.1647058823529413,24.674009377348014,27.25496102345705,27.298547268865995,-9.41372392671288
room_acoustic_data_room_2405.mat,4.5,1.1764705882352942,24.61979549261415,27.25706068092532,27.22793984478072,-9.437724870305527
room_acoustic_data_room_2406.mat,4.5,1.188235294117647,24.39888820639432,27.097820444380933,26.986944416871967,-9.39059149517512
room_acoustic_data_room_2407.mat,4.5,1.2,24.00931605640639,26.776782563420284,26.571368064807235,-9.26861238567825
room_acoustic_data_room_2408.mat,4.5,1.2117647058823529,23.639583135004326,26.444785713445434,26.181208194084356,-9.135489723163513
room_acoustic_data_room_2409.mat,4.5,1.223529411764706,24.102697790727632,26.863303024671204,26.646959411572748,-9.274905356725503
room_acoustic_data_room_2410.mat,4.5,1.2352941176470589,24.386726130183675,27.07675357450082,26.957141065566738,-9.326352296772324
room_acoustic_data_room_2411.mat,4.5,1.2470588235294118,24.523598653854442,27.152558411957003,27.11241240635345,-9.325101909033734
room_acoustic_data_room_2412.mat,4.5,1.2588235294117647,24.541100991202278,27.124440948272273,27.136679241758976,-9.300441344310364
room_acoustic_data_room_2413.mat,4.5,1.2705882352941176,24.44034105326898,27.001566336195722,27.032169162320308,-9.253881157561224
room_acoustic_data_room_2414.mat,4.5,1.2823529411764707,24.209519686459167,26.77105408292778,26.792078693024433,-9.173251829067656
room_acoustic_data_room_2415.mat,4.5,1.2941176470588236,23.846510785754003,26.429360278604626,26.425600785451174,-9.05496207800172
room_acoustic_data_room_2416.mat,4.5,1.3058823529411765,23.339974152269853,25.96325583349179,25.925548711894937,-8.884366115335116
room_acoustic_data_room_2417.mat,4.5,1.3176470588235294,23.814891170060264,26.454201951155962,26.377259219657713,-9.057362361722976
room_acoustic_data_room_2418.mat,4.5,1.3294117647058823,24.21228682452009,26.85363090819031,26.773959078141072,-9.199388190709314
room_acoustic_data_room_2419.mat,4.5,1.3411764705882352,24.47654131396524,27.127945492518002,27.047345972049204,-9.302463608241299
room_acoustic_data_room_2420.mat,4.5,1.3529411764705883,24.595266393601165,27.262121690364005,27.183503670157457,-9.356041787538473
room_acoustic_data_room_2421.mat,4.5,1.3647058823529412,24.587581022701638,27.297713675299686,27.18121246145248,-9.379823747385498
room_acoustic_data_room_2422.mat,4.5,1.3764705882352941,24.440554815712687,27.187200665009993,27.038210187653146,-9.360650896577026
room_acoustic_data_room_2423.mat,4.5,1.388235294117647,24.137775635431858,26.920748637271977,26.737405528665693,-9.280883268249777
room_acoustic_data_room_2424.mat,4.5,1.4,23.672670169708354,26.477072857197392,26.279039269687544,-9.131022167570146
room_acoustic_data_room_2425.mat,4.5,1.411764705882353,23.915875857069842,26.66826959562573,26.532150628254456,-9.219837931354885
room_acoustic_data_room_2426.mat,4.5,1.423529411764706,24.328156879381638,27.00399719644671,26.944402840967694,-9.355488972011628
room_acoustic_data_room_2427.mat,4.5,1.4352941176470588,24.575703174574485,27.17881909036551,27.19358804409837,-9.420272678056298
room_acoustic_data_room_2428.mat,4.5,1.4470588235294117,24.679770877071654,27.221621814388325,27.295350728533872,-9.4376880561052
room_acoustic_data_room_2429.mat,4.5,1.4588235294117646,24.643240778675676,27.146825782893945,27.24804357670349,-9.411420742250952
room_acoustic_data_room_2430.mat,4.5,1.4705882352941178,24.45904247991866,26.965712930710374,27.046775436703626,-9.33431981237233
room_acoustic_data_room_2431.mat,4.5,1.4823529411764707,24.14050638595768,26.67582815482455,26.71430898827442,-9.218688351116688
room_acoustic_data_room_2432.mat,4.5,1.4941176470588236,23.671920361949933,26.255767808992744,26.237195846631348,-9.046206694617231
room_acoustic_data_room_2433.mat,4.5,1.5058823529411764,23.657246659210408,26.282185417331853,26.192633513122935,-9.031532994656063
room_acoustic_data_room_2434.mat,4.5,1.5176470588235293,24.084364364306584,26.74121696137343,26.579319210296696,-9.162546280204896
room_acoustic_data_room_2435.mat,4.5,1.5294117647058822,24.363422122147362,27.046991352907863,26.85412526889135,-9.238699353179596
room_acoustic_data_room_2436.mat,4.5,1.5411764705882354,24.53679118829114,27.230647251465392,27.04264491393312,-9.304970998150278
room_acoustic_data_room_2437.mat,4.5,1.5529411764705883,24.57289055176065,27.29569764750387,27.09049289566114,-9.33080752455741
room_acoustic_data_room_2438.mat,4.5,1.5647058823529412,24.457052202950187,27.228393139312807,26.982158713975487,-9.301621447383573
room_acoustic_data_room_2439.mat,4.5,1.576470588235294,24.200256453460504,26.999294795106078,26.746663442447254,-9.227588234011932
room_acoustic_data_room_2440.mat,4.5,1.588235294117647,23.792380060657557,26.604282512662923,26.361712315379524,-9.096341769860148
room_acoustic_data_room_2441.mat,4.5,1.6,23.53126224202354,26.32687488355684,26.12083389562315,-8.989613872440056
room_acoustic_data_room_2442.mat,4.5,1.611764705882353,23.970914414438987,26.70069453539686,26.567498201292782,-9.114021617163882
room_acoustic_data_room_2443.mat,4.5,1.6235294117647059,24.244452900767243,26.88986535791516,26.874621104678877,-9.164548488974603
room_acoustic_data_room_2444.mat,4.5,1.6352941176470588,24.377250174975185,26.937594290095426,27.045539368505892,-9.169492344338044
room_acoustic_data_room_2445.mat,4.5,1.6470588235294117,24.39752239026233,26.900729035993006,27.08496826060997,-9.158297165883528
room_acoustic_data_room_2446.mat,4.5,1.6588235294117648,24.29400169724908,26.779617289902617,26.973601955666005,-9.119923309817558
room_acoustic_data_room_2447.mat,4.5,1.6705882352941177,24.059986436214082,26.538907943312854,26.729085690238385,-9.047087057167005
room_acoustic_data_room_2448.mat,4.5,1.6823529411764706,23.68686847548501,26.16889865527693,26.35984310219858,-8.929338858823154
room_acoustic_data_room_2449.mat,4.5,1.6941176470588235,23.234772569299707,25.734714398029727,25.924120050938242,-8.779163701959847
room_acoustic_data_room_2450.mat,4.5,1.7058823529411764,23.75699771840023,26.224064795019885,26.456615491052773,-8.965448100889525
room_acoustic_data_room_2451.mat,4.5,1.7176470588235293,24.133870815732724,26.575855075668606,26.85780250881233,-9.097601970520671
room_acoustic_data_room_2452.mat,4.5,1.7294117647058824,24.37120244441623,26.802896750225585,27.126569219149822,-9.18474148378394
room_acoustic_data_room_2453.mat,4.5,1.7411764705882353,24.475162255644037,26.93524629068272,27.24387982782,-9.234501467264314
room_acoustic_data_room_2454.mat,4.5,1.7529411764705882,24.441358438798314,26.962687345839207,27.207756260778744,-9.242860476326424
room_acoustic_data_room_2455.mat,4.5,1.7647058823529411,24.25674707737839,26.852367586816985,27.009488863194733,-9.196371950943377
room_acoustic_data_room_2456.mat,4.5,1.776470588235294,23.91595779843496,26.569964298624605,26.65732812413962,-9.088163997734851
room_acoustic_data_room_2457.mat,4.5,1.7882352941176471,23.40376985807304,26.09464341597417,26.139260806410483,-8.899675008671272
room_acoustic_data_room_2458.mat,4.5,1.8,23.750753903539284,26.402499696297845,26.481350924408503,-9.010048732248777
room_acoustic_data_room_2459.mat,4.5,1.811764705882353,24.12948772738688,26.714137725622237,26.853342806790046,-9.121189427285831
room_acoustic_data_room_2460.mat,4.5,1.8235294117647058,24.352383839969104,26.869484879236527,27.074941378581393,-9.17031154349019
room_acoustic_data_room_2461.mat,4.5,1.8352941176470587,24.405799984509052,26.89618085006789,27.116437290024265,-9.145512776726072
room_acoustic_data_room_2462.mat,4.5,1.8470588235294119,24.33530576547267,26.819370447460564,27.02858155532173,-9.092884297579154
room_acoustic_data_room_2463.mat,4.5,1.8588235294117648,24.14916435990012,26.648829287254024,26.819066910554348,-9.020448178277906
room_acoustic_data_room_2464.mat,4.5,1.8705882352941177,23.825091814545157,26.365877169951588,26.463692983200918,-8.904731070298755
room_acoustic_data_room_2465.mat,4.5,1.8823529411764706,23.36270936953463,25.959242820169642,25.981836194858204,-8.742521271310093
room_acoustic_data_room_2466.mat,4.5,1.8941176470588235,23.514962278898892,26.12930316934163,26.114005177776242,-8.804011392896278
room_acoustic_data_room_2467.mat,4.5,1.9058823529411764,23.967839723179,26.58795111257753,26.55496138187595,-8.966389403970487
room_acoustic_data_room_2468.mat,4.5,1.9176470588235295,24.27915278686467,26.90626606875634,26.864370077919904,-9.080235267283582
room_acoustic_data_room_2469.mat,4.5,1.9294117647058824,24.46115375199134,27.100208579462375,27.050292162517216,-9.159895925746316
room_acoustic_data_room_2470.mat,4.5,1.9411764705882353,24.52078895225018,27.190314870453133,27.10738077039209,-9.213040430556148
room_acoustic_data_room_2471.mat,4.5,1.9529411764705882,24.44487808613832,27.15185920745331,27.021513825421472,-9.226425908768336
room_acoustic_data_room_2472.mat,4.5,1.964705882352941,24.217152094219138,26.966921196191898,26.78320080431583,-9.18290757034952
room_acoustic_data_room_2473.mat,4.5,1.9764705882352942,23.808859926353286,26.607094291124508,26.36941502850548,-9.051423870194547
room_acoustic_data_room_2474.mat,4.5,1.988235294117647,23.695683688523342,26.490126443723682,26.261459493025757,-9.003911010689293
room_acoustic_data_room_2475.mat,4.5,2.0,24.15538980559007,26.872958235519793,26.739566739953332,-9.151441801885168
room_acoustic_data_room_2476.mat,4.5,2.011764705882353,24.442765140596382,27.08577020857525,27.048286044556498,-9.218923521438349
room_acoustic_data_room_2477.mat,4.5,2.023529411764706,24.574385242195383,27.149192924422636,27.205249414140713,-9.22547985718649
room_acoustic_data_room_2478.mat,4.5,2.0352941176470587,24.574395108580923,27.10511978202053,27.21471252910737,-9.196248702063519
room_acoustic_data_room_2479.mat,4.5,2.0470588235294116,24.444595963232928,26.9720774777473,27.073621600801477,-9.13317434854698
room_acoustic_data_room_2480.mat,4.5,2.0588235294117645,24.19359264358681,26.72244897214906,26.809864696190054,-9.044297887942864
room_acoustic_data_room_2481.mat,4.5,2.070588235294118,23.807179655460363,26.343350365636894,26.421288824185034,-8.913626381153799
room_acoustic_data_room_2482.mat,4.5,2.0823529411764707,23.45111435977898,25.998959741758433,26.07881146630254,-8.791657220644307
room_acoustic_data_room_2483.mat,4.5,2.0941176470588236,23.968753428995043,26.475838700115887,26.61620196650574,-8.977141278148391
room_acoustic_data_room_2484.mat,4.5,2.1058823529411765,24.344249868342615,26.821064794577765,27.013542119819803,-9.11212369656647
room_acoustic_data_room_2485.mat,4.5,2.1176470588235294,24.584132210001354,27.056345865363266,27.270557221540663,-9.206202767732632
room_acoustic_data_room_2486.mat,4.5,2.1294117647058823,24.6870797784895,27.17521883096861,27.389442399428454,-9.25936386410426
room_acoustic_data_room_2487.mat,4.5,2.1411764705882352,24.637749902954198,27.170544262106592,27.350828568983356,-9.25660557386706
room_acoustic_data_room_2488.mat,4.5,2.152941176470588,24.439039238124888,27.022328521160354,27.16337541454179,-9.200518714403096
room_acoustic_data_room_2489.mat,4.5,2.164705882352941,24.06036509459366,26.691966651858362,26.798037840084078,-9.05918629772384
room_acoustic_data_room_2490.mat,4.5,2.176470588235294,23.487174159897044,26.14178049378865,26.25123037668643,-8.814873610902378
room_acoustic_data_room_2491.mat,4.5,2.1882352941176473,23.887288032641486,26.492932620826398,26.649517350877595,-8.939222233538018
room_acoustic_data_room_2492.mat,4.5,2.2,24.25168154771436,26.781215018041774,27.021941842560654,-9.04304458896567
room_acoustic_data_room_2493.mat,4.5,2.211764705882353,24.462918892334656,26.920338035554163,27.24383687154912,-9.088220944185226
room_acoustic_data_room_2494.mat,4.5,2.223529411764706,24.511038503016415,26.924969862471897,27.292636210925195,-9.066398347242485
room_acoustic_data_room_2495.mat,4.5,2.235294117647059,24.430780776914762,26.826378708994906,27.2023549350653,-9.012794614673703
room_acoustic_data_room_2496.mat,4.5,2.2470588235294118,24.20862691206173,26.628755963408906,26.94808422938657,-8.913720276857122
room_acoustic_data_room_2497.mat,4.5,2.2588235294117647,23.861381543869555,26.328383749365077,26.565034355222895,-8.784941822525422
room_acoustic_data_room_2498.mat,4.5,2.2705882352941176,23.36038619533323,25.884976350730902,26.04811606287994,-8.595121481780147
room_acoustic_data_room_2499.mat,4.5,2.2823529411764705,23.574555592012047,26.11453101858853,26.24701354825971,-8.684326021520878
room_acoustic_data_room_2500.mat,4.5,2.2941176470588234,24.053810440009784,26.583256959134104,26.72391407413757,-8.880619438923636
room_acoustic_data_room_2501.mat,4.5,2.3058823529411763,24.37217207346751,26.89704342037047,27.050522999245995,-9.009695055716044
room_acoustic_data_room_2502.mat,4.5,2.3176470588235296,24.55391279360452,27.096368144957992,27.23724905398967,-9.097689261269
room_acoustic_data_room_2503.mat,4.5,2.3294117647058825,24.590277899861583,27.178833852400363,27.26684131825352,-9.136370822483922
room_acoustic_data_room_2504.mat,4.5,2.3411764705882354,24.47918597701838,27.11331409131628,27.1482293413412,-9.12346924529121
room_acoustic_data_room_2505.mat,4.5,2.3529411764705883,24.18538037393903,26.870006723698076,26.85055350007199,-9.022789791988956
room_acoustic_data_room_2506.mat,4.5,2.364705882352941,23.7220918614716,26.432059650160227,26.39618007746939,-8.845198993950126
room_acoustic_data_room_2507.mat,4.5,2.376470588235294,23.693245414515133,26.381477268353244,26.375726380666705,-8.81835822934921
room_acoustic_data_room_2508.mat,4.5,2.388235294117647,24.14281228081745,26.757955873301945,26.83425031888481,-8.957449678645322
room_acoustic_data_room_2509.mat,4.5,2.4,24.428835560681907,26.96291673588769,27.13285961170449,-9.024640320993832
room_acoustic_data_room_2510.mat,4.5,2.411764705882353,24.57820938083585,27.04158012219615,27.2871221155484,-9.048938001844357
room_acoustic_data_room_2511.mat,4.5,2.4235294117647057,24.59559217739672,27.018942900465962,27.294182879815597,-9.035563585934316
room_acoustic_data_room_2512.mat,4.5,2.4352941176470586,24.477099858374327,26.879218700192446,27.158194035248385,-8.980412227687482
room_acoustic_data_room_2513.mat,4.5,2.447058823529412,24.215968697833098,26.62839610505022,26.881445058787264,-8.87590209098361
room_acoustic_data_room_2514.mat,4.5,2.458823529411765,23.83268851369133,26.278793643316373,26.492576693074316,-8.740592339005461
room_acoustic_data_room_2515.mat,4.5,2.4705882352941178,23.632663695521863,26.107296487196905,26.299911424738593,-8.67202574236796
room_acoustic_data_room_2516.mat,4.5,2.4823529411764707,24.184368859778175,26.655966184925735,26.834069479305654,-8.880091880537229
room_acoustic_data_room_2517.mat,4.5,2.4941176470588236,24.56817022329006,27.04921088335528,27.210739694181562,-9.009134059182035
room_acoustic_data_room_2518.mat,4.5,2.5058823529411764,24.816425576842644,27.3210301390718,27.459693912904125,-9.094282763977745
room_acoustic_data_room_2519.mat,4.5,2.5176470588235293,24.92339017737589,27.490784218086354,27.554016659952385,-9.130763649987838
room_acoustic_data_room_2520.mat,4.5,2.5294117647058822,24.921276071801856,27.559175697859036,27.53694450313512,-9.150783469763322
room_acoustic_data_room_2521.mat,4.5,2.541176470588235,24.7906102516121,27.505727624744083,27.385807233999767,-9.134248346643217
room_acoustic_data_room_2522.mat,4.5,2.552941176470588,24.52048932789445,27.30000478463594,27.109475393593275,-9.068655784195377
room_acoustic_data_room_2523.mat,4.5,2.5647058823529414,24.130706442316345,26.931353079280676,26.739765564598443,-8.949485789361505
room_acoustic_data_room_2524.mat,4.5,2.5764705882352943,24.737675128722554,27.49511607575993,27.32484492703228,-9.17656388384751
room_acoustic_data_room_2525.mat,4.5,2.588235294117647,25.163541743609926,27.861900323845525,27.731703702320818,-9.309468209751298
room_acoustic_data_room_2526.mat,4.5,2.6,25.426556506637077,28.041469971327846,27.99715064128594,-9.36961585772087
room_acoustic_data_room_2527.mat,4.5,2.611764705882353,25.546981772691602,28.08161952070945,28.11576549271521,-9.378429962326452
room_acoustic_data_room_2528.mat,4.5,2.623529411764706,25.54464722310803,28.008625886840104,28.115100145182193,-9.355916253952278
room_acoustic_data_room_2529.mat,4.5,2.635294117647059,25.396264150115606,27.82778070803318,27.963721010875872,-9.278623635471563
room_acoustic_data_room_2530.mat,4.5,2.6470588235294117,25.09285029805418,27.524194680319752,27.663822796670672,-9.136920644379213
room_acoustic_data_room_2531.mat,4.5,2.6588235294117646,24.62020144418945,27.074778455261207,27.206942761010904,-8.91461365080313
room_acoustic_data_room_2532.mat,4.5,2.6705882352941175,24.846071676665797,27.280200738873788,27.411948813845356,-8.966658499518845
room_acoustic_data_room_2533.mat,4.5,2.6823529411764704,25.355122744133723,27.731344405260327,27.89285656816475,-9.14071580060008
room_acoustic_data_room_2534.mat,4.5,2.6941176470588237,25.714847034898,28.033246296645117,28.245691261000974,-9.256443365318678
room_acoustic_data_room_2535.mat,4.5,2.7058823529411766,25.93748550285682,28.219479530575427,28.46736755165339,-9.328257372473345
room_acoustic_data_room_2536.mat,4.5,2.7176470588235295,26.025631985823363,28.280674762196334,28.56658716309846,-9.359678227244387
room_acoustic_data_room_2537.mat,4.5,2.7294117647058824,25.93691233245154,28.190098908020538,28.48379994193909,-9.308832201179847
room_acoustic_data_room_2538.mat,4.5,2.7411764705882353,25.67260367653661,27.919913271768742,28.231153533875847,-9.176988762153094
room_acoustic_data_room_2539.mat,4.5,2.7529411764705882,25.24734066602399,27.472982257165963,27.82970966202006,-8.977278305868552
room_acoustic_data_room_2540.mat,4.5,2.764705882352941,25.168113936235844,27.310997492038965,27.76320565875496,-8.889443340424291
room_acoustic_data_room_2541.mat,4.5,2.776470588235294,25.67201540836134,27.620364581337068,28.25628114603638,-9.008103167896026
room_acoustic_data_room_2542.mat,4.5,2.788235294117647,26.017118294828343,27.741028636617404,28.612277365047447,-9.062997007273468
room_acoustic_data_room_2543.mat,4.5,2.8,26.19201834244279,27.740410931637236,28.770411229865537,-9.044652638774267
room_acoustic_data_room_2544.mat,4.5,2.8117647058823527,26.235606593905768,27.681657099588136,28.760978407796955,-8.99423537487316
room_acoustic_data_room_2545.mat,4.5,2.823529411764706,26.173149700818747,27.55595947738842,28.639674171969197,-8.942092166697021
room_acoustic_data_room_2546.mat,4.5,2.835294117647059,25.95913100714054,27.3444811477737,28.383061261066302,-8.851380760949393
room_acoustic_data_room_2547.mat,4.5,2.847058823529412,25.460948235488864,26.988260223002083,27.841969637666768,-8.59949060286695
room_acoustic_data_room_2548.mat,4.5,2.8588235294117648,26.009193833472594,27.57499354279919,28.269644487998672,-8.698442686471155
room_acoustic_data_room_2549.mat,4.5,2.8705882352941177,26.593008307802375,28.24735970646872,28.710591065187696,-8.776540107853556
room_acoustic_data_room_2550.mat,4.5,2.8823529411764706,26.945650284575805,28.75612060742149,28.926371330097133,-8.750700990993007
room_acoustic_data_room_2551.mat,4.5,2.8941176470588235,27.08803488414552,29.11961243420691,28.935582857327724,-8.641615133168335
room_acoustic_data_room_2552.mat,4.5,2.9058823529411764,27.97113815917699,30.19757279732091,29.599155616259193,-8.74832783818033
room_acoustic_data_room_2553.mat,4.5,2.9176470588235293,28.78674897110535,31.14416614688759,30.24772099755674,-8.84863186778665
room_acoustic_data_room_2554.mat,4.5,2.929411764705882,29.371031292918648,31.84096261320908,30.711237833305148,-8.845157407997824
room_acoustic_data_room_2555.mat,4.5,2.9411764705882355,29.752571212493525,32.273954320707546,31.018049515430075,-8.748906607872954
room_acoustic_data_room_2556.mat,4.5,2.9529411764705884,29.951043143680593,32.44809917213721,31.202967352758918,-8.562240396190283
room_acoustic_data_room_2557.mat,4.5,2.9647058823529413,30.03014797300663,32.42870041391546,31.324190354979862,-8.332911012730893
room_acoustic_data_room_2558.mat,4.5,2.976470588235294,30.02882177122568,32.28586399887231,31.40493265210513,-8.085773840474
room_acoustic_data_room_2559.mat,4.5,2.988235294117647,29.96727329617046,32.06571413953686,31.45744133601081,-7.828986930965753
room_acoustic_data_room_2560.mat,4.5,3.0,29.881070646694802,31.816033587157033,31.4984693801497,-7.588050444841564
room_acoustic_data_room_2561.mat,0.0,-1.5,28.811869091330195,31.672320391342144,30.460811137063114,-6.4936609309228235
room_acoustic_data_room_2562.mat,0.011764705882352941,-1.5,28.940760360018416,31.98420158845288,30.467753451269033,-6.770776001926447
room_acoustic_data_room_2563.mat,0.023529411764705882,-1.5,29.078181365572654,32.316429265273776,30.478025731002344,-7.09556071041614
room_acoustic_data_room_2564.mat,0.03529411764705882,-1.5,29.182173091808643,32.610969593826475,30.463932891619002,-7.435925092931357
room_acoustic_data_room_2565.mat,0.047058823529411764,-1.5,29.203849722206044,32.781834427671924,30.398703178871692,-7.754761308960495
room_acoustic_data_room_2566.mat,0.058823529411764705,-1.5,29.099027560624062,32.75736804728265,30.24412309476927,-8.021523462690288
room_acoustic_data_room_2567.mat,0.07058823529411765,-1.5,28.84221418380324,32.475513709349954,29.98698260909149,-8.22592194360216
room_acoustic_data_room_2568.mat,0.08235294117647059,-1.5,28.387367267287864,31.874812808510903,29.60141185764133,-8.33809341473906
room_acoustic_data_room_2569.mat,0.09411764705882353,-1.5,27.709947375055478,30.989999031496627,29.077550596300927,-8.349732586307612
room_acoustic_data_room_2570.mat,0.10588235294117647,-1.5,26.787362770717262,29.849952171399714,28.357097761498405,-8.253157546670897
room_acoustic_data_room_2571.mat,0.11764705882352941,-1.5,26.59518787171093,29.390572380412078,28.305274558165586,-8.332645193887888
room_acoustic_data_room_2572.mat,0.12941176470588237,-1.5,26.232068393316077,28.814686282782525,28.092956557060745,-8.31971611748158
room_acoustic_data_room_2573.mat,0.1411764705882353,-1.5,25.593172974748466,28.09779121654141,27.6011572399379,-8.16420672752469
room_acoustic_data_room_2574.mat,0.15294117647058825,-1.5,24.824961957171396,27.336421104951935,26.923834282055598,-8.006547827733208
room_acoustic_data_room_2575.mat,0.16470588235294117,-1.5,25.202208677789496,27.622153161130104,27.405824178658612,-8.178029226021087
room_acoustic_data_room_2576.mat,0.17647058823529413,-1.5,25.499270874718405,27.85089812355938,27.807988887314067,-8.339683037657098
room_acoustic_data_room_2577.mat,0.18823529411764706,-1.5,25.657622468767617,28.0008840178036,28.02486624933056,-8.485729876849073
room_acoustic_data_room_2578.mat,0.2,-1.5,25.67223322238302,28.07887084066614,28.061233333232746,-8.602347217428521
room_acoustic_data_room_2579.mat,0.21176470588235294,-1.5,25.54991693213655,28.084065748367408,27.91630923395075,-8.689118834084432
room_acoustic_data_room_2580.mat,0.2235294117647059,-1.5,25.2703629868062,27.93183333581333,27.627387555293787,-8.720041231847478
room_acoustic_data_room_2581.mat,0.23529411764705882,-1.5,24.80055085375913,27.566795367800005,27.164664788832194,-8.656143282895082
room_acoustic_data_room_2582.mat,0.24705882352941178,-1.5,25.16733808683565,27.86683080608363,27.560104547067677,-8.82589843948571
room_acoustic_data_room_2583.mat,0.25882352941176473,-1.5,25.512360122009273,28.117088748072643,27.932581661694478,-8.96568153501057
room_acoustic_data_room_2584.mat,0.27058823529411763,-1.5,25.705530518820478,28.210557298871258,28.156663654536406,-9.046962391489517
room_acoustic_data_room_2585.mat,0.2823529411764706,-1.5,25.757966445453164,28.18495285489992,28.2312071978636,-9.079988598624869
room_acoustic_data_room_2586.mat,0.29411764705882354,-1.5,25.71009903070832,28.09950603384964,28.170549932357403,-9.103948601454285
room_acoustic_data_room_2587.mat,0.3058823529411765,-1.5,25.539581583152,27.933167980904827,27.97772666553501,-9.095556094106865
room_acoustic_data_room_2588.mat,0.3176470588235294,-1.5,25.23813338220032,27.666446823041014,27.64172687377433,-9.045626565063596
room_acoustic_data_room_2589.mat,0.32941176470588235,-1.5,24.796985905019984,27.2742442394132,27.17931824567,-8.943486999893599
room_acoustic_data_room_2590.mat,0.3411764705882353,-1.5,24.632215874454104,27.144365572579154,27.003687153091967,-8.89804747767274
room_acoustic_data_room_2591.mat,0.35294117647058826,-1.5,24.951095093475423,27.47455027420827,27.332179529612187,-8.97625862634081
room_acoustic_data_room_2592.mat,0.36470588235294116,-1.5,25.167175440587897,27.712189581915307,27.58133025779906,-9.037746088254531
room_acoustic_data_room_2593.mat,0.3764705882352941,-1.5,25.281476501859473,27.865798227270933,27.731116932521637,-9.085959975645109
room_acoustic_data_room_2594.mat,0.38823529411764707,-1.5,25.281694134517366,27.953288482171494,27.73981276828455,-9.109776067455595
room_acoustic_data_room_2595.mat,0.4,-1.5,25.193325990899726,27.984413231760726,27.63175666676532,-9.13536148852732
room_acoustic_data_room_2596.mat,0.4117647058823529,-1.5,24.984085498570984,27.910663725527026,27.384701843001764,-9.130641876779958
room_acoustic_data_room_2597.mat,0.4235294117647059,-1.5,24.657165023732873,27.701943634124717,27.010903492008424,-9.097860759811008
room_acoustic_data_room_2598.mat,0.43529411764705883,-1.5,24.172300549667117,27.294104898193247,26.489978930251475,-8.993614570454987
room_acoustic_data_room_2599.mat,0.4470588235294118,-1.5,24.517937277407746,27.60501038236875,26.848253996132456,-9.062321865693978
room_acoustic_data_room_2600.mat,0.4588235294117647,-1.5,24.72236010137262,27.710245623649165,27.10007663526639,-9.062365885550431
room_acoustic_data_room_2601.mat,0.47058823529411764,-1.5,24.78340909209393,27.66062467450198,27.216213843267187,-9.009234715367734
room_acoustic_data_room_2602.mat,0.4823529411764706,-1.5,24.736652636776952,27.50210060791449,27.214291381371908,-8.940019786830021
room_acoustic_data_room_2603.mat,0.49411764705882355,-1.5,24.589081497019677,27.27264234503791,27.08266410638318,-8.862305428184245
room_acoustic_data_room_2604.mat,0.5058823529411764,-1.5,24.354695310673712,26.984754341589014,26.8352798655056,-8.790155681307624
room_acoustic_data_room_2605.mat,0.5176470588235295,-1.5,24.02017142781441,26.611340194194767,26.482709080231746,-8.709423958730998
room_acoustic_data_room_2606.mat,0.5294117647058824,-1.5,23.571173818249296,26.13977050664641,26.01251438639174,-8.603201988107429
room_acoustic_data_room_2607.mat,0.5411764705882353,-1.5,23.698328396450567,26.219407859719897,26.147877096154843,-8.611522124937503
room_acoustic_data_room_2608.mat,0.5529411764705883,-1.5,24.0039833857018,26.46685282632598,26.489831126563004,-8.66800154601031
room_acoustic_data_room_2609.mat,0.5647058823529412,-1.5,24.205909224393103,26.626259327019106,26.737559832998077,-8.712114173620952
room_acoustic_data_room_2610.mat,0.5764705882352941,-1.5,24.318133769417386,26.726312886530135,26.883304747313545,-8.759975626266618
room_acoustic_data_room_2611.mat,0.5882352941176471,-1.5,24.337912005811972,26.771138669930878,26.920634380611446,-8.809736693021005
room_acoustic_data_room_2612.mat,0.6,-1.5,24.258614946382746,26.760735271164485,26.835512759207994,-8.855001635174244
room_acoustic_data_room_2613.mat,0.611764705882353,-1.5,24.037587400892562,26.635491652601132,26.59286823394128,-8.852522331551166
room_acoustic_data_room_2614.mat,0.6235294117647059,-1.5,23.64944551751701,26.338747407055184,26.178842766149856,-8.774747862954968
room_acoustic_data_room_2615.mat,0.6352941176470588,-1.5,23.646787579973335,26.3870539111618,26.168564137372613,-8.7703562427752
room_acoustic_data_room_2616.mat,0.6470588235294118,-1.5,23.999148859108313,26.743941073734483,26.53595177945201,-8.836756902207638
room_acoustic_data_room_2617.mat,0.6588235294117647,-1.5,24.2010804059235,26.888086346448738,26.783036464646823,-8.845433463608176
room_acoustic_data_room_2618.mat,0.6705882352941176,-1.5,24.261627486818433,26.878102206715667,26.883735636011295,-8.807745427705141
room_acoustic_data_room_2619.mat,0.6823529411764706,-1.5,24.225790789622547,26.773962947890503,26.873988960368305,-8.769593162835871
room_acoustic_data_room_2620.mat,0.6941176470588235,-1.5,24.085962138174647,26.590341113087177,26.737673311400044,-8.72353116513736
room_acoustic_data_room_2621.mat,0.7058823529411765,-1.5,23.82933432750655,26.300239086915226,26.481367091985284,-8.656212423468586
room_acoustic_data_room_2622.mat,0.7176470588235294,-1.5,23.441052204020522,25.897386238519772,26.089327915411875,-8.55090884705119
room_acoustic_data_room_2623.mat,0.7294117647058823,-1.5,23.268416234726878,25.70655537050434,25.912933792259402,-8.503007322971186
room_acoustic_data_room_2624.mat,0.7411764705882353,-1.5,23.675023783575917,26.07825271922636,26.334735344977954,-8.598486141986463
room_acoustic_data_room_2625.mat,0.7529411764705882,-1.5,23.958799125694917,26.349509526504832,26.64975551475097,-8.663829831958198
room_acoustic_data_room_2626.mat,0.7647058823529411,-1.5,24.13601688249383,26.53847279918358,26.859418382882314,-8.717993000615959
room_acoustic_data_room_2627.mat,0.7764705882352941,-1.5,24.216801303750305,26.65724066000283,26.956786669822957,-8.772139899262784
room_acoustic_data_room_2628.mat,0.788235294117647,-1.5,24.164817538948903,26.681423895343265,26.896936796138085,-8.790108531264039
room_acoustic_data_room_2629.mat,0.8,-1.5,23.970172749422684,26.59587916079087,26.674449354894886,-8.761530639981094
room_acoustic_data_room_2630.mat,0.8117647058823529,-1.5,23.61371280670289,26.350048206444797,26.27356250389544,-8.665645071740274
room_acoustic_data_room_2631.mat,0.8235294117647058,-1.5,23.189452618299597,26.0058949725843,25.812681115642047,-8.517148184854511
room_acoustic_data_room_2632.mat,0.8352941176470589,-1.5,23.658665288139844,26.455513246948254,26.294637693002958,-8.657485010947525
room_acoustic_data_room_2633.mat,0.8470588235294118,-1.5,23.938561684553665,26.68226730394697,26.601378370116613,-8.700041054226462
room_acoustic_data_room_2634.mat,0.8588235294117647,-1.5,24.08134332658161,26.75383898263156,26.765695456010498,-8.700199707661405
room_acoustic_data_room_2635.mat,0.8705882352941177,-1.5,24.097267271741284,26.710718392013007,26.78149601065931,-8.669552600076843
room_acoustic_data_room_2636.mat,0.8823529411764706,-1.5,23.994470349133124,26.573219081529835,26.658324114500992,-8.616542543575434
room_acoustic_data_room_2637.mat,0.8941176470588236,-1.5,23.76422021826194,26.327912375829644,26.400897266238303,-8.532096010214476
room_acoustic_data_room_2638.mat,0.9058823529411765,-1.5,23.400297257268402,25.96655662464228,26.010582651869107,-8.408687361937094
room_acoustic_data_room_2639.mat,0.9176470588235294,-1.5,22.90044783500658,25.464950212580966,25.51468283609151,-8.24099322008873
room_acoustic_data_room_2640.mat,0.9294117647058824,-1.5,23.219917531717186,25.760821494584583,25.832358121966582,-8.326367026550688
room_acoustic_data_room_2641.mat,0.9411764705882353,-1.5,23.573264463972833,26.101348568128255,26.182536564158532,-8.423972707621324
room_acoustic_data_room_2642.mat,0.9529411764705882,-1.5,23.786772464292344,26.319717051643398,26.40544556654182,-8.475354061899099
room_acoustic_data_room_2643.mat,0.9647058823529412,-1.5,23.861138072925566,26.438819409190103,26.482027755680683,-8.482995076409786
room_acoustic_data_room_2644.mat,0.9764705882352941,-1.5,23.82506122899061,26.489050853579542,26.429607106736764,-8.476159437763721
room_acoustic_data_room_2645.mat,0.9882352941176471,-1.5,23.681225866081597,26.452027486552648,26.262461383134422,-8.457388010729657
room_acoustic_data_room_2646.mat,1.0,-1.5,23.401163766207688,26.292319227292506,25.94594052111833,-8.397219681434214
room_acoustic_data_room_2647.mat,1.011764705882353,-1.5,22.982696515450844,25.96188065532241,25.509421791801362,-8.290927895007808
room_acoustic_data_room_2648.mat,1.0235294117647058,-1.5,23.07286794614282,26.073554231393036,25.59645113975361,-8.315436055448242
room_acoustic_data_room_2649.mat,1.035294117647059,-1.5,23.44708915398225,26.398791159253953,25.992579559751704,-8.412848894849233
room_acoustic_data_room_2650.mat,1.0470588235294118,-1.5,23.663289591816365,26.530674264813882,26.253130239453082,-8.444841762859754
room_acoustic_data_room_2651.mat,1.0588235294117647,-1.5,23.761040992192477,26.517168267013002,26.402570548348542,-8.453296889802308
room_acoustic_data_room_2652.mat,1.0705882352941176,-1.5,23.729728031134524,26.400433142854975,26.403274797228093,-8.428474684659658
room_acoustic_data_room_2653.mat,1.0823529411764705,-1.5,23.570518607013224,26.203390368850997,26.246204632925917,-8.3716056181322
room_acoustic_data_room_2654.mat,1.0941176470588236,-1.5,23.291113316876878,25.907063976933916,25.963173728238328,-8.289667568998642
room_acoustic_data_room_2655.mat,1.1058823529411765,-1.5,22.874733827309917,25.498331764214775,25.537738626980687,-8.163787541333212
room_acoustic_data_room_2656.mat,1.1176470588235294,-1.5,22.728287984262412,25.35384451158783,25.384481645228366,-8.108104474986082
room_acoustic_data_room_2657.mat,1.1294117647058823,-1.5,23.159591172412817,25.760892408403375,25.81371321225504,-8.23923501971612
room_acoustic_data_room_2658.mat,1.1411764705882352,-1.5,23.470389836295237,26.061945077073133,26.131443145641263,-8.341678238343563
room_acoustic_data_room_2659.mat,1.1529411764705881,-1.5,23.64908374522022,26.258824897768296,26.310890773322377,-8.406666845609186
room_acoustic_data_room_2660.mat,1.1647058823529413,-1.5,23.700513212982703,26.364682106444157,26.35261874472188,-8.440230553182372
room_acoustic_data_room_2661.mat,1.1764705882352942,-1.5,23.63658236441955,26.37217161571161,26.278025471426258,-8.454514591851165
room_acoustic_data_room_2662.mat,1.188235294117647,-1.5,23.441273621795922,26.270022148129648,26.055004896947842,-8.432979817182026
room_acoustic_data_room_2663.mat,1.2,-1.5,23.14329505828922,26.06098823291439,25.722515885721407,-8.40259434809828
room_acoustic_data_room_2664.mat,1.2117647058823529,-1.5,22.867491649382803,25.839101960177942,25.422345866744728,-8.363401197967876
room_acoustic_data_room_2665.mat,1.223529411764706,-1.5,23.27530096329201,26.20275025109462,25.854634496339195,-8.447511517013567
room_acoustic_data_room_2666.mat,1.2352941176470589,-1.5,23.5195112055519,26.363654161175674,26.138730607150343,-8.459140384403227
room_acoustic_data_room_2667.mat,1.2470588235294118,-1.5,23.65248841368187,26.408013143706278,26.29776812894248,-8.453994704396141
room_acoustic_data_room_2668.mat,1.2588235294117647,-1.5,23.658966830413807,26.340139132638434,26.30947020807834,-8.418310242594027
room_acoustic_data_room_2669.mat,1.2705882352941176,-1.5,23.5548973681972,26.19048502395392,26.193291389758137,-8.36844055617345
room_acoustic_data_room_2670.mat,1.2823529411764707,-1.5,23.342309660305038,25.96067779636016,25.956368127564076,-8.306044912017086
room_acoustic_data_room_2671.mat,1.2941176470588236,-1.5,23.02747566692267,25.625975729984283,25.643106489572645,-8.235930093404818
room_acoustic_data_room_2672.mat,1.3058823529411765,-1.5,22.575227477478972,25.17358370357295,25.19988726636268,-8.119622598422712
room_acoustic_data_room_2673.mat,1.3176470588235294,-1.5,22.975580669792357,25.55141046874674,25.59985279119693,-8.218054994739116
room_acoustic_data_room_2674.mat,1.3294117647058823,-1.5,23.30246705209546,25.870485837938794,25.93950754925418,-8.2895715616499
room_acoustic_data_room_2675.mat,1.3411764705882352,-1.5,23.51838888774571,26.094231969026364,26.17074312015624,-8.344314335804128
room_acoustic_data_room_2676.mat,1.3529411764705883,-1.5,23.628325954239656,26.250171991417552,26.27920347572635,-8.389104514316019
room_acoustic_data_room_2677.mat,1.3647058823529412,-1.5,23.62312595049806,26.341568286716452,26.240471600625877,-8.415371856573108
room_acoustic_data_room_2678.mat,1.3764705882352941,-1.5,23.50787994700167,26.350502263962447,26.074353040877455,-8.427979227244538
room_acoustic_data_room_2679.mat,1.388235294117647,-1.5,23.262100212486633,26.227759026979957,25.76696300260478,-8.40521106428151
room_acoustic_data_room_2680.mat,1.4,-1.5,22.867711010153787,25.910492302868224,25.337592434591627,-8.326066246814085
room_acoustic_data_room_2681.mat,1.411764705882353,-1.5,23.097394994572372,26.125447180202745,25.567630795575234,-8.401360309504236
room_acoustic_data_room_2682.mat,1.423529411764706,-1.5,23.48208650612968,26.451959853581922,25.969722590338957,-8.509421852687476
room_acoustic_data_room_2683.mat,1.4352941176470588,-1.5,23.74484323387845,26.629816185787277,26.255485798632098,-8.58941600579613
room_acoustic_data_room_2684.mat,1.4470588235294117,-1.5,23.869281331025807,26.67056903167984,26.40347377062462,-8.627201795944874
room_acoustic_data_room_2685.mat,1.4588235294117646,-1.5,23.85085038456799,26.597772921148554,26.39261551167594,-8.61903365560016
room_acoustic_data_room_2686.mat,1.4705882352941178,-1.5,23.677538625870906,26.39310595069622,26.224138734630227,-8.552819291518215
room_acoustic_data_room_2687.mat,1.4823529411764707,-1.5,23.425951824230307,26.10544384641118,25.97728003411943,-8.504137151417572
room_acoustic_data_room_2688.mat,1.4941176470588236,-1.5,23.02479121643755,25.696409585538433,25.5694807668362,-8.39908094153645
room_acoustic_data_room_2689.mat,1.5058823529411764,-1.5,23.03576855857735,25.701114708365242,25.579818553463518,-8.410058323877026
room_acoustic_data_room_2690.mat,1.5176470588235293,-1.5,23.47339763325854,26.104216169907012,26.040272616917292,-8.551583004277019
room_acoustic_data_room_2691.mat,1.5294117647058822,-1.5,23.777673574715227,26.39107172093872,26.37565747901009,-8.65295428777386
room_acoustic_data_room_2692.mat,1.5411764705882354,-1.5,23.96670398010557,26.59099741047424,26.58603346798934,-8.73488730231821
room_acoustic_data_room_2693.mat,1.5529411764705883,-1.5,24.043337930421117,26.71565076300936,26.661204542853717,-8.80125845071031
room_acoustic_data_room_2694.mat,1.5647058823529412,-1.5,23.9791359692483,26.741527615274624,26.574917712988764,-8.823708801380304
room_acoustic_data_room_2695.mat,1.576470588235294,-1.5,23.73948136192848,26.614949809798457,26.300720912772334,-8.766816774446335
room_acoustic_data_room_2696.mat,1.588235294117647,-1.5,23.32754352261194,26.302164918186254,25.859734130812335,-8.631508910418095
room_acoustic_data_room_2697.mat,1.6,-1.5,23.08146165009839,26.09128207383869,25.606412088166817,-8.539817026032447
room_acoustic_data_room_2698.mat,1.611764705882353,-1.5,23.548705948642585,26.495035070431257,26.096148373639913,-8.691816935191492
room_acoustic_data_room_2699.mat,1.6235294117647059,-1.5,23.86249200320578,26.72536848461203,26.434752492513102,-8.782591414903113
room_acoustic_data_room_2700.mat,1.6352941176470588,-1.5,24.017615608869562,26.79765464137064,26.60723337297494,-8.809861644489462
room_acoustic_data_room_2701.mat,1.6470588235294117,-1.5,24.035293715807246,26.74826967389368,26.625441643712566,-8.796072405081498
room_acoustic_data_room_2702.mat,1.6588235294117648,-1.5,23.907911062188308,26.5802440179722,26.479691601298928,-8.73383664085077
room_acoustic_data_room_2703.mat,1.6705882352941177,-1.5,23.6545463493444,26.309945184804153,26.20582052665123,-8.641650992884122
room_acoustic_data_room_2704.mat,1.6823529411764706,-1.5,23.257308453560025,25.91122243727931,25.80118880276213,-8.499782918104875
room_acoustic_data_room_2705.mat,1.6941176470588235,-1.5,22.789309499988576,25.453512182732997,25.344933299930158,-8.333704795001605
room_acoustic_data_room_2706.mat,1.7058823529411764,-1.5,23.281292973676614,25.886283197874135,25.864653096164034,-8.489747562461163
room_acoustic_data_room_2707.mat,1.7176470588235293,-1.5,23.63303237801714,26.19439574761072,26.256338187019495,-8.596767782901928
room_acoustic_data_room_2708.mat,1.7294117647058824,-1.5,23.85536536371186,26.42262625597502,26.50071300970363,-8.668908698446723
room_acoustic_data_room_2709.mat,1.7411764705882353,-1.5,23.984007837560192,26.600216924834523,26.627644904039343,-8.743351392889254
room_acoustic_data_room_2710.mat,1.7529411764705882,-1.5,23.99382091396418,26.698170910144484,26.615663577889,-8.795327347144541
room_acoustic_data_room_2711.mat,1.7647058823529411,-1.5,23.848416072996883,26.664919946626906,26.44059584878821,-8.788045396729284
room_acoustic_data_room_2712.mat,1.776470588235294,-1.5,23.578288197882905,26.497814294690496,26.134640815675315,-8.750498902212827
room_acoustic_data_room_2713.mat,1.7882352941176471,-1.5,23.120526199172676,26.102598831361775,25.662683895107637,-8.616435907642575
room_acoustic_data_room_2714.mat,1.8,-1.5,23.501271793286087,26.453713345365045,26.05512078434773,-8.76057123265949
room_acoustic_data_room_2715.mat,1.811764705882353,-1.5,23.880541417536886,26.778767624544358,26.44471099007946,-8.872247756161102
room_acoustic_data_room_2716.mat,1.8235294117647058,-1.5,24.07545511894714,26.913002304741063,26.64912864476358,-8.893387487260249
room_acoustic_data_room_2717.mat,1.8352941176470587,-1.5,24.1478370099037,26.907465804537804,26.73437521976673,-8.887554492614006
room_acoustic_data_room_2718.mat,1.8470588235294119,-1.5,24.090189638404105,26.793440507083695,26.671493259425986,-8.847772886980017
room_acoustic_data_room_2719.mat,1.8588235294117648,-1.5,23.918947513984826,26.568040712079032,26.501934876749303,-8.790236074055764
room_acoustic_data_room_2720.mat,1.8705882352941177,-1.5,23.631594693549324,26.234985784905636,26.22387101732036,-8.711238713016193
room_acoustic_data_room_2721.mat,1.8823529411764706,-1.5,23.165272661261618,25.761104505352414,25.770001776794583,-8.545089342744928
room_acoustic_data_room_2722.mat,1.8941176470588235,-1.5,23.30921950500962,25.89024289607221,25.916770012642377,-8.598273407925848
room_acoustic_data_room_2723.mat,1.9058823529411764,-1.5,23.748188953253635,26.319885543249168,26.35230174140289,-8.746743402469166
room_acoustic_data_room_2724.mat,1.9176470588235295,-1.5,24.04186964492174,26.623901392209085,26.648841742990854,-8.842956866117799
room_acoustic_data_room_2725.mat,1.9294117647058824,-1.5,24.21106763949256,26.826302547847412,26.82611346945515,-8.909814520856651
room_acoustic_data_room_2726.mat,1.9411764705882353,-1.5,24.27869243289479,26.955930919346205,26.887881097977257,-8.97094858093304
room_acoustic_data_room_2727.mat,1.9529411764705882,-1.5,24.20504631789157,26.976932938754356,26.791248631628775,-8.986598766858187
room_acoustic_data_room_2728.mat,1.964705882352941,-1.5,23.969014962592112,26.859913809816284,26.51300200179207,-8.934775013848883
room_acoustic_data_room_2729.mat,1.9764705882352942,-1.5,23.575481776609074,26.581066501343663,26.071135776174902,-8.818050233773118
room_acoustic_data_room_2730.mat,1.988235294117647,-1.5,23.46436102526998,26.51456994867697,25.939937051012613,-8.77259278861483
room_acoustic_data_room_2731.mat,2.0,-1.5,23.91831955952664,26.899632388315542,26.429662253116216,-8.914375888199132
room_acoustic_data_room_2732.mat,2.011764705882353,-1.5,24.188471500619055,27.074730082641967,26.747193600696647,-8.964634093328808
room_acoustic_data_room_2733.mat,2.023529411764706,-1.5,24.309068232312406,27.104168355001658,26.896320979444653,-8.960166928818879
room_acoustic_data_room_2734.mat,2.0352941176470587,-1.5,24.296878672477828,27.013132751697185,26.895989458527808,-8.918736208611879
room_acoustic_data_room_2735.mat,2.0470588235294116,-1.5,24.152388976459743,26.815460243568722,26.740726066136222,-8.840971157087617
room_acoustic_data_room_2736.mat,2.0588235294117645,-1.5,23.90332145285331,26.531847473543916,26.475467966846338,-8.75403033556657
room_acoustic_data_room_2737.mat,2.070588235294118,-1.5,23.530130213071544,26.13921051116406,26.09062187748126,-8.63658040910302
room_acoustic_data_room_2738.mat,2.0823529411764707,-1.5,23.16111474216523,25.766870894387925,25.730827219993984,-8.501660905016324
room_acoustic_data_room_2739.mat,2.0941176470588236,-1.5,23.629657368108894,26.18121975630562,26.225135541493493,-8.638048305852477
room_acoustic_data_room_2740.mat,2.1058823529411765,-1.5,23.938663546982607,26.45782365534101,26.574510213985057,-8.706540241678645
room_acoustic_data_room_2741.mat,2.1176470588235294,-1.5,24.14952574409049,26.6632353719162,26.820628262032102,-8.771598940305761
room_acoustic_data_room_2742.mat,2.1294117647058823,-1.5,24.262552166845403,26.810955859079403,26.942847813686576,-8.834838659733343
room_acoustic_data_room_2743.mat,2.1411764705882352,-1.5,24.271819209819586,26.896658870780072,26.93697164855804,-8.89067705562935
room_acoustic_data_room_2744.mat,2.152941176470588,-1.5,24.16991739667782,26.89733525527234,26.80102265715655,-8.931398816282844
room_acoustic_data_room_2745.mat,2.164705882352941,-1.5,23.933820254879905,26.77112586144311,26.518563310049434,-8.932643174089607
room_acoustic_data_room_2746.mat,2.176470588235294,-1.5,23.513166472563963,26.43584134237028,26.064135607448215,-8.840867425211886
room_acoustic_data_room_2747.mat,2.1882352941176473,-1.5,23.93031055393007,26.812501163902347,26.507935470936673,-8.982246043975826
room_acoustic_data_room_2748.mat,2.2,-1.5,24.30181277360813,27.066861495257093,26.94048021470377,-9.093176930961096
room_acoustic_data_room_2749.mat,2.211764705882353,-1.5,24.53588635194952,27.186481225049906,27.217083855087203,-9.161189482740127
room_acoustic_data_room_2750.mat,2.223529411764706,-1.5,24.629387120012414,27.166043069102862,27.346642905636184,-9.18474832920393
room_acoustic_data_room_2751.mat,2.235294117647059,-1.5,24.571684686555244,27.03393796817403,27.295679940736758,-9.153700912021066
room_acoustic_data_room_2752.mat,2.2470588235294118,-1.5,24.37558944174838,26.804584175283924,27.087810163963155,-9.080687810610563
room_acoustic_data_room_2753.mat,2.2588235294117647,-1.5,24.0371893785005,26.45624756470109,26.737319211467742,-8.9607605280323
room_acoustic_data_room_2754.mat,2.2705882352941176,-1.5,23.552584177041936,25.98639447199674,26.240032078781216,-8.787342435812851
room_acoustic_data_room_2755.mat,2.2823529411764705,-1.5,23.73078316261338,26.141595317746734,26.419477289036575,-8.840563335414295
room_acoustic_data_room_2756.mat,2.2941176470588234,-1.5,24.14490969996898,26.521223099890676,26.84754517047423,-8.971745841578823
room_acoustic_data_room_2757.mat,2.3058823529411763,-1.5,24.400462547971905,26.77618399788357,27.116924902036722,-9.038047860079907
room_acoustic_data_room_2758.mat,2.3176470588235296,-1.5,24.530895357173925,26.95046103035686,27.246098388820826,-9.0747991377074
room_acoustic_data_room_2759.mat,2.3294117647058825,-1.5,24.54732901546607,27.0510802194529,27.244350327898182,-9.09366102278952
room_acoustic_data_room_2760.mat,2.3411764705882354,-1.5,24.447508642650625,27.069029474788387,27.104987978468746,-9.092212032304776
room_acoustic_data_room_2761.mat,2.3529411764705883,-1.5,24.22368122618262,26.98248175184107,26.826480715896363,-9.061788754866452
room_acoustic_data_room_2762.mat,2.364705882352941,-1.5,23.861081045364312,26.74085341577249,26.40606964059611,-8.985293054414383
room_acoustic_data_room_2763.mat,2.376470588235294,-1.5,23.84556643706286,26.785114693766594,26.35291966695206,-8.9700702531837
room_acoustic_data_room_2764.mat,2.388235294117647,-1.5,24.258607814366528,27.15808220858642,26.76979300278116,-9.072864476232388
room_acoustic_data_room_2765.mat,2.4,-1.5,24.488675085394803,27.311024935838688,27.018650591682363,-9.084520625906489
room_acoustic_data_room_2766.mat,2.411764705882353,-1.5,24.58664676811068,27.32662178567402,27.127675438073652,-9.058077787180137
room_acoustic_data_room_2767.mat,2.4235294117647057,-1.5,24.565845106853384,27.231641426467093,27.10446955986853,-9.007459465552808
room_acoustic_data_room_2768.mat,2.4352941176470586,-1.5,24.45052003921319,27.067568703684554,26.972533911332775,-8.956708696959694
room_acoustic_data_room_2769.mat,2.447058823529412,-1.5,24.245157869105096,26.821328529117665,26.747010076483196,-8.909456687961963
room_acoustic_data_room_2770.mat,2.458823529411765,-1.5,23.915911217109638,26.467451544882934,26.41173370467818,-8.829811204644626
room_acoustic_data_room_2771.mat,2.4705882352941178,-1.5,23.761211298290164,26.281707540006195,26.275483094069408,-8.792673332657788
room_acoustic_data_room_2772.mat,2.4823529411764707,-1.5,24.215258684217215,26.677248287090695,26.766359376720736,-8.903946190364845
room_acoustic_data_room_2773.mat,2.4941176470588236,-1.5,24.56650634941475,26.99647366566086,27.15606447592276,-9.001492254469284
room_acoustic_data_room_2774.mat,2.5058823529411764,-1.5,24.806825050223363,27.249983436388312,27.42508323508718,-9.079739461831762
room_acoustic_data_room_2775.mat,2.5176470588235293,-1.5,24.949788827997132,27.447622771412114,27.57715089710246,-9.153024082153904
room_acoustic_data_room_2776.mat,2.5294117647058822,-1.5,24.972755694603403,27.574485859074255,27.57898545746272,-9.19854421796473
room_acoustic_data_room_2777.mat,2.541176470588235,-1.5,24.87100997550263,27.620114088242428,27.423728213619874,-9.210894418357757
room_acoustic_data_room_2778.mat,2.552941176470588,-1.5,24.634284355288937,27.53351538478379,27.125120879664507,-9.178241242704537
room_acoustic_data_room_2779.mat,2.5647058823529414,-1.5,24.26077594737627,27.264030473945322,26.71031245963343,-9.081600934133036
room_acoustic_data_room_2780.mat,2.5764705882352943,-1.5,24.777568421809917,27.72007872372682,27.24710442559839,-9.218926021449063
room_acoustic_data_room_2781.mat,2.588235294117647,-1.5,25.12312596837335,27.95703134034663,27.636485225394743,-9.27138109499607
room_acoustic_data_room_2782.mat,2.6,-1.5,25.336022319793308,28.07444615073882,27.874019111505717,-9.280888033267413
room_acoustic_data_room_2783.mat,2.611764705882353,-1.5,25.436481738677223,28.081082630248524,27.99277736291936,-9.269003781945004
room_acoustic_data_room_2784.mat,2.623529411764706,-1.5,25.426233078515388,28.01253097863096,27.978378773063284,-9.237748793528489
room_acoustic_data_room_2785.mat,2.635294117647059,-1.5,25.29745335623884,27.844711886276052,27.83907069029207,-9.179172869530976
room_acoustic_data_room_2786.mat,2.6470588235294117,-1.5,25.043026275600898,27.57121627641184,27.56874148210178,-9.085459721511906
room_acoustic_data_room_2787.mat,2.6588235294117646,-1.5,24.65049066985228,27.16133513430645,27.17127181764793,-8.942026130048589
room_acoustic_data_room_2788.mat,2.6705882352941175,-1.5,24.800747668031306,27.262710453230525,27.34219567036494,-8.923557483020177
room_acoustic_data_room_2789.mat,2.6823529411764704,-1.5,25.192842151781125,27.602495295678192,27.77072627614772,-8.979595674198773
room_acoustic_data_room_2790.mat,2.6941176470588237,-1.5,25.478856179596477,27.846383576458745,28.10021252727553,-9.019986335721503
room_acoustic_data_room_2791.mat,2.7058823529411766,-1.5,25.663019361161933,28.037336869674945,28.30201215393221,-9.050727071800925
room_acoustic_data_room_2792.mat,2.7176470588235295,-1.5,25.761212520882708,28.190175111757796,28.380830834258237,-9.08816592957203
room_acoustic_data_room_2793.mat,2.7294117647058824,-1.5,25.737565463032478,28.260859214153356,28.31394183405358,-9.09651495932913
room_acoustic_data_room_2794.mat,2.7411764705882353,-1.5,25.56652354272146,28.2235583653863,28.081682243725574,-9.050013558033744
room_acoustic_data_room_2795.mat,2.7529411764705882,-1.5,25.210890487456684,27.98136785661501,27.678291983283504,-8.910217050785693
room_acoustic_data_room_2796.mat,2.764705882352941,-1.5,25.02325128836484,27.826829291653628,27.46827503638424,-8.788646516068404
room_acoustic_data_room_2797.mat,2.776470588235294,-1.5,25.531064853272277,28.193115651392993,27.953968874276676,-8.907708665764808
room_acoustic_data_room_2798.mat,2.788235294117647,-1.5,25.889479446861607,28.31178611973781,28.298085158396525,-8.970328974644628
room_acoustic_data_room_2799.mat,2.8,-1.5,26.120057030173843,28.306183246581064,28.517810625811602,-9.001099216527653
room_acoustic_data_room_2800.mat,2.8117647058823527,-1.5,26.179110441290163,28.183155683223546,28.55279544699573,-8.959825772258265
room_acoustic_data_room_2801.mat,2.823529411764706,-1.5,26.061073547850214,27.95682113671326,28.38379663187307,-8.847105942338855
room_acoustic_data_room_2802.mat,2.835294117647059,-1.5,25.775111947758454,27.648917542745778,28.005030602832118,-8.68154569433494
room_acoustic_data_room_2803.mat,2.847058823529412,-1.5,25.25779039868834,27.18762346073644,27.370660387003895,-8.410032866711845
room_acoustic_data_room_2804.mat,2.8588235294117648,-1.5,25.989153624894872,27.791898280554477,28.039312652387824,-8.679408758188456
room_acoustic_data_room_2805.mat,2.8705882352941177,-1.5,26.775442356279267,28.486413923153876,28.738440520003557,-8.956818233018609
room_acoustic_data_room_2806.mat,2.8823529411764706,-1.5,27.292326001665046,29.068667092640823,29.11268597431033,-9.095812738026755
room_acoustic_data_room_2807.mat,2.8941176470588235,-1.5,27.5793828697017,29.533994861396554,29.243641766234983,-9.134659142890722
room_acoustic_data_room_2808.mat,2.9058823529411764,-1.5,28.791669452001074,30.875781728734527,30.270417855092404,-9.504379039242268
room_acoustic_data_room_2809.mat,2.9176470588235293,-1.5,29.706381763904712,32.00892613586539,30.979759407946762,-9.703723427988301
room_acoustic_data_room_2810.mat,2.929411764705882,-1.5,30.311012455527766,32.839882208407275,31.42984528324365,-9.723420359248596
room_acoustic_data_room_2811.mat,2.9411764705882355,-1.5,30.682184952256193,33.34527199754024,31.72367440125028,-9.621848347153666
room_acoustic_data_room_2812.mat,2.9529411764705884,-1.5,30.845403206889138,33.557479803805364,31.876541085033374,-9.406368954545298
room_acoustic_data_room_2813.mat,2.9647058823529413,-1.5,30.877238188089343,33.53500012677981,31.964258044394974,-9.136794567661957
room_acoustic_data_room_2814.mat,2.976470588235294,-1.5,30.81426029592496,33.35915977172643,32.010662958772095,-8.834962273262747
room_acoustic_data_room_2815.mat,2.988235294117647,-1.5,30.710466975994738,33.10567410147491,32.03794131171286,-8.542377555000527
room_acoustic_data_room_2816.mat,3.0,-1.5,30.578774366851505,32.81498652266742,32.04967099499732,-8.261646578741061
room_acoustic_data_room_2817.mat,0.0,4.5,29.39044758323004,31.740338745802333,31.128704285080953,-7.071452150219569
room_acoustic_data_room_2818.mat,0.011764705882352941,4.5,29.496059006813006,32.01873679352714,31.114404622859972,-7.324911707099298
room_acoustic_data_room_2819.mat,0.023529411764705882,4.5,29.579223116925313,32.27940873204523,31.0905710431137,-7.594908754083224
room_acoustic_data_room_2820.mat,0.03529411764705882,4.5,29.624647166980367,32.485268374774925,31.053341229902642,-7.875988451111473
room_acoustic_data_room_2821.mat,0.047058823529411764,4.5,29.613044475641907,32.60274750821283,30.98769519022833,-8.160633470278793
room_acoustic_data_room_2822.mat,0.058823529411764705,4.5,29.475739615043484,32.54289548214897,30.848357726737735,-8.393845734437093
room_acoustic_data_room_2823.mat,0.07058823529411765,4.5,29.178039328000544,32.24220652958165,30.611503131893883,-8.556248618982378
room_acoustic_data_room_2824.mat,0.08235294117647059,4.5,28.67162658892052,31.647534374126735,30.226514111240466,-8.615895006942424
room_acoustic_data_room_2825.mat,0.09411764705882353,4.5,27.972629970160888,30.80886238093158,29.66159031970023,-8.605352838039355
room_acoustic_data_room_2826.mat,0.10588235294117647,4.5,27.051870318303287,29.74437244340796,28.874131568267952,-8.510399744601408
room_acoustic_data_room_2827.mat,0.11764705882352941,4.5,26.894925542966817,29.31518413932767,28.804641115913576,-8.632756646109902
room_acoustic_data_room_2828.mat,0.12941176470588237,4.5,26.54977696846265,28.75994887447193,28.558663934849374,-8.636283611097786
room_acoustic_data_room_2829.mat,0.1411764705882353,4.5,25.94464762788271,28.051910763597768,28.150354680817216,-8.511158200690844
room_acoustic_data_room_2830.mat,0.15294117647058825,4.5,25.202349622842615,27.259952472986214,27.571771533327475,-8.373459292970113
room_acoustic_data_room_2831.mat,0.16470588235294117,4.5,25.660589447578204,27.520240782699755,28.12595666873136,-8.63343978708522
room_acoustic_data_room_2832.mat,0.17647058823529413,4.5,26.000585274147404,27.716588071774893,28.540871389761246,-8.837051150459297
room_acoustic_data_room_2833.mat,0.18823529411764706,4.5,26.135564554225756,27.80142517722773,28.736706172938394,-8.958735767889117
room_acoustic_data_room_2834.mat,0.2,4.5,26.086054523225933,27.82719683744351,28.71513307062485,-9.0111376340162
room_acoustic_data_room_2835.mat,0.21176470588235294,4.5,25.863049472121787,27.769110062277793,28.491538572009457,-8.99895768305235
room_acoustic_data_room_2836.mat,0.2235294117647059,4.5,25.444088371458186,27.550147428921015,28.08109222023728,-8.8945587472955
room_acoustic_data_room_2837.mat,0.23529411764705882,4.5,24.866783675335846,27.146141218710703,27.522704505991218,-8.729356827904834
room_acoustic_data_room_2838.mat,0.24705882352941178,4.5,25.264051955142044,27.532721439131613,27.924646072156246,-8.922978011187427
room_acoustic_data_room_2839.mat,0.25882352941176473,4.5,25.62958371460195,27.848138620173913,28.301172756188603,-9.08072845901739
room_acoustic_data_room_2840.mat,0.27058823529411763,4.5,25.816803643183384,27.974905705366243,28.50818720223469,-9.155563653718676
room_acoustic_data_room_2841.mat,0.2823529411764706,4.5,25.84508900640045,27.95211995520875,28.54864566819696,-9.165204538652933
room_acoustic_data_room_2842.mat,0.29411764705882354,4.5,25.771622695220096,27.83401844730141,28.48357734814808,-9.16486050644173
room_acoustic_data_room_2843.mat,0.3058823529411765,4.5,25.57587118627248,27.614779688202002,28.293386747055717,-9.132577540060327
room_acoustic_data_room_2844.mat,0.3176470588235294,4.5,25.244050672983946,27.29031351078154,27.960833782228775,-9.053450181754176
room_acoustic_data_room_2845.mat,0.32941176470588235,4.5,24.801245505001933,26.88171481200979,27.498900359013,-8.950607362731553
room_acoustic_data_room_2846.mat,0.3411764705882353,4.5,24.682968878749367,26.798833936079,27.338687617185823,-8.945831450554394
room_acoustic_data_room_2847.mat,0.35294117647058826,4.5,25.07586878576617,27.190456242758966,27.699092301068085,-9.099029627058567
room_acoustic_data_room_2848.mat,0.36470588235294116,4.5,25.333984165193208,27.45954027553085,27.93448330820505,-9.202991840106952
room_acoustic_data_room_2849.mat,0.3764705882352941,4.5,25.47985774664074,27.634067637393915,28.072477811527243,-9.282722423116148
room_acoustic_data_room_2850.mat,0.38823529411764707,4.5,25.51245825339995,27.735665262978845,28.094844880155776,-9.338360322081243
room_acoustic_data_room_2851.mat,0.4,4.5,25.42856842646309,27.739558953974218,27.999403065941195,-9.367378850703073
room_acoustic_data_room_2852.mat,0.4117647058823529,4.5,25.203738636188678,27.610004661216635,27.769728964976007,-9.345688045770158
room_acoustic_data_room_2853.mat,0.4235294117647059,4.5,24.845992915389175,27.34507383769821,27.40359482800683,-9.28070873408076
room_acoustic_data_room_2854.mat,0.43529411764705883,4.5,24.309977636299635,26.873145457868468,26.882597637658044,-9.12448499051121
room_acoustic_data_room_2855.mat,0.4470588235294118,4.5,24.67359434610327,27.223638375976982,27.25871973527933,-9.226352854305217
room_acoustic_data_room_2856.mat,0.4588235294117647,4.5,24.906253890674193,27.41006406001697,27.514825605287175,-9.25457331826825
room_acoustic_data_room_2857.mat,0.47058823529411764,4.5,24.97392630796454,27.419048048174872,27.610096586138425,-9.208177256538265
room_acoustic_data_room_2858.mat,0.4823529411764706,4.5,24.92264822049165,27.30948441449304,27.588271042783777,-9.135006443783045
room_acoustic_data_room_2859.mat,0.49411764705882355,4.5,24.760640999349768,27.10579115651791,27.452790020746246,-9.043927587747348
room_acoustic_data_room_2860.mat,0.5058823529411764,4.5,24.496853592260326,26.79928617087303,27.214108841159266,-8.943756342656707
room_acoustic_data_room_2861.mat,0.5176470588235295,4.5,24.117027904733984,26.386064196382748,26.8558220458425,-8.81903212818861
room_acoustic_data_room_2862.mat,0.5294117647058824,4.5,23.60122120197471,25.868708172918673,26.353715471358647,-8.646813486752015
room_acoustic_data_room_2863.mat,0.5411764705882353,4.5,23.798251228504817,26.039229438881804,26.542588586115386,-8.700818357998006
room_acoustic_data_room_2864.mat,0.5529411764705883,4.5,24.138252296811302,26.35521814764326,26.8637564137303,-8.794429933333143
room_acoustic_data_room_2865.mat,0.5647058823529412,4.5,24.36133173909852,26.570145289538534,27.074318374367262,-8.862154384372106
room_acoustic_data_room_2866.mat,0.5764705882352941,4.5,24.457398177045874,26.683626159993953,27.17293138989236,-8.895750099015835
room_acoustic_data_room_2867.mat,0.5882352941176471,4.5,24.443865301868335,26.724957946973458,27.163705446986718,-8.913484295590614
room_acoustic_data_room_2868.mat,0.6,4.5,24.315167712403177,26.6867971069013,27.02077474019928,-8.91010885635389
room_acoustic_data_room_2869.mat,0.611764705882353,4.5,24.06452867089099,26.51443899556776,26.76127045685961,-8.878394319476998
room_acoustic_data_room_2870.mat,0.6235294117647059,4.5,23.671891216139226,26.16676961046052,26.38492547702485,-8.79626232424741
room_acoustic_data_room_2871.mat,0.6352941176470588,4.5,23.72102198318844,26.212413699315057,26.449642221593596,-8.844841148235151
room_acoustic_data_room_2872.mat,0.6470588235294118,4.5,24.155833645915756,26.60392872320857,26.899600125746144,-8.993757840736633
room_acoustic_data_room_2873.mat,0.6588235294117647,4.5,24.40274644623356,26.786786642631807,27.18236863104744,-9.047369136084633
room_acoustic_data_room_2874.mat,0.6705882352941176,4.5,24.504477527731435,26.823034414225294,27.318852488007444,-9.050775902384324
room_acoustic_data_room_2875.mat,0.6823529411764706,4.5,24.474117248466754,26.743462445247232,27.308548968521578,-9.01800763183443
room_acoustic_data_room_2876.mat,0.6941176470588235,4.5,24.3535656443456,26.58120420476289,27.20192367383719,-8.991145726777644
room_acoustic_data_room_2877.mat,0.7058823529411765,4.5,24.13750082403341,26.33403422984962,26.985650787892133,-8.964334833537272
room_acoustic_data_room_2878.mat,0.7176470588235294,4.5,23.798054018145493,25.977184320038678,26.642444459350134,-8.907833161335708
room_acoustic_data_room_2879.mat,0.7294117647058823,4.5,23.66852051034728,25.82302912729675,26.51642286154741,-8.903277901546964
room_acoustic_data_room_2880.mat,0.7411764705882353,4.5,24.05845063873396,26.20635169381273,26.89918362687033,-8.982021144064866
room_acoustic_data_room_2881.mat,0.7529411764705882,4.5,24.331129605347925,26.48108169799345,27.170034057216597,-9.0362273960448
room_acoustic_data_room_2882.mat,0.7647058823529411,4.5,24.49745442913676,26.660735904628204,27.342596055688606,-9.079470081651234
room_acoustic_data_room_2883.mat,0.7764705882352941,4.5,24.559302108567724,26.763804501347725,27.397948290229948,-9.114662720962517
room_acoustic_data_room_2884.mat,0.788235294117647,4.5,24.51013845485127,26.78804932380363,27.31981013718647,-9.135440946310208
room_acoustic_data_room_2885.mat,0.8,4.5,24.365877002890763,26.716356027945668,27.149392335551088,-9.157240463584941
room_acoustic_data_room_2886.mat,0.8117647058823529,4.5,24.121807007027734,26.5292760589239,26.888688218685722,-9.173741730503469
room_acoustic_data_room_2887.mat,0.8235294117647058,4.5,23.812703526286782,26.260473802814836,26.571189176057516,-9.140403651163034
room_acoustic_data_room_2888.mat,0.8352941176470589,4.5,24.217308500968464,26.665327569312247,26.97003829297607,-9.216130520810438
room_acoustic_data_room_2889.mat,0.8470588235294118,4.5,24.491912664421967,26.886859366347036,27.27049534516538,-9.253393105329337
room_acoustic_data_room_2890.mat,0.8588235294117647,4.5,24.634650736200744,26.940527312413955,27.455059463821595,-9.253507517548258
room_acoustic_data_room_2891.mat,0.8705882352941177,4.5,24.65810598026616,26.87488076997194,27.5037953354501,-9.230391317548662
room_acoustic_data_room_2892.mat,0.8823529411764706,4.5,24.581001203740605,26.72962390916322,27.42932785188954,-9.203073148896841
room_acoustic_data_room_2893.mat,0.8941176470588236,4.5,24.39016613469596,26.521085140567067,27.20950959014886,-9.158041479899806
room_acoustic_data_room_2894.mat,0.9058823529411765,4.5,24.069622610439666,26.214578962822465,26.85166808718252,-9.078012098933657
room_acoustic_data_room_2895.mat,0.9176470588235294,4.5,23.64675874267796,25.80878005173343,26.40994073385089,-8.987303356959869
room_acoustic_data_room_2896.mat,0.9294117647058824,4.5,23.945899321218576,26.103660520849402,26.68327648749157,-9.05234789447452
room_acoustic_data_room_2897.mat,0.9411764705882353,4.5,24.269154899408882,26.444087161794187,26.980852150899434,-9.11986207743031
room_acoustic_data_room_2898.mat,0.9529411764705882,4.5,24.46888578868335,26.66746087892472,27.173844150107826,-9.157466185517125
room_acoustic_data_room_2899.mat,0.9647058823529412,4.5,24.55499047013932,26.809511593245432,27.24546523335497,-9.176846145952435
room_acoustic_data_room_2900.mat,0.9764705882352941,4.5,24.537080492359724,26.879113024702498,27.19650621441061,-9.188177254437026
room_acoustic_data_room_2901.mat,0.9882352941176471,4.5,24.427685141956008,26.86556859495517,27.06075613397378,-9.20384572888371
room_acoustic_data_room_2902.mat,1.0,4.5,24.19086828215104,26.7263937114532,26.803179363312317,-9.186922537342486
room_acoustic_data_room_2903.mat,1.011764705882353,4.5,23.792824675257904,26.403390279142013,26.400901743497585,-9.10105430219823
room_acoustic_data_room_2904.mat,1.0235294117647058,4.5,23.884614214165598,26.49943942637337,26.505698460930137,-9.127180474020113
room_acoustic_data_room_2905.mat,1.035294117647059,4.5,24.2501310687293,26.80613361226257,26.893568467684656,-9.21588888355921
room_acoustic_data_room_2906.mat,1.0470588235294118,4.5,24.501179134109883,26.95764781242392,27.182645595997357,-9.282729312517507
room_acoustic_data_room_2907.mat,1.0588235294117647,4.5,24.6161415812577,26.994098171276434,27.32937055783927,-9.308395428383287
room_acoustic_data_room_2908.mat,1.0705882352941176,4.5,24.60491284083943,26.916492640650695,27.33651075359149,-9.30365739368565
room_acoustic_data_room_2909.mat,1.0823529411764705,4.5,24.465497487904333,26.737477045993447,27.188674732595643,-9.266582355360626
room_acoustic_data_room_2910.mat,1.0941176470588236,4.5,24.19009687965842,26.45905994965719,26.886353797271454,-9.188648952672718
room_acoustic_data_room_2911.mat,1.1058823529411765,4.5,23.785298030153186,26.068452292061735,26.461779529483984,-9.074349537907423
room_acoustic_data_room_2912.mat,1.1176470588235294,4.5,23.688883896783793,25.958325343516524,26.360876301256745,-9.068698143437256
room_acoustic_data_room_2913.mat,1.1294117647058823,4.5,24.178846295770306,26.398852430332653,26.84377165616912,-9.258487886577603
room_acoustic_data_room_2914.mat,1.1411764705882352,4.5,24.51810496121042,26.70749332259927,27.188455170615192,-9.389391101919816
room_acoustic_data_room_2915.mat,1.1529411764705881,4.5,24.711060568253885,26.902708530727594,27.391197818652596,-9.468641408417948
room_acoustic_data_room_2916.mat,1.1647058823529413,4.5,24.76562052265558,26.997670814628645,27.44100322283081,-9.505335608236075
room_acoustic_data_room_2917.mat,1.1764705882352942,4.5,24.68885286205207,26.9859809850213,27.357827183482144,-9.506782844196792
room_acoustic_data_room_2918.mat,1.188235294117647,4.5,24.479069804819027,26.86042570431875,27.136452412301182,-9.47077376804097
room_acoustic_data_room_2919.mat,1.2,4.5,24.101327025877314,26.56616007276488,26.753850469860595,-9.3606241009867
room_acoustic_data_room_2920.mat,1.2117647058823529,4.5,23.730832563147203,26.23880714996016,26.39599910243446,-9.22673988806851
room_acoustic_data_room_2921.mat,1.223529411764706,4.5,24.19976049823638,26.66948362363526,26.88797568234361,-9.371968856202015
room_acoustic_data_room_2922.mat,1.2352941176470589,4.5,24.5069569047044,26.907067599480673,27.236664632652037,-9.446583919452419
room_acoustic_data_room_2923.mat,1.2470588235294118,4.5,24.66712060623464,26.993509671005988,27.425967123698808,-9.46862476669141
room_acoustic_data_room_2924.mat,1.2588235294117647,4.5,24.69082603867345,26.95874496340091,27.46302006136633,-9.450167355179744
room_acoustic_data_room_2925.mat,1.2705882352941176,4.5,24.568593066112513,26.80798002009483,27.32866737414612,-9.382134192885724
room_acoustic_data_room_2926.mat,1.2823529411764707,4.5,24.311904328464237,26.532537990222067,27.05523670849647,-9.275637553240621
room_acoustic_data_room_2927.mat,1.2941176470588236,4.5,23.9249365893416,26.159398338878304,26.64109616781319,-9.133389023355091
room_acoustic_data_room_2928.mat,1.3058823529411765,4.5,23.38352173576627,25.654510559809808,26.08187098817305,-8.927914899276367
room_acoustic_data_room_2929.mat,1.3176470588235294,4.5,23.852404488867332,26.07250419193433,26.538530523575563,-9.094876851594343
room_acoustic_data_room_2930.mat,1.3294117647058823,4.5,24.257112237542632,26.438709157633337,26.936708035365854,-9.244214828556675
room_acoustic_data_room_2931.mat,1.3411764705882352,4.5,24.513730764785816,26.684813802174524,27.20261892166534,-9.339654336851307
room_acoustic_data_room_2932.mat,1.3529411764705883,4.5,24.648146962062945,26.843625798525505,27.34418621085634,-9.408923686316383
room_acoustic_data_room_2933.mat,1.3647058823529412,4.5,24.657995514970015,26.91698665613595,27.34511856383508,-9.45023962222703
room_acoustic_data_room_2934.mat,1.3764705882352941,4.5,24.521642854720906,26.88170692684703,27.18284585976061,-9.441740369831798
room_acoustic_data_room_2935.mat,1.388235294117647,4.5,24.214071926504698,26.69161676058642,26.83408554690582,-9.357181043840683
room_acoustic_data_room_2936.mat,1.4,4.5,23.75753242250111,26.3194599228996,26.363009933716768,-9.215885952712368
room_acoustic_data_room_2937.mat,1.411764705882353,4.5,24.011373115493594,26.57908425554885,26.606760802205066,-9.31533670455337
room_acoustic_data_room_2938.mat,1.423529411764706,4.5,24.426198700962537,26.949984382771078,27.029320241729337,-9.45353236252355
room_acoustic_data_room_2939.mat,1.4352941176470588,4.5,24.667832019184445,27.127712313995794,27.29338584918444,-9.51240314353765
room_acoustic_data_room_2940.mat,1.4470588235294117,4.5,24.76046025668438,27.171249706092464,27.392860367329863,-9.518379107066497
room_acoustic_data_room_2941.mat,1.4588235294117646,4.5,24.694239978652604,27.059400989476853,27.328880198548067,-9.462421663120633
room_acoustic_data_room_2942.mat,1.4705882352941178,4.5,24.490378205354986,26.843607888359454,27.11633285329789,-9.365657307210801
room_acoustic_data_room_2943.mat,1.4823529411764707,4.5,24.1745506734923,26.512807254357394,26.805987787447634,-9.252734454729573
room_acoustic_data_room_2944.mat,1.4941176470588236,4.5,23.728621876546462,26.064930010085096,26.371560733455432,-9.10291006897614
room_acoustic_data_room_2945.mat,1.5058823529411764,4.5,23.73656563325146,26.05560667613807,26.376517196319273,-9.110853836277641
room_acoustic_data_room_2946.mat,1.5176470588235293,4.5,24.18579289856251,26.461672265404456,26.82070364487158,-9.263976740931776
room_acoustic_data_room_2947.mat,1.5294117647058822,4.5,24.497130485353903,26.75902989636257,27.126275527854485,-9.372409698759226
room_acoustic_data_room_2948.mat,1.5411764705882354,4.5,24.66669546236448,26.949814048120885,27.289458576595162,-9.434877308623077
room_acoustic_data_room_2949.mat,1.5529411764705883,4.5,24.695225273437302,27.03445697105991,27.313182108497294,-9.453144335690629
room_acoustic_data_room_2950.mat,1.5647058823529412,4.5,24.58845937445995,27.017843496478207,27.19416691830633,-9.43303076059657
room_acoustic_data_room_2951.mat,1.576470588235294,4.5,24.355099597507976,26.873198583558988,26.957101891083816,-9.382433570464297
room_acoustic_data_room_2952.mat,1.588235294117647,4.5,23.963148453800777,26.560622637298152,26.561828088967523,-9.267112403283814
room_acoustic_data_room_2953.mat,1.6,4.5,23.72810519678588,26.36451787818026,26.326802280934395,-9.186459107928984
room_acoustic_data_room_2954.mat,1.611764705882353,4.5,24.164612031242093,26.776774831719123,26.77247873202388,-9.30772158181488
room_acoustic_data_room_2955.mat,1.6235294117647059,4.5,24.443015693758866,27.006600236838914,27.069650563115644,-9.363113693409126
room_acoustic_data_room_2956.mat,1.6352941176470588,4.5,24.576774675561857,27.0844089190167,27.227139908608827,-9.369019317758227
room_acoustic_data_room_2957.mat,1.6470588235294117,4.5,24.57124745463579,27.02705629807157,27.23831525607151,-9.332024763461769
room_acoustic_data_room_2958.mat,1.6588235294117648,4.5,24.434363605007327,26.851912404747086,27.10127482728938,-9.260287810496038
room_acoustic_data_room_2959.mat,1.6705882352941177,4.5,24.161593034255016,26.555774626586476,26.823105009801274,-9.148696306464409
room_acoustic_data_room_2960.mat,1.6823529411764706,4.5,23.753943262617096,26.139388710661,26.41555410858254,-8.996416352674565
room_acoustic_data_room_2961.mat,1.6941176470588235,4.5,23.294955475105724,25.675941673193037,25.965879685842236,-8.839349381954053
room_acoustic_data_room_2962.mat,1.7058823529411764,4.5,23.798838466379372,26.140359515775238,26.454263048445576,-9.007291695245465
room_acoustic_data_room_2963.mat,1.7176470588235293,4.5,24.17768701801529,26.49441080948277,26.821340981345145,-9.141421086559413
room_acoustic_data_room_2964.mat,1.7294117647058824,4.5,24.427497867958596,26.74352062825026,27.064978177509428,-9.241039884985321
room_acoustic_data_room_2965.mat,1.7411764705882353,4.5,24.536201879504624,26.89809154515075,27.155559690884665,-9.295544130527976
room_acoustic_data_room_2966.mat,1.7529411764705882,4.5,24.501646545176996,26.954111652474438,27.088407701627037,-9.303151682148942
room_acoustic_data_room_2967.mat,1.7647058823529411,4.5,24.32272856995159,26.88196109550647,26.87580124920581,-9.262356600472609
room_acoustic_data_room_2968.mat,1.776470588235294,4.5,23.986240467135723,26.61981758828223,26.538908741734883,-9.158449876524514
room_acoustic_data_room_2969.mat,1.7882352941176471,4.5,23.505233473254698,26.174368315144292,26.088255406141293,-9.001141880636986
room_acoustic_data_room_2970.mat,1.8,4.5,23.8877576126854,26.53746442029238,26.46496312648289,-9.147055780431025
room_acoustic_data_room_2971.mat,1.811764705882353,4.5,24.297747161787417,26.898070865894013,26.88345314285149,-9.289452253159583
room_acoustic_data_room_2972.mat,1.8235294117647058,4.5,24.549491392501753,27.09754653954588,27.144979819462836,-9.367422533044325
room_acoustic_data_room_2973.mat,1.8352941176470587,4.5,24.651615588286507,27.14291397605917,27.25388179953466,-9.391331857458203
room_acoustic_data_room_2974.mat,1.8470588235294119,4.5,24.600664122582657,27.044765595912317,27.203751822396008,-9.358246166381415
room_acoustic_data_room_2975.mat,1.8588235294117648,4.5,24.401130946257112,26.814090014932837,27.005854165868012,-9.272418304853417
room_acoustic_data_room_2976.mat,1.8705882352941177,4.5,24.064461688202684,26.448388375917308,26.67907515520473,-9.144104504215854
room_acoustic_data_room_2977.mat,1.8823529411764706,4.5,23.585744970172954,25.952815842151765,26.22669719842216,-8.965560441090103
room_acoustic_data_room_2978.mat,1.8941176470588235,4.5,23.714975738685354,26.050893491859348,26.35259110500509,-9.004028444370554
room_acoustic_data_room_2979.mat,1.9058823529411764,4.5,24.156900545489307,26.45701240321259,26.781431777253925,-9.155453816899136
room_acoustic_data_room_2980.mat,1.9176470588235295,4.5,24.44663558441419,26.736631332223084,27.075065655732185,-9.24772164123808
room_acoustic_data_room_2981.mat,1.9294117647058824,4.5,24.594669248304072,26.90671094486944,27.23783232489523,-9.29341497217145
room_acoustic_data_room_2982.mat,1.9411764705882353,4.5,24.626769294231067,26.976033332860112,27.291967888801658,-9.319024284579895
room_acoustic_data_room_2983.mat,1.9529411764705882,4.5,24.513857043903847,26.925349784665492,27.19313577490347,-9.29540832759476
room_acoustic_data_room_2984.mat,1.964705882352941,4.5,24.25096962055459,26.72845055827286,26.940216829516448,-9.216728491402389
room_acoustic_data_room_2985.mat,1.9764705882352942,4.5,23.820322849783953,26.35857391939412,26.526333992900465,-9.062890103731666
room_acoustic_data_room_2986.mat,1.988235294117647,4.5,23.69804861231828,26.2520454937378,26.421606687506912,-9.006279142921924
room_acoustic_data_room_2987.mat,2.0,4.5,24.17619709552522,26.700994757557478,26.897835144879746,-9.172252190681691
room_acoustic_data_room_2988.mat,2.011764705882353,4.5,24.460612158592326,26.938159097440884,27.195536830628303,-9.236773508079322
room_acoustic_data_room_2989.mat,2.023529411764706,4.5,24.597817754076804,27.00382408703575,27.350155554356803,-9.2489151878754
room_acoustic_data_room_2990.mat,2.0352941176470587,4.5,24.60033063046484,26.933561639459498,27.371538908218387,-9.222186873760936
room_acoustic_data_room_2991.mat,2.0470588235294116,4.5,24.446765778496392,26.71744855595177,27.23014473311139,-9.135346624821153
room_acoustic_data_room_2992.mat,2.0588235294117645,4.5,24.14155432343991,26.39772070721357,26.915832183647687,-8.99226181862089
room_acoustic_data_room_2993.mat,2.070588235294118,4.5,23.686386806488553,25.9516793629922,26.46164247008184,-8.792835549751514
room_acoustic_data_room_2994.mat,2.0823529411764707,4.5,23.271842175036852,25.552485901293835,26.052601683361118,-8.6123867969276
room_acoustic_data_room_2995.mat,2.0941176470588236,4.5,23.803988003402043,26.047541489686186,26.54990216503385,-8.812377353661597
room_acoustic_data_room_2996.mat,2.1058823529411765,4.5,24.196072275783287,26.415934670413673,26.924594083215716,-8.963947323500031
room_acoustic_data_room_2997.mat,2.1176470588235294,4.5,24.44260761208573,26.654960043251737,27.179684891811036,-9.06467908797495
room_acoustic_data_room_2998.mat,2.1294117647058823,4.5,24.567700901367388,26.80322800349296,27.30692266272112,-9.139985585763476
room_acoustic_data_room_2999.mat,2.1411764705882352,4.5,24.551412889737477,26.842605151340276,27.28840783878997,-9.170268823382639
room_acoustic_data_room_3000.mat,2.152941176470588,4.5,24.38570353512459,26.752445470107865,27.11366428578853,-9.147182923260008
room_acoustic_data_room_3001.mat,2.164705882352941,4.5,24.043299482241885,26.484889163645377,26.770548281727805,-9.042120235516936
room_acoustic_data_room_3002.mat,2.176470588235294,4.5,23.503076582492195,26.00366796760909,26.251178465278727,-8.830775220374484
room_acoustic_data_room_3003.mat,2.1882352941176473,4.5,23.997656304151352,26.486614568054975,26.721653987746734,-9.049589374867752
room_acoustic_data_room_3004.mat,2.2,4.5,24.431774973690146,26.875946279919365,27.149292588141023,-9.223136583044342
room_acoustic_data_room_3005.mat,2.211764705882353,4.5,24.67092148442443,27.060253477969333,27.394999786708674,-9.296221925286707
room_acoustic_data_room_3006.mat,2.223529411764706,4.5,24.723946277077232,27.0527871516803,27.47124731357839,-9.27930464094786
room_acoustic_data_room_3007.mat,2.235294117647059,4.5,24.61297680873558,26.905670542868663,27.371859437203216,-9.194990020328902
room_acoustic_data_room_3008.mat,2.2470588235294118,4.5,24.373990474496804,26.646122149831083,27.13365500906481,-9.079085649196015
room_acoustic_data_room_3009.mat,2.2588235294117647,4.5,24.002611620276806,26.265386379674986,26.763669721350563,-8.926179386285845
room_acoustic_data_room_3010.mat,2.2705882352941176,4.5,23.479948460728814,25.745972941317067,26.257640183339706,-8.714703140873675
room_acoustic_data_room_3011.mat,2.2823529411764705,4.5,23.68792081778008,25.93482035023658,26.437745031101198,-8.797697290945768
room_acoustic_data_room_3012.mat,2.2941176470588234,4.5,24.14175299234598,26.363677828091646,26.861770623146853,-8.968585273237528
room_acoustic_data_room_3013.mat,2.3058823529411763,4.5,24.450380097673946,26.647058116759986,27.177910196617134,-9.087961379462586
room_acoustic_data_room_3014.mat,2.3176470588235296,4.5,24.615321198574133,26.819506400407647,27.34908470434783,-9.159220747667751
room_acoustic_data_room_3015.mat,2.3294117647058825,4.5,24.64349465306355,26.899704184580543,27.364871554115844,-9.189822125584406
room_acoustic_data_room_3016.mat,2.3411764705882354,4.5,24.527747687944853,26.858527257716492,27.238803000268938,-9.172445938054304
room_acoustic_data_room_3017.mat,2.3529411764705883,4.5,24.24436566293092,26.66367667579363,26.946906836575195,-9.08246662339027
room_acoustic_data_room_3018.mat,2.364705882352941,4.5,23.764794609959313,26.269119745493754,26.47388593466993,-8.88899652248935
room_acoustic_data_room_3019.mat,2.376470588235294,4.5,23.75519400419897,26.28869664947787,26.46272928259411,-8.879687717895354
room_acoustic_data_room_3020.mat,2.388235294117647,4.5,24.250668135600147,26.7505897662869,26.956796064630165,-9.064905104910451
room_acoustic_data_room_3021.mat,2.4,4.5,24.571249138569684,27.01222971296138,27.298406046294332,-9.167052326517855
room_acoustic_data_room_3022.mat,2.411764705882353,4.5,24.72090462437183,27.081353345223995,27.481958095280298,-9.192243911340958
room_acoustic_data_room_3023.mat,2.4235294117647057,4.5,24.72668202979576,27.005399069090238,27.514818283021654,-9.168105001039388
room_acoustic_data_room_3024.mat,2.4352941176470586,4.5,24.601814993550683,26.816172673017626,27.39471085598213,-9.1076256890839
room_acoustic_data_room_3025.mat,2.447058823529412,4.5,24.343773157410315,26.535013950371074,27.123592699991374,-9.007370233296816
room_acoustic_data_room_3026.mat,2.458823529411765,4.5,23.92894913927869,26.123428452818946,26.70421458628715,-8.841627938308115
room_acoustic_data_room_3027.mat,2.4705882352941178,4.5,23.743605946487456,25.92640600769537,26.51417125846086,-8.775657745673037
room_acoustic_data_room_3028.mat,2.4823529411764707,4.5,24.318536501122768,26.45815654734539,27.044083934598323,-9.007685219090641
room_acoustic_data_room_3029.mat,2.4941176470588236,4.5,24.72139745893086,26.83655278139769,27.425049705270794,-9.156536339664807
room_acoustic_data_room_3030.mat,2.5058823529411764,4.5,24.974545075101,27.102350285434483,27.658179915000098,-9.247114107913584
room_acoustic_data_room_3031.mat,2.5176470588235293,4.5,25.094259244291898,27.28135247321228,27.753389663381377,-9.296496267571749
room_acoustic_data_room_3032.mat,2.5294117647058822,4.5,25.08712514150032,27.373562823393435,27.712291853967564,-9.311192129883914
room_acoustic_data_room_3033.mat,2.541176470588235,4.5,24.938832695886347,27.357555238597975,27.51895626518738,-9.276317649211068
room_acoustic_data_room_3034.mat,2.552941176470588,4.5,24.663386095080966,27.178703102835726,27.229928820896067,-9.204416639465505
room_acoustic_data_room_3035.mat,2.5647058823529414,4.5,24.239789396788666,26.807270543560083,26.832215313651947,-9.066099028206494
room_acoustic_data_room_3036.mat,2.5764705882352943,4.5,24.870464250807764,27.42200224324977,27.43589779591243,-9.31554421982243
room_acoustic_data_room_3037.mat,2.588235294117647,4.5,25.33463585458413,27.83280442460704,27.904446681650562,-9.484843562989031
room_acoustic_data_room_3038.mat,2.6,4.5,25.60796557201637,28.047291140079558,28.19000462860172,-9.552946256435133
room_acoustic_data_room_3039.mat,2.611764705882353,4.5,25.724426569588733,28.08759844244622,28.319002229934092,-9.554912074907971
room_acoustic_data_room_3040.mat,2.623529411764706,4.5,25.712747240469326,28.014672849067452,28.32061550829327,-9.519357867961805
room_acoustic_data_room_3041.mat,2.635294117647059,4.5,25.56914237496434,27.822793420741455,28.191818158924512,-9.441865705005757
room_acoustic_data_room_3042.mat,2.6470588235294117,4.5,25.301079716545047,27.51343206921373,27.945858217750335,-9.32866462882171
room_acoustic_data_room_3043.mat,2.6588235294117646,4.5,24.882867754119324,27.066243196113366,27.559809638378205,-9.151449905071637
room_acoustic_data_room_3044.mat,2.6705882352941175,4.5,25.051882274713968,27.177563124068698,27.727515709942434,-9.194987176111153
room_acoustic_data_room_3045.mat,2.6823529411764704,4.5,25.55236880661144,27.609850769085504,28.212177593717453,-9.356059440642442
room_acoustic_data_room_3046.mat,2.6941176470588237,4.5,25.902334633682923,27.91788293308557,28.555147322765293,-9.454182717125553
room_acoustic_data_room_3047.mat,2.7058823529411766,4.5,26.094924097570495,28.093344582532662,28.750824650253275,-9.484160507766793
room_acoustic_data_room_3048.mat,2.7176470588235295,4.5,26.165237673176605,28.194966988721937,28.809317032701415,-9.481845061805384
room_acoustic_data_room_3049.mat,2.7294117647058824,4.5,26.10547414325268,28.21651667025764,28.723814988377704,-9.440428348353693
room_acoustic_data_room_3050.mat,2.7411764705882353,4.5,25.900288031487033,28.08634238410439,28.502249105855526,-9.346131707044238
room_acoustic_data_room_3051.mat,2.7529411764705882,4.5,25.53533590183364,27.76063225085684,28.136682375677804,-9.186042500250702
room_acoustic_data_room_3052.mat,2.764705882352941,4.5,25.12861226735428,27.357187211091425,27.740527292248412,-8.998284247808803
room_acoustic_data_room_3053.mat,2.776470588235294,4.5,25.648538015485542,27.766276587492985,28.217205357504945,-9.108563812260545
room_acoustic_data_room_3054.mat,2.788235294117647,4.5,25.97338965475902,27.951723556454976,28.531468086256414,-9.11959648510257
room_acoustic_data_room_3055.mat,2.8,4.5,26.13281239988998,27.97340408399693,28.691089818887843,-9.067678178571532
room_acoustic_data_room_3056.mat,2.8117647058823527,4.5,26.138529144422353,27.869754953043202,28.686352662575423,-8.970476892829971
room_acoustic_data_room_3057.mat,2.823529411764706,4.5,26.00753456724821,27.660566081935414,28.517074688030668,-8.852039316784905
room_acoustic_data_room_3058.mat,2.835294117647059,4.5,25.71408962709169,27.321423447062617,28.14804674047339,-8.694934160333883
room_acoustic_data_room_3059.mat,2.847058823529412,4.5,25.296808258882386,26.934065895037275,27.637343391051495,-8.463908834932663
room_acoustic_data_room_3060.mat,2.8588235294117648,4.5,26.087854963721824,27.634217377872908,28.27112116923747,-8.64849027763032
room_acoustic_data_room_3061.mat,2.8705882352941177,4.5,26.63406361594518,28.204166827797692,28.673957214289896,-8.714976156669493
room_acoustic_data_room_3062.mat,2.8823529411764706,4.5,26.95630050174591,28.64478354105205,28.86247303296233,-8.689793991428559
room_acoustic_data_room_3063.mat,2.8941176470588235,4.5,27.159618172095158,29.04054982395699,28.94214710570827,-8.621073269472483
room_acoustic_data_room_3064.mat,2.9058823529411764,4.5,28.164960864911567,30.196480226859684,29.750331213736683,-8.802332795210823
room_acoustic_data_room_3065.mat,2.9176470588235293,4.5,28.927329880404073,31.106987760340566,30.338791650319084,-8.87676137250728
room_acoustic_data_room_3066.mat,2.929411764705882,4.5,29.48681967821132,31.766599928016092,30.765683879079532,-8.869850402816159
room_acoustic_data_room_3067.mat,2.9411764705882355,4.5,29.826948700426236,32.159623117108225,31.040775201580235,-8.749096943886364
room_acoustic_data_room_3068.mat,2.9529411764705884,4.5,30.001563684716782,32.31765049034786,31.218411296443662,-8.552299538555367
room_acoustic_data_room_3069.mat,2.9647058823529413,4.5,30.05560144859969,32.29474644981684,31.329285457469986,-8.309266506288521
room_acoustic_data_room_3070.mat,2.976470588235294,4.5,30.037095324430616,32.15949854353981,31.404184060210113,-8.054433478667068
room_acoustic_data_room_3071.mat,2.988235294117647,4.5,29.968738589305314,31.955186131715678,31.454561082954157,-7.798736708891837
room_acoustic_data_room_3072.mat,3.0,4.5,29.877787546230312,31.719376852717055,31.495144990276845,-7.559574205828347
room_acoustic_data_room_3073.mat,-2.0,0.0,42.26966715478838,45.47844911333766,45.090161130939876,0.0
room_acoustic_data_room_3074.mat,-2.0,0.011764705882352941,42.26966715478838,45.47844911333766,45.090161130939876,0.0
room_acoustic_data_room_3075.mat,-2.0,0.023529411764705882,42.26966715478838,45.47844911333766,45.090161130939876,0.0
room_acoustic_data_room_3076.mat,-2.0,0.03529411764705882,42.26966715478838,45.47844911333766,45.090161130939876,0.0
room_acoustic_data_room_3077.mat,-2.0,0.047058823529411764,42.26966715478838,45.47844911333766,45.090161130939876,0.0
room_acoustic_data_room_3078.mat,-2.0,0.058823529411764705,42.26966715478838,45.47844911333766,45.090161130939876,0.0
room_acoustic_data_room_3079.mat,-2.0,0.07058823529411765,42.26966715478838,45.47844911333766,45.090161130939876,0.0
room_acoustic_data_room_3080.mat,-2.0,0.08235294117647059,42.26966715478838,45.47844911333766,45.090161130939876,0.0
room_acoustic_data_room_3081.mat,-2.0,0.09411764705882353,42.26966715478838,45.47844911333766,45.090161130939876,0.0
room_acoustic_data_room_3082.mat,-2.0,0.10588235294117647,42.26966715478838,45.47844911333766,45.090161130939876,0.0
room_acoustic_data_room_3083.mat,-2.0,0.11764705882352941,42.26966715478838,45.47844911333766,45.090161130939876,0.0
room_acoustic_data_room_3084.mat,-2.0,0.12941176470588237,42.26966715478838,45.47844911333766,45.090161130939876,0.0
room_acoustic_data_room_3085.mat,-2.0,0.1411764705882353,42.26966715478838,45.47844911333766,45.090161130939876,0.0
room_acoustic_data_room_3086.mat,-2.0,0.15294117647058825,42.26966715478838,45.47844911333766,45.090161130939876,0.0
room_acoustic_data_room_3087.mat,-2.0,0.16470588235294117,42.26966715478838,45.47844911333766,45.090161130939876,0.0
room_acoustic_data_room_3088.mat,-2.0,0.17647058823529413,42.26966715478838,45.47844911333766,45.090161130939876,0.0
room_acoustic_data_room_3089.mat,-2.0,0.18823529411764706,42.26966715478838,45.47844911333766,45.090161130939876,0.0
room_acoustic_data_room_3090.mat,-2.0,0.2,42.26966715478838,45.47844911333766,45.090161130939876,0.0
room_acoustic_data_room_3091.mat,-2.0,0.21176470588235294,42.26966715478838,45.47844911333766,45.090161130939876,0.0
room_acoustic_data_room_3092.mat,-2.0,0.2235294117647059,42.26966715478838,45.47844911333766,45.090161130939876,0.0
room_acoustic_data_room_3093.mat,-2.0,0.23529411764705882,42.26966715478838,45.47844911333766,45.090161130939876,0.0
room_acoustic_data_room_3094.mat,-2.0,0.24705882352941178,42.26966715478838,45.47844911333766,45.090161130939876,0.0
room_acoustic_data_room_3095.mat,-2.0,0.25882352941176473,42.26966715478838,45.47844911333766,45.090161130939876,0.0
room_acoustic_data_room_3096.mat,-2.0,0.27058823529411763,42.26966715478838,45.47844911333766,45.090161130939876,0.0
room_acoustic_data_room_3097.mat,-2.0,0.2823529411764706,42.26966715478838,45.47844911333766,45.090161130939876,0.0
room_acoustic_data_room_3098.mat,-2.0,0.29411764705882354,42.26966715478838,45.47844911333766,45.090161130939876,0.0
room_acoustic_data_room_3099.mat,-2.0,0.3058823529411765,42.26966715478838,45.47844911333766,45.090161130939876,0.0
room_acoustic_data_room_3100.mat,-2.0,0.3176470588235294,42.26966715478838,45.47844911333766,45.090161130939876,0.0
room_acoustic_data_room_3101.mat,-2.0,0.32941176470588235,42.26966715478838,45.47844911333766,45.090161130939876,0.0
room_acoustic_data_room_3102.mat,-2.0,0.3411764705882353,42.26966715478838,45.47844911333766,45.090161130939876,0.0
room_acoustic_data_room_3103.mat,-2.0,0.35294117647058826,42.26966715478838,45.47844911333766,45.090161130939876,0.0
room_acoustic_data_room_3104.mat,-2.0,0.36470588235294116,42.26966715478838,45.47844911333766,45.090161130939876,0.0
room_acoustic_data_room_3105.mat,-2.0,0.3764705882352941,42.26966715478838,45.47844911333766,45.090161130939876,0.0
room_acoustic_data_room_3106.mat,-2.0,0.38823529411764707,42.26966715478838,45.47844911333766,45.090161130939876,0.0
room_acoustic_data_room_3107.mat,-2.0,0.4,42.26966715478838,45.47844911333766,45.090161130939876,0.0
room_acoustic_data_room_3108.mat,-2.0,0.4117647058823529,42.26966715478838,45.47844911333766,45.090161130939876,0.0
room_acoustic_data_room_3109.mat,-2.0,0.4235294117647059,42.26966715478838,45.47844911333766,45.090161130939876,0.0
room_acoustic_data_room_3110.mat,-2.0,0.43529411764705883,42.26966715478838,45.47844911333766,45.090161130939876,0.0
room_acoustic_data_room_3111.mat,-2.0,0.4470588235294118,42.26966715478838,45.47844911333766,45.090161130939876,0.0
room_acoustic_data_room_3112.mat,-2.0,0.4588235294117647,42.26966715478838,45.47844911333766,45.090161130939876,0.0
room_acoustic_data_room_3113.mat,-2.0,0.47058823529411764,42.26966715478838,45.47844911333766,45.090161130939876,0.0
room_acoustic_data_room_3114.mat,-2.0,0.4823529411764706,42.26966715478838,45.47844911333766,45.090161130939876,0.0
room_acoustic_data_room_3115.mat,-2.0,0.49411764705882355,42.26966715478838,45.47844911333766,45.090161130939876,0.0
room_acoustic_data_room_3116.mat,-2.0,0.5058823529411764,42.26966715478838,45.47844911333766,45.090161130939876,0.0
room_acoustic_data_room_3117.mat,-2.0,0.5176470588235295,42.26966715478838,45.47844911333766,45.090161130939876,0.0
room_acoustic_data_room_3118.mat,-2.0,0.5294117647058824,42.26966715478838,45.47844911333766,45.090161130939876,0.0
room_acoustic_data_room_3119.mat,-2.0,0.5411764705882353,42.26966715478838,45.47844911333766,45.090161130939876,0.0
room_acoustic_data_room_3120.mat,-2.0,0.5529411764705883,42.26966715478838,45.47844911333766,45.090161130939876,0.0
room_acoustic_data_room_3121.mat,-2.0,0.5647058823529412,42.26966715478838,45.47844911333766,45.090161130939876,0.0
room_acoustic_data_room_3122.mat,-2.0,0.5764705882352941,42.26966715478838,45.47844911333766,45.090161130939876,0.0
room_acoustic_data_room_3123.mat,-2.0,0.5882352941176471,42.26966715478838,45.47844911333766,45.090161130939876,0.0
room_acoustic_data_room_3124.mat,-2.0,0.6,42.26966715478838,45.47844911333766,45.090161130939876,0.0
room_acoustic_data_room_3125.mat,-2.0,0.611764705882353,42.26966715478838,45.47844911333766,45.090161130939876,0.0
room_acoustic_data_room_3126.mat,-2.0,0.6235294117647059,42.26966715478838,45.47844911333766,45.090161130939876,0.0
room_acoustic_data_room_3127.mat,-2.0,0.6352941176470588,42.26966715478838,45.47844911333766,45.090161130939876,0.0
room_acoustic_data_room_3128.mat,-2.0,0.6470588235294118,42.26966715478838,45.47844911333766,45.090161130939876,0.0
room_acoustic_data_room_3129.mat,-2.0,0.6588235294117647,42.26966715478838,45.47844911333766,45.090161130939876,0.0
room_acoustic_data_room_3130.mat,-2.0,0.6705882352941176,42.26966715478838,45.47844911333766,45.090161130939876,0.0
room_acoustic_data_room_3131.mat,-2.0,0.6823529411764706,42.26966715478838,45.47844911333766,45.090161130939876,0.0
room_acoustic_data_room_3132.mat,-2.0,0.6941176470588235,42.26966715478838,45.47844911333766,45.090161130939876,0.0
room_acoustic_data_room_3133.mat,-2.0,0.7058823529411765,42.26966715478838,45.47844911333766,45.090161130939876,0.0
room_acoustic_data_room_3134.mat,-2.0,0.7176470588235294,42.26966715478838,45.47844911333766,45.090161130939876,0.0
room_acoustic_data_room_3135.mat,-2.0,0.7294117647058823,42.26966715478838,45.47844911333766,45.090161130939876,0.0
room_acoustic_data_room_3136.mat,-2.0,0.7411764705882353,42.26966715478838,45.47844911333766,45.090161130939876,0.0
room_acoustic_data_room_3137.mat,-2.0,0.7529411764705882,42.26966715478838,45.47844911333766,45.090161130939876,0.0
room_acoustic_data_room_3138.mat,-2.0,0.7647058823529411,42.26966715478838,45.47844911333766,45.090161130939876,0.0
room_acoustic_data_room_3139.mat,-2.0,0.7764705882352941,42.26966715478838,45.47844911333766,45.090161130939876,0.0
room_acoustic_data_room_3140.mat,-2.0,0.788235294117647,42.26966715478838,45.47844911333766,45.090161130939876,0.0
room_acoustic_data_room_3141.mat,-2.0,0.8,42.26966715478838,45.47844911333766,45.090161130939876,0.0
room_acoustic_data_room_3142.mat,-2.0,0.8117647058823529,42.26966715478838,45.47844911333766,45.090161130939876,0.0
room_acoustic_data_room_3143.mat,-2.0,0.8235294117647058,42.26966715478838,45.47844911333766,45.090161130939876,0.0
room_acoustic_data_room_3144.mat,-2.0,0.8352941176470589,42.26966715478838,45.47844911333766,45.090161130939876,0.0
room_acoustic_data_room_3145.mat,-2.0,0.8470588235294118,42.26966715478838,45.47844911333766,45.090161130939876,0.0
room_acoustic_data_room_3146.mat,-2.0,0.8588235294117647,42.26966715478838,45.47844911333766,45.090161130939876,0.0
room_acoustic_data_room_3147.mat,-2.0,0.8705882352941177,42.26966715478838,45.47844911333766,45.090161130939876,0.0
room_acoustic_data_room_3148.mat,-2.0,0.8823529411764706,42.26966715478838,45.47844911333766,45.090161130939876,0.0
room_acoustic_data_room_3149.mat,-2.0,0.8941176470588236,42.26966715478838,45.47844911333766,45.090161130939876,0.0
room_acoustic_data_room_3150.mat,-2.0,0.9058823529411765,42.26966715478838,45.47844911333766,45.090161130939876,0.0
room_acoustic_data_room_3151.mat,-2.0,0.9176470588235294,42.26966715478838,45.47844911333766,45.090161130939876,0.0
room_acoustic_data_room_3152.mat,-2.0,0.9294117647058824,42.26966715478838,45.47844911333766,45.090161130939876,0.0
room_acoustic_data_room_3153.mat,-2.0,0.9411764705882353,42.26966715478838,45.47844911333766,45.090161130939876,0.0
room_acoustic_data_room_3154.mat,-2.0,0.9529411764705882,42.26966715478838,45.47844911333766,45.090161130939876,0.0
room_acoustic_data_room_3155.mat,-2.0,0.9647058823529412,42.26966715478838,45.47844911333766,45.090161130939876,0.0
room_acoustic_data_room_3156.mat,-2.0,0.9764705882352941,42.26966715478838,45.47844911333766,45.090161130939876,0.0
room_acoustic_data_room_3157.mat,-2.0,0.9882352941176471,42.26966715478838,45.47844911333766,45.090161130939876,0.0
room_acoustic_data_room_3158.mat,-2.0,1.0,42.26966715478838,45.47844911333766,45.090161130939876,0.0
room_acoustic_data_room_3159.mat,-2.0,1.011764705882353,42.26966715478838,45.47844911333766,45.090161130939876,0.0
room_acoustic_data_room_3160.mat,-2.0,1.0235294117647058,42.26966715478838,45.47844911333766,45.090161130939876,0.0
room_acoustic_data_room_3161.mat,-2.0,1.035294117647059,42.26966715478838,45.47844911333766,45.090161130939876,0.0
room_acoustic_data_room_3162.mat,-2.0,1.0470588235294118,42.26966715478838,45.47844911333766,45.090161130939876,0.0
room_acoustic_data_room_3163.mat,-2.0,1.0588235294117647,42.26966715478838,45.47844911333766,45.090161130939876,0.0
room_acoustic_data_room_3164.mat,-2.0,1.0705882352941176,42.26966715478838,45.47844911333766,45.090161130939876,0.0
room_acoustic_data_room_3165.mat,-2.0,1.0823529411764705,42.26966715478838,45.47844911333766,45.090161130939876,0.0
room_acoustic_data_room_3166.mat,-2.0,1.0941176470588236,42.26966715478838,45.47844911333766,45.090161130939876,0.0
room_acoustic_data_room_3167.mat,-2.0,1.1058823529411765,42.26966715478838,45.47844911333766,45.090161130939876,0.0
room_acoustic_data_room_3168.mat,-2.0,1.1176470588235294,42.26966715478838,45.47844911333766,45.090161130939876,0.0
room_acoustic_data_room_3169.mat,-2.0,1.1294117647058823,42.26966715478838,45.47844911333766,45.090161130939876,0.0
room_acoustic_data_room_3170.mat,-2.0,1.1411764705882352,42.26966715478838,45.47844911333766,45.090161130939876,0.0
room_acoustic_data_room_3171.mat,-2.0,1.1529411764705881,42.26966715478838,45.47844911333766,45.090161130939876,0.0
room_acoustic_data_room_3172.mat,-2.0,1.1647058823529413,42.26966715478838,45.47844911333766,45.090161130939876,0.0
room_acoustic_data_room_3173.mat,-2.0,1.1764705882352942,42.26966715478838,45.47844911333766,45.090161130939876,0.0
room_acoustic_data_room_3174.mat,-2.0,1.188235294117647,42.26966715478838,45.47844911333766,45.090161130939876,0.0
room_acoustic_data_room_3175.mat,-2.0,1.2,42.26966715478838,45.47844911333766,45.090161130939876,0.0
room_acoustic_data_room_3176.mat,-2.0,1.2117647058823529,42.26966715478838,45.47844911333766,45.090161130939876,0.0
room_acoustic_data_room_3177.mat,-2.0,1.223529411764706,42.26966715478838,45.47844911333766,45.090161130939876,0.0
room_acoustic_data_room_3178.mat,-2.0,1.2352941176470589,42.26966715478838,45.47844911333766,45.090161130939876,0.0
room_acoustic_data_room_3179.mat,-2.0,1.2470588235294118,42.26966715478838,45.47844911333766,45.090161130939876,0.0
room_acoustic_data_room_3180.mat,-2.0,1.2588235294117647,42.26966715478838,45.47844911333766,45.090161130939876,0.0
room_acoustic_data_room_3181.mat,-2.0,1.2705882352941176,42.26966715478838,45.47844911333766,45.090161130939876,0.0
room_acoustic_data_room_3182.mat,-2.0,1.2823529411764707,42.26966715478838,45.47844911333766,45.090161130939876,0.0
room_acoustic_data_room_3183.mat,-2.0,1.2941176470588236,42.26966715478838,45.47844911333766,45.090161130939876,0.0
room_acoustic_data_room_3184.mat,-2.0,1.3058823529411765,42.26966715478838,45.47844911333766,45.090161130939876,0.0
room_acoustic_data_room_3185.mat,-2.0,1.3176470588235294,42.26966715478838,45.47844911333766,45.090161130939876,0.0
room_acoustic_data_room_3186.mat,-2.0,1.3294117647058823,42.26966715478838,45.47844911333766,45.090161130939876,0.0
room_acoustic_data_room_3187.mat,-2.0,1.3411764705882352,42.26966715478838,45.47844911333766,45.090161130939876,0.0
room_acoustic_data_room_3188.mat,-2.0,1.3529411764705883,42.26966715478838,45.47844911333766,45.090161130939876,0.0
room_acoustic_data_room_3189.mat,-2.0,1.3647058823529412,42.26966715478838,45.47844911333766,45.090161130939876,0.0
room_acoustic_data_room_3190.mat,-2.0,1.3764705882352941,42.26966715478838,45.47844911333766,45.090161130939876,0.0
room_acoustic_data_room_3191.mat,-2.0,1.388235294117647,42.26966715478838,45.47844911333766,45.090161130939876,0.0
room_acoustic_data_room_3192.mat,-2.0,1.4,42.26966715478838,45.47844911333766,45.090161130939876,0.0
room_acoustic_data_room_3193.mat,-2.0,1.411764705882353,42.26966715478838,45.47844911333766,45.090161130939876,0.0
room_acoustic_data_room_3194.mat,-2.0,1.423529411764706,42.26966715478838,45.47844911333766,45.090161130939876,0.0
room_acoustic_data_room_3195.mat,-2.0,1.4352941176470588,42.26966715478838,45.47844911333766,45.090161130939876,0.0
room_acoustic_data_room_3196.mat,-2.0,1.4470588235294117,42.26966715478838,45.47844911333766,45.090161130939876,0.0
room_acoustic_data_room_3197.mat,-2.0,1.4588235294117646,42.26966715478838,45.47844911333766,45.090161130939876,0.0
room_acoustic_data_room_3198.mat,-2.0,1.4705882352941178,42.26966715478838,45.47844911333766,45.090161130939876,0.0
room_acoustic_data_room_3199.mat,-2.0,1.4823529411764707,42.26966715478838,45.47844911333766,45.090161130939876,0.0
room_acoustic_data_room_3200.mat,-2.0,1.4941176470588236,42.26966715478838,45.47844911333766,45.090161130939876,0.0
room_acoustic_data_room_3201.mat,-2.0,1.5058823529411764,42.26966715478838,45.47844911333766,45.090161130939876,0.0
room_acoustic_data_room_3202.mat,-2.0,1.5176470588235293,42.26966715478838,45.47844911333766,45.090161130939876,0.0
room_acoustic_data_room_3203.mat,-2.0,1.5294117647058822,42.26966715478838,45.47844911333766,45.090161130939876,0.0
room_acoustic_data_room_3204.mat,-2.0,1.5411764705882354,42.26966715478838,45.47844911333766,45.090161130939876,0.0
room_acoustic_data_room_3205.mat,-2.0,1.5529411764705883,42.26966715478838,45.47844911333766,45.090161130939876,0.0
room_acoustic_data_room_3206.mat,-2.0,1.5647058823529412,42.26966715478838,45.47844911333766,45.090161130939876,0.0
room_acoustic_data_room_3207.mat,-2.0,1.576470588235294,42.26966715478838,45.47844911333766,45.090161130939876,0.0
room_acoustic_data_room_3208.mat,-2.0,1.588235294117647,42.26966715478838,45.47844911333766,45.090161130939876,0.0
room_acoustic_data_room_3209.mat,-2.0,1.6,42.26966715478838,45.47844911333766,45.090161130939876,0.0
room_acoustic_data_room_3210.mat,-2.0,1.611764705882353,42.26966715478838,45.47844911333766,45.090161130939876,0.0
room_acoustic_data_room_3211.mat,-2.0,1.6235294117647059,42.26966715478838,45.47844911333766,45.090161130939876,0.0
room_acoustic_data_room_3212.mat,-2.0,1.6352941176470588,42.26966715478838,45.47844911333766,45.090161130939876,0.0
room_acoustic_data_room_3213.mat,-2.0,1.6470588235294117,42.26966715478838,45.47844911333766,45.090161130939876,0.0
room_acoustic_data_room_3214.mat,-2.0,1.6588235294117648,42.26966715478838,45.47844911333766,45.090161130939876,0.0
room_acoustic_data_room_3215.mat,-2.0,1.6705882352941177,42.26966715478838,45.47844911333766,45.090161130939876,0.0
room_acoustic_data_room_3216.mat,-2.0,1.6823529411764706,42.26966715478838,45.47844911333766,45.090161130939876,0.0
room_acoustic_data_room_3217.mat,-2.0,1.6941176470588235,42.26966715478838,45.47844911333766,45.090161130939876,0.0
room_acoustic_data_room_3218.mat,-2.0,1.7058823529411764,42.26966715478838,45.47844911333766,45.090161130939876,0.0
room_acoustic_data_room_3219.mat,-2.0,1.7176470588235293,42.26966715478838,45.47844911333766,45.090161130939876,0.0
room_acoustic_data_room_3220.mat,-2.0,1.7294117647058824,42.26966715478838,45.47844911333766,45.090161130939876,0.0
room_acoustic_data_room_3221.mat,-2.0,1.7411764705882353,42.26966715478838,45.47844911333766,45.090161130939876,0.0
room_acoustic_data_room_3222.mat,-2.0,1.7529411764705882,42.26966715478838,45.47844911333766,45.090161130939876,0.0
room_acoustic_data_room_3223.mat,-2.0,1.7647058823529411,42.26966715478838,45.47844911333766,45.090161130939876,0.0
room_acoustic_data_room_3224.mat,-2.0,1.776470588235294,42.26966715478838,45.47844911333766,45.090161130939876,0.0
room_acoustic_data_room_3225.mat,-2.0,1.7882352941176471,42.26966715478838,45.47844911333766,45.090161130939876,0.0
room_acoustic_data_room_3226.mat,-2.0,1.8,42.26966715478838,45.47844911333766,45.090161130939876,0.0
room_acoustic_data_room_3227.mat,-2.0,1.811764705882353,42.26966715478838,45.47844911333766,45.090161130939876,0.0
room_acoustic_data_room_3228.mat,-2.0,1.8235294117647058,42.26966715478838,45.47844911333766,45.090161130939876,0.0
room_acoustic_data_room_3229.mat,-2.0,1.8352941176470587,42.26966715478838,45.47844911333766,45.090161130939876,0.0
room_acoustic_data_room_3230.mat,-2.0,1.8470588235294119,42.26966715478838,45.47844911333766,45.090161130939876,0.0
room_acoustic_data_room_3231.mat,-2.0,1.8588235294117648,42.26966715478838,45.47844911333766,45.090161130939876,0.0
room_acoustic_data_room_3232.mat,-2.0,1.8705882352941177,42.26966715478838,45.47844911333766,45.090161130939876,0.0
room_acoustic_data_room_3233.mat,-2.0,1.8823529411764706,42.26966715478838,45.47844911333766,45.090161130939876,0.0
room_acoustic_data_room_3234.mat,-2.0,1.8941176470588235,42.26966715478838,45.47844911333766,45.090161130939876,0.0
room_acoustic_data_room_3235.mat,-2.0,1.9058823529411764,42.26966715478838,45.47844911333766,45.090161130939876,0.0
room_acoustic_data_room_3236.mat,-2.0,1.9176470588235295,42.26966715478838,45.47844911333766,45.090161130939876,0.0
room_acoustic_data_room_3237.mat,-2.0,1.9294117647058824,42.26966715478838,45.47844911333766,45.090161130939876,0.0
room_acoustic_data_room_3238.mat,-2.0,1.9411764705882353,42.26966715478838,45.47844911333766,45.090161130939876,0.0
room_acoustic_data_room_3239.mat,-2.0,1.9529411764705882,42.26966715478838,45.47844911333766,45.090161130939876,0.0
room_acoustic_data_room_3240.mat,-2.0,1.964705882352941,42.26966715478838,45.47844911333766,45.090161130939876,0.0
room_acoustic_data_room_3241.mat,-2.0,1.9764705882352942,42.26966715478838,45.47844911333766,45.090161130939876,0.0
room_acoustic_data_room_3242.mat,-2.0,1.988235294117647,42.26966715478838,45.47844911333766,45.090161130939876,0.0
room_acoustic_data_room_3243.mat,-2.0,2.0,42.26966715478838,45.47844911333766,45.090161130939876,0.0
room_acoustic_data_room_3244.mat,-2.0,2.011764705882353,42.26966715478838,45.47844911333766,45.090161130939876,0.0
room_acoustic_data_room_3245.mat,-2.0,2.023529411764706,42.26966715478838,45.47844911333766,45.090161130939876,0.0
room_acoustic_data_room_3246.mat,-2.0,2.0352941176470587,42.26966715478838,45.47844911333766,45.090161130939876,0.0
room_acoustic_data_room_3247.mat,-2.0,2.0470588235294116,42.26966715478838,45.47844911333766,45.090161130939876,0.0
room_acoustic_data_room_3248.mat,-2.0,2.0588235294117645,42.26966715478838,45.47844911333766,45.090161130939876,0.0
room_acoustic_data_room_3249.mat,-2.0,2.070588235294118,42.26966715478838,45.47844911333766,45.090161130939876,0.0
room_acoustic_data_room_3250.mat,-2.0,2.0823529411764707,42.26966715478838,45.47844911333766,45.090161130939876,0.0
room_acoustic_data_room_3251.mat,-2.0,2.0941176470588236,42.26966715478838,45.47844911333766,45.090161130939876,0.0
room_acoustic_data_room_3252.mat,-2.0,2.1058823529411765,42.26966715478838,45.47844911333766,45.090161130939876,0.0
room_acoustic_data_room_3253.mat,-2.0,2.1176470588235294,42.26966715478838,45.47844911333766,45.090161130939876,0.0
room_acoustic_data_room_3254.mat,-2.0,2.1294117647058823,42.26966715478838,45.47844911333766,45.090161130939876,0.0
room_acoustic_data_room_3255.mat,-2.0,2.1411764705882352,42.26966715478838,45.47844911333766,45.090161130939876,0.0
room_acoustic_data_room_3256.mat,-2.0,2.152941176470588,42.26966715478838,45.47844911333766,45.090161130939876,0.0
room_acoustic_data_room_3257.mat,-2.0,2.164705882352941,42.26966715478838,45.47844911333766,45.090161130939876,0.0
room_acoustic_data_room_3258.mat,-2.0,2.176470588235294,42.26966715478838,45.47844911333766,45.090161130939876,0.0
room_acoustic_data_room_3259.mat,-2.0,2.1882352941176473,42.26966715478838,45.47844911333766,45.090161130939876,0.0
room_acoustic_data_room_3260.mat,-2.0,2.2,42.26966715478838,45.47844911333766,45.090161130939876,0.0
room_acoustic_data_room_3261.mat,-2.0,2.211764705882353,42.26966715478838,45.47844911333766,45.090161130939876,0.0
room_acoustic_data_room_3262.mat,-2.0,2.223529411764706,42.26966715478838,45.47844911333766,45.090161130939876,0.0
room_acoustic_data_room_3263.mat,-2.0,2.235294117647059,42.26966715478838,45.47844911333766,45.090161130939876,0.0
room_acoustic_data_room_3264.mat,-2.0,2.2470588235294118,42.26966715478838,45.47844911333766,45.090161130939876,0.0
room_acoustic_data_room_3265.mat,-2.0,2.2588235294117647,42.26966715478838,45.47844911333766,45.090161130939876,0.0
room_acoustic_data_room_3266.mat,-2.0,2.2705882352941176,42.26966715478838,45.47844911333766,45.090161130939876,0.0
room_acoustic_data_room_3267.mat,-2.0,2.2823529411764705,42.26966715478838,45.47844911333766,45.090161130939876,0.0
room_acoustic_data_room_3268.mat,-2.0,2.2941176470588234,42.26966715478838,45.47844911333766,45.090161130939876,0.0
room_acoustic_data_room_3269.mat,-2.0,2.3058823529411763,42.26966715478838,45.47844911333766,45.090161130939876,0.0
room_acoustic_data_room_3270.mat,-2.0,2.3176470588235296,42.26966715478838,45.47844911333766,45.090161130939876,0.0
room_acoustic_data_room_3271.mat,-2.0,2.3294117647058825,42.26966715478838,45.47844911333766,45.090161130939876,0.0
room_acoustic_data_room_3272.mat,-2.0,2.3411764705882354,42.26966715478838,45.47844911333766,45.090161130939876,0.0
room_acoustic_data_room_3273.mat,-2.0,2.3529411764705883,42.26966715478838,45.47844911333766,45.090161130939876,0.0
room_acoustic_data_room_3274.mat,-2.0,2.364705882352941,42.26966715478838,45.47844911333766,45.090161130939876,0.0
room_acoustic_data_room_3275.mat,-2.0,2.376470588235294,42.26966715478838,45.47844911333766,45.090161130939876,0.0
room_acoustic_data_room_3276.mat,-2.0,2.388235294117647,42.26966715478838,45.47844911333766,45.090161130939876,0.0
room_acoustic_data_room_3277.mat,-2.0,2.4,42.26966715478838,45.47844911333766,45.090161130939876,0.0
room_acoustic_data_room_3278.mat,-2.0,2.411764705882353,42.26966715478838,45.47844911333766,45.090161130939876,0.0
room_acoustic_data_room_3279.mat,-2.0,2.4235294117647057,42.26966715478838,45.47844911333766,45.090161130939876,0.0
room_acoustic_data_room_3280.mat,-2.0,2.4352941176470586,42.26966715478838,45.47844911333766,45.090161130939876,0.0
room_acoustic_data_room_3281.mat,-2.0,2.447058823529412,42.26966715478838,45.47844911333766,45.090161130939876,0.0
room_acoustic_data_room_3282.mat,-2.0,2.458823529411765,42.26966715478838,45.47844911333766,45.090161130939876,0.0
room_acoustic_data_room_3283.mat,-2.0,2.4705882352941178,42.26966715478838,45.47844911333766,45.090161130939876,0.0
room_acoustic_data_room_3284.mat,-2.0,2.4823529411764707,42.26966715478838,45.47844911333766,45.090161130939876,0.0
room_acoustic_data_room_3285.mat,-2.0,2.4941176470588236,42.26966715478838,45.47844911333766,45.090161130939876,0.0
room_acoustic_data_room_3286.mat,-2.0,2.5058823529411764,42.26966715478838,45.47844911333766,45.090161130939876,0.0
room_acoustic_data_room_3287.mat,-2.0,2.5176470588235293,42.26966715478838,45.47844911333766,45.090161130939876,0.0
room_acoustic_data_room_3288.mat,-2.0,2.5294117647058822,42.26966715478838,45.47844911333766,45.090161130939876,0.0
room_acoustic_data_room_3289.mat,-2.0,2.541176470588235,42.26966715478838,45.47844911333766,45.090161130939876,0.0
room_acoustic_data_room_3290.mat,-2.0,2.552941176470588,42.26966715478838,45.47844911333766,45.090161130939876,0.0
room_acoustic_data_room_3291.mat,-2.0,2.5647058823529414,42.26966715478838,45.47844911333766,45.090161130939876,0.0
room_acoustic_data_room_3292.mat,-2.0,2.5764705882352943,42.26966715478838,45.47844911333766,45.090161130939876,0.0
room_acoustic_data_room_3293.mat,-2.0,2.588235294117647,42.26966715478838,45.47844911333766,45.090161130939876,0.0
room_acoustic_data_room_3294.mat,-2.0,2.6,42.26966715478838,45.47844911333766,45.090161130939876,0.0
room_acoustic_data_room_3295.mat,-2.0,2.611764705882353,42.26966715478838,45.47844911333766,45.090161130939876,0.0
room_acoustic_data_room_3296.mat,-2.0,2.623529411764706,42.26966715478838,45.47844911333766,45.090161130939876,0.0
room_acoustic_data_room_3297.mat,-2.0,2.635294117647059,42.26966715478838,45.47844911333766,45.090161130939876,0.0
room_acoustic_data_room_3298.mat,-2.0,2.6470588235294117,42.26966715478838,45.47844911333766,45.090161130939876,0.0
room_acoustic_data_room_3299.mat,-2.0,2.6588235294117646,42.26966715478838,45.47844911333766,45.090161130939876,0.0
room_acoustic_data_room_3300.mat,-2.0,2.6705882352941175,42.26966715478838,45.47844911333766,45.090161130939876,0.0
room_acoustic_data_room_3301.mat,-2.0,2.6823529411764704,42.26966715478838,45.47844911333766,45.090161130939876,0.0
room_acoustic_data_room_3302.mat,-2.0,2.6941176470588237,42.26966715478838,45.47844911333766,45.090161130939876,0.0
room_acoustic_data_room_3303.mat,-2.0,2.7058823529411766,42.26966715478838,45.47844911333766,45.090161130939876,0.0
room_acoustic_data_room_3304.mat,-2.0,2.7176470588235295,42.26966715478838,45.47844911333766,45.090161130939876,0.0
room_acoustic_data_room_3305.mat,-2.0,2.7294117647058824,42.26966715478838,45.47844911333766,45.090161130939876,0.0
room_acoustic_data_room_3306.mat,-2.0,2.7411764705882353,42.26966715478838,45.47844911333766,45.090161130939876,0.0
room_acoustic_data_room_3307.mat,-2.0,2.7529411764705882,42.26966715478838,45.47844911333766,45.090161130939876,0.0
room_acoustic_data_room_3308.mat,-2.0,2.764705882352941,42.26966715478838,45.47844911333766,45.090161130939876,0.0
room_acoustic_data_room_3309.mat,-2.0,2.776470588235294,42.26966715478838,45.47844911333766,45.090161130939876,0.0
room_acoustic_data_room_3310.mat,-2.0,2.788235294117647,42.26966715478838,45.47844911333766,45.090161130939876,0.0
room_acoustic_data_room_3311.mat,-2.0,2.8,42.26966715478838,45.47844911333766,45.090161130939876,0.0
room_acoustic_data_room_3312.mat,-2.0,2.8117647058823527,42.26966715478838,45.47844911333766,45.090161130939876,0.0
room_acoustic_data_room_3313.mat,-2.0,2.823529411764706,42.26966715478838,45.47844911333766,45.090161130939876,0.0
room_acoustic_data_room_3314.mat,-2.0,2.835294117647059,42.26966715478838,45.47844911333766,45.090161130939876,0.0
room_acoustic_data_room_3315.mat,-2.0,2.847058823529412,42.26966715478838,45.47844911333766,45.090161130939876,0.0
room_acoustic_data_room_3316.mat,-2.0,2.8588235294117648,42.26966715478838,45.47844911333766,45.090161130939876,0.0
room_acoustic_data_room_3317.mat,-2.0,2.8705882352941177,42.26966715478838,45.47844911333766,45.090161130939876,0.0
room_acoustic_data_room_3318.mat,-2.0,2.8823529411764706,42.26966715478838,45.47844911333766,45.090161130939876,0.0
room_acoustic_data_room_3319.mat,-2.0,2.8941176470588235,42.26966715478838,45.47844911333766,45.090161130939876,0.0
room_acoustic_data_room_3320.mat,-2.0,2.9058823529411764,42.26966715478838,45.47844911333766,45.090161130939876,0.0
room_acoustic_data_room_3321.mat,-2.0,2.9176470588235293,42.26966715478838,45.47844911333766,45.090161130939876,0.0
room_acoustic_data_room_3322.mat,-2.0,2.929411764705882,42.26966715478838,45.47844911333766,45.090161130939876,0.0
room_acoustic_data_room_3323.mat,-2.0,2.9411764705882355,42.26966715478838,45.47844911333766,45.090161130939876,0.0
room_acoustic_data_room_3324.mat,-2.0,2.9529411764705884,42.26966715478838,45.47844911333766,45.090161130939876,0.0
room_acoustic_data_room_3325.mat,-2.0,2.9647058823529413,42.26966715478838,45.47844911333766,45.090161130939876,0.0
room_acoustic_data_room_3326.mat,-2.0,2.976470588235294,42.26966715478838,45.47844911333766,45.090161130939876,0.0
room_acoustic_data_room_3327.mat,-2.0,2.988235294117647,42.26966715478838,45.47844911333766,45.090161130939876,0.0
room_acoustic_data_room_3328.mat,-2.0,3.0,42.26966715478838,45.47844911333766,45.090161130939876,0.0
room_acoustic_data_room_3329.mat,5.0,0.0,42.26966715478838,45.47844911333766,45.090161130939876,0.0
room_acoustic_data_room_3330.mat,5.0,0.011764705882352941,42.26966715478838,45.47844911333766,45.090161130939876,0.0
room_acoustic_data_room_3331.mat,5.0,0.023529411764705882,42.26966715478838,45.47844911333766,45.090161130939876,0.0
room_acoustic_data_room_3332.mat,5.0,0.03529411764705882,42.26966715478838,45.47844911333766,45.090161130939876,0.0
room_acoustic_data_room_3333.mat,5.0,0.047058823529411764,42.26966715478838,45.47844911333766,45.090161130939876,0.0
room_acoustic_data_room_3334.mat,5.0,0.058823529411764705,42.26966715478838,45.47844911333766,45.090161130939876,0.0
room_acoustic_data_room_3335.mat,5.0,0.07058823529411765,42.26966715478838,45.47844911333766,45.090161130939876,0.0
room_acoustic_data_room_3336.mat,5.0,0.08235294117647059,42.26966715478838,45.47844911333766,45.090161130939876,0.0
room_acoustic_data_room_3337.mat,5.0,0.09411764705882353,42.26966715478838,45.47844911333766,45.090161130939876,0.0
room_acoustic_data_room_3338.mat,5.0,0.10588235294117647,42.26966715478838,45.47844911333766,45.090161130939876,0.0
room_acoustic_data_room_3339.mat,5.0,0.11764705882352941,42.26966715478838,45.47844911333766,45.090161130939876,0.0
room_acoustic_data_room_3340.mat,5.0,0.12941176470588237,42.26966715478838,45.47844911333766,45.090161130939876,0.0
room_acoustic_data_room_3341.mat,5.0,0.1411764705882353,42.26966715478838,45.47844911333766,45.090161130939876,0.0
room_acoustic_data_room_3342.mat,5.0,0.15294117647058825,42.26966715478838,45.47844911333766,45.090161130939876,0.0
room_acoustic_data_room_3343.mat,5.0,0.16470588235294117,42.26966715478838,45.47844911333766,45.090161130939876,0.0
room_acoustic_data_room_3344.mat,5.0,0.17647058823529413,42.26966715478838,45.47844911333766,45.090161130939876,0.0
room_acoustic_data_room_3345.mat,5.0,0.18823529411764706,42.26966715478838,45.47844911333766,45.090161130939876,0.0
room_acoustic_data_room_3346.mat,5.0,0.2,42.26966715478838,45.47844911333766,45.090161130939876,0.0
room_acoustic_data_room_3347.mat,5.0,0.21176470588235294,42.26966715478838,45.47844911333766,45.090161130939876,0.0
room_acoustic_data_room_3348.mat,5.0,0.2235294117647059,42.26966715478838,45.47844911333766,45.090161130939876,0.0
room_acoustic_data_room_3349.mat,5.0,0.23529411764705882,42.26966715478838,45.47844911333766,45.090161130939876,0.0
room_acoustic_data_room_3350.mat,5.0,0.24705882352941178,42.26966715478838,45.47844911333766,45.090161130939876,0.0
room_acoustic_data_room_3351.mat,5.0,0.25882352941176473,42.26966715478838,45.47844911333766,45.090161130939876,0.0
room_acoustic_data_room_3352.mat,5.0,0.27058823529411763,42.26966715478838,45.47844911333766,45.090161130939876,0.0
room_acoustic_data_room_3353.mat,5.0,0.2823529411764706,42.26966715478838,45.47844911333766,45.090161130939876,0.0
room_acoustic_data_room_3354.mat,5.0,0.29411764705882354,42.26966715478838,45.47844911333766,45.090161130939876,0.0
room_acoustic_data_room_3355.mat,5.0,0.3058823529411765,42.26966715478838,45.47844911333766,45.090161130939876,0.0
room_acoustic_data_room_3356.mat,5.0,0.3176470588235294,42.26966715478838,45.47844911333766,45.090161130939876,0.0
room_acoustic_data_room_3357.mat,5.0,0.32941176470588235,42.26966715478838,45.47844911333766,45.090161130939876,0.0
room_acoustic_data_room_3358.mat,5.0,0.3411764705882353,42.26966715478838,45.47844911333766,45.090161130939876,0.0
room_acoustic_data_room_3359.mat,5.0,0.35294117647058826,42.26966715478838,45.47844911333766,45.090161130939876,0.0
room_acoustic_data_room_3360.mat,5.0,0.36470588235294116,42.26966715478838,45.47844911333766,45.090161130939876,0.0
room_acoustic_data_room_3361.mat,5.0,0.3764705882352941,42.26966715478838,45.47844911333766,45.090161130939876,0.0
room_acoustic_data_room_3362.mat,5.0,0.38823529411764707,42.26966715478838,45.47844911333766,45.090161130939876,0.0
room_acoustic_data_room_3363.mat,5.0,0.4,42.26966715478838,45.47844911333766,45.090161130939876,0.0
room_acoustic_data_room_3364.mat,5.0,0.4117647058823529,42.26966715478838,45.47844911333766,45.090161130939876,0.0
room_acoustic_data_room_3365.mat,5.0,0.4235294117647059,42.26966715478838,45.47844911333766,45.090161130939876,0.0
room_acoustic_data_room_3366.mat,5.0,0.43529411764705883,42.26966715478838,45.47844911333766,45.090161130939876,0.0
room_acoustic_data_room_3367.mat,5.0,0.4470588235294118,42.26966715478838,45.47844911333766,45.090161130939876,0.0
room_acoustic_data_room_3368.mat,5.0,0.4588235294117647,42.26966715478838,45.47844911333766,45.090161130939876,0.0
room_acoustic_data_room_3369.mat,5.0,0.47058823529411764,42.26966715478838,45.47844911333766,45.090161130939876,0.0
room_acoustic_data_room_3370.mat,5.0,0.4823529411764706,42.26966715478838,45.47844911333766,45.090161130939876,0.0
room_acoustic_data_room_3371.mat,5.0,0.49411764705882355,42.26966715478838,45.47844911333766,45.090161130939876,0.0
room_acoustic_data_room_3372.mat,5.0,0.5058823529411764,42.26966715478838,45.47844911333766,45.090161130939876,0.0
room_acoustic_data_room_3373.mat,5.0,0.5176470588235295,42.26966715478838,45.47844911333766,45.090161130939876,0.0
room_acoustic_data_room_3374.mat,5.0,0.5294117647058824,42.26966715478838,45.47844911333766,45.090161130939876,0.0
room_acoustic_data_room_3375.mat,5.0,0.5411764705882353,42.26966715478838,45.47844911333766,45.090161130939876,0.0
room_acoustic_data_room_3376.mat,5.0,0.5529411764705883,42.26966715478838,45.47844911333766,45.090161130939876,0.0
room_acoustic_data_room_3377.mat,5.0,0.5647058823529412,42.26966715478838,45.47844911333766,45.090161130939876,0.0
room_acoustic_data_room_3378.mat,5.0,0.5764705882352941,42.26966715478838,45.47844911333766,45.090161130939876,0.0
room_acoustic_data_room_3379.mat,5.0,0.5882352941176471,42.26966715478838,45.47844911333766,45.090161130939876,0.0
room_acoustic_data_room_3380.mat,5.0,0.6,42.26966715478838,45.47844911333766,45.090161130939876,0.0
room_acoustic_data_room_3381.mat,5.0,0.611764705882353,42.26966715478838,45.47844911333766,45.090161130939876,0.0
room_acoustic_data_room_3382.mat,5.0,0.6235294117647059,42.26966715478838,45.47844911333766,45.090161130939876,0.0
room_acoustic_data_room_3383.mat,5.0,0.6352941176470588,42.26966715478838,45.47844911333766,45.090161130939876,0.0
room_acoustic_data_room_3384.mat,5.0,0.6470588235294118,42.26966715478838,45.47844911333766,45.090161130939876,0.0
room_acoustic_data_room_3385.mat,5.0,0.6588235294117647,42.26966715478838,45.47844911333766,45.090161130939876,0.0
room_acoustic_data_room_3386.mat,5.0,0.6705882352941176,42.26966715478838,45.47844911333766,45.090161130939876,0.0
room_acoustic_data_room_3387.mat,5.0,0.6823529411764706,42.26966715478838,45.47844911333766,45.090161130939876,0.0
room_acoustic_data_room_3388.mat,5.0,0.6941176470588235,42.26966715478838,45.47844911333766,45.090161130939876,0.0
room_acoustic_data_room_3389.mat,5.0,0.7058823529411765,42.26966715478838,45.47844911333766,45.090161130939876,0.0
room_acoustic_data_room_3390.mat,5.0,0.7176470588235294,42.26966715478838,45.47844911333766,45.090161130939876,0.0
room_acoustic_data_room_3391.mat,5.0,0.7294117647058823,42.26966715478838,45.47844911333766,45.090161130939876,0.0
room_acoustic_data_room_3392.mat,5.0,0.7411764705882353,42.26966715478838,45.47844911333766,45.090161130939876,0.0
room_acoustic_data_room_3393.mat,5.0,0.7529411764705882,42.26966715478838,45.47844911333766,45.090161130939876,0.0
room_acoustic_data_room_3394.mat,5.0,0.7647058823529411,42.26966715478838,45.47844911333766,45.090161130939876,0.0
room_acoustic_data_room_3395.mat,5.0,0.7764705882352941,42.26966715478838,45.47844911333766,45.090161130939876,0.0
room_acoustic_data_room_3396.mat,5.0,0.788235294117647,42.26966715478838,45.47844911333766,45.090161130939876,0.0
room_acoustic_data_room_3397.mat,5.0,0.8,42.26966715478838,45.47844911333766,45.090161130939876,0.0
room_acoustic_data_room_3398.mat,5.0,0.8117647058823529,42.26966715478838,45.47844911333766,45.090161130939876,0.0
room_acoustic_data_room_3399.mat,5.0,0.8235294117647058,42.26966715478838,45.47844911333766,45.090161130939876,0.0
room_acoustic_data_room_3400.mat,5.0,0.8352941176470589,42.26966715478838,45.47844911333766,45.090161130939876,0.0
room_acoustic_data_room_3401.mat,5.0,0.8470588235294118,42.26966715478838,45.47844911333766,45.090161130939876,0.0
room_acoustic_data_room_3402.mat,5.0,0.8588235294117647,42.26966715478838,45.47844911333766,45.090161130939876,0.0
room_acoustic_data_room_3403.mat,5.0,0.8705882352941177,42.26966715478838,45.47844911333766,45.090161130939876,0.0
room_acoustic_data_room_3404.mat,5.0,0.8823529411764706,42.26966715478838,45.47844911333766,45.090161130939876,0.0
room_acoustic_data_room_3405.mat,5.0,0.8941176470588236,42.26966715478838,45.47844911333766,45.090161130939876,0.0
room_acoustic_data_room_3406.mat,5.0,0.9058823529411765,42.26966715478838,45.47844911333766,45.090161130939876,0.0
room_acoustic_data_room_3407.mat,5.0,0.9176470588235294,42.26966715478838,45.47844911333766,45.090161130939876,0.0
room_acoustic_data_room_3408.mat,5.0,0.9294117647058824,42.26966715478838,45.47844911333766,45.090161130939876,0.0
room_acoustic_data_room_3409.mat,5.0,0.9411764705882353,42.26966715478838,45.47844911333766,45.090161130939876,0.0
room_acoustic_data_room_3410.mat,5.0,0.9529411764705882,42.26966715478838,45.47844911333766,45.090161130939876,0.0
room_acoustic_data_room_3411.mat,5.0,0.9647058823529412,42.26966715478838,45.47844911333766,45.090161130939876,0.0
room_acoustic_data_room_3412.mat,5.0,0.9764705882352941,42.26966715478838,45.47844911333766,45.090161130939876,0.0
room_acoustic_data_room_3413.mat,5.0,0.9882352941176471,42.26966715478838,45.47844911333766,45.090161130939876,0.0
room_acoustic_data_room_3414.mat,5.0,1.0,42.26966715478838,45.47844911333766,45.090161130939876,0.0
room_acoustic_data_room_3415.mat,5.0,1.011764705882353,42.26966715478838,45.47844911333766,45.090161130939876,0.0
room_acoustic_data_room_3416.mat,5.0,1.0235294117647058,42.26966715478838,45.47844911333766,45.090161130939876,0.0
room_acoustic_data_room_3417.mat,5.0,1.035294117647059,42.26966715478838,45.47844911333766,45.090161130939876,0.0
room_acoustic_data_room_3418.mat,5.0,1.0470588235294118,42.26966715478838,45.47844911333766,45.090161130939876,0.0
room_acoustic_data_room_3419.mat,5.0,1.0588235294117647,42.26966715478838,45.47844911333766,45.090161130939876,0.0
room_acoustic_data_room_3420.mat,5.0,1.0705882352941176,42.26966715478838,45.47844911333766,45.090161130939876,0.0
room_acoustic_data_room_3421.mat,5.0,1.0823529411764705,42.26966715478838,45.47844911333766,45.090161130939876,0.0
room_acoustic_data_room_3422.mat,5.0,1.0941176470588236,42.26966715478838,45.47844911333766,45.090161130939876,0.0
room_acoustic_data_room_3423.mat,5.0,1.1058823529411765,42.26966715478838,45.47844911333766,45.090161130939876,0.0
room_acoustic_data_room_3424.mat,5.0,1.1176470588235294,42.26966715478838,45.47844911333766,45.090161130939876,0.0
room_acoustic_data_room_3425.mat,5.0,1.1294117647058823,42.26966715478838,45.47844911333766,45.090161130939876,0.0
room_acoustic_data_room_3426.mat,5.0,1.1411764705882352,42.26966715478838,45.47844911333766,45.090161130939876,0.0
room_acoustic_data_room_3427.mat,5.0,1.1529411764705881,42.26966715478838,45.47844911333766,45.090161130939876,0.0
room_acoustic_data_room_3428.mat,5.0,1.1647058823529413,42.26966715478838,45.47844911333766,45.090161130939876,0.0
room_acoustic_data_room_3429.mat,5.0,1.1764705882352942,42.26966715478838,45.47844911333766,45.090161130939876,0.0
room_acoustic_data_room_3430.mat,5.0,1.188235294117647,42.26966715478838,45.47844911333766,45.090161130939876,0.0
room_acoustic_data_room_3431.mat,5.0,1.2,42.26966715478838,45.47844911333766,45.090161130939876,0.0
room_acoustic_data_room_3432.mat,5.0,1.2117647058823529,42.26966715478838,45.47844911333766,45.090161130939876,0.0
room_acoustic_data_room_3433.mat,5.0,1.223529411764706,42.26966715478838,45.47844911333766,45.090161130939876,0.0
room_acoustic_data_room_3434.mat,5.0,1.2352941176470589,42.26966715478838,45.47844911333766,45.090161130939876,0.0
room_acoustic_data_room_3435.mat,5.0,1.2470588235294118,42.26966715478838,45.47844911333766,45.090161130939876,0.0
room_acoustic_data_room_3436.mat,5.0,1.2588235294117647,42.26966715478838,45.47844911333766,45.090161130939876,0.0
room_acoustic_data_room_3437.mat,5.0,1.2705882352941176,42.26966715478838,45.47844911333766,45.090161130939876,0.0
room_acoustic_data_room_3438.mat,5.0,1.2823529411764707,42.26966715478838,45.47844911333766,45.090161130939876,0.0
room_acoustic_data_room_3439.mat,5.0,1.2941176470588236,42.26966715478838,45.47844911333766,45.090161130939876,0.0
room_acoustic_data_room_3440.mat,5.0,1.3058823529411765,42.26966715478838,45.47844911333766,45.090161130939876,0.0
room_acoustic_data_room_3441.mat,5.0,1.3176470588235294,42.26966715478838,45.47844911333766,45.090161130939876,0.0
room_acoustic_data_room_3442.mat,5.0,1.3294117647058823,42.26966715478838,45.47844911333766,45.090161130939876,0.0
room_acoustic_data_room_3443.mat,5.0,1.3411764705882352,42.26966715478838,45.47844911333766,45.090161130939876,0.0
room_acoustic_data_room_3444.mat,5.0,1.3529411764705883,42.26966715478838,45.47844911333766,45.090161130939876,0.0
room_acoustic_data_room_3445.mat,5.0,1.3647058823529412,42.26966715478838,45.47844911333766,45.090161130939876,0.0
room_acoustic_data_room_3446.mat,5.0,1.3764705882352941,42.26966715478838,45.47844911333766,45.090161130939876,0.0
room_acoustic_data_room_3447.mat,5.0,1.388235294117647,42.26966715478838,45.47844911333766,45.090161130939876,0.0
room_acoustic_data_room_3448.mat,5.0,1.4,42.26966715478838,45.47844911333766,45.090161130939876,0.0
room_acoustic_data_room_3449.mat,5.0,1.411764705882353,42.26966715478838,45.47844911333766,45.090161130939876,0.0
room_acoustic_data_room_3450.mat,5.0,1.423529411764706,42.26966715478838,45.47844911333766,45.090161130939876,0.0
room_acoustic_data_room_3451.mat,5.0,1.4352941176470588,42.26966715478838,45.47844911333766,45.090161130939876,0.0
room_acoustic_data_room_3452.mat,5.0,1.4470588235294117,42.26966715478838,45.47844911333766,45.090161130939876,0.0
room_acoustic_data_room_3453.mat,5.0,1.4588235294117646,42.26966715478838,45.47844911333766,45.090161130939876,0.0
room_acoustic_data_room_3454.mat,5.0,1.4705882352941178,42.26966715478838,45.47844911333766,45.090161130939876,0.0
room_acoustic_data_room_3455.mat,5.0,1.4823529411764707,42.26966715478838,45.47844911333766,45.090161130939876,0.0
room_acoustic_data_room_3456.mat,5.0,1.4941176470588236,42.26966715478838,45.47844911333766,45.090161130939876,0.0
room_acoustic_data_room_3457.mat,5.0,1.5058823529411764,42.26966715478838,45.47844911333766,45.090161130939876,0.0
room_acoustic_data_room_3458.mat,5.0,1.5176470588235293,42.26966715478838,45.47844911333766,45.090161130939876,0.0
room_acoustic_data_room_3459.mat,5.0,1.5294117647058822,42.26966715478838,45.47844911333766,45.090161130939876,0.0
room_acoustic_data_room_3460.mat,5.0,1.5411764705882354,42.26966715478838,45.47844911333766,45.090161130939876,0.0
room_acoustic_data_room_3461.mat,5.0,1.5529411764705883,42.26966715478838,45.47844911333766,45.090161130939876,0.0
room_acoustic_data_room_3462.mat,5.0,1.5647058823529412,42.26966715478838,45.47844911333766,45.090161130939876,0.0
room_acoustic_data_room_3463.mat,5.0,1.576470588235294,42.26966715478838,45.47844911333766,45.090161130939876,0.0
room_acoustic_data_room_3464.mat,5.0,1.588235294117647,42.26966715478838,45.47844911333766,45.090161130939876,0.0
room_acoustic_data_room_3465.mat,5.0,1.6,42.26966715478838,45.47844911333766,45.090161130939876,0.0
room_acoustic_data_room_3466.mat,5.0,1.611764705882353,42.26966715478838,45.47844911333766,45.090161130939876,0.0
room_acoustic_data_room_3467.mat,5.0,1.6235294117647059,42.26966715478838,45.47844911333766,45.090161130939876,0.0
room_acoustic_data_room_3468.mat,5.0,1.6352941176470588,42.26966715478838,45.47844911333766,45.090161130939876,0.0
room_acoustic_data_room_3469.mat,5.0,1.6470588235294117,42.26966715478838,45.47844911333766,45.090161130939876,0.0
room_acoustic_data_room_3470.mat,5.0,1.6588235294117648,42.26966715478838,45.47844911333766,45.090161130939876,0.0
room_acoustic_data_room_3471.mat,5.0,1.6705882352941177,42.26966715478838,45.47844911333766,45.090161130939876,0.0
room_acoustic_data_room_3472.mat,5.0,1.6823529411764706,42.26966715478838,45.47844911333766,45.090161130939876,0.0
room_acoustic_data_room_3473.mat,5.0,1.6941176470588235,42.26966715478838,45.47844911333766,45.090161130939876,0.0
room_acoustic_data_room_3474.mat,5.0,1.7058823529411764,42.26966715478838,45.47844911333766,45.090161130939876,0.0
room_acoustic_data_room_3475.mat,5.0,1.7176470588235293,42.26966715478838,45.47844911333766,45.090161130939876,0.0
room_acoustic_data_room_3476.mat,5.0,1.7294117647058824,42.26966715478838,45.47844911333766,45.090161130939876,0.0
room_acoustic_data_room_3477.mat,5.0,1.7411764705882353,42.26966715478838,45.47844911333766,45.090161130939876,0.0
room_acoustic_data_room_3478.mat,5.0,1.7529411764705882,42.26966715478838,45.47844911333766,45.090161130939876,0.0
room_acoustic_data_room_3479.mat,5.0,1.7647058823529411,42.26966715478838,45.47844911333766,45.090161130939876,0.0
room_acoustic_data_room_3480.mat,5.0,1.776470588235294,42.26966715478838,45.47844911333766,45.090161130939876,0.0
room_acoustic_data_room_3481.mat,5.0,1.7882352941176471,42.26966715478838,45.47844911333766,45.090161130939876,0.0
room_acoustic_data_room_3482.mat,5.0,1.8,42.26966715478838,45.47844911333766,45.090161130939876,0.0
room_acoustic_data_room_3483.mat,5.0,1.811764705882353,42.26966715478838,45.47844911333766,45.090161130939876,0.0
room_acoustic_data_room_3484.mat,5.0,1.8235294117647058,42.26966715478838,45.47844911333766,45.090161130939876,0.0
room_acoustic_data_room_3485.mat,5.0,1.8352941176470587,42.26966715478838,45.47844911333766,45.090161130939876,0.0
room_acoustic_data_room_3486.mat,5.0,1.8470588235294119,42.26966715478838,45.47844911333766,45.090161130939876,0.0
room_acoustic_data_room_3487.mat,5.0,1.8588235294117648,42.26966715478838,45.47844911333766,45.090161130939876,0.0
room_acoustic_data_room_3488.mat,5.0,1.8705882352941177,42.26966715478838,45.47844911333766,45.090161130939876,0.0
room_acoustic_data_room_3489.mat,5.0,1.8823529411764706,42.26966715478838,45.47844911333766,45.090161130939876,0.0
room_acoustic_data_room_3490.mat,5.0,1.8941176470588235,42.26966715478838,45.47844911333766,45.090161130939876,0.0
room_acoustic_data_room_3491.mat,5.0,1.9058823529411764,42.26966715478838,45.47844911333766,45.090161130939876,0.0
room_acoustic_data_room_3492.mat,5.0,1.9176470588235295,42.26966715478838,45.47844911333766,45.090161130939876,0.0
room_acoustic_data_room_3493.mat,5.0,1.9294117647058824,42.26966715478838,45.47844911333766,45.090161130939876,0.0
room_acoustic_data_room_3494.mat,5.0,1.9411764705882353,42.26966715478838,45.47844911333766,45.090161130939876,0.0
room_acoustic_data_room_3495.mat,5.0,1.9529411764705882,42.26966715478838,45.47844911333766,45.090161130939876,0.0
room_acoustic_data_room_3496.mat,5.0,1.964705882352941,42.26966715478838,45.47844911333766,45.090161130939876,0.0
room_acoustic_data_room_3497.mat,5.0,1.9764705882352942,42.26966715478838,45.47844911333766,45.090161130939876,0.0
room_acoustic_data_room_3498.mat,5.0,1.988235294117647,42.26966715478838,45.47844911333766,45.090161130939876,0.0
room_acoustic_data_room_3499.mat,5.0,2.0,42.26966715478838,45.47844911333766,45.090161130939876,0.0
room_acoustic_data_room_3500.mat,5.0,2.011764705882353,42.26966715478838,45.47844911333766,45.090161130939876,0.0
room_acoustic_data_room_3501.mat,5.0,2.023529411764706,42.26966715478838,45.47844911333766,45.090161130939876,0.0
room_acoustic_data_room_3502.mat,5.0,2.0352941176470587,42.26966715478838,45.47844911333766,45.090161130939876,0.0
room_acoustic_data_room_3503.mat,5.0,2.0470588235294116,42.26966715478838,45.47844911333766,45.090161130939876,0.0
room_acoustic_data_room_3504.mat,5.0,2.0588235294117645,42.26966715478838,45.47844911333766,45.090161130939876,0.0
room_acoustic_data_room_3505.mat,5.0,2.070588235294118,42.26966715478838,45.47844911333766,45.090161130939876,0.0
room_acoustic_data_room_3506.mat,5.0,2.0823529411764707,42.26966715478838,45.47844911333766,45.090161130939876,0.0
room_acoustic_data_room_3507.mat,5.0,2.0941176470588236,42.26966715478838,45.47844911333766,45.090161130939876,0.0
room_acoustic_data_room_3508.mat,5.0,2.1058823529411765,42.26966715478838,45.47844911333766,45.090161130939876,0.0
room_acoustic_data_room_3509.mat,5.0,2.1176470588235294,42.26966715478838,45.47844911333766,45.090161130939876,0.0
room_acoustic_data_room_3510.mat,5.0,2.1294117647058823,42.26966715478838,45.47844911333766,45.090161130939876,0.0
room_acoustic_data_room_3511.mat,5.0,2.1411764705882352,42.26966715478838,45.47844911333766,45.090161130939876,0.0
room_acoustic_data_room_3512.mat,5.0,2.152941176470588,42.26966715478838,45.47844911333766,45.090161130939876,0.0
room_acoustic_data_room_3513.mat,5.0,2.164705882352941,42.26966715478838,45.47844911333766,45.090161130939876,0.0
room_acoustic_data_room_3514.mat,5.0,2.176470588235294,42.26966715478838,45.47844911333766,45.090161130939876,0.0
room_acoustic_data_room_3515.mat,5.0,2.1882352941176473,42.26966715478838,45.47844911333766,45.090161130939876,0.0
room_acoustic_data_room_3516.mat,5.0,2.2,42.26966715478838,45.47844911333766,45.090161130939876,0.0
room_acoustic_data_room_3517.mat,5.0,2.211764705882353,42.26966715478838,45.47844911333766,45.090161130939876,0.0
room_acoustic_data_room_3518.mat,5.0,2.223529411764706,42.26966715478838,45.47844911333766,45.090161130939876,0.0
room_acoustic_data_room_3519.mat,5.0,2.235294117647059,42.26966715478838,45.47844911333766,45.090161130939876,0.0
room_acoustic_data_room_3520.mat,5.0,2.2470588235294118,42.26966715478838,45.47844911333766,45.090161130939876,0.0
room_acoustic_data_room_3521.mat,5.0,2.2588235294117647,42.26966715478838,45.47844911333766,45.090161130939876,0.0
room_acoustic_data_room_3522.mat,5.0,2.2705882352941176,42.26966715478838,45.47844911333766,45.090161130939876,0.0
room_acoustic_data_room_3523.mat,5.0,2.2823529411764705,42.26966715478838,45.47844911333766,45.090161130939876,0.0
room_acoustic_data_room_3524.mat,5.0,2.2941176470588234,42.26966715478838,45.47844911333766,45.090161130939876,0.0
room_acoustic_data_room_3525.mat,5.0,2.3058823529411763,42.26966715478838,45.47844911333766,45.090161130939876,0.0
room_acoustic_data_room_3526.mat,5.0,2.3176470588235296,42.26966715478838,45.47844911333766,45.090161130939876,0.0
room_acoustic_data_room_3527.mat,5.0,2.3294117647058825,42.26966715478838,45.47844911333766,45.090161130939876,0.0
room_acoustic_data_room_3528.mat,5.0,2.3411764705882354,42.26966715478838,45.47844911333766,45.090161130939876,0.0
room_acoustic_data_room_3529.mat,5.0,2.3529411764705883,42.26966715478838,45.47844911333766,45.090161130939876,0.0
room_acoustic_data_room_3530.mat,5.0,2.364705882352941,42.26966715478838,45.47844911333766,45.090161130939876,0.0
room_acoustic_data_room_3531.mat,5.0,2.376470588235294,42.26966715478838,45.47844911333766,45.090161130939876,0.0
room_acoustic_data_room_3532.mat,5.0,2.388235294117647,42.26966715478838,45.47844911333766,45.090161130939876,0.0
room_acoustic_data_room_3533.mat,5.0,2.4,42.26966715478838,45.47844911333766,45.090161130939876,0.0
room_acoustic_data_room_3534.mat,5.0,2.411764705882353,42.26966715478838,45.47844911333766,45.090161130939876,0.0
room_acoustic_data_room_3535.mat,5.0,2.4235294117647057,42.26966715478838,45.47844911333766,45.090161130939876,0.0
room_acoustic_data_room_3536.mat,5.0,2.4352941176470586,42.26966715478838,45.47844911333766,45.090161130939876,0.0
room_acoustic_data_room_3537.mat,5.0,2.447058823529412,42.26966715478838,45.47844911333766,45.090161130939876,0.0
room_acoustic_data_room_3538.mat,5.0,2.458823529411765,42.26966715478838,45.47844911333766,45.090161130939876,0.0
room_acoustic_data_room_3539.mat,5.0,2.4705882352941178,42.26966715478838,45.47844911333766,45.090161130939876,0.0
room_acoustic_data_room_3540.mat,5.0,2.4823529411764707,42.26966715478838,45.47844911333766,45.090161130939876,0.0
room_acoustic_data_room_3541.mat,5.0,2.4941176470588236,42.26966715478838,45.47844911333766,45.090161130939876,0.0
room_acoustic_data_room_3542.mat,5.0,2.5058823529411764,42.26966715478838,45.47844911333766,45.090161130939876,0.0
room_acoustic_data_room_3543.mat,5.0,2.5176470588235293,42.26966715478838,45.47844911333766,45.090161130939876,0.0
room_acoustic_data_room_3544.mat,5.0,2.5294117647058822,42.26966715478838,45.47844911333766,45.090161130939876,0.0
room_acoustic_data_room_3545.mat,5.0,2.541176470588235,42.26966715478838,45.47844911333766,45.090161130939876,0.0
room_acoustic_data_room_3546.mat,5.0,2.552941176470588,42.26966715478838,45.47844911333766,45.090161130939876,0.0
room_acoustic_data_room_3547.mat,5.0,2.5647058823529414,42.26966715478838,45.47844911333766,45.090161130939876,0.0
room_acoustic_data_room_3548.mat,5.0,2.5764705882352943,42.26966715478838,45.47844911333766,45.090161130939876,0.0
room_acoustic_data_room_3549.mat,5.0,2.588235294117647,42.26966715478838,45.47844911333766,45.090161130939876,0.0
room_acoustic_data_room_3550.mat,5.0,2.6,42.26966715478838,45.47844911333766,45.090161130939876,0.0
room_acoustic_data_room_3551.mat,5.0,2.611764705882353,42.26966715478838,45.47844911333766,45.090161130939876,0.0
room_acoustic_data_room_3552.mat,5.0,2.623529411764706,42.26966715478838,45.47844911333766,45.090161130939876,0.0
room_acoustic_data_room_3553.mat,5.0,2.635294117647059,42.26966715478838,45.47844911333766,45.090161130939876,0.0
room_acoustic_data_room_3554.mat,5.0,2.6470588235294117,42.26966715478838,45.47844911333766,45.090161130939876,0.0
room_acoustic_data_room_3555.mat,5.0,2.6588235294117646,42.26966715478838,45.47844911333766,45.090161130939876,0.0
room_acoustic_data_room_3556.mat,5.0,2.6705882352941175,42.26966715478838,45.47844911333766,45.090161130939876,0.0
room_acoustic_data_room_3557.mat,5.0,2.6823529411764704,42.26966715478838,45.47844911333766,45.090161130939876,0.0
room_acoustic_data_room_3558.mat,5.0,2.6941176470588237,42.26966715478838,45.47844911333766,45.090161130939876,0.0
room_acoustic_data_room_3559.mat,5.0,2.7058823529411766,42.26966715478838,45.47844911333766,45.090161130939876,0.0
room_acoustic_data_room_3560.mat,5.0,2.7176470588235295,42.26966715478838,45.47844911333766,45.090161130939876,0.0
room_acoustic_data_room_3561.mat,5.0,2.7294117647058824,42.26966715478838,45.47844911333766,45.090161130939876,0.0
room_acoustic_data_room_3562.mat,5.0,2.7411764705882353,42.26966715478838,45.47844911333766,45.090161130939876,0.0
room_acoustic_data_room_3563.mat,5.0,2.7529411764705882,42.26966715478838,45.47844911333766,45.090161130939876,0.0
room_acoustic_data_room_3564.mat,5.0,2.764705882352941,42.26966715478838,45.47844911333766,45.090161130939876,0.0
room_acoustic_data_room_3565.mat,5.0,2.776470588235294,42.26966715478838,45.47844911333766,45.090161130939876,0.0
room_acoustic_data_room_3566.mat,5.0,2.788235294117647,42.26966715478838,45.47844911333766,45.090161130939876,0.0
room_acoustic_data_room_3567.mat,5.0,2.8,42.26966715478838,45.47844911333766,45.090161130939876,0.0
room_acoustic_data_room_3568.mat,5.0,2.8117647058823527,42.26966715478838,45.47844911333766,45.090161130939876,0.0
room_acoustic_data_room_3569.mat,5.0,2.823529411764706,42.26966715478838,45.47844911333766,45.090161130939876,0.0
room_acoustic_data_room_3570.mat,5.0,2.835294117647059,42.26966715478838,45.47844911333766,45.090161130939876,0.0
room_acoustic_data_room_3571.mat,5.0,2.847058823529412,42.26966715478838,45.47844911333766,45.090161130939876,0.0
room_acoustic_data_room_3572.mat,5.0,2.8588235294117648,42.26966715478838,45.47844911333766,45.090161130939876,0.0
room_acoustic_data_room_3573.mat,5.0,2.8705882352941177,42.26966715478838,45.47844911333766,45.090161130939876,0.0
room_acoustic_data_room_3574.mat,5.0,2.8823529411764706,42.26966715478838,45.47844911333766,45.090161130939876,0.0
room_acoustic_data_room_3575.mat,5.0,2.8941176470588235,42.26966715478838,45.47844911333766,45.090161130939876,0.0
room_acoustic_data_room_3576.mat,5.0,2.9058823529411764,42.26966715478838,45.47844911333766,45.090161130939876,0.0
room_acoustic_data_room_3577.mat,5.0,2.9176470588235293,42.26966715478838,45.47844911333766,45.090161130939876,0.0
room_acoustic_data_room_3578.mat,5.0,2.929411764705882,42.26966715478838,45.47844911333766,45.090161130939876,0.0
room_acoustic_data_room_3579.mat,5.0,2.9411764705882355,42.26966715478838,45.47844911333766,45.090161130939876,0.0
room_acoustic_data_room_3580.mat,5.0,2.9529411764705884,42.26966715478838,45.47844911333766,45.090161130939876,0.0
room_acoustic_data_room_3581.mat,5.0,2.9647058823529413,42.26966715478838,45.47844911333766,45.090161130939876,0.0
room_acoustic_data_room_3582.mat,5.0,2.976470588235294,42.26966715478838,45.47844911333766,45.090161130939876,0.0
room_acoustic_data_room_3583.mat,5.0,2.988235294117647,42.26966715478838,45.47844911333766,45.090161130939876,0.0
room_acoustic_data_room_3584.mat,5.0,3.0,42.26966715478838,45.47844911333766,45.090161130939876,0.0
room_acoustic_data_room_3585.mat,0.0,-2.0,42.26966715478838,45.47844911333766,45.090161130939876,0.0
room_acoustic_data_room_3586.mat,0.011764705882352941,-2.0,42.26966715478838,45.47844911333766,45.090161130939876,0.0
room_acoustic_data_room_3587.mat,0.023529411764705882,-2.0,42.26966715478838,45.47844911333766,45.090161130939876,0.0
room_acoustic_data_room_3588.mat,0.03529411764705882,-2.0,42.26966715478838,45.47844911333766,45.090161130939876,0.0
room_acoustic_data_room_3589.mat,0.047058823529411764,-2.0,42.26966715478838,45.47844911333766,45.090161130939876,0.0
room_acoustic_data_room_3590.mat,0.058823529411764705,-2.0,42.26966715478838,45.47844911333766,45.090161130939876,0.0
room_acoustic_data_room_3591.mat,0.07058823529411765,-2.0,42.26966715478838,45.47844911333766,45.090161130939876,0.0
room_acoustic_data_room_3592.mat,0.08235294117647059,-2.0,42.26966715478838,45.47844911333766,45.090161130939876,0.0
room_acoustic_data_room_3593.mat,0.09411764705882353,-2.0,42.26966715478838,45.47844911333766,45.090161130939876,0.0
room_acoustic_data_room_3594.mat,0.10588235294117647,-2.0,42.26966715478838,45.47844911333766,45.090161130939876,0.0
room_acoustic_data_room_3595.mat,0.11764705882352941,-2.0,42.26966715478838,45.47844911333766,45.090161130939876,0.0
room_acoustic_data_room_3596.mat,0.12941176470588237,-2.0,42.26966715478838,45.47844911333766,45.090161130939876,0.0
room_acoustic_data_room_3597.mat,0.1411764705882353,-2.0,42.26966715478838,45.47844911333766,45.090161130939876,0.0
room_acoustic_data_room_3598.mat,0.15294117647058825,-2.0,42.26966715478838,45.47844911333766,45.090161130939876,0.0
room_acoustic_data_room_3599.mat,0.16470588235294117,-2.0,42.26966715478838,45.47844911333766,45.090161130939876,0.0
room_acoustic_data_room_3600.mat,0.17647058823529413,-2.0,42.26966715478838,45.47844911333766,45.090161130939876,0.0
room_acoustic_data_room_3601.mat,0.18823529411764706,-2.0,42.26966715478838,45.47844911333766,45.090161130939876,0.0
room_acoustic_data_room_3602.mat,0.2,-2.0,42.26966715478838,45.47844911333766,45.090161130939876,0.0
room_acoustic_data_room_3603.mat,0.21176470588235294,-2.0,42.26966715478838,45.47844911333766,45.090161130939876,0.0
room_acoustic_data_room_3604.mat,0.2235294117647059,-2.0,42.26966715478838,45.47844911333766,45.090161130939876,0.0
room_acoustic_data_room_3605.mat,0.23529411764705882,-2.0,42.26966715478838,45.47844911333766,45.090161130939876,0.0
room_acoustic_data_room_3606.mat,0.24705882352941178,-2.0,42.26966715478838,45.47844911333766,45.090161130939876,0.0
room_acoustic_data_room_3607.mat,0.25882352941176473,-2.0,42.26966715478838,45.47844911333766,45.090161130939876,0.0
room_acoustic_data_room_3608.mat,0.27058823529411763,-2.0,42.26966715478838,45.47844911333766,45.090161130939876,0.0
room_acoustic_data_room_3609.mat,0.2823529411764706,-2.0,42.26966715478838,45.47844911333766,45.090161130939876,0.0
room_acoustic_data_room_3610.mat,0.29411764705882354,-2.0,42.26966715478838,45.47844911333766,45.090161130939876,0.0
room_acoustic_data_room_3611.mat,0.3058823529411765,-2.0,42.26966715478838,45.47844911333766,45.090161130939876,0.0
room_acoustic_data_room_3612.mat,0.3176470588235294,-2.0,42.26966715478838,45.47844911333766,45.090161130939876,0.0
room_acoustic_data_room_3613.mat,0.32941176470588235,-2.0,42.26966715478838,45.47844911333766,45.090161130939876,0.0
room_acoustic_data_room_3614.mat,0.3411764705882353,-2.0,42.26966715478838,45.47844911333766,45.090161130939876,0.0
room_acoustic_data_room_3615.mat,0.35294117647058826,-2.0,42.26966715478838,45.47844911333766,45.090161130939876,0.0
room_acoustic_data_room_3616.mat,0.36470588235294116,-2.0,42.26966715478838,45.47844911333766,45.090161130939876,0.0
room_acoustic_data_room_3617.mat,0.3764705882352941,-2.0,42.26966715478838,45.47844911333766,45.090161130939876,0.0
room_acoustic_data_room_3618.mat,0.38823529411764707,-2.0,42.26966715478838,45.47844911333766,45.090161130939876,0.0
room_acoustic_data_room_3619.mat,0.4,-2.0,42.26966715478838,45.47844911333766,45.090161130939876,0.0
room_acoustic_data_room_3620.mat,0.4117647058823529,-2.0,42.26966715478838,45.47844911333766,45.090161130939876,0.0
room_acoustic_data_room_3621.mat,0.4235294117647059,-2.0,42.26966715478838,45.47844911333766,45.090161130939876,0.0
room_acoustic_data_room_3622.mat,0.43529411764705883,-2.0,42.26966715478838,45.47844911333766,45.090161130939876,0.0
room_acoustic_data_room_3623.mat,0.4470588235294118,-2.0,42.26966715478838,45.47844911333766,45.090161130939876,0.0
room_acoustic_data_room_3624.mat,0.4588235294117647,-2.0,42.26966715478838,45.47844911333766,45.090161130939876,0.0
room_acoustic_data_room_3625.mat,0.47058823529411764,-2.0,42.26966715478838,45.47844911333766,45.090161130939876,0.0
room_acoustic_data_room_3626.mat,0.4823529411764706,-2.0,42.26966715478838,45.47844911333766,45.090161130939876,0.0
room_acoustic_data_room_3627.mat,0.49411764705882355,-2.0,42.26966715478838,45.47844911333766,45.090161130939876,0.0
room_acoustic_data_room_3628.mat,0.5058823529411764,-2.0,42.26966715478838,45.47844911333766,45.090161130939876,0.0
room_acoustic_data_room_3629.mat,0.5176470588235295,-2.0,42.26966715478838,45.47844911333766,45.090161130939876,0.0
room_acoustic_data_room_3630.mat,0.5294117647058824,-2.0,42.26966715478838,45.47844911333766,45.090161130939876,0.0
room_acoustic_data_room_3631.mat,0.5411764705882353,-2.0,42.26966715478838,45.47844911333766,45.090161130939876,0.0
room_acoustic_data_room_3632.mat,0.5529411764705883,-2.0,42.26966715478838,45.47844911333766,45.090161130939876,0.0
room_acoustic_data_room_3633.mat,0.5647058823529412,-2.0,42.26966715478838,45.47844911333766,45.090161130939876,0.0
room_acoustic_data_room_3634.mat,0.5764705882352941,-2.0,42.26966715478838,45.47844911333766,45.090161130939876,0.0
room_acoustic_data_room_3635.mat,0.5882352941176471,-2.0,42.26966715478838,45.47844911333766,45.090161130939876,0.0
room_acoustic_data_room_3636.mat,0.6,-2.0,42.26966715478838,45.47844911333766,45.090161130939876,0.0
room_acoustic_data_room_3637.mat,0.611764705882353,-2.0,42.26966715478838,45.47844911333766,45.090161130939876,0.0
room_acoustic_data_room_3638.mat,0.6235294117647059,-2.0,42.26966715478838,45.47844911333766,45.090161130939876,0.0
room_acoustic_data_room_3639.mat,0.6352941176470588,-2.0,42.26966715478838,45.47844911333766,45.090161130939876,0.0
room_acoustic_data_room_3640.mat,0.6470588235294118,-2.0,42.26966715478838,45.47844911333766,45.090161130939876,0.0
room_acoustic_data_room_3641.mat,0.6588235294117647,-2.0,42.26966715478838,45.47844911333766,45.090161130939876,0.0
room_acoustic_data_room_3642.mat,0.6705882352941176,-2.0,42.26966715478838,45.47844911333766,45.090161130939876,0.0
room_acoustic_data_room_3643.mat,0.6823529411764706,-2.0,42.26966715478838,45.47844911333766,45.090161130939876,0.0
room_acoustic_data_room_3644.mat,0.6941176470588235,-2.0,42.26966715478838,45.47844911333766,45.090161130939876,0.0
room_acoustic_data_room_3645.mat,0.7058823529411765,-2.0,42.26966715478838,45.47844911333766,45.090161130939876,0.0
room_acoustic_data_room_3646.mat,0.7176470588235294,-2.0,42.26966715478838,45.47844911333766,45.090161130939876,0.0
room_acoustic_data_room_3647.mat,0.7294117647058823,-2.0,42.26966715478838,45.47844911333766,45.090161130939876,0.0
room_acoustic_data_room_3648.mat,0.7411764705882353,-2.0,42.26966715478838,45.47844911333766,45.090161130939876,0.0
room_acoustic_data_room_3649.mat,0.7529411764705882,-2.0,42.26966715478838,45.47844911333766,45.090161130939876,0.0
room_acoustic_data_room_3650.mat,0.7647058823529411,-2.0,42.26966715478838,45.47844911333766,45.090161130939876,0.0
room_acoustic_data_room_3651.mat,0.7764705882352941,-2.0,42.26966715478838,45.47844911333766,45.090161130939876,0.0
room_acoustic_data_room_3652.mat,0.788235294117647,-2.0,42.26966715478838,45.47844911333766,45.090161130939876,0.0
room_acoustic_data_room_3653.mat,0.8,-2.0,42.26966715478838,45.47844911333766,45.090161130939876,0.0
room_acoustic_data_room_3654.mat,0.8117647058823529,-2.0,42.26966715478838,45.47844911333766,45.090161130939876,0.0
room_acoustic_data_room_3655.mat,0.8235294117647058,-2.0,42.26966715478838,45.47844911333766,45.090161130939876,0.0
room_acoustic_data_room_3656.mat,0.8352941176470589,-2.0,42.26966715478838,45.47844911333766,45.090161130939876,0.0
room_acoustic_data_room_3657.mat,0.8470588235294118,-2.0,42.26966715478838,45.47844911333766,45.090161130939876,0.0
room_acoustic_data_room_3658.mat,0.8588235294117647,-2.0,42.26966715478838,45.47844911333766,45.090161130939876,0.0
room_acoustic_data_room_3659.mat,0.8705882352941177,-2.0,42.26966715478838,45.47844911333766,45.090161130939876,0.0
room_acoustic_data_room_3660.mat,0.8823529411764706,-2.0,42.26966715478838,45.47844911333766,45.090161130939876,0.0
room_acoustic_data_room_3661.mat,0.8941176470588236,-2.0,42.26966715478838,45.47844911333766,45.090161130939876,0.0
room_acoustic_data_room_3662.mat,0.9058823529411765,-2.0,42.26966715478838,45.47844911333766,45.090161130939876,0.0
room_acoustic_data_room_3663.mat,0.9176470588235294,-2.0,42.26966715478838,45.47844911333766,45.090161130939876,0.0
room_acoustic_data_room_3664.mat,0.9294117647058824,-2.0,42.26966715478838,45.47844911333766,45.090161130939876,0.0
room_acoustic_data_room_3665.mat,0.9411764705882353,-2.0,42.26966715478838,45.47844911333766,45.090161130939876,0.0
room_acoustic_data_room_3666.mat,0.9529411764705882,-2.0,42.26966715478838,45.47844911333766,45.090161130939876,0.0
room_acoustic_data_room_3667.mat,0.9647058823529412,-2.0,42.26966715478838,45.47844911333766,45.090161130939876,0.0
room_acoustic_data_room_3668.mat,0.9764705882352941,-2.0,42.26966715478838,45.47844911333766,45.090161130939876,0.0
room_acoustic_data_room_3669.mat,0.9882352941176471,-2.0,42.26966715478838,45.47844911333766,45.090161130939876,0.0
room_acoustic_data_room_3670.mat,1.0,-2.0,42.26966715478838,45.47844911333766,45.090161130939876,0.0
room_acoustic_data_room_3671.mat,1.011764705882353,-2.0,42.26966715478838,45.47844911333766,45.090161130939876,0.0
room_acoustic_data_room_3672.mat,1.0235294117647058,-2.0,42.26966715478838,45.47844911333766,45.090161130939876,0.0
room_acoustic_data_room_3673.mat,1.035294117647059,-2.0,42.26966715478838,45.47844911333766,45.090161130939876,0.0
room_acoustic_data_room_3674.mat,1.0470588235294118,-2.0,42.26966715478838,45.47844911333766,45.090161130939876,0.0
room_acoustic_data_room_3675.mat,1.0588235294117647,-2.0,42.26966715478838,45.47844911333766,45.090161130939876,0.0
room_acoustic_data_room_3676.mat,1.0705882352941176,-2.0,42.26966715478838,45.47844911333766,45.090161130939876,0.0
room_acoustic_data_room_3677.mat,1.0823529411764705,-2.0,42.26966715478838,45.47844911333766,45.090161130939876,0.0
room_acoustic_data_room_3678.mat,1.0941176470588236,-2.0,42.26966715478838,45.47844911333766,45.090161130939876,0.0
room_acoustic_data_room_3679.mat,1.1058823529411765,-2.0,42.26966715478838,45.47844911333766,45.090161130939876,0.0
room_acoustic_data_room_3680.mat,1.1176470588235294,-2.0,42.26966715478838,45.47844911333766,45.090161130939876,0.0
room_acoustic_data_room_3681.mat,1.1294117647058823,-2.0,42.26966715478838,45.47844911333766,45.090161130939876,0.0
room_acoustic_data_room_3682.mat,1.1411764705882352,-2.0,42.26966715478838,45.47844911333766,45.090161130939876,0.0
room_acoustic_data_room_3683.mat,1.1529411764705881,-2.0,42.26966715478838,45.47844911333766,45.090161130939876,0.0
room_acoustic_data_room_3684.mat,1.1647058823529413,-2.0,42.26966715478838,45.47844911333766,45.090161130939876,0.0
room_acoustic_data_room_3685.mat,1.1764705882352942,-2.0,42.26966715478838,45.47844911333766,45.090161130939876,0.0
room_acoustic_data_room_3686.mat,1.188235294117647,-2.0,42.26966715478838,45.47844911333766,45.090161130939876,0.0
room_acoustic_data_room_3687.mat,1.2,-2.0,42.26966715478838,45.47844911333766,45.090161130939876,0.0
room_acoustic_data_room_3688.mat,1.2117647058823529,-2.0,42.26966715478838,45.47844911333766,45.090161130939876,0.0
room_acoustic_data_room_3689.mat,1.223529411764706,-2.0,42.26966715478838,45.47844911333766,45.090161130939876,0.0
room_acoustic_data_room_3690.mat,1.2352941176470589,-2.0,42.26966715478838,45.47844911333766,45.090161130939876,0.0
room_acoustic_data_room_3691.mat,1.2470588235294118,-2.0,42.26966715478838,45.47844911333766,45.090161130939876,0.0
room_acoustic_data_room_3692.mat,1.2588235294117647,-2.0,42.26966715478838,45.47844911333766,45.090161130939876,0.0
room_acoustic_data_room_3693.mat,1.2705882352941176,-2.0,42.26966715478838,45.47844911333766,45.090161130939876,0.0
room_acoustic_data_room_3694.mat,1.2823529411764707,-2.0,42.26966715478838,45.47844911333766,45.090161130939876,0.0
room_acoustic_data_room_3695.mat,1.2941176470588236,-2.0,42.26966715478838,45.47844911333766,45.090161130939876,0.0
room_acoustic_data_room_3696.mat,1.3058823529411765,-2.0,42.26966715478838,45.47844911333766,45.090161130939876,0.0
room_acoustic_data_room_3697.mat,1.3176470588235294,-2.0,42.26966715478838,45.47844911333766,45.090161130939876,0.0
room_acoustic_data_room_3698.mat,1.3294117647058823,-2.0,42.26966715478838,45.47844911333766,45.090161130939876,0.0
room_acoustic_data_room_3699.mat,1.3411764705882352,-2.0,42.26966715478838,45.47844911333766,45.090161130939876,0.0
room_acoustic_data_room_3700.mat,1.3529411764705883,-2.0,42.26966715478838,45.47844911333766,45.090161130939876,0.0
room_acoustic_data_room_3701.mat,1.3647058823529412,-2.0,42.26966715478838,45.47844911333766,45.090161130939876,0.0
room_acoustic_data_room_3702.mat,1.3764705882352941,-2.0,42.26966715478838,45.47844911333766,45.090161130939876,0.0
room_acoustic_data_room_3703.mat,1.388235294117647,-2.0,42.26966715478838,45.47844911333766,45.090161130939876,0.0
room_acoustic_data_room_3704.mat,1.4,-2.0,42.26966715478838,45.47844911333766,45.090161130939876,0.0
room_acoustic_data_room_3705.mat,1.411764705882353,-2.0,42.26966715478838,45.47844911333766,45.090161130939876,0.0
room_acoustic_data_room_3706.mat,1.423529411764706,-2.0,42.26966715478838,45.47844911333766,45.090161130939876,0.0
room_acoustic_data_room_3707.mat,1.4352941176470588,-2.0,42.26966715478838,45.47844911333766,45.090161130939876,0.0
room_acoustic_data_room_3708.mat,1.4470588235294117,-2.0,42.26966715478838,45.47844911333766,45.090161130939876,0.0
room_acoustic_data_room_3709.mat,1.4588235294117646,-2.0,42.26966715478838,45.47844911333766,45.090161130939876,0.0
room_acoustic_data_room_3710.mat,1.4705882352941178,-2.0,42.26966715478838,45.47844911333766,45.090161130939876,0.0
room_acoustic_data_room_3711.mat,1.4823529411764707,-2.0,42.26966715478838,45.47844911333766,45.090161130939876,0.0
room_acoustic_data_room_3712.mat,1.4941176470588236,-2.0,42.26966715478838,45.47844911333766,45.090161130939876,0.0
room_acoustic_data_room_3713.mat,1.5058823529411764,-2.0,42.26966715478838,45.47844911333766,45.090161130939876,0.0
room_acoustic_data_room_3714.mat,1.5176470588235293,-2.0,42.26966715478838,45.47844911333766,45.090161130939876,0.0
room_acoustic_data_room_3715.mat,1.5294117647058822,-2.0,42.26966715478838,45.47844911333766,45.090161130939876,0.0
room_acoustic_data_room_3716.mat,1.5411764705882354,-2.0,42.26966715478838,45.47844911333766,45.090161130939876,0.0
room_acoustic_data_room_3717.mat,1.5529411764705883,-2.0,42.26966715478838,45.47844911333766,45.090161130939876,0.0
room_acoustic_data_room_3718.mat,1.5647058823529412,-2.0,42.26966715478838,45.47844911333766,45.090161130939876,0.0
room_acoustic_data_room_3719.mat,1.576470588235294,-2.0,42.26966715478838,45.47844911333766,45.090161130939876,0.0
room_acoustic_data_room_3720.mat,1.588235294117647,-2.0,42.26966715478838,45.47844911333766,45.090161130939876,0.0
room_acoustic_data_room_3721.mat,1.6,-2.0,42.26966715478838,45.47844911333766,45.090161130939876,0.0
room_acoustic_data_room_3722.mat,1.611764705882353,-2.0,42.26966715478838,45.47844911333766,45.090161130939876,0.0
room_acoustic_data_room_3723.mat,1.6235294117647059,-2.0,42.26966715478838,45.47844911333766,45.090161130939876,0.0
room_acoustic_data_room_3724.mat,1.6352941176470588,-2.0,42.26966715478838,45.47844911333766,45.090161130939876,0.0
room_acoustic_data_room_3725.mat,1.6470588235294117,-2.0,42.26966715478838,45.47844911333766,45.090161130939876,0.0
room_acoustic_data_room_3726.mat,1.6588235294117648,-2.0,42.26966715478838,45.47844911333766,45.090161130939876,0.0
room_acoustic_data_room_3727.mat,1.6705882352941177,-2.0,42.26966715478838,45.47844911333766,45.090161130939876,0.0
room_acoustic_data_room_3728.mat,1.6823529411764706,-2.0,42.26966715478838,45.47844911333766,45.090161130939876,0.0
room_acoustic_data_room_3729.mat,1.6941176470588235,-2.0,42.26966715478838,45.47844911333766,45.090161130939876,0.0
room_acoustic_data_room_3730.mat,1.7058823529411764,-2.0,42.26966715478838,45.47844911333766,45.090161130939876,0.0
room_acoustic_data_room_3731.mat,1.7176470588235293,-2.0,42.26966715478838,45.47844911333766,45.090161130939876,0.0
room_acoustic_data_room_3732.mat,1.7294117647058824,-2.0,42.26966715478838,45.47844911333766,45.090161130939876,0.0
room_acoustic_data_room_3733.mat,1.7411764705882353,-2.0,42.26966715478838,45.47844911333766,45.090161130939876,0.0
room_acoustic_data_room_3734.mat,1.7529411764705882,-2.0,42.26966715478838,45.47844911333766,45.090161130939876,0.0
room_acoustic_data_room_3735.mat,1.7647058823529411,-2.0,42.26966715478838,45.47844911333766,45.090161130939876,0.0
room_acoustic_data_room_3736.mat,1.776470588235294,-2.0,42.26966715478838,45.47844911333766,45.090161130939876,0.0
room_acoustic_data_room_3737.mat,1.7882352941176471,-2.0,42.26966715478838,45.47844911333766,45.090161130939876,0.0
room_acoustic_data_room_3738.mat,1.8,-2.0,42.26966715478838,45.47844911333766,45.090161130939876,0.0
room_acoustic_data_room_3739.mat,1.811764705882353,-2.0,42.26966715478838,45.47844911333766,45.090161130939876,0.0
room_acoustic_data_room_3740.mat,1.8235294117647058,-2.0,42.26966715478838,45.47844911333766,45.090161130939876,0.0
room_acoustic_data_room_3741.mat,1.8352941176470587,-2.0,42.26966715478838,45.47844911333766,45.090161130939876,0.0
room_acoustic_data_room_3742.mat,1.8470588235294119,-2.0,42.26966715478838,45.47844911333766,45.090161130939876,0.0
room_acoustic_data_room_3743.mat,1.8588235294117648,-2.0,42.26966715478838,45.47844911333766,45.090161130939876,0.0
room_acoustic_data_room_3744.mat,1.8705882352941177,-2.0,42.26966715478838,45.47844911333766,45.090161130939876,0.0
room_acoustic_data_room_3745.mat,1.8823529411764706,-2.0,42.26966715478838,45.47844911333766,45.090161130939876,0.0
room_acoustic_data_room_3746.mat,1.8941176470588235,-2.0,42.26966715478838,45.47844911333766,45.090161130939876,0.0
room_acoustic_data_room_3747.mat,1.9058823529411764,-2.0,42.26966715478838,45.47844911333766,45.090161130939876,0.0
room_acoustic_data_room_3748.mat,1.9176470588235295,-2.0,42.26966715478838,45.47844911333766,45.090161130939876,0.0
room_acoustic_data_room_3749.mat,1.9294117647058824,-2.0,42.26966715478838,45.47844911333766,45.090161130939876,0.0
room_acoustic_data_room_3750.mat,1.9411764705882353,-2.0,42.26966715478838,45.47844911333766,45.090161130939876,0.0
room_acoustic_data_room_3751.mat,1.9529411764705882,-2.0,42.26966715478838,45.47844911333766,45.090161130939876,0.0
room_acoustic_data_room_3752.mat,1.964705882352941,-2.0,42.26966715478838,45.47844911333766,45.090161130939876,0.0
room_acoustic_data_room_3753.mat,1.9764705882352942,-2.0,42.26966715478838,45.47844911333766,45.090161130939876,0.0
room_acoustic_data_room_3754.mat,1.988235294117647,-2.0,42.26966715478838,45.47844911333766,45.090161130939876,0.0
room_acoustic_data_room_3755.mat,2.0,-2.0,42.26966715478838,45.47844911333766,45.090161130939876,0.0
room_acoustic_data_room_3756.mat,2.011764705882353,-2.0,42.26966715478838,45.47844911333766,45.090161130939876,0.0
room_acoustic_data_room_3757.mat,2.023529411764706,-2.0,42.26966715478838,45.47844911333766,45.090161130939876,0.0
room_acoustic_data_room_3758.mat,2.0352941176470587,-2.0,42.26966715478838,45.47844911333766,45.090161130939876,0.0
room_acoustic_data_room_3759.mat,2.0470588235294116,-2.0,42.26966715478838,45.47844911333766,45.090161130939876,0.0
room_acoustic_data_room_3760.mat,2.0588235294117645,-2.0,42.26966715478838,45.47844911333766,45.090161130939876,0.0
room_acoustic_data_room_3761.mat,2.070588235294118,-2.0,42.26966715478838,45.47844911333766,45.090161130939876,0.0
room_acoustic_data_room_3762.mat,2.0823529411764707,-2.0,42.26966715478838,45.47844911333766,45.090161130939876,0.0
room_acoustic_data_room_3763.mat,2.0941176470588236,-2.0,42.26966715478838,45.47844911333766,45.090161130939876,0.0
room_acoustic_data_room_3764.mat,2.1058823529411765,-2.0,42.26966715478838,45.47844911333766,45.090161130939876,0.0
room_acoustic_data_room_3765.mat,2.1176470588235294,-2.0,42.26966715478838,45.47844911333766,45.090161130939876,0.0
room_acoustic_data_room_3766.mat,2.1294117647058823,-2.0,42.26966715478838,45.47844911333766,45.090161130939876,0.0
room_acoustic_data_room_3767.mat,2.1411764705882352,-2.0,42.26966715478838,45.47844911333766,45.090161130939876,0.0
room_acoustic_data_room_3768.mat,2.152941176470588,-2.0,42.26966715478838,45.47844911333766,45.090161130939876,0.0
room_acoustic_data_room_3769.mat,2.164705882352941,-2.0,42.26966715478838,45.47844911333766,45.090161130939876,0.0
room_acoustic_data_room_3770.mat,2.176470588235294,-2.0,42.26966715478838,45.47844911333766,45.090161130939876,0.0
room_acoustic_data_room_3771.mat,2.1882352941176473,-2.0,42.26966715478838,45.47844911333766,45.090161130939876,0.0
room_acoustic_data_room_3772.mat,2.2,-2.0,42.26966715478838,45.47844911333766,45.090161130939876,0.0
room_acoustic_data_room_3773.mat,2.211764705882353,-2.0,42.26966715478838,45.47844911333766,45.090161130939876,0.0
room_acoustic_data_room_3774.mat,2.223529411764706,-2.0,42.26966715478838,45.47844911333766,45.090161130939876,0.0
room_acoustic_data_room_3775.mat,2.235294117647059,-2.0,42.26966715478838,45.47844911333766,45.090161130939876,0.0
room_acoustic_data_room_3776.mat,2.2470588235294118,-2.0,42.26966715478838,45.47844911333766,45.090161130939876,0.0
room_acoustic_data_room_3777.mat,2.2588235294117647,-2.0,42.26966715478838,45.47844911333766,45.090161130939876,0.0
room_acoustic_data_room_3778.mat,2.2705882352941176,-2.0,42.26966715478838,45.47844911333766,45.090161130939876,0.0
room_acoustic_data_room_3779.mat,2.2823529411764705,-2.0,42.26966715478838,45.47844911333766,45.090161130939876,0.0
room_acoustic_data_room_3780.mat,2.2941176470588234,-2.0,42.26966715478838,45.47844911333766,45.090161130939876,0.0
room_acoustic_data_room_3781.mat,2.3058823529411763,-2.0,42.26966715478838,45.47844911333766,45.090161130939876,0.0
room_acoustic_data_room_3782.mat,2.3176470588235296,-2.0,42.26966715478838,45.47844911333766,45.090161130939876,0.0
room_acoustic_data_room_3783.mat,2.3294117647058825,-2.0,42.26966715478838,45.47844911333766,45.090161130939876,0.0
room_acoustic_data_room_3784.mat,2.3411764705882354,-2.0,42.26966715478838,45.47844911333766,45.090161130939876,0.0
room_acoustic_data_room_3785.mat,2.3529411764705883,-2.0,42.26966715478838,45.47844911333766,45.090161130939876,0.0
room_acoustic_data_room_3786.mat,2.364705882352941,-2.0,42.26966715478838,45.47844911333766,45.090161130939876,0.0
room_acoustic_data_room_3787.mat,2.376470588235294,-2.0,42.26966715478838,45.47844911333766,45.090161130939876,0.0
room_acoustic_data_room_3788.mat,2.388235294117647,-2.0,42.26966715478838,45.47844911333766,45.090161130939876,0.0
room_acoustic_data_room_3789.mat,2.4,-2.0,42.26966715478838,45.47844911333766,45.090161130939876,0.0
room_acoustic_data_room_3790.mat,2.411764705882353,-2.0,42.26966715478838,45.47844911333766,45.090161130939876,0.0
room_acoustic_data_room_3791.mat,2.4235294117647057,-2.0,42.26966715478838,45.47844911333766,45.090161130939876,0.0
room_acoustic_data_room_3792.mat,2.4352941176470586,-2.0,42.26966715478838,45.47844911333766,45.090161130939876,0.0
room_acoustic_data_room_3793.mat,2.447058823529412,-2.0,42.26966715478838,45.47844911333766,45.090161130939876,0.0
room_acoustic_data_room_3794.mat,2.458823529411765,-2.0,42.26966715478838,45.47844911333766,45.090161130939876,0.0
room_acoustic_data_room_3795.mat,2.4705882352941178,-2.0,42.26966715478838,45.47844911333766,45.090161130939876,0.0
room_acoustic_data_room_3796.mat,2.4823529411764707,-2.0,42.26966715478838,45.47844911333766,45.090161130939876,0.0
room_acoustic_data_room_3797.mat,2.4941176470588236,-2.0,42.26966715478838,45.47844911333766,45.090161130939876,0.0
room_acoustic_data_room_3798.mat,2.5058823529411764,-2.0,42.26966715478838,45.47844911333766,45.090161130939876,0.0
room_acoustic_data_room_3799.mat,2.5176470588235293,-2.0,42.26966715478838,45.47844911333766,45.090161130939876,0.0
room_acoustic_data_room_3800.mat,2.5294117647058822,-2.0,42.26966715478838,45.47844911333766,45.090161130939876,0.0
room_acoustic_data_room_3801.mat,2.541176470588235,-2.0,42.26966715478838,45.47844911333766,45.090161130939876,0.0
room_acoustic_data_room_3802.mat,2.552941176470588,-2.0,42.26966715478838,45.47844911333766,45.090161130939876,0.0
room_acoustic_data_room_3803.mat,2.5647058823529414,-2.0,42.26966715478838,45.47844911333766,45.090161130939876,0.0
room_acoustic_data_room_3804.mat,2.5764705882352943,-2.0,42.26966715478838,45.47844911333766,45.090161130939876,0.0
room_acoustic_data_room_3805.mat,2.588235294117647,-2.0,42.26966715478838,45.47844911333766,45.090161130939876,0.0
room_acoustic_data_room_3806.mat,2.6,-2.0,42.26966715478838,45.47844911333766,45.090161130939876,0.0
room_acoustic_data_room_3807.mat,2.611764705882353,-2.0,42.26966715478838,45.47844911333766,45.090161130939876,0.0
room_acoustic_data_room_3808.mat,2.623529411764706,-2.0,42.26966715478838,45.47844911333766,45.090161130939876,0.0
room_acoustic_data_room_3809.mat,2.635294117647059,-2.0,42.26966715478838,45.47844911333766,45.090161130939876,0.0
room_acoustic_data_room_3810.mat,2.6470588235294117,-2.0,42.26966715478838,45.47844911333766,45.090161130939876,0.0
room_acoustic_data_room_3811.mat,2.6588235294117646,-2.0,42.26966715478838,45.47844911333766,45.090161130939876,0.0
room_acoustic_data_room_3812.mat,2.6705882352941175,-2.0,42.26966715478838,45.47844911333766,45.090161130939876,0.0
room_acoustic_data_room_3813.mat,2.6823529411764704,-2.0,42.26966715478838,45.47844911333766,45.090161130939876,0.0
room_acoustic_data_room_3814.mat,2.6941176470588237,-2.0,42.26966715478838,45.47844911333766,45.090161130939876,0.0
room_acoustic_data_room_3815.mat,2.7058823529411766,-2.0,42.26966715478838,45.47844911333766,45.090161130939876,0.0
room_acoustic_data_room_3816.mat,2.7176470588235295,-2.0,42.26966715478838,45.47844911333766,45.090161130939876,0.0
room_acoustic_data_room_3817.mat,2.7294117647058824,-2.0,42.26966715478838,45.47844911333766,45.090161130939876,0.0
room_acoustic_data_room_3818.mat,2.7411764705882353,-2.0,42.26966715478838,45.47844911333766,45.090161130939876,0.0
room_acoustic_data_room_3819.mat,2.7529411764705882,-2.0,42.26966715478838,45.47844911333766,45.090161130939876,0.0
room_acoustic_data_room_3820.mat,2.764705882352941,-2.0,42.26966715478838,45.47844911333766,45.090161130939876,0.0
room_acoustic_data_room_3821.mat,2.776470588235294,-2.0,42.26966715478838,45.47844911333766,45.090161130939876,0.0
room_acoustic_data_room_3822.mat,2.788235294117647,-2.0,42.26966715478838,45.47844911333766,45.090161130939876,0.0
room_acoustic_data_room_3823.mat,2.8,-2.0,42.26966715478838,45.47844911333766,45.090161130939876,0.0
room_acoustic_data_room_3824.mat,2.8117647058823527,-2.0,42.26966715478838,45.47844911333766,45.090161130939876,0.0
room_acoustic_data_room_3825.mat,2.823529411764706,-2.0,42.26966715478838,45.47844911333766,45.090161130939876,0.0
room_acoustic_data_room_3826.mat,2.835294117647059,-2.0,42.26966715478838,45.47844911333766,45.090161130939876,0.0
room_acoustic_data_room_3827.mat,2.847058823529412,-2.0,42.26966715478838,45.47844911333766,45.090161130939876,0.0
room_acoustic_data_room_3828.mat,2.8588235294117648,-2.0,42.26966715478838,45.47844911333766,45.090161130939876,0.0
room_acoustic_data_room_3829.mat,2.8705882352941177,-2.0,42.26966715478838,45.47844911333766,45.090161130939876,0.0
room_acoustic_data_room_3830.mat,2.8823529411764706,-2.0,42.26966715478838,45.47844911333766,45.090161130939876,0.0
room_acoustic_data_room_3831.mat,2.8941176470588235,-2.0,42.26966715478838,45.47844911333766,45.090161130939876,0.0
room_acoustic_data_room_3832.mat,2.9058823529411764,-2.0,42.26966715478838,45.47844911333766,45.090161130939876,0.0
room_acoustic_data_room_3833.mat,2.9176470588235293,-2.0,42.26966715478838,45.47844911333766,45.090161130939876,0.0
room_acoustic_data_room_3834.mat,2.929411764705882,-2.0,42.26966715478838,45.47844911333766,45.090161130939876,0.0
room_acoustic_data_room_3835.mat,2.9411764705882355,-2.0,42.26966715478838,45.47844911333766,45.090161130939876,0.0
room_acoustic_data_room_3836.mat,2.9529411764705884,-2.0,42.26966715478838,45.47844911333766,45.090161130939876,0.0
room_acoustic_data_room_3837.mat,2.9647058823529413,-2.0,42.26966715478838,45.47844911333766,45.090161130939876,0.0
room_acoustic_data_room_3838.mat,2.976470588235294,-2.0,42.26966715478838,45.47844911333766,45.090161130939876,0.0
room_acoustic_data_room_3839.mat,2.988235294117647,-2.0,42.26966715478838,45.47844911333766,45.090161130939876,0.0
room_acoustic_data_room_3840.mat,3.0,-2.0,42.26966715478838,45.47844911333766,45.090161130939876,0.0
room_acoustic_data_room_3841.mat,0.0,5.0,42.26966715478838,45.47844911333766,45.090161130939876,0.0
room_acoustic_data_room_3842.mat,0.011764705882352941,5.0,42.26966715478838,45.47844911333766,45.090161130939876,0.0
room_acoustic_data_room_3843.mat,0.023529411764705882,5.0,42.26966715478838,45.47844911333766,45.090161130939876,0.0
room_acoustic_data_room_3844.mat,0.03529411764705882,5.0,42.26966715478838,45.47844911333766,45.090161130939876,0.0
room_acoustic_data_room_3845.mat,0.047058823529411764,5.0,42.26966715478838,45.47844911333766,45.090161130939876,0.0
room_acoustic_data_room_3846.mat,0.058823529411764705,5.0,42.26966715478838,45.47844911333766,45.090161130939876,0.0
room_acoustic_data_room_3847.mat,0.07058823529411765,5.0,42.26966715478838,45.47844911333766,45.090161130939876,0.0
room_acoustic_data_room_3848.mat,0.08235294117647059,5.0,42.26966715478838,45.47844911333766,45.090161130939876,0.0
room_acoustic_data_room_3849.mat,0.09411764705882353,5.0,42.26966715478838,45.47844911333766,45.090161130939876,0.0
room_acoustic_data_room_3850.mat,0.10588235294117647,5.0,42.26966715478838,45.47844911333766,45.090161130939876,0.0
room_acoustic_data_room_3851.mat,0.11764705882352941,5.0,42.26966715478838,45.47844911333766,45.090161130939876,0.0
room_acoustic_data_room_3852.mat,0.12941176470588237,5.0,42.26966715478838,45.47844911333766,45.090161130939876,0.0
room_acoustic_data_room_3853.mat,0.1411764705882353,5.0,42.26966715478838,45.47844911333766,45.090161130939876,0.0
room_acoustic_data_room_3854.mat,0.15294117647058825,5.0,42.26966715478838,45.47844911333766,45.090161130939876,0.0
room_acoustic_data_room_3855.mat,0.16470588235294117,5.0,42.26966715478838,45.47844911333766,45.090161130939876,0.0
room_acoustic_data_room_3856.mat,0.17647058823529413,5.0,42.26966715478838,45.47844911333766,45.090161130939876,0.0
room_acoustic_data_room_3857.mat,0.18823529411764706,5.0,42.26966715478838,45.47844911333766,45.090161130939876,0.0
room_acoustic_data_room_3858.mat,0.2,5.0,42.26966715478838,45.47844911333766,45.090161130939876,0.0
room_acoustic_data_room_3859.mat,0.21176470588235294,5.0,42.26966715478838,45.47844911333766,45.090161130939876,0.0
room_acoustic_data_room_3860.mat,0.2235294117647059,5.0,42.26966715478838,45.47844911333766,45.090161130939876,0.0
room_acoustic_data_room_3861.mat,0.23529411764705882,5.0,42.26966715478838,45.47844911333766,45.090161130939876,0.0
room_acoustic_data_room_3862.mat,0.24705882352941178,5.0,42.26966715478838,45.47844911333766,45.090161130939876,0.0
room_acoustic_data_room_3863.mat,0.25882352941176473,5.0,42.26966715478838,45.47844911333766,45.090161130939876,0.0
room_acoustic_data_room_3864.mat,0.27058823529411763,5.0,42.26966715478838,45.47844911333766,45.090161130939876,0.0
room_acoustic_data_room_3865.mat,0.2823529411764706,5.0,42.26966715478838,45.47844911333766,45.090161130939876,0.0
room_acoustic_data_room_3866.mat,0.29411764705882354,5.0,42.26966715478838,45.47844911333766,45.090161130939876,0.0
room_acoustic_data_room_3867.mat,0.3058823529411765,5.0,42.26966715478838,45.47844911333766,45.090161130939876,0.0
room_acoustic_data_room_3868.mat,0.3176470588235294,5.0,42.26966715478838,45.47844911333766,45.090161130939876,0.0
room_acoustic_data_room_3869.mat,0.32941176470588235,5.0,42.26966715478838,45.47844911333766,45.090161130939876,0.0
room_acoustic_data_room_3870.mat,0.3411764705882353,5.0,42.26966715478838,45.47844911333766,45.090161130939876,0.0
room_acoustic_data_room_3871.mat,0.35294117647058826,5.0,42.26966715478838,45.47844911333766,45.090161130939876,0.0
room_acoustic_data_room_3872.mat,0.36470588235294116,5.0,42.26966715478838,45.47844911333766,45.090161130939876,0.0
room_acoustic_data_room_3873.mat,0.3764705882352941,5.0,42.26966715478838,45.47844911333766,45.090161130939876,0.0
room_acoustic_data_room_3874.mat,0.38823529411764707,5.0,42.26966715478838,45.47844911333766,45.090161130939876,0.0
room_acoustic_data_room_3875.mat,0.4,5.0,42.26966715478838,45.47844911333766,45.090161130939876,0.0
room_acoustic_data_room_3876.mat,0.4117647058823529,5.0,42.26966715478838,45.47844911333766,45.090161130939876,0.0
room_acoustic_data_room_3877.mat,0.4235294117647059,5.0,42.26966715478838,45.47844911333766,45.090161130939876,0.0
room_acoustic_data_room_3878.mat,0.43529411764705883,5.0,42.26966715478838,45.47844911333766,45.090161130939876,0.0
room_acoustic_data_room_3879.mat,0.4470588235294118,5.0,42.26966715478838,45.47844911333766,45.090161130939876,0.0
room_acoustic_data_room_3880.mat,0.4588235294117647,5.0,42.26966715478838,45.47844911333766,45.090161130939876,0.0
room_acoustic_data_room_3881.mat,0.47058823529411764,5.0,42.26966715478838,45.47844911333766,45.090161130939876,0.0
room_acoustic_data_room_3882.mat,0.4823529411764706,5.0,42.26966715478838,45.47844911333766,45.090161130939876,0.0
room_acoustic_data_room_3883.mat,0.49411764705882355,5.0,42.26966715478838,45.47844911333766,45.090161130939876,0.0
room_acoustic_data_room_3884.mat,0.5058823529411764,5.0,42.26966715478838,45.47844911333766,45.090161130939876,0.0
room_acoustic_data_room_3885.mat,0.5176470588235295,5.0,42.26966715478838,45.47844911333766,45.090161130939876,0.0
room_acoustic_data_room_3886.mat,0.5294117647058824,5.0,42.26966715478838,45.47844911333766,45.090161130939876,0.0
room_acoustic_data_room_3887.mat,0.5411764705882353,5.0,42.26966715478838,45.47844911333766,45.090161130939876,0.0
room_acoustic_data_room_3888.mat,0.5529411764705883,5.0,42.26966715478838,45.47844911333766,45.090161130939876,0.0
room_acoustic_data_room_3889.mat,0.5647058823529412,5.0,42.26966715478838,45.47844911333766,45.090161130939876,0.0
room_acoustic_data_room_3890.mat,0.5764705882352941,5.0,42.26966715478838,45.47844911333766,45.090161130939876,0.0
room_acoustic_data_room_3891.mat,0.5882352941176471,5.0,42.26966715478838,45.47844911333766,45.090161130939876,0.0
room_acoustic_data_room_3892.mat,0.6,5.0,42.26966715478838,45.47844911333766,45.090161130939876,0.0
room_acoustic_data_room_3893.mat,0.611764705882353,5.0,42.26966715478838,45.47844911333766,45.090161130939876,0.0
room_acoustic_data_room_3894.mat,0.6235294117647059,5.0,42.26966715478838,45.47844911333766,45.090161130939876,0.0
room_acoustic_data_room_3895.mat,0.6352941176470588,5.0,42.26966715478838,45.47844911333766,45.090161130939876,0.0
room_acoustic_data_room_3896.mat,0.6470588235294118,5.0,42.26966715478838,45.47844911333766,45.090161130939876,0.0
room_acoustic_data_room_3897.mat,0.6588235294117647,5.0,42.26966715478838,45.47844911333766,45.090161130939876,0.0
room_acoustic_data_room_3898.mat,0.6705882352941176,5.0,42.26966715478838,45.47844911333766,45.090161130939876,0.0
room_acoustic_data_room_3899.mat,0.6823529411764706,5.0,42.26966715478838,45.47844911333766,45.090161130939876,0.0
room_acoustic_data_room_3900.mat,0.6941176470588235,5.0,42.26966715478838,45.47844911333766,45.090161130939876,0.0
room_acoustic_data_room_3901.mat,0.7058823529411765,5.0,42.26966715478838,45.47844911333766,45.090161130939876,0.0
room_acoustic_data_room_3902.mat,0.7176470588235294,5.0,42.26966715478838,45.47844911333766,45.090161130939876,0.0
room_acoustic_data_room_3903.mat,0.7294117647058823,5.0,42.26966715478838,45.47844911333766,45.090161130939876,0.0
room_acoustic_data_room_3904.mat,0.7411764705882353,5.0,42.26966715478838,45.47844911333766,45.090161130939876,0.0
room_acoustic_data_room_3905.mat,0.7529411764705882,5.0,42.26966715478838,45.47844911333766,45.090161130939876,0.0
room_acoustic_data_room_3906.mat,0.7647058823529411,5.0,42.26966715478838,45.47844911333766,45.090161130939876,0.0
room_acoustic_data_room_3907.mat,0.7764705882352941,5.0,42.26966715478838,45.47844911333766,45.090161130939876,0.0
room_acoustic_data_room_3908.mat,0.788235294117647,5.0,42.26966715478838,45.47844911333766,45.090161130939876,0.0
room_acoustic_data_room_3909.mat,0.8,5.0,42.26966715478838,45.47844911333766,45.090161130939876,0.0
room_acoustic_data_room_3910.mat,0.8117647058823529,5.0,42.26966715478838,45.47844911333766,45.090161130939876,0.0
room_acoustic_data_room_3911.mat,0.8235294117647058,5.0,42.26966715478838,45.47844911333766,45.090161130939876,0.0
room_acoustic_data_room_3912.mat,0.8352941176470589,5.0,42.26966715478838,45.47844911333766,45.090161130939876,0.0
room_acoustic_data_room_3913.mat,0.8470588235294118,5.0,42.26966715478838,45.47844911333766,45.090161130939876,0.0
room_acoustic_data_room_3914.mat,0.8588235294117647,5.0,42.26966715478838,45.47844911333766,45.090161130939876,0.0
room_acoustic_data_room_3915.mat,0.8705882352941177,5.0,42.26966715478838,45.47844911333766,45.090161130939876,0.0
room_acoustic_data_room_3916.mat,0.8823529411764706,5.0,42.26966715478838,45.47844911333766,45.090161130939876,0.0
room_acoustic_data_room_3917.mat,0.8941176470588236,5.0,42.26966715478838,45.47844911333766,45.090161130939876,0.0
room_acoustic_data_room_3918.mat,0.9058823529411765,5.0,42.26966715478838,45.47844911333766,45.090161130939876,0.0
room_acoustic_data_room_3919.mat,0.9176470588235294,5.0,42.26966715478838,45.47844911333766,45.090161130939876,0.0
room_acoustic_data_room_3920.mat,0.9294117647058824,5.0,42.26966715478838,45.47844911333766,45.090161130939876,0.0
room_acoustic_data_room_3921.mat,0.9411764705882353,5.0,42.26966715478838,45.47844911333766,45.090161130939876,0.0
room_acoustic_data_room_3922.mat,0.9529411764705882,5.0,42.26966715478838,45.47844911333766,45.090161130939876,0.0
room_acoustic_data_room_3923.mat,0.9647058823529412,5.0,42.26966715478838,45.47844911333766,45.090161130939876,0.0
room_acoustic_data_room_3924.mat,0.9764705882352941,5.0,42.26966715478838,45.47844911333766,45.090161130939876,0.0
room_acoustic_data_room_3925.mat,0.9882352941176471,5.0,42.26966715478838,45.47844911333766,45.090161130939876,0.0
room_acoustic_data_room_3926.mat,1.0,5.0,42.26966715478838,45.47844911333766,45.090161130939876,0.0
room_acoustic_data_room_3927.mat,1.011764705882353,5.0,42.26966715478838,45.47844911333766,45.090161130939876,0.0
room_acoustic_data_room_3928.mat,1.0235294117647058,5.0,42.26966715478838,45.47844911333766,45.090161130939876,0.0
room_acoustic_data_room_3929.mat,1.035294117647059,5.0,42.26966715478838,45.47844911333766,45.090161130939876,0.0
room_acoustic_data_room_3930.mat,1.0470588235294118,5.0,42.26966715478838,45.47844911333766,45.090161130939876,0.0
room_acoustic_data_room_3931.mat,1.0588235294117647,5.0,42.26966715478838,45.47844911333766,45.090161130939876,0.0
room_acoustic_data_room_3932.mat,1.0705882352941176,5.0,42.26966715478838,45.47844911333766,45.090161130939876,0.0
room_acoustic_data_room_3933.mat,1.0823529411764705,5.0,42.26966715478838,45.47844911333766,45.090161130939876,0.0
room_acoustic_data_room_3934.mat,1.0941176470588236,5.0,42.26966715478838,45.47844911333766,45.090161130939876,0.0
room_acoustic_data_room_3935.mat,1.1058823529411765,5.0,42.26966715478838,45.47844911333766,45.090161130939876,0.0
room_acoustic_data_room_3936.mat,1.1176470588235294,5.0,42.26966715478838,45.47844911333766,45.090161130939876,0.0
room_acoustic_data_room_3937.mat,1.1294117647058823,5.0,42.26966715478838,45.47844911333766,45.090161130939876,0.0
room_acoustic_data_room_3938.mat,1.1411764705882352,5.0,42.26966715478838,45.47844911333766,45.090161130939876,0.0
room_acoustic_data_room_3939.mat,1.1529411764705881,5.0,42.26966715478838,45.47844911333766,45.090161130939876,0.0
room_acoustic_data_room_3940.mat,1.1647058823529413,5.0,42.26966715478838,45.47844911333766,45.090161130939876,0.0
room_acoustic_data_room_3941.mat,1.1764705882352942,5.0,42.26966715478838,45.47844911333766,45.090161130939876,0.0
room_acoustic_data_room_3942.mat,1.188235294117647,5.0,42.26966715478838,45.47844911333766,45.090161130939876,0.0
room_acoustic_data_room_3943.mat,1.2,5.0,42.26966715478838,45.47844911333766,45.090161130939876,0.0
room_acoustic_data_room_3944.mat,1.2117647058823529,5.0,42.26966715478838,45.47844911333766,45.090161130939876,0.0
room_acoustic_data_room_3945.mat,1.223529411764706,5.0,42.26966715478838,45.47844911333766,45.090161130939876,0.0
room_acoustic_data_room_3946.mat,1.2352941176470589,5.0,42.26966715478838,45.47844911333766,45.090161130939876,0.0
room_acoustic_data_room_3947.mat,1.2470588235294118,5.0,42.26966715478838,45.47844911333766,45.090161130939876,0.0
room_acoustic_data_room_3948.mat,1.2588235294117647,5.0,42.26966715478838,45.47844911333766,45.090161130939876,0.0
room_acoustic_data_room_3949.mat,1.2705882352941176,5.0,42.26966715478838,45.47844911333766,45.090161130939876,0.0
room_acoustic_data_room_3950.mat,1.2823529411764707,5.0,42.26966715478838,45.47844911333766,45.090161130939876,0.0
room_acoustic_data_room_3951.mat,1.2941176470588236,5.0,42.26966715478838,45.47844911333766,45.090161130939876,0.0
room_acoustic_data_room_3952.mat,1.3058823529411765,5.0,42.26966715478838,45.47844911333766,45.090161130939876,0.0
room_acoustic_data_room_3953.mat,1.3176470588235294,5.0,42.26966715478838,45.47844911333766,45.090161130939876,0.0
room_acoustic_data_room_3954.mat,1.3294117647058823,5.0,42.26966715478838,45.47844911333766,45.090161130939876,0.0
room_acoustic_data_room_3955.mat,1.3411764705882352,5.0,42.26966715478838,45.47844911333766,45.090161130939876,0.0
room_acoustic_data_room_3956.mat,1.3529411764705883,5.0,42.26966715478838,45.47844911333766,45.090161130939876,0.0
room_acoustic_data_room_3957.mat,1.3647058823529412,5.0,42.26966715478838,45.47844911333766,45.090161130939876,0.0
room_acoustic_data_room_3958.mat,1.3764705882352941,5.0,42.26966715478838,45.47844911333766,45.090161130939876,0.0
room_acoustic_data_room_3959.mat,1.388235294117647,5.0,42.26966715478838,45.47844911333766,45.090161130939876,0.0
room_acoustic_data_room_3960.mat,1.4,5.0,42.26966715478838,45.47844911333766,45.090161130939876,0.0
room_acoustic_data_room_3961.mat,1.411764705882353,5.0,42.26966715478838,45.47844911333766,45.090161130939876,0.0
room_acoustic_data_room_3962.mat,1.423529411764706,5.0,42.26966715478838,45.47844911333766,45.090161130939876,0.0
room_acoustic_data_room_3963.mat,1.4352941176470588,5.0,42.26966715478838,45.47844911333766,45.090161130939876,0.0
room_acoustic_data_room_3964.mat,1.4470588235294117,5.0,42.26966715478838,45.47844911333766,45.090161130939876,0.0
room_acoustic_data_room_3965.mat,1.4588235294117646,5.0,42.26966715478838,45.47844911333766,45.090161130939876,0.0
room_acoustic_data_room_3966.mat,1.4705882352941178,5.0,42.26966715478838,45.47844911333766,45.090161130939876,0.0
room_acoustic_data_room_3967.mat,1.4823529411764707,5.0,42.26966715478838,45.47844911333766,45.090161130939876,0.0
room_acoustic_data_room_3968.mat,1.4941176470588236,5.0,42.26966715478838,45.47844911333766,45.090161130939876,0.0
room_acoustic_data_room_3969.mat,1.5058823529411764,5.0,42.26966715478838,45.47844911333766,45.090161130939876,0.0
room_acoustic_data_room_3970.mat,1.5176470588235293,5.0,42.26966715478838,45.47844911333766,45.090161130939876,0.0
room_acoustic_data_room_3971.mat,1.5294117647058822,5.0,42.26966715478838,45.47844911333766,45.090161130939876,0.0
room_acoustic_data_room_3972.mat,1.5411764705882354,5.0,42.26966715478838,45.47844911333766,45.090161130939876,0.0
room_acoustic_data_room_3973.mat,1.5529411764705883,5.0,42.26966715478838,45.47844911333766,45.090161130939876,0.0
room_acoustic_data_room_3974.mat,1.5647058823529412,5.0,42.26966715478838,45.47844911333766,45.090161130939876,0.0
room_acoustic_data_room_3975.mat,1.576470588235294,5.0,42.26966715478838,45.47844911333766,45.090161130939876,0.0
room_acoustic_data_room_3976.mat,1.588235294117647,5.0,42.26966715478838,45.47844911333766,45.090161130939876,0.0
room_acoustic_data_room_3977.mat,1.6,5.0,42.26966715478838,45.47844911333766,45.090161130939876,0.0
room_acoustic_data_room_3978.mat,1.611764705882353,5.0,42.26966715478838,45.47844911333766,45.090161130939876,0.0
room_acoustic_data_room_3979.mat,1.6235294117647059,5.0,42.26966715478838,45.47844911333766,45.090161130939876,0.0
room_acoustic_data_room_3980.mat,1.6352941176470588,5.0,42.26966715478838,45.47844911333766,45.090161130939876,0.0
room_acoustic_data_room_3981.mat,1.6470588235294117,5.0,42.26966715478838,45.47844911333766,45.090161130939876,0.0
room_acoustic_data_room_3982.mat,1.6588235294117648,5.0,42.26966715478838,45.47844911333766,45.090161130939876,0.0
room_acoustic_data_room_3983.mat,1.6705882352941177,5.0,42.26966715478838,45.47844911333766,45.090161130939876,0.0
room_acoustic_data_room_3984.mat,1.6823529411764706,5.0,42.26966715478838,45.47844911333766,45.090161130939876,0.0
room_acoustic_data_room_3985.mat,1.6941176470588235,5.0,42.26966715478838,45.47844911333766,45.090161130939876,0.0
room_acoustic_data_room_3986.mat,1.7058823529411764,5.0,42.26966715478838,45.47844911333766,45.090161130939876,0.0
room_acoustic_data_room_3987.mat,1.7176470588235293,5.0,42.26966715478838,45.47844911333766,45.090161130939876,0.0
room_acoustic_data_room_3988.mat,1.7294117647058824,5.0,42.26966715478838,45.47844911333766,45.090161130939876,0.0
room_acoustic_data_room_3989.mat,1.7411764705882353,5.0,42.26966715478838,45.47844911333766,45.090161130939876,0.0
room_acoustic_data_room_3990.mat,1.7529411764705882,5.0,42.26966715478838,45.47844911333766,45.090161130939876,0.0
room_acoustic_data_room_3991.mat,1.7647058823529411,5.0,42.26966715478838,45.47844911333766,45.090161130939876,0.0
room_acoustic_data_room_3992.mat,1.776470588235294,5.0,42.26966715478838,45.47844911333766,45.090161130939876,0.0
room_acoustic_data_room_3993.mat,1.7882352941176471,5.0,42.26966715478838,45.47844911333766,45.090161130939876,0.0
room_acoustic_data_room_3994.mat,1.8,5.0,42.26966715478838,45.47844911333766,45.090161130939876,0.0
room_acoustic_data_room_3995.mat,1.811764705882353,5.0,42.26966715478838,45.47844911333766,45.090161130939876,0.0
room_acoustic_data_room_3996.mat,1.8235294117647058,5.0,42.26966715478838,45.47844911333766,45.090161130939876,0.0
room_acoustic_data_room_3997.mat,1.8352941176470587,5.0,42.26966715478838,45.47844911333766,45.090161130939876,0.0
room_acoustic_data_room_3998.mat,1.8470588235294119,5.0,42.26966715478838,45.47844911333766,45.090161130939876,0.0
room_acoustic_data_room_3999.mat,1.8588235294117648,5.0,42.26966715478838,45.47844911333766,45.090161130939876,0.0
room_acoustic_data_room_4000.mat,1.8705882352941177,5.0,42.26966715478838,45.47844911333766,45.090161130939876,0.0
room_acoustic_data_room_4001.mat,1.8823529411764706,5.0,42.26966715478838,45.47844911333766,45.090161130939876,0.0
room_acoustic_data_room_4002.mat,1.8941176470588235,5.0,42.26966715478838,45.47844911333766,45.090161130939876,0.0
room_acoustic_data_room_4003.mat,1.9058823529411764,5.0,42.26966715478838,45.47844911333766,45.090161130939876,0.0
room_acoustic_data_room_4004.mat,1.9176470588235295,5.0,42.26966715478838,45.47844911333766,45.090161130939876,0.0
room_acoustic_data_room_4005.mat,1.9294117647058824,5.0,42.26966715478838,45.47844911333766,45.090161130939876,0.0
room_acoustic_data_room_4006.mat,1.9411764705882353,5.0,42.26966715478838,45.47844911333766,45.090161130939876,0.0
room_acoustic_data_room_4007.mat,1.9529411764705882,5.0,42.26966715478838,45.47844911333766,45.090161130939876,0.0
room_acoustic_data_room_4008.mat,1.964705882352941,5.0,42.26966715478838,45.47844911333766,45.090161130939876,0.0
room_acoustic_data_room_4009.mat,1.9764705882352942,5.0,42.26966715478838,45.47844911333766,45.090161130939876,0.0
room_acoustic_data_room_4010.mat,1.988235294117647,5.0,42.26966715478838,45.47844911333766,45.090161130939876,0.0
room_acoustic_data_room_4011.mat,2.0,5.0,42.26966715478838,45.47844911333766,45.090161130939876,0.0
room_acoustic_data_room_4012.mat,2.011764705882353,5.0,42.26966715478838,45.47844911333766,45.090161130939876,0.0
room_acoustic_data_room_4013.mat,2.023529411764706,5.0,42.26966715478838,45.47844911333766,45.090161130939876,0.0
room_acoustic_data_room_4014.mat,2.0352941176470587,5.0,42.26966715478838,45.47844911333766,45.090161130939876,0.0
room_acoustic_data_room_4015.mat,2.0470588235294116,5.0,42.26966715478838,45.47844911333766,45.090161130939876,0.0
room_acoustic_data_room_4016.mat,2.0588235294117645,5.0,42.26966715478838,45.47844911333766,45.090161130939876,0.0
room_acoustic_data_room_4017.mat,2.070588235294118,5.0,42.26966715478838,45.47844911333766,45.090161130939876,0.0
room_acoustic_data_room_4018.mat,2.0823529411764707,5.0,42.26966715478838,45.47844911333766,45.090161130939876,0.0
room_acoustic_data_room_4019.mat,2.0941176470588236,5.0,42.26966715478838,45.47844911333766,45.090161130939876,0.0
room_acoustic_data_room_4020.mat,2.1058823529411765,5.0,42.26966715478838,45.47844911333766,45.090161130939876,0.0
room_acoustic_data_room_4021.mat,2.1176470588235294,5.0,42.26966715478838,45.47844911333766,45.090161130939876,0.0
room_acoustic_data_room_4022.mat,2.1294117647058823,5.0,42.26966715478838,45.47844911333766,45.090161130939876,0.0
room_acoustic_data_room_4023.mat,2.1411764705882352,5.0,42.26966715478838,45.47844911333766,45.090161130939876,0.0
room_acoustic_data_room_4024.mat,2.152941176470588,5.0,42.26966715478838,45.47844911333766,45.090161130939876,0.0
room_acoustic_data_room_4025.mat,2.164705882352941,5.0,42.26966715478838,45.47844911333766,45.090161130939876,0.0
room_acoustic_data_room_4026.mat,2.176470588235294,5.0,42.26966715478838,45.47844911333766,45.090161130939876,0.0
room_acoustic_data_room_4027.mat,2.1882352941176473,5.0,42.26966715478838,45.47844911333766,45.090161130939876,0.0
room_acoustic_data_room_4028.mat,2.2,5.0,42.26966715478838,45.47844911333766,45.090161130939876,0.0
room_acoustic_data_room_4029.mat,2.211764705882353,5.0,42.26966715478838,45.47844911333766,45.090161130939876,0.0
room_acoustic_data_room_4030.mat,2.223529411764706,5.0,42.26966715478838,45.47844911333766,45.090161130939876,0.0
room_acoustic_data_room_4031.mat,2.235294117647059,5.0,42.26966715478838,45.47844911333766,45.090161130939876,0.0
room_acoustic_data_room_4032.mat,2.2470588235294118,5.0,42.26966715478838,45.47844911333766,45.090161130939876,0.0
room_acoustic_data_room_4033.mat,2.2588235294117647,5.0,42.26966715478838,45.47844911333766,45.090161130939876,0.0
room_acoustic_data_room_4034.mat,2.2705882352941176,5.0,42.26966715478838,45.47844911333766,45.090161130939876,0.0
room_acoustic_data_room_4035.mat,2.2823529411764705,5.0,42.26966715478838,45.47844911333766,45.090161130939876,0.0
room_acoustic_data_room_4036.mat,2.2941176470588234,5.0,42.26966715478838,45.47844911333766,45.090161130939876,0.0
room_acoustic_data_room_4037.mat,2.3058823529411763,5.0,42.26966715478838,45.47844911333766,45.090161130939876,0.0
room_acoustic_data_room_4038.mat,2.3176470588235296,5.0,42.26966715478838,45.47844911333766,45.090161130939876,0.0
room_acoustic_data_room_4039.mat,2.3294117647058825,5.0,42.26966715478838,45.47844911333766,45.090161130939876,0.0
room_acoustic_data_room_4040.mat,2.3411764705882354,5.0,42.26966715478838,45.47844911333766,45.090161130939876,0.0
room_acoustic_data_room_4041.mat,2.3529411764705883,5.0,42.26966715478838,45.47844911333766,45.090161130939876,0.0
room_acoustic_data_room_4042.mat,2.364705882352941,5.0,42.26966715478838,45.47844911333766,45.090161130939876,0.0
room_acoustic_data_room_4043.mat,2.376470588235294,5.0,42.26966715478838,45.47844911333766,45.090161130939876,0.0
room_acoustic_data_room_4044.mat,2.388235294117647,5.0,42.26966715478838,45.47844911333766,45.090161130939876,0.0
room_acoustic_data_room_4045.mat,2.4,5.0,42.26966715478838,45.47844911333766,45.090161130939876,0.0
room_acoustic_data_room_4046.mat,2.411764705882353,5.0,42.26966715478838,45.47844911333766,45.090161130939876,0.0
room_acoustic_data_room_4047.mat,2.4235294117647057,5.0,42.26966715478838,45.47844911333766,45.090161130939876,0.0
room_acoustic_data_room_4048.mat,2.4352941176470586,5.0,42.26966715478838,45.47844911333766,45.090161130939876,0.0
room_acoustic_data_room_4049.mat,2.447058823529412,5.0,42.26966715478838,45.47844911333766,45.090161130939876,0.0
room_acoustic_data_room_4050.mat,2.458823529411765,5.0,42.26966715478838,45.47844911333766,45.090161130939876,0.0
room_acoustic_data_room_4051.mat,2.4705882352941178,5.0,42.26966715478838,45.47844911333766,45.090161130939876,0.0
room_acoustic_data_room_4052.mat,2.4823529411764707,5.0,42.26966715478838,45.47844911333766,45.090161130939876,0.0
room_acoustic_data_room_4053.mat,2.4941176470588236,5.0,42.26966715478838,45.47844911333766,45.090161130939876,0.0
room_acoustic_data_room_4054.mat,2.5058823529411764,5.0,42.26966715478838,45.47844911333766,45.090161130939876,0.0
room_acoustic_data_room_4055.mat,2.5176470588235293,5.0,42.26966715478838,45.47844911333766,45.090161130939876,0.0
room_acoustic_data_room_4056.mat,2.5294117647058822,5.0,42.26966715478838,45.47844911333766,45.090161130939876,0.0
room_acoustic_data_room_4057.mat,2.541176470588235,5.0,42.26966715478838,45.47844911333766,45.090161130939876,0.0
room_acoustic_data_room_4058.mat,2.552941176470588,5.0,42.26966715478838,45.47844911333766,45.090161130939876,0.0
room_acoustic_data_room_4059.mat,2.5647058823529414,5.0,42.26966715478838,45.47844911333766,45.090161130939876,0.0
room_acoustic_data_room_4060.mat,2.5764705882352943,5.0,42.26966715478838,45.47844911333766,45.090161130939876,0.0
room_acoustic_data_room_4061.mat,2.588235294117647,5.0,42.26966715478838,45.47844911333766,45.090161130939876,0.0
room_acoustic_data_room_4062.mat,2.6,5.0,42.26966715478838,45.47844911333766,45.090161130939876,0.0
room_acoustic_data_room_4063.mat,2.611764705882353,5.0,42.26966715478838,45.47844911333766,45.090161130939876,0.0
room_acoustic_data_room_4064.mat,2.623529411764706,5.0,42.26966715478838,45.47844911333766,45.090161130939876,0.0
room_acoustic_data_room_4065.mat,2.635294117647059,5.0,42.26966715478838,45.47844911333766,45.090161130939876,0.0
room_acoustic_data_room_4066.mat,2.6470588235294117,5.0,42.26966715478838,45.47844911333766,45.090161130939876,0.0
room_acoustic_data_room_4067.mat,2.6588235294117646,5.0,42.26966715478838,45.47844911333766,45.090161130939876,0.0
room_acoustic_data_room_4068.mat,2.6705882352941175,5.0,42.26966715478838,45.47844911333766,45.090161130939876,0.0
room_acoustic_data_room_4069.mat,2.6823529411764704,5.0,42.26966715478838,45.47844911333766,45.090161130939876,0.0
room_acoustic_data_room_4070.mat,2.6941176470588237,5.0,42.26966715478838,45.47844911333766,45.090161130939876,0.0
room_acoustic_data_room_4071.mat,2.7058823529411766,5.0,42.26966715478838,45.47844911333766,45.090161130939876,0.0
room_acoustic_data_room_4072.mat,2.7176470588235295,5.0,42.26966715478838,45.47844911333766,45.090161130939876,0.0
room_acoustic_data_room_4073.mat,2.7294117647058824,5.0,42.26966715478838,45.47844911333766,45.090161130939876,0.0
room_acoustic_data_room_4074.mat,2.7411764705882353,5.0,42.26966715478838,45.47844911333766,45.090161130939876,0.0
room_acoustic_data_room_4075.mat,2.7529411764705882,5.0,42.26966715478838,45.47844911333766,45.090161130939876,0.0
room_acoustic_data_room_4076.mat,2.764705882352941,5.0,42.26966715478838,45.47844911333766,45.090161130939876,0.0
room_acoustic_data_room_4077.mat,2.776470588235294,5.0,42.26966715478838,45.47844911333766,45.090161130939876,0.0
room_acoustic_data_room_4078.mat,2.788235294117647,5.0,42.26966715478838,45.47844911333766,45.090161130939876,0.0
room_acoustic_data_room_4079.mat,2.8,5.0,42.26966715478838,45.47844911333766,45.090161130939876,0.0
room_acoustic_data_room_4080.mat,2.8117647058823527,5.0,42.26966715478838,45.47844911333766,45.090161130939876,0.0
room_acoustic_data_room_4081.mat,2.823529411764706,5.0,42.26966715478838,45.47844911333766,45.090161130939876,0.0
room_acoustic_data_room_4082.mat,2.835294117647059,5.0,42.26966715478838,45.47844911333766,45.090161130939876,0.0
room_acoustic_data_room_4083.mat,2.847058823529412,5.0,42.26966715478838,45.47844911333766,45.090161130939876,0.0
room_acoustic_data_room_4084.mat,2.8588235294117648,5.0,42.26966715478838,45.47844911333766,45.090161130939876,0.0
room_acoustic_data_room_4085.mat,2.8705882352941177,5.0,42.26966715478838,45.47844911333766,45.090161130939876,0.0
room_acoustic_data_room_4086.mat,2.8823529411764706,5.0,42.26966715478838,45.47844911333766,45.090161130939876,0.0
room_acoustic_data_room_4087.mat,2.8941176470588235,5.0,42.26966715478838,45.47844911333766,45.090161130939876,0.0
room_acoustic_data_room_4088.mat,2.9058823529411764,5.0,42.26966715478838,45.47844911333766,45.090161130939876,0.0
room_acoustic_data_room_4089.mat,2.9176470588235293,5.0,42.26966715478838,45.47844911333766,45.090161130939876,0.0
room_acoustic_data_room_4090.mat,2.929411764705882,5.0,42.26966715478838,45.47844911333766,45.090161130939876,0.0
room_acoustic_data_room_4091.mat,2.9411764705882355,5.0,42.26966715478838,45.47844911333766,45.090161130939876,0.0
room_acoustic_data_room_4092.mat,2.9529411764705884,5.0,42.26966715478838,45.47844911333766,45.090161130939876,0.0
room_acoustic_data_room_4093.mat,2.9647058823529413,5.0,42.26966715478838,45.47844911333766,45.090161130939876,0.0
room_acoustic_data_room_4094.mat,2.976470588235294,5.0,42.26966715478838,45.47844911333766,45.090161130939876,0.0
room_acoustic_data_room_4095.mat,2.988235294117647,5.0,42.26966715478838,45.47844911333766,45.090161130939876,0.0
room_acoustic_data_room_4096.mat,3.0,5.0,42.26966715478838,45.47844911333766,45.090161130939876,0.0
